{"cpu_time": 0, "total_cpu_time": null, "wallclock_time": 9.059906005859375e-05, "evaluations": 0, "cost": 2147483648, "incumbent": []}
{"cpu_time": 0.7321343421936035, "total_cpu_time": null, "wallclock_time": 0.761969804763794, "evaluations": 1, "cost": 4.523783664383298, "incumbent": []}
