{"cpu_time": 0, "total_cpu_time": null, "wallclock_time": 8.344650268554688e-05, "evaluations": 0, "cost": 2147483648, "incumbent": ["pca_whiten=''true''", "svm_C='1.0'", "svm_gamma='1.0'"]}
{"cpu_time": 0.529524564743042, "total_cpu_time": null, "wallclock_time": 0.5576033592224121, "evaluations": 1, "cost": 0.793229450667415, "incumbent": ["pca_whiten=''true''", "svm_C='1.0'", "svm_gamma='1.0'"]}
{"cpu_time": 7.521090507507324, "total_cpu_time": null, "wallclock_time": 7.9513444900512695, "evaluations": 13, "cost": 0.7882663117002185, "incumbent": ["pca_whiten=''true''", "svm_C='74.03895323452416'", "svm_gamma='1.9822428937900223'"]}
{"cpu_time": 9.322750806808472, "total_cpu_time": null, "wallclock_time": 9.87327265739441, "evaluations": 16, "cost": 0.7598024152751263, "incumbent": ["pca_whiten=''false''", "svm_C='2.788797583803354'", "svm_gamma='1.639658651785277'"]}
{"cpu_time": 15.30334210395813, "total_cpu_time": null, "wallclock_time": 16.24780774116516, "evaluations": 26, "cost": 0.7544676065220797, "incumbent": ["pca_whiten=''false''", "svm_C='51.45094936151152'", "svm_gamma='0.9307975052453709'"]}
{"cpu_time": 16.58628821372986, "total_cpu_time": null, "wallclock_time": 17.613736152648926, "evaluations": 28, "cost": 0.7276572646506806, "incumbent": ["pca_whiten=''false''", "svm_C='12.905715927694615'", "svm_gamma='1.2558406634249266'"]}
{"cpu_time": 19.620543956756592, "total_cpu_time": null, "wallclock_time": 20.886366367340088, "evaluations": 34, "cost": 0.7034109973341186, "incumbent": ["pca_whiten=''false''", "svm_C='72.58424334271244'", "svm_gamma='0.27808064666612087'"]}
{"cpu_time": 25.97791886329651, "total_cpu_time": null, "wallclock_time": 27.72879433631897, "evaluations": 46, "cost": 0.7000610084707497, "incumbent": ["pca_whiten=''true''", "svm_C='72.04308182870105'", "svm_gamma='0.27520325388638756'"]}
{"cpu_time": 31.96583580970764, "total_cpu_time": null, "wallclock_time": 34.20726537704468, "evaluations": 58, "cost": 0.699911556195716, "incumbent": ["pca_whiten=''true''", "svm_C='88.59461560888289'", "svm_gamma='0.19923164843778401'"]}
{"cpu_time": 50.46055579185486, "total_cpu_time": null, "wallclock_time": 54.17713260650635, "evaluations": 91, "cost": 0.6979383613986352, "incumbent": ["pca_whiten=''false''", "svm_C='81.51086507397815'", "svm_gamma='0.1606979648099116'"]}
{"cpu_time": 54.2739999294281, "total_cpu_time": null, "wallclock_time": 58.283413887023926, "evaluations": 98, "cost": 0.6967582799567192, "incumbent": ["pca_whiten=''true''", "svm_C='61.50825066918595'", "svm_gamma='0.28741823713421893'"]}
{"cpu_time": 57.65690231323242, "total_cpu_time": null, "wallclock_time": 61.93885898590088, "evaluations": 104, "cost": 0.6960652115530838, "incumbent": ["pca_whiten=''true''", "svm_C='45.137677665247615'", "svm_gamma='0.26056838725467707'"]}
{"cpu_time": 74.74858903884888, "total_cpu_time": null, "wallclock_time": 80.45147633552551, "evaluations": 136, "cost": 0.692670444413003, "incumbent": ["pca_whiten=''true''", "svm_C='31.487241515899868'", "svm_gamma='0.28466803364881765'"]}
