{"cpu_time": 0, "total_cpu_time": null, "wallclock_time": 0.00015020370483398438, "evaluations": 0, "cost": 2147483648, "incumbent": ["haralick_distance='1'", "pca_whiten=''true''", "rf_max_features='0.5'", "rf_n_estimators='10'"]}
{"cpu_time": 97.84080767631531, "total_cpu_time": null, "wallclock_time": 97.91748547554016, "evaluations": 1, "cost": 4.185983675810786, "incumbent": ["haralick_distance='1'", "pca_whiten=''true''", "rf_max_features='0.5'", "rf_n_estimators='10'"]}
{"cpu_time": 195.33025240898132, "total_cpu_time": null, "wallclock_time": 195.49088716506958, "evaluations": 2, "cost": 2.2105634622604313, "incumbent": ["haralick_distance='1'", "pca_whiten=''true''", "rf_max_features='0.5914675755540864'", "rf_n_estimators='259'"]}
{"cpu_time": 384.2748246192932, "total_cpu_time": null, "wallclock_time": 384.64657831192017, "evaluations": 4, "cost": 2.1580315857625822, "incumbent": ["haralick_distance='2'", "pca_whiten=''false''", "rf_max_features='0.7749277535405971'", "rf_n_estimators='140'"]}
{"cpu_time": 484.8639678955078, "total_cpu_time": null, "wallclock_time": 485.3259332180023, "evaluations": 5, "cost": 2.0541148804553213, "incumbent": ["haralick_distance='2'", "pca_whiten=''true''", "rf_max_features='0.36113899979178665'", "rf_n_estimators='248'"]}
{"cpu_time": 583.427702665329, "total_cpu_time": null, "wallclock_time": 584.04705286026, "evaluations": 6, "cost": 2.0395894742670424, "incumbent": ["haralick_distance='3'", "pca_whiten=''true''", "rf_max_features='0.5831730167358328'", "rf_n_estimators='256'"]}
{"cpu_time": 2308.1707649230957, "total_cpu_time": null, "wallclock_time": 2311.023726463318, "evaluations": 29, "cost": 1.986458830317444, "incumbent": ["haralick_distance='3'", "pca_whiten=''true''", "rf_max_features='0.49413803478057056'", "rf_n_estimators='245'"]}
{"cpu_time": 5334.899039030075, "total_cpu_time": null, "wallclock_time": 5342.3295958042145, "evaluations": 71, "cost": 1.9394918470935059, "incumbent": ["haralick_distance='3'", "pca_whiten=''false''", "rf_max_features='0.6102158742419963'", "rf_n_estimators='291'"]}
{"cpu_time": 8159.97154045105, "total_cpu_time": null, "wallclock_time": 8171.955310583115, "evaluations": 110, "cost": 1.8716350850798034, "incumbent": ["haralick_distance='3'", "pca_whiten=''false''", "rf_max_features='0.33767864317736246'", "rf_n_estimators='279'"]}
{"cpu_time": 8304.725438594818, "total_cpu_time": null, "wallclock_time": 8316.908614873886, "evaluations": 112, "cost": 1.866995634645618, "incumbent": ["haralick_distance='3'", "pca_whiten=''false''", "rf_max_features='0.6119717405245806'", "rf_n_estimators='291'"]}
{"cpu_time": 8449.006504058838, "total_cpu_time": null, "wallclock_time": 8461.397409439087, "evaluations": 114, "cost": 1.7597008668578507, "incumbent": ["haralick_distance='3'", "pca_whiten=''false''", "rf_max_features='0.3614896087453418'", "rf_n_estimators='291'"]}
{"cpu_time": 11111.461307525635, "total_cpu_time": null, "wallclock_time": 11127.983207941055, "evaluations": 151, "cost": 1.6439814810319804, "incumbent": ["haralick_distance='3'", "pca_whiten=''true''", "rf_max_features='0.3839838242337273'", "rf_n_estimators='300'"]}
