{"cpu_time": 0, "total_cpu_time": null, "wallclock_time": 0.00012135505676269531, "evaluations": 0, "cost": 2147483648, "incumbent": ["isomap_n_components='2'", "isomap_n_neighbors='5'", "rf_max_features='0.5'", "rf_n_estimators='10'"]}
{"cpu_time": 1.405116319656372, "total_cpu_time": null, "wallclock_time": 1.4229376316070557, "evaluations": 1, "cost": 1.7193391254134631, "incumbent": ["isomap_n_components='2'", "isomap_n_neighbors='5'", "rf_max_features='0.5'", "rf_n_estimators='10'"]}
{"cpu_time": 3.47475266456604, "total_cpu_time": null, "wallclock_time": 3.538285255432129, "evaluations": 2, "cost": 1.0815710682120467, "incumbent": ["isomap_n_components='2'", "isomap_n_neighbors='7'", "rf_max_features='0.7705914184339647'", "rf_n_estimators='220'"]}
{"cpu_time": 5.064062118530273, "total_cpu_time": null, "wallclock_time": 5.145952939987183, "evaluations": 3, "cost": 0.873999732693974, "incumbent": ["isomap_n_components='4'", "isomap_n_neighbors='5'", "rf_max_features='0.42825496760388254'", "rf_n_estimators='109'"]}
{"cpu_time": 10.181411981582642, "total_cpu_time": null, "wallclock_time": 10.427053451538086, "evaluations": 6, "cost": 0.7452861577516167, "incumbent": ["isomap_n_components='3'", "isomap_n_neighbors='3'", "rf_max_features='0.5213909834158963'", "rf_n_estimators='118'"]}
{"cpu_time": 106.02933478355408, "total_cpu_time": null, "wallclock_time": 109.58173727989197, "evaluations": 63, "cost": 0.6804770722892624, "incumbent": ["isomap_n_components='4'", "isomap_n_neighbors='5'", "rf_max_features='0.4927977304614916'", "rf_n_estimators='196'"]}
