{"cpu_time": 0, "total_cpu_time": null, "wallclock_time": 0.00012135505676269531, "evaluations": 0, "cost": 2147483648, "incumbent": ["isomap_n_components='2'", "isomap_n_neighbors='5'", "rf_max_features='0.5'", "rf_n_estimators='10'"]}
{"cpu_time": 0.7761552333831787, "total_cpu_time": null, "wallclock_time": 0.7946717739105225, "evaluations": 1, "cost": 1.4970457576092377, "incumbent": ["isomap_n_components='2'", "isomap_n_neighbors='5'", "rf_max_features='0.5'", "rf_n_estimators='10'"]}
{"cpu_time": 2.3837080001831055, "total_cpu_time": null, "wallclock_time": 2.448032855987549, "evaluations": 2, "cost": 0.6192705549434588, "incumbent": ["isomap_n_components='2'", "isomap_n_neighbors='7'", "rf_max_features='0.7705914184339647'", "rf_n_estimators='220'"]}
{"cpu_time": 3.5426700115203857, "total_cpu_time": null, "wallclock_time": 3.626491069793701, "evaluations": 3, "cost": 0.4204308567121126, "incumbent": ["isomap_n_components='4'", "isomap_n_neighbors='5'", "rf_max_features='0.42825496760388254'", "rf_n_estimators='109'"]}
{"cpu_time": 122.07280421257019, "total_cpu_time": null, "wallclock_time": 126.93783688545227, "evaluations": 100, "cost": 0.4175681329271772, "incumbent": ["isomap_n_components='4'", "isomap_n_neighbors='5'", "rf_max_features='0.33124136628068795'", "rf_n_estimators='220'"]}
{"cpu_time": 129.09577226638794, "total_cpu_time": null, "wallclock_time": 134.25240206718445, "evaluations": 106, "cost": 0.3661170554365479, "incumbent": ["isomap_n_components='4'", "isomap_n_neighbors='5'", "rf_max_features='0.6276267552041896'", "rf_n_estimators='186'"]}
