{"cpu_time": 0, "total_cpu_time": null, "wallclock_time": 0.00012969970703125, "evaluations": 0, "cost": 2147483648, "incumbent": ["pca_whiten=''true''", "rf_max_features='0.5'", "rf_n_estimators='10'"]}
{"cpu_time": 2.5374624729156494, "total_cpu_time": null, "wallclock_time": 2.5797665119171143, "evaluations": 1, "cost": 0.9129817265026935, "incumbent": ["pca_whiten=''true''", "rf_max_features='0.5'", "rf_n_estimators='10'"]}
{"cpu_time": 6.912871837615967, "total_cpu_time": null, "wallclock_time": 6.9917683601379395, "evaluations": 2, "cost": 0.4134515081569626, "incumbent": ["pca_whiten=''true''", "rf_max_features='0.6263875900678313'", "rf_n_estimators='178'"]}
{"cpu_time": 25.87034845352173, "total_cpu_time": null, "wallclock_time": 26.301419258117676, "evaluations": 6, "cost": 0.4107866536292348, "incumbent": ["pca_whiten=''true''", "rf_max_features='0.6483339395381182'", "rf_n_estimators='285'"]}
{"cpu_time": 54.328540086746216, "total_cpu_time": null, "wallclock_time": 55.64798831939697, "evaluations": 14, "cost": 0.41036377127863427, "incumbent": ["pca_whiten=''true''", "rf_max_features='0.6404118856322563'", "rf_n_estimators='160'"]}
{"cpu_time": 73.6939423084259, "total_cpu_time": null, "wallclock_time": 75.39806079864502, "evaluations": 19, "cost": 0.4101168550956979, "incumbent": ["pca_whiten=''false''", "rf_max_features='0.5057608880797688'", "rf_n_estimators='254'"]}
{"cpu_time": 101.21077704429626, "total_cpu_time": null, "wallclock_time": 103.71858739852905, "evaluations": 27, "cost": 0.4041251316087797, "incumbent": ["pca_whiten=''false''", "rf_max_features='0.47462449136627766'", "rf_n_estimators='69'"]}
