{"cpu_time": 0, "total_cpu_time": null, "wallclock_time": 0.00010204315185546875, "evaluations": 0, "cost": 2147483648, "incumbent": ["pca_whiten=''true''", "svm_C='0.1'", "svm_gamma='4.005'"]}
{"cpu_time": 0.6331381797790527, "total_cpu_time": null, "wallclock_time": 0.64864182472229, "evaluations": 1, "cost": 1.00644146164841, "incumbent": ["pca_whiten=''true''", "svm_C='0.1'", "svm_gamma='4.005'"]}
{"cpu_time": 1.2348911762237549, "total_cpu_time": null, "wallclock_time": 1.2804088592529297, "evaluations": 2, "cost": 0.721237711308368, "incumbent": ["pca_whiten=''true''", "svm_C='100.0'", "svm_gamma='6.0024999999999995'"]}
{"cpu_time": 1.829498052597046, "total_cpu_time": null, "wallclock_time": 1.8919398784637451, "evaluations": 3, "cost": 0.6500886392877909, "incumbent": ["pca_whiten=''true''", "svm_C='25.075000000000003'", "svm_gamma='4.005'"]}
{"cpu_time": 2.3885860443115234, "total_cpu_time": null, "wallclock_time": 2.497898817062378, "evaluations": 4, "cost": 0.35026729097900394, "incumbent": ["pca_whiten=''true''", "svm_C='75.025'", "svm_gamma='0.01'"]}
{"cpu_time": 4.238645553588867, "total_cpu_time": null, "wallclock_time": 4.436128377914429, "evaluations": 7, "cost": 0.34995720516997314, "incumbent": ["pca_whiten=''false''", "svm_C='50.050000000000004'", "svm_gamma='0.01'"]}
