{"cpu_time": 0, "total_cpu_time": null, "wallclock_time": 6.365776062011719e-05, "evaluations": 0, "cost": 2147483648, "incumbent": ["pca_whiten=''true''", "svm_C='0.1'", "svm_gamma='4.005'"]}
{"cpu_time": 0.23587703704833984, "total_cpu_time": null, "wallclock_time": 0.25209760665893555, "evaluations": 1, "cost": 0.32780568915498826, "incumbent": ["pca_whiten=''true''", "svm_C='0.1'", "svm_gamma='4.005'"]}
{"cpu_time": 0.48543405532836914, "total_cpu_time": null, "wallclock_time": 0.5332865715026855, "evaluations": 2, "cost": 0.25536672395949994, "incumbent": ["pca_whiten=''true''", "svm_C='100.0'", "svm_gamma='6.0024999999999995'"]}
{"cpu_time": 0.760321855545044, "total_cpu_time": null, "wallclock_time": 0.8250648975372314, "evaluations": 3, "cost": 0.24627918046015873, "incumbent": ["pca_whiten=''true''", "svm_C='25.075000000000003'", "svm_gamma='4.005'"]}
{"cpu_time": 1.0038623809814453, "total_cpu_time": null, "wallclock_time": 1.104313611984253, "evaluations": 4, "cost": 0.22195463553363828, "incumbent": ["pca_whiten=''true''", "svm_C='75.025'", "svm_gamma='0.01'"]}
{"cpu_time": 1.7343895435333252, "total_cpu_time": null, "wallclock_time": 1.9168057441711426, "evaluations": 7, "cost": 0.2103022810526757, "incumbent": ["pca_whiten=''false''", "svm_C='50.050000000000004'", "svm_gamma='0.01'"]}
{"cpu_time": 2.7424776554107666, "total_cpu_time": null, "wallclock_time": 3.034607172012329, "evaluations": 11, "cost": 0.20641736417691758, "incumbent": ["pca_whiten=''false''", "svm_C='25.075000000000003'", "svm_gamma='0.01'"]}
{"cpu_time": 8.369380235671997, "total_cpu_time": null, "wallclock_time": 9.32242465019226, "evaluations": 33, "cost": 0.19896869236023698, "incumbent": ["pca_whiten=''true''", "svm_C='25.075000000000003'", "svm_gamma='0.01'"]}
