{"cpu_time": 0, "total_cpu_time": null, "wallclock_time": 0.00014209747314453125, "evaluations": 0, "cost": 2147483648, "incumbent": ["isomap_n_components='2'", "isomap_n_neighbors='5'", "svm_C='1.0'", "svm_gamma='1.0'"]}
{"cpu_time": 1.217890739440918, "total_cpu_time": null, "wallclock_time": 1.2488839626312256, "evaluations": 1, "cost": 0.5284048825600705, "incumbent": ["isomap_n_components='2'", "isomap_n_neighbors='5'", "svm_C='1.0'", "svm_gamma='1.0'"]}
{"cpu_time": 3.4648735523223877, "total_cpu_time": null, "wallclock_time": 3.5518856048583984, "evaluations": 3, "cost": 0.5057139237840854, "incumbent": ["isomap_n_components='4'", "isomap_n_neighbors='5'", "svm_C='25.725342527255737'", "svm_gamma='2.7907769724696707'"]}
{"cpu_time": 15.457350254058838, "total_cpu_time": null, "wallclock_time": 16.07801866531372, "evaluations": 14, "cost": 0.5055112280730719, "incumbent": ["isomap_n_components='4'", "isomap_n_neighbors='5'", "svm_C='11.233786529095097'", "svm_gamma='6.479665500118365'"]}
{"cpu_time": 21.091458320617676, "total_cpu_time": null, "wallclock_time": 21.877564191818237, "evaluations": 19, "cost": 0.5049286028010305, "incumbent": ["isomap_n_components='3'", "isomap_n_neighbors='5'", "svm_C='44.70426151766206'", "svm_gamma='3.3211973801263546'"]}
{"cpu_time": 28.218202352523804, "total_cpu_time": null, "wallclock_time": 29.391870975494385, "evaluations": 26, "cost": 0.5048360191569331, "incumbent": ["isomap_n_components='3'", "isomap_n_neighbors='5'", "svm_C='46.423057266267854'", "svm_gamma='3.1750718817912826'"]}
{"cpu_time": 29.304851770401, "total_cpu_time": null, "wallclock_time": 30.496965408325195, "evaluations": 27, "cost": 0.5014438580928146, "incumbent": ["isomap_n_components='4'", "isomap_n_neighbors='7'", "svm_C='4.276488422228812'", "svm_gamma='1.9701559174126142'"]}
{"cpu_time": 49.93503785133362, "total_cpu_time": null, "wallclock_time": 51.99237132072449, "evaluations": 45, "cost": 0.4999839152107777, "incumbent": ["isomap_n_components='2'", "isomap_n_neighbors='3'", "svm_C='96.38307001624324'", "svm_gamma='7.955464268693513'"]}
{"cpu_time": 77.42081379890442, "total_cpu_time": null, "wallclock_time": 80.8684778213501, "evaluations": 70, "cost": 0.49678470759249455, "incumbent": ["isomap_n_components='2'", "isomap_n_neighbors='3'", "svm_C='95.34064871859222'", "svm_gamma='7.764445254075479'"]}
