{"cpu_time": 0, "total_cpu_time": null, "wallclock_time": 0.0008611679077148438, "evaluations": 0, "cost": 2147483648, "incumbent": ["pca_whiten=''true''", "rf_max_features='0.5'", "rf_n_estimators='10'"]}
{"cpu_time": 7.350290775299072, "total_cpu_time": null, "wallclock_time": 7.5311079025268555, "evaluations": 1, "cost": 1.6200318642685716, "incumbent": ["pca_whiten=''true''", "rf_max_features='0.5'", "rf_n_estimators='10'"]}
{"cpu_time": 17.748835563659668, "total_cpu_time": null, "wallclock_time": 18.198054790496826, "evaluations": 2, "cost": 0.7078251259123967, "incumbent": ["pca_whiten=''true''", "rf_max_features='0.6263875900678313'", "rf_n_estimators='178'"]}
{"cpu_time": 64.93716979026794, "total_cpu_time": null, "wallclock_time": 66.11441779136658, "evaluations": 6, "cost": 0.7076604708506452, "incumbent": ["pca_whiten=''true''", "rf_max_features='0.6483339395381182'", "rf_n_estimators='285'"]}
{"cpu_time": 116.32762694358826, "total_cpu_time": null, "wallclock_time": 118.25222373008728, "evaluations": 11, "cost": 0.704315729366784, "incumbent": ["pca_whiten=''true''", "rf_max_features='0.7898269852068684'", "rf_n_estimators='295'"]}
{"cpu_time": 290.06789541244507, "total_cpu_time": null, "wallclock_time": 296.42439889907837, "evaluations": 37, "cost": 0.7006150251781166, "incumbent": ["pca_whiten=''false''", "rf_max_features='0.6097555080440473'", "rf_n_estimators='68'"]}
{"cpu_time": 668.5467591285706, "total_cpu_time": null, "wallclock_time": 682.8410363197327, "evaluations": 89, "cost": 0.6991874201799694, "incumbent": ["pca_whiten=''false''", "rf_max_features='0.5362692185434867'", "rf_n_estimators='293'"]}
{"cpu_time": 833.0060679912567, "total_cpu_time": null, "wallclock_time": 850.4511437416077, "evaluations": 122, "cost": 0.6978283356659593, "incumbent": ["pca_whiten=''false''", "rf_max_features='0.7528732502750433'", "rf_n_estimators='160'"]}
