{"cpu_time": 0, "total_cpu_time": null, "wallclock_time": 0.0002090930938720703, "evaluations": 0, "cost": 2147483648, "incumbent": ["haralick_distance='1'", "pca_whiten=''true''", "rf_max_features='0.5'", "rf_n_estimators='10'"]}
{"cpu_time": 53.14948797225952, "total_cpu_time": null, "wallclock_time": 53.16973161697388, "evaluations": 1, "cost": 4.223579053159298, "incumbent": ["haralick_distance='1'", "pca_whiten=''true''", "rf_max_features='0.5'", "rf_n_estimators='10'"]}
{"cpu_time": 108.46445322036743, "total_cpu_time": null, "wallclock_time": 108.54673147201538, "evaluations": 2, "cost": 2.1555386093870794, "incumbent": ["haralick_distance='1'", "pca_whiten=''true''", "rf_max_features='0.5914675755540864'", "rf_n_estimators='259'"]}
{"cpu_time": 274.37695026397705, "total_cpu_time": null, "wallclock_time": 274.6213381290436, "evaluations": 5, "cost": 2.1150510090862853, "incumbent": ["haralick_distance='2'", "pca_whiten=''true''", "rf_max_features='0.36113899979178665'", "rf_n_estimators='248'"]}
{"cpu_time": 330.96158242225647, "total_cpu_time": null, "wallclock_time": 331.33519983291626, "evaluations": 6, "cost": 2.0972385742789252, "incumbent": ["haralick_distance='3'", "pca_whiten=''true''", "rf_max_features='0.5831730167358328'", "rf_n_estimators='256'"]}
{"cpu_time": 386.87285566329956, "total_cpu_time": null, "wallclock_time": 387.2653024196625, "evaluations": 7, "cost": 1.990707431021888, "incumbent": ["haralick_distance='2'", "pca_whiten=''false''", "rf_max_features='0.3131221970343925'", "rf_n_estimators='210'"]}
{"cpu_time": 1483.5281393527985, "total_cpu_time": null, "wallclock_time": 1485.6213762760162, "evaluations": 29, "cost": 1.9215723417250323, "incumbent": ["haralick_distance='3'", "pca_whiten=''true''", "rf_max_features='0.49413803478057056'", "rf_n_estimators='245'"]}
{"cpu_time": 1718.951652288437, "total_cpu_time": null, "wallclock_time": 1721.334992647171, "evaluations": 35, "cost": 1.8648019873622756, "incumbent": ["haralick_distance='2'", "pca_whiten=''true''", "rf_max_features='0.3898161692599237'", "rf_n_estimators='180'"]}
{"cpu_time": 4195.0747809410095, "total_cpu_time": null, "wallclock_time": 4200.609426498413, "evaluations": 98, "cost": 1.7082436921754063, "incumbent": ["haralick_distance='3'", "pca_whiten=''true''", "rf_max_features='0.38072126712754867'", "rf_n_estimators='282'"]}
