{"cpu_time": 0, "total_cpu_time": null, "wallclock_time": 0.0001125335693359375, "evaluations": 0, "cost": 2147483648, "incumbent": ["isomap_n_components='2'", "isomap_n_neighbors='5'", "svm_C='1.0'", "svm_gamma='1.0'"]}
{"cpu_time": 0.679175615310669, "total_cpu_time": null, "wallclock_time": 0.6974515914916992, "evaluations": 1, "cost": 1.0059523256893972, "incumbent": ["isomap_n_components='2'", "isomap_n_neighbors='5'", "svm_C='1.0'", "svm_gamma='1.0'"]}
{"cpu_time": 3.121764659881592, "total_cpu_time": null, "wallclock_time": 3.275242567062378, "evaluations": 5, "cost": 1.0040916247230085, "incumbent": ["isomap_n_components='2'", "isomap_n_neighbors='7'", "svm_C='60.43442092193185'", "svm_gamma='4.886273988478092'"]}
{"cpu_time": 9.629558086395264, "total_cpu_time": null, "wallclock_time": 10.32332181930542, "evaluations": 16, "cost": 1.0036434857960443, "incumbent": ["isomap_n_components='3'", "isomap_n_neighbors='7'", "svm_C='45.07507983968593'", "svm_gamma='4.90777202914815'"]}
{"cpu_time": 13.203527927398682, "total_cpu_time": null, "wallclock_time": 14.163174867630005, "evaluations": 22, "cost": 1.0015763720851723, "incumbent": ["isomap_n_components='2'", "isomap_n_neighbors='7'", "svm_C='67.24936119446197'", "svm_gamma='5.56756755952743'"]}
{"cpu_time": 29.464863538742065, "total_cpu_time": null, "wallclock_time": 31.844403505325317, "evaluations": 50, "cost": 1.0004719730530034, "incumbent": ["isomap_n_components='2'", "isomap_n_neighbors='5'", "svm_C='68.84716082050046'", "svm_gamma='2.1087808232323737'"]}
{"cpu_time": 36.504653215408325, "total_cpu_time": null, "wallclock_time": 39.45009517669678, "evaluations": 62, "cost": 0.9999504083657286, "incumbent": ["isomap_n_components='2'", "isomap_n_neighbors='5'", "svm_C='64.85953036051673'", "svm_gamma='1.2977202040471083'"]}
{"cpu_time": 38.54854106903076, "total_cpu_time": null, "wallclock_time": 41.63988637924194, "evaluations": 66, "cost": 0.9997972363788658, "incumbent": ["isomap_n_components='2'", "isomap_n_neighbors='5'", "svm_C='67.1825918962042'", "svm_gamma='0.6720850745152727'"]}
{"cpu_time": 39.79227328300476, "total_cpu_time": null, "wallclock_time": 42.99138045310974, "evaluations": 68, "cost": 0.9982081724386301, "incumbent": ["isomap_n_components='2'", "isomap_n_neighbors='5'", "svm_C='72.5470831021163'", "svm_gamma='0.7832675698637025'"]}
{"cpu_time": 63.81968283653259, "total_cpu_time": null, "wallclock_time": 69.48305439949036, "evaluations": 110, "cost": 0.9969439145688178, "incumbent": ["isomap_n_components='2'", "isomap_n_neighbors='5'", "svm_C='52.58962707787609'", "svm_gamma='0.7090683388071761'"]}
{"cpu_time": 64.92130374908447, "total_cpu_time": null, "wallclock_time": 70.69726705551147, "evaluations": 112, "cost": 0.9959419114435833, "incumbent": ["isomap_n_components='2'", "isomap_n_neighbors='5'", "svm_C='29.494442668165597'", "svm_gamma='0.7090683388071761'"]}
{"cpu_time": 87.01140809059143, "total_cpu_time": null, "wallclock_time": 94.80488705635071, "evaluations": 152, "cost": 0.9924565662558776, "incumbent": ["isomap_n_components='2'", "isomap_n_neighbors='5'", "svm_C='30.954647086127572'", "svm_gamma='0.6641534829779407'"]}
