{"cpu_time": 0, "total_cpu_time": null, "wallclock_time": 0.00014781951904296875, "evaluations": 0, "cost": 2147483648, "incumbent": ["pca_whiten=''true''", "rf_max_features='0.5'", "rf_n_estimators='10'"]}
{"cpu_time": 2.630014419555664, "total_cpu_time": null, "wallclock_time": 2.765946388244629, "evaluations": 1, "cost": 1.020362408877965, "incumbent": ["pca_whiten=''true''", "rf_max_features='0.5'", "rf_n_estimators='10'"]}
{"cpu_time": 13.600983142852783, "total_cpu_time": null, "wallclock_time": 13.98303771018982, "evaluations": 2, "cost": 0.41244110766576175, "incumbent": ["pca_whiten=''true''", "rf_max_features='0.6263875900678313'", "rf_n_estimators='178'"]}
{"cpu_time": 62.187731981277466, "total_cpu_time": null, "wallclock_time": 63.17546105384827, "evaluations": 7, "cost": 0.4077470620549426, "incumbent": ["pca_whiten=''false''", "rf_max_features='0.5169655679501186'", "rf_n_estimators='270'"]}
{"cpu_time": 158.55742406845093, "total_cpu_time": null, "wallclock_time": 161.42382955551147, "evaluations": 19, "cost": 0.4076620479005805, "incumbent": ["pca_whiten=''false''", "rf_max_features='0.5057608880797688'", "rf_n_estimators='254'"]}
{"cpu_time": 165.12847995758057, "total_cpu_time": null, "wallclock_time": 168.34747457504272, "evaluations": 20, "cost": 0.4037553402332239, "incumbent": ["pca_whiten=''false''", "rf_max_features='0.7153791455643488'", "rf_n_estimators='170'"]}
{"cpu_time": 265.25838255882263, "total_cpu_time": null, "wallclock_time": 271.2916638851166, "evaluations": 36, "cost": 0.3999397448966635, "incumbent": ["pca_whiten=''false''", "rf_max_features='0.5911711195226786'", "rf_n_estimators='161'"]}
