{"cpu_time": 0, "total_cpu_time": null, "wallclock_time": 9.942054748535156e-05, "evaluations": 0, "cost": 2147483648, "incumbent": ["pca_whiten=''true''", "rf_max_features='0.5'", "rf_n_estimators='10'"]}
{"cpu_time": 1.9302611351013184, "total_cpu_time": null, "wallclock_time": 1.956549882888794, "evaluations": 1, "cost": 0.7770176304017614, "incumbent": ["pca_whiten=''true''", "rf_max_features='0.5'", "rf_n_estimators='10'"]}
{"cpu_time": 4.931782007217407, "total_cpu_time": null, "wallclock_time": 5.0390589237213135, "evaluations": 2, "cost": 0.3051518044154194, "incumbent": ["pca_whiten=''true''", "rf_max_features='0.6263875900678313'", "rf_n_estimators='178'"]}
{"cpu_time": 7.829481840133667, "total_cpu_time": null, "wallclock_time": 7.959278345108032, "evaluations": 3, "cost": 0.2881362836066992, "incumbent": ["pca_whiten=''false''", "rf_max_features='0.3021465708060675'", "rf_n_estimators='203'"]}
{"cpu_time": 11.526471138000488, "total_cpu_time": null, "wallclock_time": 11.725776195526123, "evaluations": 4, "cost": 0.2846765475079589, "incumbent": ["pca_whiten=''true''", "rf_max_features='0.30586418148323496'", "rf_n_estimators='221'"]}
{"cpu_time": 104.25324130058289, "total_cpu_time": null, "wallclock_time": 106.2022910118103, "evaluations": 43, "cost": 0.2845499311590105, "incumbent": ["pca_whiten=''true''", "rf_max_features='0.33816921928226995'", "rf_n_estimators='276'"]}
