{"cpu_time": 0, "total_cpu_time": null, "wallclock_time": 9.679794311523438e-05, "evaluations": 0, "cost": 2147483648, "incumbent": ["pca_whiten=''true''"]}
{"cpu_time": 8.921703577041626, "total_cpu_time": null, "wallclock_time": 8.991954326629639, "evaluations": 1, "cost": 5.73270024442532, "incumbent": ["pca_whiten=''true''"]}
