{"cpu_time": 0, "total_cpu_time": null, "wallclock_time": 7.295608520507812e-05, "evaluations": 0, "cost": 2147483648, "incumbent": []}
{"cpu_time": 0.8138525485992432, "total_cpu_time": null, "wallclock_time": 0.8526792526245117, "evaluations": 1, "cost": 9.602235151221638, "incumbent": []}
