{"cpu_time": 0, "total_cpu_time": null, "wallclock_time": 0.00011444091796875, "evaluations": 0, "cost": 2147483648, "incumbent": ["isomap_n_components='2'", "isomap_n_neighbors='5'", "rf_max_features='0.5'", "rf_n_estimators='10'"]}
{"cpu_time": 0.3603229522705078, "total_cpu_time": null, "wallclock_time": 0.37696003913879395, "evaluations": 1, "cost": 5.855859748485487, "incumbent": ["isomap_n_components='2'", "isomap_n_neighbors='5'", "rf_max_features='0.5'", "rf_n_estimators='10'"]}
{"cpu_time": 1.4313147068023682, "total_cpu_time": null, "wallclock_time": 1.4882409572601318, "evaluations": 2, "cost": 2.090642417335875, "incumbent": ["isomap_n_components='2'", "isomap_n_neighbors='7'", "rf_max_features='0.7705914184339647'", "rf_n_estimators='220'"]}
{"cpu_time": 2.117673397064209, "total_cpu_time": null, "wallclock_time": 2.191167116165161, "evaluations": 3, "cost": 2.0154638140316083, "incumbent": ["isomap_n_components='4'", "isomap_n_neighbors='5'", "rf_max_features='0.42825496760388254'", "rf_n_estimators='109'"]}
{"cpu_time": 10.164265155792236, "total_cpu_time": null, "wallclock_time": 10.631221771240234, "evaluations": 14, "cost": 1.8284859788997843, "incumbent": ["isomap_n_components='3'", "isomap_n_neighbors='7'", "rf_max_features='0.5150250404022989'", "rf_n_estimators='276'"]}
{"cpu_time": 16.0365469455719, "total_cpu_time": null, "wallclock_time": 16.763293981552124, "evaluations": 21, "cost": 1.617974591998827, "incumbent": ["isomap_n_components='4'", "isomap_n_neighbors='6'", "rf_max_features='0.3908563055255074'", "rf_n_estimators='252'"]}
{"cpu_time": 30.524738550186157, "total_cpu_time": null, "wallclock_time": 31.98411226272583, "evaluations": 37, "cost": 1.568504587295509, "incumbent": ["isomap_n_components='4'", "isomap_n_neighbors='7'", "rf_max_features='0.46859709749464196'", "rf_n_estimators='281'"]}
{"cpu_time": 78.66589021682739, "total_cpu_time": null, "wallclock_time": 82.8825740814209, "evaluations": 98, "cost": 1.5015814920696904, "incumbent": ["isomap_n_components='4'", "isomap_n_neighbors='5'", "rf_max_features='0.33767864317736246'", "rf_n_estimators='275'"]}
{"cpu_time": 85.0426619052887, "total_cpu_time": null, "wallclock_time": 89.5335841178894, "evaluations": 104, "cost": 1.4520721947836759, "incumbent": ["isomap_n_components='4'", "isomap_n_neighbors='6'", "rf_max_features='0.35612500211038495'", "rf_n_estimators='298'"]}
{"cpu_time": 136.0992283821106, "total_cpu_time": null, "wallclock_time": 143.19415497779846, "evaluations": 156, "cost": 1.4357636451056692, "incumbent": ["isomap_n_components='4'", "isomap_n_neighbors='6'", "rf_max_features='0.30075096432613607'", "rf_n_estimators='170'"]}
{"cpu_time": 200.73462224006653, "total_cpu_time": null, "wallclock_time": 211.426420211792, "evaluations": 227, "cost": 1.3653359410804118, "incumbent": ["isomap_n_components='4'", "isomap_n_neighbors='6'", "rf_max_features='0.35857512697750915'", "rf_n_estimators='244'"]}
