{"cpu_time": 0, "total_cpu_time": null, "wallclock_time": 0.0001442432403564453, "evaluations": 0, "cost": 2147483648, "incumbent": ["isomap_n_components='2'", "isomap_n_neighbors='5'", "svm_C='1.0'", "svm_gamma='1.0'"]}
{"cpu_time": 2.598370313644409, "total_cpu_time": null, "wallclock_time": 2.6371428966522217, "evaluations": 1, "cost": 0.37227585802372004, "incumbent": ["isomap_n_components='2'", "isomap_n_neighbors='5'", "svm_C='1.0'", "svm_gamma='1.0'"]}
{"cpu_time": 22.944870471954346, "total_cpu_time": null, "wallclock_time": 23.737666130065918, "evaluations": 9, "cost": 0.37115104782435365, "incumbent": ["isomap_n_components='3'", "isomap_n_neighbors='3'", "svm_C='18.112605923202754'", "svm_gamma='2.8833638525651795'"]}
{"cpu_time": 25.246684789657593, "total_cpu_time": null, "wallclock_time": 26.20353412628174, "evaluations": 10, "cost": 0.36419842637182837, "incumbent": ["isomap_n_components='4'", "isomap_n_neighbors='3'", "svm_C='22.615023333151107'", "svm_gamma='2.899257357195093'"]}
{"cpu_time": 41.414933919906616, "total_cpu_time": null, "wallclock_time": 43.253053426742554, "evaluations": 16, "cost": 0.33089861345117577, "incumbent": ["isomap_n_components='4'", "isomap_n_neighbors='7'", "svm_C='0.5494961010400925'", "svm_gamma='1.8262365266084444'"]}
