{"cpu_time": 0, "total_cpu_time": null, "wallclock_time": 2.765655517578125e-05, "evaluations": 0, "cost": 2147483648, "incumbent": []}
{"cpu_time": 0.33347582817077637, "total_cpu_time": null, "wallclock_time": 0.34897851943969727, "evaluations": 1, "cost": 8.270578491313731, "incumbent": []}
