{"cpu_time": 0, "total_cpu_time": null, "wallclock_time": 0.00011134147644042969, "evaluations": 0, "cost": 2147483648, "incumbent": ["pca_whiten=''true''", "svm_C='1.0'", "svm_gamma='1.0'"]}
{"cpu_time": 0.8370835781097412, "total_cpu_time": null, "wallclock_time": 0.9560873508453369, "evaluations": 1, "cost": 0.5349966568551157, "incumbent": ["pca_whiten=''true''", "svm_C='1.0'", "svm_gamma='1.0'"]}
{"cpu_time": 2.4495604038238525, "total_cpu_time": null, "wallclock_time": 3.0337345600128174, "evaluations": 4, "cost": 0.5291811694626687, "incumbent": ["pca_whiten=''true''", "svm_C='1.2716634603503483'", "svm_gamma='5.837543753082359'"]}
{"cpu_time": 3.3245065212249756, "total_cpu_time": null, "wallclock_time": 4.246831178665161, "evaluations": 6, "cost": 0.526436640006747, "incumbent": ["pca_whiten=''true''", "svm_C='69.69712111971603'", "svm_gamma='7.565840455614787'"]}
{"cpu_time": 3.9678268432617188, "total_cpu_time": null, "wallclock_time": 4.951828718185425, "evaluations": 7, "cost": 0.5262857602773348, "incumbent": ["pca_whiten=''false''", "svm_C='43.44972047643372'", "svm_gamma='7.1582797874925035'"]}
{"cpu_time": 4.528510808944702, "total_cpu_time": null, "wallclock_time": 5.694247007369995, "evaluations": 8, "cost": 0.52573296088165, "incumbent": ["pca_whiten=''false''", "svm_C='14.283036232071371'", "svm_gamma='7.12433244522769'"]}
{"cpu_time": 6.197845220565796, "total_cpu_time": null, "wallclock_time": 8.24198031425476, "evaluations": 12, "cost": 0.5256304868013603, "incumbent": ["pca_whiten=''true''", "svm_C='16.695077533309327'", "svm_gamma='6.314512449817805'"]}
{"cpu_time": 7.548915863037109, "total_cpu_time": null, "wallclock_time": 10.135441303253174, "evaluations": 15, "cost": 0.5247219540492783, "incumbent": ["pca_whiten=''true''", "svm_C='29.9278263443308'", "svm_gamma='5.6831442858984085'"]}
{"cpu_time": 8.037824869155884, "total_cpu_time": null, "wallclock_time": 10.838764905929565, "evaluations": 16, "cost": 0.5244304449722632, "incumbent": ["pca_whiten=''false''", "svm_C='11.43790148147501'", "svm_gamma='5.52026477940962'"]}
{"cpu_time": 15.16108775138855, "total_cpu_time": null, "wallclock_time": 20.14272451400757, "evaluations": 29, "cost": 0.5034962403607759, "incumbent": ["pca_whiten=''false''", "svm_C='62.50814177672008'", "svm_gamma='0.028977341676197955'"]}
{"cpu_time": 26.649508953094482, "total_cpu_time": null, "wallclock_time": 35.82951521873474, "evaluations": 54, "cost": 0.5027257993292767, "incumbent": ["pca_whiten=''true''", "svm_C='45.42892099144114'", "svm_gamma='0.02973624015416109'"]}
{"cpu_time": 29.47542667388916, "total_cpu_time": null, "wallclock_time": 39.59715795516968, "evaluations": 60, "cost": 0.49207784594206755, "incumbent": ["pca_whiten=''true''", "svm_C='66.29709802411378'", "svm_gamma='0.028481769138808698'"]}
{"cpu_time": 33.824958086013794, "total_cpu_time": null, "wallclock_time": 45.333579301834106, "evaluations": 68, "cost": 0.4772275454320754, "incumbent": ["pca_whiten=''false''", "svm_C='34.72469999594035'", "svm_gamma='0.1624585561281567'"]}
{"cpu_time": 56.54596138000488, "total_cpu_time": null, "wallclock_time": 75.89742159843445, "evaluations": 108, "cost": 0.47481340594191934, "incumbent": ["pca_whiten=''true''", "svm_C='18.05571181722623'", "svm_gamma='0.1804608153644384'"]}
