{"cpu_time": 0, "total_cpu_time": null, "wallclock_time": 0.00015044212341308594, "evaluations": 0, "cost": 2147483648, "incumbent": ["haralick_distance='1'", "isomap_n_components='2'", "isomap_n_neighbors='5'", "svm_C='1.0'", "svm_gamma='1.0'"]}
{"cpu_time": 78.4599552154541, "total_cpu_time": null, "wallclock_time": 78.54151058197021, "evaluations": 1, "cost": 0.5547423769782028, "incumbent": ["haralick_distance='1'", "isomap_n_components='2'", "isomap_n_neighbors='5'", "svm_C='1.0'", "svm_gamma='1.0'"]}
{"cpu_time": 153.8113992214203, "total_cpu_time": null, "wallclock_time": 154.03233551979065, "evaluations": 2, "cost": 0.5523449290395631, "incumbent": ["haralick_distance='1'", "isomap_n_components='4'", "isomap_n_neighbors='7'", "svm_C='72.54534814538891'", "svm_gamma='4.489288587472055'"]}
{"cpu_time": 232.74891567230225, "total_cpu_time": null, "wallclock_time": 232.99089908599854, "evaluations": 3, "cost": 0.48296079680251985, "incumbent": ["haralick_distance='2'", "isomap_n_components='2'", "isomap_n_neighbors='6'", "svm_C='78.990011851405'", "svm_gamma='6.602930247746782'"]}
{"cpu_time": 857.2547707557678, "total_cpu_time": null, "wallclock_time": 858.2179188728333, "evaluations": 17, "cost": 0.4703864680759957, "incumbent": ["haralick_distance='3'", "isomap_n_components='4'", "isomap_n_neighbors='6'", "svm_C='18.253089843996378'", "svm_gamma='6.675583330720798'"]}
{"cpu_time": 1089.1255826950073, "total_cpu_time": null, "wallclock_time": 1090.392350435257, "evaluations": 23, "cost": 0.46202162239645966, "incumbent": ["haralick_distance='3'", "isomap_n_components='2'", "isomap_n_neighbors='7'", "svm_C='30.036388361509584'", "svm_gamma='2.866003042075578'"]}
{"cpu_time": 1666.642813205719, "total_cpu_time": null, "wallclock_time": 1668.9781255722046, "evaluations": 38, "cost": 0.43875287068739893, "incumbent": ["haralick_distance='3'", "isomap_n_components='2'", "isomap_n_neighbors='6'", "svm_C='33.65636513813308'", "svm_gamma='0.7269423410803447'"]}
{"cpu_time": 1976.6416640281677, "total_cpu_time": null, "wallclock_time": 1979.5076501369476, "evaluations": 46, "cost": 0.43380341470319683, "incumbent": ["haralick_distance='3'", "isomap_n_components='2'", "isomap_n_neighbors='7'", "svm_C='4.5325300553383'", "svm_gamma='1.9999753692570847'"]}
{"cpu_time": 2362.63992023468, "total_cpu_time": null, "wallclock_time": 2366.1750185489655, "evaluations": 56, "cost": 0.41967774703759214, "incumbent": ["haralick_distance='3'", "isomap_n_components='4'", "isomap_n_neighbors='7'", "svm_C='5.902602549897864'", "svm_gamma='0.4329450728054245'"]}
{"cpu_time": 2671.8923234939575, "total_cpu_time": null, "wallclock_time": 2675.977340221405, "evaluations": 64, "cost": 0.41801969192741123, "incumbent": ["haralick_distance='3'", "isomap_n_components='3'", "isomap_n_neighbors='7'", "svm_C='88.91955134615759'", "svm_gamma='0.010581690396649066'"]}
{"cpu_time": 3669.213015317917, "total_cpu_time": null, "wallclock_time": 3675.152179002762, "evaluations": 90, "cost": 0.40697897290819735, "incumbent": ["haralick_distance='3'", "isomap_n_components='4'", "isomap_n_neighbors='7'", "svm_C='72.31953908818514'", "svm_gamma='0.010581690396649066'"]}
{"cpu_time": 3784.7414739131927, "total_cpu_time": null, "wallclock_time": 3790.8393540382385, "evaluations": 93, "cost": 0.40682957170082923, "incumbent": ["haralick_distance='3'", "isomap_n_components='4'", "isomap_n_neighbors='7'", "svm_C='88.91955134615759'", "svm_gamma='0.010581690396649066'"]}
{"cpu_time": 5752.461065769196, "total_cpu_time": null, "wallclock_time": 5762.058208465576, "evaluations": 144, "cost": 0.4051850518194258, "incumbent": ["haralick_distance='3'", "isomap_n_components='4'", "isomap_n_neighbors='7'", "svm_C='97.71902549531472'", "svm_gamma='0.010581690396649066'"]}
