{"cpu_time": 0, "total_cpu_time": null, "wallclock_time": 0.00014328956604003906, "evaluations": 0, "cost": 2147483648, "incumbent": ["isomap_n_components='2'", "isomap_n_neighbors='5'", "svm_C='1.0'", "svm_gamma='1.0'"]}
{"cpu_time": 6.296387672424316, "total_cpu_time": null, "wallclock_time": 6.448011875152588, "evaluations": 1, "cost": 0.6844098242167914, "incumbent": ["isomap_n_components='2'", "isomap_n_neighbors='5'", "svm_C='1.0'", "svm_gamma='1.0'"]}
{"cpu_time": 17.748270273208618, "total_cpu_time": null, "wallclock_time": 18.31816554069519, "evaluations": 3, "cost": 0.6751461832571483, "incumbent": ["isomap_n_components='4'", "isomap_n_neighbors='5'", "svm_C='25.725342527255737'", "svm_gamma='2.7907769724696707'"]}
{"cpu_time": 63.88208532333374, "total_cpu_time": null, "wallclock_time": 66.29522395133972, "evaluations": 12, "cost": 0.6574850448418987, "incumbent": ["isomap_n_components='2'", "isomap_n_neighbors='7'", "svm_C='15.850564151859531'", "svm_gamma='2.045080622334761'"]}
{"cpu_time": 101.61107110977173, "total_cpu_time": null, "wallclock_time": 106.08435821533203, "evaluations": 20, "cost": 0.6561300171087245, "incumbent": ["isomap_n_components='3'", "isomap_n_neighbors='4'", "svm_C='1.1228461984870215'", "svm_gamma='2.1852269862955644'"]}
{"cpu_time": 212.55133390426636, "total_cpu_time": null, "wallclock_time": 223.16019248962402, "evaluations": 42, "cost": 0.6519600116706695, "incumbent": ["isomap_n_components='4'", "isomap_n_neighbors='4'", "svm_C='0.5550869992974763'", "svm_gamma='2.4414569077447092'"]}
{"cpu_time": 222.44879007339478, "total_cpu_time": null, "wallclock_time": 233.65620708465576, "evaluations": 44, "cost": 0.6410536308357729, "incumbent": ["isomap_n_components='2'", "isomap_n_neighbors='7'", "svm_C='0.42431799222234023'", "svm_gamma='4.011870266014879'"]}
{"cpu_time": 379.0958499908447, "total_cpu_time": null, "wallclock_time": 398.7591552734375, "evaluations": 76, "cost": 0.622829224348917, "incumbent": ["isomap_n_components='4'", "isomap_n_neighbors='7'", "svm_C='0.1941012368322233'", "svm_gamma='0.1641473393034909'"]}
{"cpu_time": 397.64565443992615, "total_cpu_time": null, "wallclock_time": 418.28275895118713, "evaluations": 80, "cost": 0.6227482027853313, "incumbent": ["isomap_n_components='4'", "isomap_n_neighbors='7'", "svm_C='0.3266573120575422'", "svm_gamma='0.04256078517915782'"]}
{"cpu_time": 514.1956441402435, "total_cpu_time": null, "wallclock_time": 541.6944253444672, "evaluations": 104, "cost": 0.6225647779802119, "incumbent": ["isomap_n_components='4'", "isomap_n_neighbors='7'", "svm_C='4.6097112354561816'", "svm_gamma='0.17339652771482653'"]}
{"cpu_time": 874.2038061618805, "total_cpu_time": null, "wallclock_time": 922.5939230918884, "evaluations": 174, "cost": 0.6207934313973008, "incumbent": ["isomap_n_components='4'", "isomap_n_neighbors='6'", "svm_C='2.4626781640641093'", "svm_gamma='0.11064022458015801'"]}
{"cpu_time": 948.2371490001678, "total_cpu_time": null, "wallclock_time": 1001.6039757728577, "evaluations": 190, "cost": 0.6171607928494348, "incumbent": ["isomap_n_components='3'", "isomap_n_neighbors='7'", "svm_C='0.1941012368322233'", "svm_gamma='0.044828993910955794'"]}
{"cpu_time": 1156.6568596363068, "total_cpu_time": null, "wallclock_time": 1222.714744091034, "evaluations": 236, "cost": 0.6083515486690279, "incumbent": ["isomap_n_components='4'", "isomap_n_neighbors='7'", "svm_C='4.983134367328209'", "svm_gamma='0.03684241809927098'"]}
{"cpu_time": 1295.0152642726898, "total_cpu_time": null, "wallclock_time": 1369.3543910980225, "evaluations": 298, "cost": 0.6082337420784892, "incumbent": ["isomap_n_components='4'", "isomap_n_neighbors='7'", "svm_C='9.70708305391527'", "svm_gamma='0.03684241809927098'"]}
{"cpu_time": 1372.1784670352936, "total_cpu_time": null, "wallclock_time": 1451.097909450531, "evaluations": 350, "cost": 0.6067215116504752, "incumbent": ["isomap_n_components='4'", "isomap_n_neighbors='7'", "svm_C='12.374541736675027'", "svm_gamma='0.021543387319551764'"]}
{"cpu_time": 1461.6404860019684, "total_cpu_time": null, "wallclock_time": 1546.376431941986, "evaluations": 408, "cost": 0.6063279660573496, "incumbent": ["isomap_n_components='4'", "isomap_n_neighbors='7'", "svm_C='21.62777840789993'", "svm_gamma='0.021543387319551764'"]}
