{"cpu_time": 0, "total_cpu_time": null, "wallclock_time": 0.00013828277587890625, "evaluations": 0, "cost": 2147483648, "incumbent": ["isomap_n_components='2'", "isomap_n_neighbors='5'", "svm_C='1.0'", "svm_gamma='1.0'"]}
{"cpu_time": 0.6821422576904297, "total_cpu_time": null, "wallclock_time": 0.7001945972442627, "evaluations": 1, "cost": 0.9461683537692211, "incumbent": ["isomap_n_components='2'", "isomap_n_neighbors='5'", "svm_C='1.0'", "svm_gamma='1.0'"]}
{"cpu_time": 18.483592987060547, "total_cpu_time": null, "wallclock_time": 19.715041399002075, "evaluations": 30, "cost": 0.9430406331736454, "incumbent": ["isomap_n_components='4'", "isomap_n_neighbors='5'", "svm_C='1.0'", "svm_gamma='1.0'"]}
{"cpu_time": 21.23723602294922, "total_cpu_time": null, "wallclock_time": 22.644821166992188, "evaluations": 34, "cost": 0.9354016361183811, "incumbent": ["isomap_n_components='3'", "isomap_n_neighbors='4'", "svm_C='5.4741341647568635'", "svm_gamma='0.32011053393950384'"]}
{"cpu_time": 30.077901601791382, "total_cpu_time": null, "wallclock_time": 32.193206787109375, "evaluations": 46, "cost": 0.9307642996943519, "incumbent": ["isomap_n_components='4'", "isomap_n_neighbors='6'", "svm_C='88.42728821569375'", "svm_gamma='0.05326035885421606'"]}
{"cpu_time": 37.19848966598511, "total_cpu_time": null, "wallclock_time": 39.954630851745605, "evaluations": 56, "cost": 0.9220012134525876, "incumbent": ["isomap_n_components='4'", "isomap_n_neighbors='6'", "svm_C='56.882125642160844'", "svm_gamma='0.028824057908428576'"]}
{"cpu_time": 54.144978046417236, "total_cpu_time": null, "wallclock_time": 58.33244442939758, "evaluations": 80, "cost": 0.9203026776272968, "incumbent": ["isomap_n_components='4'", "isomap_n_neighbors='7'", "svm_C='52.68954252778561'", "svm_gamma='0.05326035885421606'"]}
{"cpu_time": 82.62129020690918, "total_cpu_time": null, "wallclock_time": 89.14885711669922, "evaluations": 120, "cost": 0.9163406957267242, "incumbent": ["isomap_n_components='4'", "isomap_n_neighbors='3'", "svm_C='63.168140872972764'", "svm_gamma='0.0894921797814123'"]}
{"cpu_time": 100.07006692886353, "total_cpu_time": null, "wallclock_time": 108.01929044723511, "evaluations": 144, "cost": 0.9115267200376582, "incumbent": ["isomap_n_components='4'", "isomap_n_neighbors='7'", "svm_C='1.6909007856392322'", "svm_gamma='0.1476575329063845'"]}
{"cpu_time": 108.50109696388245, "total_cpu_time": null, "wallclock_time": 117.14053606987, "evaluations": 156, "cost": 0.9111039594109531, "incumbent": ["isomap_n_components='4'", "isomap_n_neighbors='7'", "svm_C='1.6909007856392322'", "svm_gamma='0.2034163903546138'"]}
