{"cpu_time": 0, "total_cpu_time": null, "wallclock_time": 0.0001533031463623047, "evaluations": 0, "cost": 2147483648, "incumbent": ["haralick_distance='1'", "isomap_n_components='2'", "isomap_n_neighbors='5'", "svm_C='1.0'", "svm_gamma='1.0'"]}
{"cpu_time": 161.35681128501892, "total_cpu_time": null, "wallclock_time": 161.50511741638184, "evaluations": 1, "cost": 0.20445479891093843, "incumbent": ["haralick_distance='1'", "isomap_n_components='2'", "isomap_n_neighbors='5'", "svm_C='1.0'", "svm_gamma='1.0'"]}
{"cpu_time": 5089.867167711258, "total_cpu_time": null, "wallclock_time": 5100.823132276535, "evaluations": 79, "cost": 0.20130745600953337, "incumbent": ["haralick_distance='1'", "isomap_n_components='2'", "isomap_n_neighbors='6'", "svm_C='0.1723812488733827'", "svm_gamma='2.560313306889341'"]}
{"cpu_time": 6299.0611317157745, "total_cpu_time": null, "wallclock_time": 6312.723220348358, "evaluations": 98, "cost": 0.20119167265556726, "incumbent": ["haralick_distance='1'", "isomap_n_components='3'", "isomap_n_neighbors='6'", "svm_C='0.1723812488733827'", "svm_gamma='2.597032600881663'"]}
{"cpu_time": 7942.750419855118, "total_cpu_time": null, "wallclock_time": 7960.685673236847, "evaluations": 132, "cost": 0.20109979778336384, "incumbent": ["haralick_distance='1'", "isomap_n_components='3'", "isomap_n_neighbors='6'", "svm_C='0.21035977194811234'", "svm_gamma='2.3143611510598445'"]}
{"cpu_time": 9224.945472240448, "total_cpu_time": null, "wallclock_time": 9245.878193378448, "evaluations": 173, "cost": 0.20094646937475133, "incumbent": ["haralick_distance='1'", "isomap_n_components='3'", "isomap_n_neighbors='6'", "svm_C='0.1723812488733827'", "svm_gamma='2.6414297688724377'"]}
{"cpu_time": 9349.270004034042, "total_cpu_time": null, "wallclock_time": 9370.49096417427, "evaluations": 177, "cost": 0.19737888286375174, "incumbent": ["haralick_distance='1'", "isomap_n_components='2'", "isomap_n_neighbors='7'", "svm_C='10.24343801705625'", "svm_gamma='0.049965796830995286'"]}
{"cpu_time": 10795.462476491928, "total_cpu_time": null, "wallclock_time": 10820.145682811737, "evaluations": 223, "cost": 0.19726233617188374, "incumbent": ["haralick_distance='1'", "isomap_n_components='2'", "isomap_n_neighbors='7'", "svm_C='5.813236001056803'", "svm_gamma='0.049965796830995286'"]}
{"cpu_time": 13457.953388929367, "total_cpu_time": null, "wallclock_time": 13489.599647283554, "evaluations": 308, "cost": 0.18696386772851, "incumbent": ["haralick_distance='1'", "isomap_n_components='2'", "isomap_n_neighbors='7'", "svm_C='0.2730743590060636'", "svm_gamma='2.4230327823173683'"]}
{"cpu_time": 16335.640207529068, "total_cpu_time": null, "wallclock_time": 16375.278429031372, "evaluations": 401, "cost": 0.18300471450173564, "incumbent": ["haralick_distance='1'", "isomap_n_components='4'", "isomap_n_neighbors='7'", "svm_C='0.2730743590060636'", "svm_gamma='0.989465669422304'"]}
{"cpu_time": 18974.691366910934, "total_cpu_time": null, "wallclock_time": 19022.02764582634, "evaluations": 486, "cost": 0.18146493336272837, "incumbent": ["haralick_distance='1'", "isomap_n_components='4'", "isomap_n_neighbors='7'", "svm_C='0.2730743590060636'", "svm_gamma='1.2347883436828062'"]}
