{"cpu_time": 0, "total_cpu_time": null, "wallclock_time": 3.910064697265625e-05, "evaluations": 0, "cost": 2147483648, "incumbent": []}
{"cpu_time": 0.5067183971405029, "total_cpu_time": null, "wallclock_time": 0.5669496059417725, "evaluations": 1, "cost": 3.9228729082861737, "incumbent": []}
