{"cpu_time": 0, "total_cpu_time": null, "wallclock_time": 4.649162292480469e-05, "evaluations": 0, "cost": 2147483648, "incumbent": ["pca_whiten=''true''"]}
{"cpu_time": 25.997448682785034, "total_cpu_time": null, "wallclock_time": 26.389363288879395, "evaluations": 1, "cost": 2.5485216363866017, "incumbent": ["pca_whiten=''true''"]}
