{"cpu_time": 0, "total_cpu_time": null, "wallclock_time": 0.0001571178436279297, "evaluations": 0, "cost": 2147483648, "incumbent": ["haralick_distance='1'", "pca_whiten=''true''", "svm_C='1.0'", "svm_gamma='1.0'"]}
{"cpu_time": 148.42928647994995, "total_cpu_time": null, "wallclock_time": 148.46496033668518, "evaluations": 1, "cost": 0.921698399198874, "incumbent": ["haralick_distance='1'", "pca_whiten=''true''", "svm_C='1.0'", "svm_gamma='1.0'"]}
{"cpu_time": 437.47835087776184, "total_cpu_time": null, "wallclock_time": 437.7265226840973, "evaluations": 3, "cost": 0.8007119861242001, "incumbent": ["haralick_distance='2'", "pca_whiten=''true''", "svm_C='39.719968193911264'", "svm_gamma='0.8615789437416754'"]}
{"cpu_time": 1669.8983781337738, "total_cpu_time": null, "wallclock_time": 1671.1746923923492, "evaluations": 14, "cost": 0.7719702793294002, "incumbent": ["haralick_distance='3'", "pca_whiten=''true''", "svm_C='37.694357510091514'", "svm_gamma='0.80733444931765'"]}
{"cpu_time": 1868.2915353775024, "total_cpu_time": null, "wallclock_time": 1869.7944395542145, "evaluations": 16, "cost": 0.7487249388589289, "incumbent": ["haralick_distance='3'", "pca_whiten=''false''", "svm_C='49.490821653222454'", "svm_gamma='0.521940547009936'"]}
{"cpu_time": 4871.936293363571, "total_cpu_time": null, "wallclock_time": 4876.3604238033295, "evaluations": 48, "cost": 0.7481021693095915, "incumbent": ["haralick_distance='3'", "pca_whiten=''false''", "svm_C='32.49036294769928'", "svm_gamma='0.3584128537348224'"]}
{"cpu_time": 5439.596979141235, "total_cpu_time": null, "wallclock_time": 5444.51767373085, "evaluations": 54, "cost": 0.7476018964035442, "incumbent": ["haralick_distance='3'", "pca_whiten=''true''", "svm_C='90.1747715010593'", "svm_gamma='0.29443042941393316'"]}
{"cpu_time": 6382.04248714447, "total_cpu_time": null, "wallclock_time": 6387.775184869766, "evaluations": 64, "cost": 0.7474146816782699, "incumbent": ["haralick_distance='3'", "pca_whiten=''false''", "svm_C='7.440235131688165'", "svm_gamma='0.4022635944467146'"]}
{"cpu_time": 7700.134526014328, "total_cpu_time": null, "wallclock_time": 7707.062154531479, "evaluations": 78, "cost": 0.7443132487594327, "incumbent": ["haralick_distance='3'", "pca_whiten=''true''", "svm_C='37.84183516770095'", "svm_gamma='0.33605302540881293'"]}
{"cpu_time": 9211.66005897522, "total_cpu_time": null, "wallclock_time": 9220.13885474205, "evaluations": 94, "cost": 0.7432616068149343, "incumbent": ["haralick_distance='3'", "pca_whiten=''false''", "svm_C='10.753350779410388'", "svm_gamma='0.4022635944467146'"]}
