{"cpu_time": 0, "total_cpu_time": null, "wallclock_time": 0.00010895729064941406, "evaluations": 0, "cost": 2147483648, "incumbent": ["pca_whiten=''true''", "rf_max_features='0.5'", "rf_n_estimators='10'"]}
{"cpu_time": 4.2454609870910645, "total_cpu_time": null, "wallclock_time": 4.30040168762207, "evaluations": 1, "cost": 1.6240095015557061, "incumbent": ["pca_whiten=''true''", "rf_max_features='0.5'", "rf_n_estimators='10'"]}
{"cpu_time": 10.768844366073608, "total_cpu_time": null, "wallclock_time": 10.948573589324951, "evaluations": 2, "cost": 0.644191296357556, "incumbent": ["pca_whiten=''true''", "rf_max_features='0.6263875900678313'", "rf_n_estimators='178'"]}
{"cpu_time": 18.398807525634766, "total_cpu_time": null, "wallclock_time": 18.625781059265137, "evaluations": 3, "cost": 0.509623302998888, "incumbent": ["pca_whiten=''false''", "rf_max_features='0.3021465708060675'", "rf_n_estimators='203'"]}
{"cpu_time": 149.90206956863403, "total_cpu_time": null, "wallclock_time": 152.1807804107666, "evaluations": 22, "cost": 0.5079472596269152, "incumbent": ["pca_whiten=''false''", "rf_max_features='0.44968612175195916'", "rf_n_estimators='249'"]}
