{"cpu_time": 0, "total_cpu_time": null, "wallclock_time": 0.0001842975616455078, "evaluations": 0, "cost": 2147483648, "incumbent": ["isomap_n_components='2'", "isomap_n_neighbors='5'", "rf_max_features='0.5'", "rf_n_estimators='10'"]}
{"cpu_time": 2.0025839805603027, "total_cpu_time": null, "wallclock_time": 2.0815021991729736, "evaluations": 1, "cost": 4.528028369564079, "incumbent": ["isomap_n_components='2'", "isomap_n_neighbors='5'", "rf_max_features='0.5'", "rf_n_estimators='10'"]}
{"cpu_time": 6.711976051330566, "total_cpu_time": null, "wallclock_time": 6.9211695194244385, "evaluations": 2, "cost": 1.4538972142419473, "incumbent": ["isomap_n_components='2'", "isomap_n_neighbors='7'", "rf_max_features='0.7705914184339647'", "rf_n_estimators='220'"]}
{"cpu_time": 10.138951063156128, "total_cpu_time": null, "wallclock_time": 10.406318426132202, "evaluations": 3, "cost": 1.150179783718554, "incumbent": ["isomap_n_components='4'", "isomap_n_neighbors='5'", "rf_max_features='0.42825496760388254'", "rf_n_estimators='109'"]}
{"cpu_time": 24.289557933807373, "total_cpu_time": null, "wallclock_time": 25.188191413879395, "evaluations": 7, "cost": 1.094048881634989, "incumbent": ["isomap_n_components='4'", "isomap_n_neighbors='3'", "rf_max_features='0.49447053546536157'", "rf_n_estimators='97'"]}
{"cpu_time": 70.32456946372986, "total_cpu_time": null, "wallclock_time": 73.24099969863892, "evaluations": 21, "cost": 0.9592667971442559, "incumbent": ["isomap_n_components='4'", "isomap_n_neighbors='6'", "rf_max_features='0.3908563055255074'", "rf_n_estimators='252'"]}
{"cpu_time": 120.25278854370117, "total_cpu_time": null, "wallclock_time": 125.82896709442139, "evaluations": 36, "cost": 0.9327513338955163, "incumbent": ["isomap_n_components='4'", "isomap_n_neighbors='7'", "rf_max_features='0.33511302197393855'", "rf_n_estimators='52'"]}
{"cpu_time": 293.6027774810791, "total_cpu_time": null, "wallclock_time": 307.6884799003601, "evaluations": 118, "cost": 0.9310870590044003, "incumbent": ["isomap_n_components='4'", "isomap_n_neighbors='7'", "rf_max_features='0.3733579775615483'", "rf_n_estimators='254'"]}
