{"cpu_time": 0, "total_cpu_time": null, "wallclock_time": 6.29425048828125e-05, "evaluations": 0, "cost": 2147483648, "incumbent": ["pca_whiten=''true''"]}
{"cpu_time": 0.8620104789733887, "total_cpu_time": null, "wallclock_time": 0.9214668273925781, "evaluations": 1, "cost": 6.8738072548388045, "incumbent": ["pca_whiten=''true''"]}
