{"cpu_time": 0, "total_cpu_time": null, "wallclock_time": 0.00016832351684570312, "evaluations": 0, "cost": 2147483648, "incumbent": ["isomap_n_components='2'", "isomap_n_neighbors='5'", "rf_max_features='0.5'", "rf_n_estimators='10'"]}
{"cpu_time": 1.9712908267974854, "total_cpu_time": null, "wallclock_time": 2.005692720413208, "evaluations": 1, "cost": 4.528028369564079, "incumbent": ["isomap_n_components='2'", "isomap_n_neighbors='5'", "rf_max_features='0.5'", "rf_n_estimators='10'"]}
{"cpu_time": 6.250130653381348, "total_cpu_time": null, "wallclock_time": 6.4065752029418945, "evaluations": 2, "cost": 1.4719877286539187, "incumbent": ["isomap_n_components='2'", "isomap_n_neighbors='7'", "rf_max_features='0.7705914184339647'", "rf_n_estimators='220'"]}
{"cpu_time": 9.841835260391235, "total_cpu_time": null, "wallclock_time": 10.117879390716553, "evaluations": 3, "cost": 1.1337137147824425, "incumbent": ["isomap_n_components='4'", "isomap_n_neighbors='5'", "rf_max_features='0.42825496760388254'", "rf_n_estimators='109'"]}
{"cpu_time": 23.198259592056274, "total_cpu_time": null, "wallclock_time": 24.079688549041748, "evaluations": 7, "cost": 1.1034236002020812, "incumbent": ["isomap_n_components='4'", "isomap_n_neighbors='3'", "rf_max_features='0.49447053546536157'", "rf_n_estimators='97'"]}
{"cpu_time": 68.66140842437744, "total_cpu_time": null, "wallclock_time": 71.33941793441772, "evaluations": 21, "cost": 0.9557064167642851, "incumbent": ["isomap_n_components='4'", "isomap_n_neighbors='6'", "rf_max_features='0.3908563055255074'", "rf_n_estimators='252'"]}
{"cpu_time": 90.28556609153748, "total_cpu_time": null, "wallclock_time": 94.15202784538269, "evaluations": 28, "cost": 0.9516870076758819, "incumbent": ["isomap_n_components='4'", "isomap_n_neighbors='7'", "rf_max_features='0.42579052337549483'", "rf_n_estimators='70'"]}
{"cpu_time": 121.3663477897644, "total_cpu_time": null, "wallclock_time": 126.34213829040527, "evaluations": 37, "cost": 0.9363243081128303, "incumbent": ["isomap_n_components='4'", "isomap_n_neighbors='7'", "rf_max_features='0.46859709749464196'", "rf_n_estimators='281'"]}
