{"cpu_time": 0, "total_cpu_time": null, "wallclock_time": 0.018169403076171875, "evaluations": 0, "cost": 2147483648, "incumbent": ["isomap_n_components='2'", "isomap_n_neighbors='5'", "rf_max_features='0.5'", "rf_n_estimators='10'"]}
{"cpu_time": 5.062885761260986, "total_cpu_time": null, "wallclock_time": 5.217126131057739, "evaluations": 1, "cost": 3.1010436522591522, "incumbent": ["isomap_n_components='2'", "isomap_n_neighbors='5'", "rf_max_features='0.5'", "rf_n_estimators='10'"]}
{"cpu_time": 10.980299711227417, "total_cpu_time": null, "wallclock_time": 11.293327331542969, "evaluations": 2, "cost": 1.0141913522038057, "incumbent": ["isomap_n_components='2'", "isomap_n_neighbors='7'", "rf_max_features='0.7705914184339647'", "rf_n_estimators='220'"]}
{"cpu_time": 62.226377725601196, "total_cpu_time": null, "wallclock_time": 64.07765316963196, "evaluations": 14, "cost": 0.9453821063767465, "incumbent": ["isomap_n_components='3'", "isomap_n_neighbors='7'", "rf_max_features='0.3412754698601215'", "rf_n_estimators='97'"]}
{"cpu_time": 97.03949761390686, "total_cpu_time": null, "wallclock_time": 100.33224606513977, "evaluations": 21, "cost": 0.8186040515597138, "incumbent": ["isomap_n_components='4'", "isomap_n_neighbors='6'", "rf_max_features='0.3908563055255074'", "rf_n_estimators='252'"]}
{"cpu_time": 113.73118829727173, "total_cpu_time": null, "wallclock_time": 117.59838485717773, "evaluations": 24, "cost": 0.8130207214019768, "incumbent": ["isomap_n_components='4'", "isomap_n_neighbors='7'", "rf_max_features='0.31356977228235566'", "rf_n_estimators='54'"]}
{"cpu_time": 132.8216621875763, "total_cpu_time": null, "wallclock_time": 137.10076642036438, "evaluations": 27, "cost": 0.7594634717822676, "incumbent": ["isomap_n_components='4'", "isomap_n_neighbors='7'", "rf_max_features='0.32090334545660065'", "rf_n_estimators='79'"]}
{"cpu_time": 189.97492241859436, "total_cpu_time": null, "wallclock_time": 195.9942810535431, "evaluations": 37, "cost": 0.7431521980938235, "incumbent": ["isomap_n_components='4'", "isomap_n_neighbors='7'", "rf_max_features='0.46859709749464196'", "rf_n_estimators='281'"]}
{"cpu_time": 205.10680675506592, "total_cpu_time": null, "wallclock_time": 211.88686180114746, "evaluations": 40, "cost": 0.6855686432944107, "incumbent": ["isomap_n_components='4'", "isomap_n_neighbors='7'", "rf_max_features='0.36105728971173895'", "rf_n_estimators='117'"]}
