{"cpu_time": 0, "total_cpu_time": null, "wallclock_time": 0.00011801719665527344, "evaluations": 0, "cost": 2147483648, "incumbent": ["pca_whiten=''true''", "rf_max_features='0.5'", "rf_n_estimators='10'"]}
{"cpu_time": 0.6220488548278809, "total_cpu_time": null, "wallclock_time": 0.639761209487915, "evaluations": 1, "cost": 1.461412892960154, "incumbent": ["pca_whiten=''true''", "rf_max_features='0.5'", "rf_n_estimators='10'"]}
{"cpu_time": 2.000072479248047, "total_cpu_time": null, "wallclock_time": 2.059180736541748, "evaluations": 2, "cost": 0.5295907753902992, "incumbent": ["pca_whiten=''true''", "rf_max_features='0.6263875900678313'", "rf_n_estimators='178'"]}
{"cpu_time": 3.4701364040374756, "total_cpu_time": null, "wallclock_time": 3.5544633865356445, "evaluations": 3, "cost": 0.5104217653779188, "incumbent": ["pca_whiten=''false''", "rf_max_features='0.3021465708060675'", "rf_n_estimators='203'"]}
{"cpu_time": 15.665238380432129, "total_cpu_time": null, "wallclock_time": 16.049492120742798, "evaluations": 9, "cost": 0.5093381775594231, "incumbent": ["pca_whiten=''true''", "rf_max_features='0.42879819375043693'", "rf_n_estimators='102'"]}
{"cpu_time": 22.364285469055176, "total_cpu_time": null, "wallclock_time": 23.25921082496643, "evaluations": 14, "cost": 0.5034697613617637, "incumbent": ["pca_whiten=''false''", "rf_max_features='0.4281931413603867'", "rf_n_estimators='162'"]}
{"cpu_time": 25.26685905456543, "total_cpu_time": null, "wallclock_time": 26.33863592147827, "evaluations": 16, "cost": 0.4921342596105818, "incumbent": ["pca_whiten=''false''", "rf_max_features='0.31345744536438114'", "rf_n_estimators='67'"]}
{"cpu_time": 36.69676423072815, "total_cpu_time": null, "wallclock_time": 38.41084861755371, "evaluations": 27, "cost": 0.4893734258843769, "incumbent": ["pca_whiten=''false''", "rf_max_features='0.47462449136627766'", "rf_n_estimators='69'"]}
{"cpu_time": 49.63407278060913, "total_cpu_time": null, "wallclock_time": 52.31618571281433, "evaluations": 39, "cost": 0.47509263748866726, "incumbent": ["pca_whiten=''false''", "rf_max_features='0.321658033176894'", "rf_n_estimators='153'"]}
