{"cpu_time": 0, "total_cpu_time": null, "wallclock_time": 0.00020074844360351562, "evaluations": 0, "cost": 2147483648, "incumbent": ["pca_whiten=''true''", "rf_max_features='0.5'", "rf_n_estimators='10'"]}
{"cpu_time": 67.96081328392029, "total_cpu_time": null, "wallclock_time": 68.55365538597107, "evaluations": 1, "cost": 1.5094420159851871, "incumbent": ["pca_whiten=''true''", "rf_max_features='0.5'", "rf_n_estimators='10'"]}
{"cpu_time": 72.2433512210846, "total_cpu_time": null, "wallclock_time": 73.19883990287781, "evaluations": 2, "cost": 0.42729294807586243, "incumbent": ["pca_whiten=''true''", "rf_max_features='0.6263875900678313'", "rf_n_estimators='178'"]}
{"cpu_time": 82.41646766662598, "total_cpu_time": null, "wallclock_time": 83.67122387886047, "evaluations": 4, "cost": 0.42228366619544194, "incumbent": ["pca_whiten=''true''", "rf_max_features='0.30586418148323496'", "rf_n_estimators='221'"]}
{"cpu_time": 99.87464213371277, "total_cpu_time": null, "wallclock_time": 101.56001853942871, "evaluations": 7, "cost": 0.42009911665101257, "incumbent": ["pca_whiten=''false''", "rf_max_features='0.5169655679501186'", "rf_n_estimators='270'"]}
{"cpu_time": 116.7395088672638, "total_cpu_time": null, "wallclock_time": 119.16029834747314, "evaluations": 11, "cost": 0.41566231932909714, "incumbent": ["pca_whiten=''true''", "rf_max_features='0.7898269852068684'", "rf_n_estimators='295'"]}
{"cpu_time": 131.70065212249756, "total_cpu_time": null, "wallclock_time": 134.96882510185242, "evaluations": 14, "cost": 0.4103922283795076, "incumbent": ["pca_whiten=''true''", "rf_max_features='0.3921320331173167'", "rf_n_estimators='215'"]}
{"cpu_time": 138.5555899143219, "total_cpu_time": null, "wallclock_time": 141.9688766002655, "evaluations": 15, "cost": 0.40289218818271505, "incumbent": ["pca_whiten=''true''", "rf_max_features='0.44928842014179576'", "rf_n_estimators='216'"]}
{"cpu_time": 197.03386640548706, "total_cpu_time": null, "wallclock_time": 203.52275133132935, "evaluations": 56, "cost": 0.4003704987654058, "incumbent": ["pca_whiten=''true''", "rf_max_features='0.48362092257057576'", "rf_n_estimators='21'"]}
{"cpu_time": 229.98350834846497, "total_cpu_time": null, "wallclock_time": 237.8217203617096, "evaluations": 88, "cost": 0.3804205519965227, "incumbent": ["pca_whiten=''true''", "rf_max_features='0.32266059222371024'", "rf_n_estimators='13'"]}
{"cpu_time": 234.05060267448425, "total_cpu_time": null, "wallclock_time": 242.06734538078308, "evaluations": 92, "cost": 0.3751075936704697, "incumbent": ["pca_whiten=''false''", "rf_max_features='0.40136349476081806'", "rf_n_estimators='20'"]}
