{"cpu_time": 0, "total_cpu_time": null, "wallclock_time": 9.870529174804688e-05, "evaluations": 0, "cost": 2147483648, "incumbent": ["pca_whiten=''true''", "rf_max_features='0.5'", "rf_n_estimators='10'"]}
{"cpu_time": 2.385049343109131, "total_cpu_time": null, "wallclock_time": 2.4114866256713867, "evaluations": 1, "cost": 1.5428582727356108, "incumbent": ["pca_whiten=''true''", "rf_max_features='0.5'", "rf_n_estimators='10'"]}
{"cpu_time": 7.558171033859253, "total_cpu_time": null, "wallclock_time": 7.661599397659302, "evaluations": 2, "cost": 0.7053692163273144, "incumbent": ["pca_whiten=''true''", "rf_max_features='0.6263875900678313'", "rf_n_estimators='178'"]}
{"cpu_time": 24.104785203933716, "total_cpu_time": null, "wallclock_time": 24.340028524398804, "evaluations": 5, "cost": 0.6990810776836239, "incumbent": ["pca_whiten=''true''", "rf_max_features='0.6948449041611862'", "rf_n_estimators='249'"]}
{"cpu_time": 52.327722787857056, "total_cpu_time": null, "wallclock_time": 52.95738244056702, "evaluations": 11, "cost": 0.6979325438630121, "incumbent": ["pca_whiten=''true''", "rf_max_features='0.7898269852068684'", "rf_n_estimators='295'"]}
{"cpu_time": 71.031977891922, "total_cpu_time": null, "wallclock_time": 72.107492685318, "evaluations": 16, "cost": 0.697894461951558, "incumbent": ["pca_whiten=''true''", "rf_max_features='0.5273066866269616'", "rf_n_estimators='102'"]}
{"cpu_time": 85.44536328315735, "total_cpu_time": null, "wallclock_time": 86.83523678779602, "evaluations": 20, "cost": 0.6886108828212167, "incumbent": ["pca_whiten=''true''", "rf_max_features='0.7615031041470277'", "rf_n_estimators='62'"]}
