{"cpu_time": 0, "total_cpu_time": null, "wallclock_time": 0.0001728534698486328, "evaluations": 0, "cost": 2147483648, "incumbent": ["isomap_n_components='2'", "isomap_n_neighbors='5'", "rf_max_features='0.5'", "rf_n_estimators='10'"]}
{"cpu_time": 3.8205323219299316, "total_cpu_time": null, "wallclock_time": 3.845991611480713, "evaluations": 1, "cost": 2.9882967085275802, "incumbent": ["isomap_n_components='2'", "isomap_n_neighbors='5'", "rf_max_features='0.5'", "rf_n_estimators='10'"]}
{"cpu_time": 10.47698187828064, "total_cpu_time": null, "wallclock_time": 10.635134935379028, "evaluations": 2, "cost": 1.0146285899310976, "incumbent": ["isomap_n_components='2'", "isomap_n_neighbors='7'", "rf_max_features='0.7705914184339647'", "rf_n_estimators='220'"]}
{"cpu_time": 27.61535382270813, "total_cpu_time": null, "wallclock_time": 28.173325777053833, "evaluations": 5, "cost": 0.9630988761264199, "incumbent": ["isomap_n_components='2'", "isomap_n_neighbors='7'", "rf_max_features='0.6019740786883476'", "rf_n_estimators='186'"]}
{"cpu_time": 110.18022084236145, "total_cpu_time": null, "wallclock_time": 113.79202914237976, "evaluations": 21, "cost": 0.8231489957561419, "incumbent": ["isomap_n_components='4'", "isomap_n_neighbors='6'", "rf_max_features='0.3908563055255074'", "rf_n_estimators='252'"]}
{"cpu_time": 122.9634907245636, "total_cpu_time": null, "wallclock_time": 126.97862100601196, "evaluations": 23, "cost": 0.8230411316531479, "incumbent": ["isomap_n_components='4'", "isomap_n_neighbors='7'", "rf_max_features='0.6343316352444657'", "rf_n_estimators='296'"]}
{"cpu_time": 201.58766889572144, "total_cpu_time": null, "wallclock_time": 208.08468008041382, "evaluations": 37, "cost": 0.6836165223283714, "incumbent": ["isomap_n_components='4'", "isomap_n_neighbors='7'", "rf_max_features='0.46859709749464196'", "rf_n_estimators='281'"]}
{"cpu_time": 517.2650418281555, "total_cpu_time": null, "wallclock_time": 535.2174155712128, "evaluations": 92, "cost": 0.6835089909084547, "incumbent": ["isomap_n_components='4'", "isomap_n_neighbors='7'", "rf_max_features='0.3062448175131263'", "rf_n_estimators='298'"]}
