{"cpu_time": 0, "total_cpu_time": null, "wallclock_time": 6.246566772460938e-05, "evaluations": 0, "cost": 2147483648, "incumbent": ["rf_max_features='0.5'", "rf_n_estimators='81'"]}
{"cpu_time": 2.5479211807250977, "total_cpu_time": null, "wallclock_time": 2.5617969036102295, "evaluations": 1, "cost": 0.11862980087994106, "incumbent": ["rf_max_features='0.5'", "rf_n_estimators='81'"]}
{"cpu_time": 23.882848262786865, "total_cpu_time": null, "wallclock_time": 23.991823434829712, "evaluations": 5, "cost": 0.11771940326682073, "incumbent": ["rf_max_features='0.5'", "rf_n_estimators='227'"]}
