{"cpu_time": 0, "total_cpu_time": null, "wallclock_time": 0.00010204315185546875, "evaluations": 0, "cost": 2147483648, "incumbent": ["isomap_n_components='2'", "isomap_n_neighbors='5'", "svm_C='1.0'", "svm_gamma='1.0'"]}
{"cpu_time": 0.48200035095214844, "total_cpu_time": null, "wallclock_time": 0.49651336669921875, "evaluations": 1, "cost": 0.9503932162652298, "incumbent": ["isomap_n_components='2'", "isomap_n_neighbors='5'", "svm_C='1.0'", "svm_gamma='1.0'"]}
{"cpu_time": 3.7131450176239014, "total_cpu_time": null, "wallclock_time": 3.91623854637146, "evaluations": 7, "cost": 0.9416440732275188, "incumbent": ["isomap_n_components='4'", "isomap_n_neighbors='3'", "svm_C='38.955212985979244'", "svm_gamma='2.443593951042488'"]}
{"cpu_time": 7.291119813919067, "total_cpu_time": null, "wallclock_time": 7.762135982513428, "evaluations": 14, "cost": 0.9409894285434354, "incumbent": ["isomap_n_components='3'", "isomap_n_neighbors='5'", "svm_C='38.89655105288842'", "svm_gamma='0.20970182222779993'"]}
{"cpu_time": 11.485210657119751, "total_cpu_time": null, "wallclock_time": 12.247985363006592, "evaluations": 22, "cost": 0.9138063617381459, "incumbent": ["isomap_n_components='4'", "isomap_n_neighbors='7'", "svm_C='37.14148766667786'", "svm_gamma='0.3745008943742349'"]}
{"cpu_time": 16.559205532073975, "total_cpu_time": null, "wallclock_time": 17.696276903152466, "evaluations": 32, "cost": 0.9007762576751678, "incumbent": ["isomap_n_components='4'", "isomap_n_neighbors='6'", "svm_C='24.969037724893823'", "svm_gamma='0.11672830281320487'"]}
{"cpu_time": 27.85474157333374, "total_cpu_time": null, "wallclock_time": 30.000370979309082, "evaluations": 54, "cost": 0.8998849893024347, "incumbent": ["isomap_n_components='4'", "isomap_n_neighbors='6'", "svm_C='59.344863882546655'", "svm_gamma='0.11672830281320487'"]}
