{"cpu_time": 0, "total_cpu_time": null, "wallclock_time": 0.00015282630920410156, "evaluations": 0, "cost": 2147483648, "incumbent": ["haralick_distance='1'", "isomap_n_components='2'", "isomap_n_neighbors='5'", "svm_C='1.0'", "svm_gamma='1.0'"]}
{"cpu_time": 144.85359168052673, "total_cpu_time": null, "wallclock_time": 144.91782784461975, "evaluations": 1, "cost": 0.5547423769782028, "incumbent": ["haralick_distance='1'", "isomap_n_components='2'", "isomap_n_neighbors='5'", "svm_C='1.0'", "svm_gamma='1.0'"]}
{"cpu_time": 291.3974177837372, "total_cpu_time": null, "wallclock_time": 291.7282280921936, "evaluations": 2, "cost": 0.5505659115234693, "incumbent": ["haralick_distance='1'", "isomap_n_components='4'", "isomap_n_neighbors='7'", "svm_C='72.54534814538891'", "svm_gamma='4.489288587472055'"]}
{"cpu_time": 436.18324398994446, "total_cpu_time": null, "wallclock_time": 436.65044379234314, "evaluations": 3, "cost": 0.4795052028280904, "incumbent": ["haralick_distance='2'", "isomap_n_components='2'", "isomap_n_neighbors='6'", "svm_C='78.990011851405'", "svm_gamma='6.602930247746782'"]}
{"cpu_time": 1670.1957612037659, "total_cpu_time": null, "wallclock_time": 1673.2086026668549, "evaluations": 17, "cost": 0.472340521825356, "incumbent": ["haralick_distance='3'", "isomap_n_components='4'", "isomap_n_neighbors='6'", "svm_C='18.253089843996378'", "svm_gamma='6.675583330720798'"]}
{"cpu_time": 2093.6639726161957, "total_cpu_time": null, "wallclock_time": 2097.4184036254883, "evaluations": 23, "cost": 0.4620425268974378, "incumbent": ["haralick_distance='3'", "isomap_n_components='2'", "isomap_n_neighbors='7'", "svm_C='30.036388361509584'", "svm_gamma='2.866003042075578'"]}
{"cpu_time": 2717.552507162094, "total_cpu_time": null, "wallclock_time": 2722.624768257141, "evaluations": 32, "cost": 0.4577602028350873, "incumbent": ["haralick_distance='3'", "isomap_n_components='2'", "isomap_n_neighbors='7'", "svm_C='3.8729322783110405'", "svm_gamma='5.16230607990393'"]}
{"cpu_time": 3536.8145451545715, "total_cpu_time": null, "wallclock_time": 3543.5701541900635, "evaluations": 44, "cost": 0.44367867022191837, "incumbent": ["haralick_distance='3'", "isomap_n_components='2'", "isomap_n_neighbors='6'", "svm_C='1.3450691739652534'", "svm_gamma='4.010587139440228'"]}
{"cpu_time": 4877.426118612289, "total_cpu_time": null, "wallclock_time": 4886.751361846924, "evaluations": 63, "cost": 0.4403717328337294, "incumbent": ["haralick_distance='3'", "isomap_n_components='3'", "isomap_n_neighbors='6'", "svm_C='36.350555232741804'", "svm_gamma='2.493080816981032'"]}
{"cpu_time": 5372.145347595215, "total_cpu_time": null, "wallclock_time": 5382.748509168625, "evaluations": 70, "cost": 0.4186704309536417, "incumbent": ["haralick_distance='3'", "isomap_n_components='3'", "isomap_n_neighbors='6'", "svm_C='8.973721173986734'", "svm_gamma='0.10457901313654837'"]}
{"cpu_time": 8069.541741132736, "total_cpu_time": null, "wallclock_time": 8086.01394033432, "evaluations": 108, "cost": 0.40628759674092113, "incumbent": ["haralick_distance='3'", "isomap_n_components='4'", "isomap_n_neighbors='7'", "svm_C='48.23639381683501'", "svm_gamma='0.02678264790229167'"]}
{"cpu_time": 8487.823549985886, "total_cpu_time": null, "wallclock_time": 8505.24363207817, "evaluations": 114, "cost": 0.40494259999471255, "incumbent": ["haralick_distance='3'", "isomap_n_components='4'", "isomap_n_neighbors='7'", "svm_C='93.50344495285594'", "svm_gamma='0.02678264790229167'"]}
{"cpu_time": 11047.97084069252, "total_cpu_time": null, "wallclock_time": 11070.660774946213, "evaluations": 150, "cost": 0.4032199554887716, "incumbent": ["haralick_distance='3'", "isomap_n_components='4'", "isomap_n_neighbors='7'", "svm_C='93.79861448766188'", "svm_gamma='0.02678264790229167'"]}
