{"cpu_time": 0, "total_cpu_time": null, "wallclock_time": 9.632110595703125e-05, "evaluations": 0, "cost": 2147483648, "incumbent": ["pca_whiten=''true''", "rf_max_features='0.5'", "rf_n_estimators='10'"]}
{"cpu_time": 0.5496258735656738, "total_cpu_time": null, "wallclock_time": 0.5779881477355957, "evaluations": 1, "cost": 1.3684549152851935, "incumbent": ["pca_whiten=''true''", "rf_max_features='0.5'", "rf_n_estimators='10'"]}
{"cpu_time": 2.1497340202331543, "total_cpu_time": null, "wallclock_time": 2.2160797119140625, "evaluations": 2, "cost": 0.7150466596773333, "incumbent": ["pca_whiten=''true''", "rf_max_features='0.6263875900678313'", "rf_n_estimators='178'"]}
{"cpu_time": 7.3144097328186035, "total_cpu_time": null, "wallclock_time": 7.451642751693726, "evaluations": 5, "cost": 0.7055555111338307, "incumbent": ["pca_whiten=''true''", "rf_max_features='0.6948449041611862'", "rf_n_estimators='249'"]}
{"cpu_time": 16.634337425231934, "total_cpu_time": null, "wallclock_time": 16.94138741493225, "evaluations": 11, "cost": 0.7055259983306268, "incumbent": ["pca_whiten=''true''", "rf_max_features='0.7898269852068684'", "rf_n_estimators='295'"]}
{"cpu_time": 26.06624412536621, "total_cpu_time": null, "wallclock_time": 26.6828351020813, "evaluations": 20, "cost": 0.7021853516284531, "incumbent": ["pca_whiten=''true''", "rf_max_features='0.3327115034090079'", "rf_n_estimators='55'"]}
{"cpu_time": 71.51002621650696, "total_cpu_time": null, "wallclock_time": 73.38986897468567, "evaluations": 57, "cost": 0.7014345314343585, "incumbent": ["pca_whiten=''false''", "rf_max_features='0.5729894042646035'", "rf_n_estimators='220'"]}
