{"cpu_time": 0, "total_cpu_time": null, "wallclock_time": 8.988380432128906e-05, "evaluations": 0, "cost": 2147483648, "incumbent": ["pca_whiten=''true''", "rf_max_features='0.5'", "rf_n_estimators='10'"]}
{"cpu_time": 1.4327523708343506, "total_cpu_time": null, "wallclock_time": 1.4634490013122559, "evaluations": 1, "cost": 1.6363678338053649, "incumbent": ["pca_whiten=''true''", "rf_max_features='0.5'", "rf_n_estimators='10'"]}
{"cpu_time": 3.4529335498809814, "total_cpu_time": null, "wallclock_time": 3.5188395977020264, "evaluations": 2, "cost": 0.7169910470209061, "incumbent": ["pca_whiten=''true''", "rf_max_features='0.6263875900678313'", "rf_n_estimators='178'"]}
{"cpu_time": 5.3481221199035645, "total_cpu_time": null, "wallclock_time": 5.431439161300659, "evaluations": 3, "cost": 0.716853271928707, "incumbent": ["pca_whiten=''false''", "rf_max_features='0.3021465708060675'", "rf_n_estimators='203'"]}
{"cpu_time": 9.51754355430603, "total_cpu_time": null, "wallclock_time": 9.657255411148071, "evaluations": 5, "cost": 0.7067065598564137, "incumbent": ["pca_whiten=''true''", "rf_max_features='0.6948449041611862'", "rf_n_estimators='249'"]}
{"cpu_time": 31.646610260009766, "total_cpu_time": null, "wallclock_time": 32.14553785324097, "evaluations": 17, "cost": 0.7035022413531348, "incumbent": ["pca_whiten=''false''", "rf_max_features='0.7526640253456993'", "rf_n_estimators='139'"]}
{"cpu_time": 62.78018355369568, "total_cpu_time": null, "wallclock_time": 63.952598094940186, "evaluations": 36, "cost": 0.7031794742768458, "incumbent": ["pca_whiten=''true''", "rf_max_features='0.6483339395381182'", "rf_n_estimators='243'"]}
{"cpu_time": 76.26185703277588, "total_cpu_time": null, "wallclock_time": 77.71196126937866, "evaluations": 44, "cost": 0.701636211926061, "incumbent": ["pca_whiten=''false''", "rf_max_features='0.6137007001747574'", "rf_n_estimators='244'"]}
{"cpu_time": 89.13105607032776, "total_cpu_time": null, "wallclock_time": 90.83411884307861, "evaluations": 51, "cost": 0.6998663760789814, "incumbent": ["pca_whiten=''true''", "rf_max_features='0.463910483675083'", "rf_n_estimators='269'"]}
{"cpu_time": 112.86315774917603, "total_cpu_time": null, "wallclock_time": 115.06288576126099, "evaluations": 64, "cost": 0.6991801135056978, "incumbent": ["pca_whiten=''true''", "rf_max_features='0.6097555080440473'", "rf_n_estimators='255'"]}
