{"cpu_time": 0, "total_cpu_time": null, "wallclock_time": 0.00022673606872558594, "evaluations": 0, "cost": 2147483648, "incumbent": ["pca_whiten=''true''", "rf_max_features='0.5'", "rf_n_estimators='10'"]}
{"cpu_time": 0.9437966346740723, "total_cpu_time": null, "wallclock_time": 0.9791111946105957, "evaluations": 1, "cost": 1.2152363536834372, "incumbent": ["pca_whiten=''true''", "rf_max_features='0.5'", "rf_n_estimators='10'"]}
{"cpu_time": 3.868114471435547, "total_cpu_time": null, "wallclock_time": 3.973790168762207, "evaluations": 2, "cost": 0.6998748494483116, "incumbent": ["pca_whiten=''true''", "rf_max_features='0.6263875900678313'", "rf_n_estimators='178'"]}
{"cpu_time": 14.88148808479309, "total_cpu_time": null, "wallclock_time": 15.14621639251709, "evaluations": 5, "cost": 0.697152867384423, "incumbent": ["pca_whiten=''true''", "rf_max_features='0.6948449041611862'", "rf_n_estimators='249'"]}
{"cpu_time": 19.141979932785034, "total_cpu_time": null, "wallclock_time": 19.491851806640625, "evaluations": 6, "cost": 0.6939548652107878, "incumbent": ["pca_whiten=''true''", "rf_max_features='0.6483339395381182'", "rf_n_estimators='285'"]}
{"cpu_time": 30.08463215827942, "total_cpu_time": null, "wallclock_time": 30.673648595809937, "evaluations": 10, "cost": 0.6910229701554443, "incumbent": ["pca_whiten=''false''", "rf_max_features='0.6912965912106617'", "rf_n_estimators='158'"]}
