{"cpu_time": 0, "total_cpu_time": null, "wallclock_time": 0.00010704994201660156, "evaluations": 0, "cost": 2147483648, "incumbent": ["isomap_n_components='2'", "isomap_n_neighbors='5'", "svm_C='0.1'", "svm_gamma='4.005'"]}
{"cpu_time": 1.3274562358856201, "total_cpu_time": null, "wallclock_time": 1.3528478145599365, "evaluations": 1, "cost": 0.326601027323805, "incumbent": ["isomap_n_components='2'", "isomap_n_neighbors='5'", "svm_C='0.1'", "svm_gamma='4.005'"]}
{"cpu_time": 2.5389935970306396, "total_cpu_time": null, "wallclock_time": 2.640239953994751, "evaluations": 2, "cost": 0.3076568725442371, "incumbent": ["isomap_n_components='2'", "isomap_n_neighbors='7'", "svm_C='25.075000000000003'", "svm_gamma='4.005'"]}
{"cpu_time": 4.225775718688965, "total_cpu_time": null, "wallclock_time": 4.39452338218689, "evaluations": 3, "cost": 0.30529553327256775, "incumbent": ["isomap_n_components='2'", "isomap_n_neighbors='5'", "svm_C='50.050000000000004'", "svm_gamma='8.0'"]}
{"cpu_time": 7.241336822509766, "total_cpu_time": null, "wallclock_time": 7.631269931793213, "evaluations": 5, "cost": 0.3040690255709853, "incumbent": ["isomap_n_components='2'", "isomap_n_neighbors='7'", "svm_C='75.025'", "svm_gamma='8.0'"]}
{"cpu_time": 8.894856929779053, "total_cpu_time": null, "wallclock_time": 9.382755517959595, "evaluations": 6, "cost": 0.30215890193750333, "incumbent": ["isomap_n_components='4'", "isomap_n_neighbors='5'", "svm_C='100.0'", "svm_gamma='6.0024999999999995'"]}
{"cpu_time": 35.74665427207947, "total_cpu_time": null, "wallclock_time": 38.12582588195801, "evaluations": 24, "cost": 0.3018043077231601, "incumbent": ["isomap_n_components='4'", "isomap_n_neighbors='5'", "svm_C='25.075000000000003'", "svm_gamma='6.0024999999999995'"]}
{"cpu_time": 40.821264028549194, "total_cpu_time": null, "wallclock_time": 43.577430725097656, "evaluations": 28, "cost": 0.29878288046176654, "incumbent": ["isomap_n_components='4'", "isomap_n_neighbors='5'", "svm_C='50.050000000000004'", "svm_gamma='6.0024999999999995'"]}
{"cpu_time": 72.99566054344177, "total_cpu_time": null, "wallclock_time": 77.6388738155365, "evaluations": 50, "cost": 0.2986042373370183, "incumbent": ["isomap_n_components='4'", "isomap_n_neighbors='5'", "svm_C='100.0'", "svm_gamma='8.0'"]}
{"cpu_time": 92.03765773773193, "total_cpu_time": null, "wallclock_time": 98.04893946647644, "evaluations": 62, "cost": 0.29660270521989274, "incumbent": ["isomap_n_components='3'", "isomap_n_neighbors='6'", "svm_C='100.0'", "svm_gamma='2.0075'"]}
