{"cpu_time": 0, "total_cpu_time": null, "wallclock_time": 0.00010061264038085938, "evaluations": 0, "cost": 2147483648, "incumbent": ["isomap_n_components='2'", "isomap_n_neighbors='5'", "rf_max_features='0.5'", "rf_n_estimators='10'"]}
{"cpu_time": 0.46472692489624023, "total_cpu_time": null, "wallclock_time": 0.48095178604125977, "evaluations": 1, "cost": 4.634509338747868, "incumbent": ["isomap_n_components='2'", "isomap_n_neighbors='5'", "rf_max_features='0.5'", "rf_n_estimators='10'"]}
{"cpu_time": 1.643979787826538, "total_cpu_time": null, "wallclock_time": 1.6974949836730957, "evaluations": 2, "cost": 1.2721875888526304, "incumbent": ["isomap_n_components='2'", "isomap_n_neighbors='7'", "rf_max_features='0.7705914184339647'", "rf_n_estimators='220'"]}
{"cpu_time": 2.4347054958343506, "total_cpu_time": null, "wallclock_time": 2.505002021789551, "evaluations": 3, "cost": 1.1490020455802543, "incumbent": ["isomap_n_components='4'", "isomap_n_neighbors='5'", "rf_max_features='0.42825496760388254'", "rf_n_estimators='109'"]}
{"cpu_time": 14.536869525909424, "total_cpu_time": null, "wallclock_time": 15.208162307739258, "evaluations": 18, "cost": 1.0675037195181736, "incumbent": ["isomap_n_components='4'", "isomap_n_neighbors='4'", "rf_max_features='0.48536845488858116'", "rf_n_estimators='112'"]}
{"cpu_time": 19.390928030014038, "total_cpu_time": null, "wallclock_time": 20.257264375686646, "evaluations": 23, "cost": 0.9647536907370936, "incumbent": ["isomap_n_components='4'", "isomap_n_neighbors='7'", "rf_max_features='0.6343316352444657'", "rf_n_estimators='296'"]}
{"cpu_time": 33.372883319854736, "total_cpu_time": null, "wallclock_time": 34.819977045059204, "evaluations": 37, "cost": 0.9445781944045543, "incumbent": ["isomap_n_components='4'", "isomap_n_neighbors='7'", "rf_max_features='0.46859709749464196'", "rf_n_estimators='281'"]}
{"cpu_time": 62.74249529838562, "total_cpu_time": null, "wallclock_time": 65.49993181228638, "evaluations": 64, "cost": 0.9315586772827263, "incumbent": ["isomap_n_components='4'", "isomap_n_neighbors='7'", "rf_max_features='0.4985398093496225'", "rf_n_estimators='300'"]}
