{"cpu_time": 0, "total_cpu_time": null, "wallclock_time": 2.7894973754882812e-05, "evaluations": 0, "cost": 2147483648, "incumbent": []}
{"cpu_time": 0.32718539237976074, "total_cpu_time": null, "wallclock_time": 0.3422679901123047, "evaluations": 1, "cost": 8.270578491313731, "incumbent": []}
