{"cpu_time": 0, "total_cpu_time": null, "wallclock_time": 2.8848648071289062e-05, "evaluations": 0, "cost": 2147483648, "incumbent": []}
{"cpu_time": 0.47141313552856445, "total_cpu_time": null, "wallclock_time": 0.48662447929382324, "evaluations": 1, "cost": 4.401688705780738, "incumbent": []}
