{"cpu_time": 0, "total_cpu_time": null, "wallclock_time": 0.0002014636993408203, "evaluations": 0, "cost": 2147483648, "incumbent": ["isomap_n_components='2'", "isomap_n_neighbors='5'", "svm_C='1.0'", "svm_gamma='1.0'"]}
{"cpu_time": 2.3247299194335938, "total_cpu_time": null, "wallclock_time": 2.3582303524017334, "evaluations": 1, "cost": 0.6856679428045314, "incumbent": ["isomap_n_components='2'", "isomap_n_neighbors='5'", "svm_C='1.0'", "svm_gamma='1.0'"]}
{"cpu_time": 5.935377597808838, "total_cpu_time": null, "wallclock_time": 6.052948713302612, "evaluations": 3, "cost": 0.6741069649119886, "incumbent": ["isomap_n_components='4'", "isomap_n_neighbors='5'", "svm_C='25.725342527255737'", "svm_gamma='2.7907769724696707'"]}
{"cpu_time": 22.31017231941223, "total_cpu_time": null, "wallclock_time": 23.128097534179688, "evaluations": 12, "cost": 0.6603762431918887, "incumbent": ["isomap_n_components='2'", "isomap_n_neighbors='7'", "svm_C='15.850564151859531'", "svm_gamma='2.045080622334761'"]}
{"cpu_time": 53.96046829223633, "total_cpu_time": null, "wallclock_time": 56.540610790252686, "evaluations": 29, "cost": 0.6595123755410698, "incumbent": ["isomap_n_components='2'", "isomap_n_neighbors='7'", "svm_C='20.273402614932785'", "svm_gamma='0.9398575641396383'"]}
{"cpu_time": 100.21839022636414, "total_cpu_time": null, "wallclock_time": 105.18944430351257, "evaluations": 52, "cost": 0.6428266951908621, "incumbent": ["isomap_n_components='2'", "isomap_n_neighbors='7'", "svm_C='16.6943718204879'", "svm_gamma='0.324088227474282'"]}
{"cpu_time": 103.87072992324829, "total_cpu_time": null, "wallclock_time": 109.10645079612732, "evaluations": 54, "cost": 0.6389295638476272, "incumbent": ["isomap_n_components='4'", "isomap_n_neighbors='5'", "svm_C='12.67890047266814'", "svm_gamma='0.13280873201745752'"]}
{"cpu_time": 131.54424691200256, "total_cpu_time": null, "wallclock_time": 138.328195810318, "evaluations": 68, "cost": 0.6328907477996395, "incumbent": ["isomap_n_components='4'", "isomap_n_neighbors='6'", "svm_C='1.626703856645249'", "svm_gamma='0.5072483066656414'"]}
{"cpu_time": 167.3370168209076, "total_cpu_time": null, "wallclock_time": 175.97834730148315, "evaluations": 86, "cost": 0.6207781383713461, "incumbent": ["isomap_n_components='4'", "isomap_n_neighbors='7'", "svm_C='6.508003941953201'", "svm_gamma='0.13280873201745752'"]}
{"cpu_time": 254.09526944160461, "total_cpu_time": null, "wallclock_time": 267.9153838157654, "evaluations": 133, "cost": 0.6165297127939912, "incumbent": ["isomap_n_components='4'", "isomap_n_neighbors='7'", "svm_C='9.48040077197917'", "svm_gamma='0.11131314858415078'"]}
{"cpu_time": 255.59097862243652, "total_cpu_time": null, "wallclock_time": 269.6496105194092, "evaluations": 134, "cost": 0.615943383431509, "incumbent": ["isomap_n_components='4'", "isomap_n_neighbors='6'", "svm_C='8.743310644676274'", "svm_gamma='0.05656431820673412'"]}
{"cpu_time": 282.2178797721863, "total_cpu_time": null, "wallclock_time": 297.86860632896423, "evaluations": 148, "cost": 0.6111935878518121, "incumbent": ["isomap_n_components='4'", "isomap_n_neighbors='7'", "svm_C='5.296669698213631'", "svm_gamma='0.05656431820673412'"]}
{"cpu_time": 289.1790232658386, "total_cpu_time": null, "wallclock_time": 305.15110421180725, "evaluations": 152, "cost": 0.6102806315271646, "incumbent": ["isomap_n_components='4'", "isomap_n_neighbors='7'", "svm_C='9.150002143845786'", "svm_gamma='0.05656431820673412'"]}
{"cpu_time": 314.9775881767273, "total_cpu_time": null, "wallclock_time": 332.2916316986084, "evaluations": 165, "cost": 0.6098736048744134, "incumbent": ["isomap_n_components='4'", "isomap_n_neighbors='7'", "svm_C='4.973054784090448'", "svm_gamma='0.05656431820673412'"]}
{"cpu_time": 464.63804054260254, "total_cpu_time": null, "wallclock_time": 490.3488247394562, "evaluations": 252, "cost": 0.6093296885436799, "incumbent": ["isomap_n_components='4'", "isomap_n_neighbors='7'", "svm_C='4.974576490410359'", "svm_gamma='0.016599322734432126'"]}
{"cpu_time": 532.5668029785156, "total_cpu_time": null, "wallclock_time": 562.1538169384003, "evaluations": 313, "cost": 0.6077351685087832, "incumbent": ["isomap_n_components='4'", "isomap_n_neighbors='7'", "svm_C='17.553858566029096'", "svm_gamma='0.01938779841630294'"]}
{"cpu_time": 622.4709734916687, "total_cpu_time": null, "wallclock_time": 657.9832785129547, "evaluations": 414, "cost": 0.6060465171402193, "incumbent": ["isomap_n_components='4'", "isomap_n_neighbors='7'", "svm_C='28.614875495156518'", "svm_gamma='0.01938779841630294'"]}
{"cpu_time": 636.7517831325531, "total_cpu_time": null, "wallclock_time": 673.3230996131897, "evaluations": 432, "cost": 0.6046548499809338, "incumbent": ["isomap_n_components='4'", "isomap_n_neighbors='7'", "svm_C='36.532633862304'", "svm_gamma='0.015982532181851944'"]}
{"cpu_time": 643.3355865478516, "total_cpu_time": null, "wallclock_time": 680.3939871788025, "evaluations": 440, "cost": 0.6044206533798894, "incumbent": ["isomap_n_components='4'", "isomap_n_neighbors='7'", "svm_C='76.57759320349386'", "svm_gamma='0.015982532181851944'"]}
