{"cpu_time": 0, "total_cpu_time": null, "wallclock_time": 0.0001678466796875, "evaluations": 0, "cost": 2147483648, "incumbent": ["isomap_n_components='2'", "isomap_n_neighbors='5'", "svm_C='0.1'", "svm_gamma='4.005'"]}
{"cpu_time": 1.2686734199523926, "total_cpu_time": null, "wallclock_time": 1.2882161140441895, "evaluations": 1, "cost": 0.6521592872074088, "incumbent": ["isomap_n_components='2'", "isomap_n_neighbors='5'", "svm_C='0.1'", "svm_gamma='4.005'"]}
{"cpu_time": 5.685662269592285, "total_cpu_time": null, "wallclock_time": 5.9121482372283936, "evaluations": 4, "cost": 0.6131242306909401, "incumbent": ["isomap_n_components='4'", "isomap_n_neighbors='6'", "svm_C='75.025'", "svm_gamma='0.01'"]}
{"cpu_time": 90.5461061000824, "total_cpu_time": null, "wallclock_time": 95.1509690284729, "evaluations": 58, "cost": 0.6121333459123676, "incumbent": ["isomap_n_components='4'", "isomap_n_neighbors='6'", "svm_C='25.075000000000003'", "svm_gamma='0.01'"]}
{"cpu_time": 111.264821767807, "total_cpu_time": null, "wallclock_time": 116.78795146942139, "evaluations": 70, "cost": 0.6087508979949471, "incumbent": ["isomap_n_components='4'", "isomap_n_neighbors='6'", "svm_C='50.050000000000004'", "svm_gamma='0.01'"]}
