{"cpu_time": 0, "total_cpu_time": null, "wallclock_time": 7.891654968261719e-05, "evaluations": 0, "cost": 2147483648, "incumbent": ["pca_whiten=''true''"]}
{"cpu_time": 58.178306341171265, "total_cpu_time": null, "wallclock_time": 58.41098380088806, "evaluations": 1, "cost": 13.189454582821119, "incumbent": ["pca_whiten=''true''"]}
