{"cpu_time": 0, "total_cpu_time": null, "wallclock_time": 0.0001475811004638672, "evaluations": 0, "cost": 2147483648, "incumbent": ["isomap_n_components='2'", "isomap_n_neighbors='5'", "rf_max_features='0.5'", "rf_n_estimators='10'"]}
{"cpu_time": 1.9474823474884033, "total_cpu_time": null, "wallclock_time": 2.036200761795044, "evaluations": 1, "cost": 0.5202280280736775, "incumbent": ["isomap_n_components='2'", "isomap_n_neighbors='5'", "rf_max_features='0.5'", "rf_n_estimators='10'"]}
{"cpu_time": 5.7601540088653564, "total_cpu_time": null, "wallclock_time": 5.995920419692993, "evaluations": 2, "cost": 0.3063338013827612, "incumbent": ["isomap_n_components='2'", "isomap_n_neighbors='7'", "rf_max_features='0.7705914184339647'", "rf_n_estimators='220'"]}
{"cpu_time": 8.739626169204712, "total_cpu_time": null, "wallclock_time": 9.012176513671875, "evaluations": 3, "cost": 0.13342367057676155, "incumbent": ["isomap_n_components='4'", "isomap_n_neighbors='5'", "rf_max_features='0.42825496760388254'", "rf_n_estimators='109'"]}
{"cpu_time": 337.7973458766937, "total_cpu_time": null, "wallclock_time": 354.16966557502747, "evaluations": 101, "cost": 0.13258873261184392, "incumbent": ["isomap_n_components='4'", "isomap_n_neighbors='4'", "rf_max_features='0.32524386149918305'", "rf_n_estimators='82'"]}
{"cpu_time": 685.9130101203918, "total_cpu_time": null, "wallclock_time": 721.131044626236, "evaluations": 200, "cost": 0.13153337034473364, "incumbent": ["isomap_n_components='4'", "isomap_n_neighbors='4'", "rf_max_features='0.5667525545396315'", "rf_n_estimators='84'"]}
