{"cpu_time": 0, "total_cpu_time": null, "wallclock_time": 8.869171142578125e-05, "evaluations": 0, "cost": 2147483648, "incumbent": ["pca_whiten=''true''", "svm_C='0.1'", "svm_gamma='4.005'"]}
{"cpu_time": 0.7452807426452637, "total_cpu_time": null, "wallclock_time": 0.760263204574585, "evaluations": 1, "cost": 1.0093192150009467, "incumbent": ["pca_whiten=''true''", "svm_C='0.1'", "svm_gamma='4.005'"]}
{"cpu_time": 1.39351487159729, "total_cpu_time": null, "wallclock_time": 1.4386019706726074, "evaluations": 2, "cost": 0.6918902306784954, "incumbent": ["pca_whiten=''true''", "svm_C='100.0'", "svm_gamma='6.0024999999999995'"]}
{"cpu_time": 2.0009024143218994, "total_cpu_time": null, "wallclock_time": 2.0611979961395264, "evaluations": 3, "cost": 0.6392960981064609, "incumbent": ["pca_whiten=''true''", "svm_C='25.075000000000003'", "svm_gamma='4.005'"]}
{"cpu_time": 2.7696421146392822, "total_cpu_time": null, "wallclock_time": 2.8819854259490967, "evaluations": 4, "cost": 0.34992336715608935, "incumbent": ["pca_whiten=''true''", "svm_C='75.025'", "svm_gamma='0.01'"]}
