{"cpu_time": 0, "total_cpu_time": null, "wallclock_time": 6.651878356933594e-05, "evaluations": 0, "cost": 2147483648, "incumbent": ["pca_whiten=''true''", "svm_C='0.1'", "svm_gamma='4.005'"]}
{"cpu_time": 0.4931514263153076, "total_cpu_time": null, "wallclock_time": 0.5108678340911865, "evaluations": 1, "cost": 1.0063793295979164, "incumbent": ["pca_whiten=''true''", "svm_C='0.1'", "svm_gamma='4.005'"]}
{"cpu_time": 1.0232188701629639, "total_cpu_time": null, "wallclock_time": 1.0867056846618652, "evaluations": 2, "cost": 0.7019134974369997, "incumbent": ["pca_whiten=''true''", "svm_C='100.0'", "svm_gamma='6.0024999999999995'"]}
{"cpu_time": 1.4897027015686035, "total_cpu_time": null, "wallclock_time": 1.570058822631836, "evaluations": 3, "cost": 0.641134566558547, "incumbent": ["pca_whiten=''true''", "svm_C='25.075000000000003'", "svm_gamma='4.005'"]}
{"cpu_time": 1.8927743434906006, "total_cpu_time": null, "wallclock_time": 2.025251865386963, "evaluations": 4, "cost": 0.35212405140496905, "incumbent": ["pca_whiten=''true''", "svm_C='75.025'", "svm_gamma='0.01'"]}
{"cpu_time": 7.505645036697388, "total_cpu_time": null, "wallclock_time": 8.035171270370483, "evaluations": 16, "cost": 0.34966821440182133, "incumbent": ["pca_whiten=''false''", "svm_C='100.0'", "svm_gamma='0.01'"]}
