{"cpu_time": 0, "total_cpu_time": null, "wallclock_time": 0.00012421607971191406, "evaluations": 0, "cost": 2147483648, "incumbent": ["haralick_distance='1'", "isomap_n_components='2'", "isomap_n_neighbors='5'", "svm_C='1.0'", "svm_gamma='1.0'"]}
{"cpu_time": 57.411781787872314, "total_cpu_time": null, "wallclock_time": 57.444077253341675, "evaluations": 1, "cost": 0.83235560039713, "incumbent": ["haralick_distance='1'", "isomap_n_components='2'", "isomap_n_neighbors='5'", "svm_C='1.0'", "svm_gamma='1.0'"]}
{"cpu_time": 288.8545174598694, "total_cpu_time": null, "wallclock_time": 289.1816830635071, "evaluations": 6, "cost": 0.831139094156437, "incumbent": ["haralick_distance='2'", "isomap_n_components='2'", "isomap_n_neighbors='4'", "svm_C='24.661941005117924'", "svm_gamma='0.43558917449642676'"]}
{"cpu_time": 704.4453797340393, "total_cpu_time": null, "wallclock_time": 705.2397530078888, "evaluations": 16, "cost": 0.7858648534933989, "incumbent": ["haralick_distance='3'", "isomap_n_components='2'", "isomap_n_neighbors='4'", "svm_C='57.416026075640275'", "svm_gamma='1.1856539545632585'"]}
{"cpu_time": 1536.0427150726318, "total_cpu_time": null, "wallclock_time": 1537.857600927353, "evaluations": 36, "cost": 0.7654315130467234, "incumbent": ["haralick_distance='3'", "isomap_n_components='2'", "isomap_n_neighbors='4'", "svm_C='78.91852072256458'", "svm_gamma='0.3460843971382153'"]}
{"cpu_time": 3443.353613615036, "total_cpu_time": null, "wallclock_time": 3447.6737892627716, "evaluations": 82, "cost": 0.7633923807375931, "incumbent": ["haralick_distance='3'", "isomap_n_components='2'", "isomap_n_neighbors='6'", "svm_C='16.53239344568596'", "svm_gamma='0.3403585015684502'"]}
{"cpu_time": 3691.82994055748, "total_cpu_time": null, "wallclock_time": 3696.5021710395813, "evaluations": 88, "cost": 0.7620959422114929, "incumbent": ["haralick_distance='3'", "isomap_n_components='2'", "isomap_n_neighbors='4'", "svm_C='16.53239344568596'", "svm_gamma='0.3403585015684502'"]}
{"cpu_time": 4272.017877578735, "total_cpu_time": null, "wallclock_time": 4277.517477989197, "evaluations": 102, "cost": 0.7607482066019741, "incumbent": ["haralick_distance='3'", "isomap_n_components='2'", "isomap_n_neighbors='4'", "svm_C='8.216534375472202'", "svm_gamma='0.40393542491436213'"]}
{"cpu_time": 4686.058041095734, "total_cpu_time": null, "wallclock_time": 4692.158576726913, "evaluations": 112, "cost": 0.7584951611263712, "incumbent": ["haralick_distance='3'", "isomap_n_components='2'", "isomap_n_neighbors='5'", "svm_C='28.984762444824543'", "svm_gamma='0.3403585015684502'"]}
