{"cpu_time": 0, "total_cpu_time": null, "wallclock_time": 0.0001575946807861328, "evaluations": 0, "cost": 2147483648, "incumbent": ["haralick_distance='1'", "pca_whiten=''true''", "rf_max_features='0.5'", "rf_n_estimators='10'"]}
{"cpu_time": 88.74298644065857, "total_cpu_time": null, "wallclock_time": 88.79256582260132, "evaluations": 1, "cost": 0.8244109222631448, "incumbent": ["haralick_distance='1'", "pca_whiten=''true''", "rf_max_features='0.5'", "rf_n_estimators='10'"]}
{"cpu_time": 178.88022828102112, "total_cpu_time": null, "wallclock_time": 179.08471298217773, "evaluations": 2, "cost": 0.47670291807002235, "incumbent": ["haralick_distance='1'", "pca_whiten=''true''", "rf_max_features='0.5914675755540864'", "rf_n_estimators='259'"]}
{"cpu_time": 265.81218576431274, "total_cpu_time": null, "wallclock_time": 266.1127064228058, "evaluations": 3, "cost": 0.4516577409685314, "incumbent": ["haralick_distance='2'", "pca_whiten=''true''", "rf_max_features='0.49829813910866494'", "rf_n_estimators='39'"]}
{"cpu_time": 361.3200626373291, "total_cpu_time": null, "wallclock_time": 361.78431224823, "evaluations": 4, "cost": 0.3670583847032948, "incumbent": ["haralick_distance='2'", "pca_whiten=''false''", "rf_max_features='0.7749277535405971'", "rf_n_estimators='140'"]}
{"cpu_time": 451.01040840148926, "total_cpu_time": null, "wallclock_time": 451.49693632125854, "evaluations": 5, "cost": 0.36621524623177976, "incumbent": ["haralick_distance='2'", "pca_whiten=''true''", "rf_max_features='0.36113899979178665'", "rf_n_estimators='248'"]}
{"cpu_time": 3937.076094388962, "total_cpu_time": null, "wallclock_time": 3943.0458693504333, "evaluations": 60, "cost": 0.3647336895357911, "incumbent": ["haralick_distance='2'", "pca_whiten=''true''", "rf_max_features='0.3288842644814999'", "rf_n_estimators='62'"]}
