{"cpu_time": 0, "total_cpu_time": null, "wallclock_time": 0.00010466575622558594, "evaluations": 0, "cost": 2147483648, "incumbent": ["pca_whiten=''true''", "svm_C='1.0'", "svm_gamma='1.0'"]}
{"cpu_time": 1.87544846534729, "total_cpu_time": null, "wallclock_time": 1.9323515892028809, "evaluations": 1, "cost": 0.45393157277489316, "incumbent": ["pca_whiten=''true''", "svm_C='1.0'", "svm_gamma='1.0'"]}
{"cpu_time": 43.027547121047974, "total_cpu_time": null, "wallclock_time": 44.455113649368286, "evaluations": 24, "cost": 0.4217391916008033, "incumbent": ["pca_whiten=''false''", "svm_C='0.553703590216603'", "svm_gamma='0.6004735338586757'"]}
{"cpu_time": 50.767902851104736, "total_cpu_time": null, "wallclock_time": 52.41987156867981, "evaluations": 29, "cost": 0.3525517353843783, "incumbent": ["pca_whiten=''false''", "svm_C='62.50814177672008'", "svm_gamma='0.028977341676197955'"]}
{"cpu_time": 207.33850049972534, "total_cpu_time": null, "wallclock_time": 215.23908948898315, "evaluations": 116, "cost": 0.3498550501225277, "incumbent": ["pca_whiten=''true''", "svm_C='26.014920228028036'", "svm_gamma='0.02419781784550291'"]}
{"cpu_time": 250.79831194877625, "total_cpu_time": null, "wallclock_time": 260.10073471069336, "evaluations": 140, "cost": 0.3493079128703105, "incumbent": ["pca_whiten=''true''", "svm_C='7.375497697773761'", "svm_gamma='0.028977341676197955'"]}
{"cpu_time": 260.5699861049652, "total_cpu_time": null, "wallclock_time": 270.3465383052826, "evaluations": 146, "cost": 0.3437078995538607, "incumbent": ["pca_whiten=''true''", "svm_C='16.442320935916516'", "svm_gamma='0.04463965975944035'"]}
