{"cpu_time": 0, "total_cpu_time": null, "wallclock_time": 0.00010061264038085938, "evaluations": 0, "cost": 2147483648, "incumbent": ["pca_whiten=''true''", "rf_max_features='0.5'", "rf_n_estimators='10'"]}
{"cpu_time": 0.5231523513793945, "total_cpu_time": null, "wallclock_time": 0.5619826316833496, "evaluations": 1, "cost": 4.5373399694079115, "incumbent": ["pca_whiten=''true''", "rf_max_features='0.5'", "rf_n_estimators='10'"]}
{"cpu_time": 1.7509479522705078, "total_cpu_time": null, "wallclock_time": 1.8242549896240234, "evaluations": 2, "cost": 1.5470703066151739, "incumbent": ["pca_whiten=''true''", "rf_max_features='0.6263875900678313'", "rf_n_estimators='178'"]}
{"cpu_time": 3.0186285972595215, "total_cpu_time": null, "wallclock_time": 3.1093175411224365, "evaluations": 3, "cost": 1.4573204312985093, "incumbent": ["pca_whiten=''false''", "rf_max_features='0.3021465708060675'", "rf_n_estimators='203'"]}
{"cpu_time": 4.3622729778289795, "total_cpu_time": null, "wallclock_time": 4.491311311721802, "evaluations": 4, "cost": 1.4542155619187682, "incumbent": ["pca_whiten=''true''", "rf_max_features='0.30586418148323496'", "rf_n_estimators='221'"]}
{"cpu_time": 7.66405463218689, "total_cpu_time": null, "wallclock_time": 7.857718467712402, "evaluations": 6, "cost": 1.2928148764192222, "incumbent": ["pca_whiten=''true''", "rf_max_features='0.6483339395381182'", "rf_n_estimators='285'"]}
{"cpu_time": 13.342963933944702, "total_cpu_time": null, "wallclock_time": 13.656753063201904, "evaluations": 10, "cost": 1.2894234901266213, "incumbent": ["pca_whiten=''false''", "rf_max_features='0.49128072377730403'", "rf_n_estimators='281'"]}
{"cpu_time": 24.841395616531372, "total_cpu_time": null, "wallclock_time": 25.435624599456787, "evaluations": 18, "cost": 1.2893724051089686, "incumbent": ["pca_whiten=''true''", "rf_max_features='0.4790973052268118'", "rf_n_estimators='268'"]}
{"cpu_time": 40.96692705154419, "total_cpu_time": null, "wallclock_time": 42.06700611114502, "evaluations": 33, "cost": 1.27210216452108, "incumbent": ["pca_whiten=''true''", "rf_max_features='0.3908563055255074'", "rf_n_estimators='252'"]}
{"cpu_time": 53.97616362571716, "total_cpu_time": null, "wallclock_time": 55.631093978881836, "evaluations": 44, "cost": 1.2245227046767526, "incumbent": ["pca_whiten=''false''", "rf_max_features='0.6039362953112559'", "rf_n_estimators='288'"]}
{"cpu_time": 115.92112612724304, "total_cpu_time": null, "wallclock_time": 119.5124204158783, "evaluations": 93, "cost": 1.1496260190879655, "incumbent": ["pca_whiten=''false''", "rf_max_features='0.6299119012265275'", "rf_n_estimators='300'"]}
