{"cpu_time": 0, "total_cpu_time": null, "wallclock_time": 0.0001232624053955078, "evaluations": 0, "cost": 2147483648, "incumbent": ["pca_whiten=''true''", "rf_max_features='0.5'", "rf_n_estimators='10'"]}
{"cpu_time": 1.5017130374908447, "total_cpu_time": null, "wallclock_time": 1.5367555618286133, "evaluations": 1, "cost": 2.010083390908508, "incumbent": ["pca_whiten=''true''", "rf_max_features='0.5'", "rf_n_estimators='10'"]}
{"cpu_time": 4.722082614898682, "total_cpu_time": null, "wallclock_time": 4.791289806365967, "evaluations": 2, "cost": 0.7133000176343116, "incumbent": ["pca_whiten=''true''", "rf_max_features='0.6263875900678313'", "rf_n_estimators='178'"]}
{"cpu_time": 16.759298086166382, "total_cpu_time": null, "wallclock_time": 16.99973177909851, "evaluations": 5, "cost": 0.7099764325495471, "incumbent": ["pca_whiten=''true''", "rf_max_features='0.6948449041611862'", "rf_n_estimators='249'"]}
{"cpu_time": 77.12458229064941, "total_cpu_time": null, "wallclock_time": 78.5440034866333, "evaluations": 23, "cost": 0.7019683442309735, "incumbent": ["pca_whiten=''false''", "rf_max_features='0.7281859288047451'", "rf_n_estimators='223'"]}
{"cpu_time": 186.17289686203003, "total_cpu_time": null, "wallclock_time": 190.29250288009644, "evaluations": 58, "cost": 0.7019326320082234, "incumbent": ["pca_whiten=''true''", "rf_max_features='0.48537999773134816'", "rf_n_estimators='265'"]}
{"cpu_time": 200.07410264015198, "total_cpu_time": null, "wallclock_time": 204.56222462654114, "evaluations": 63, "cost": 0.6989002888524499, "incumbent": ["pca_whiten=''false''", "rf_max_features='0.7374575182014662'", "rf_n_estimators='171'"]}
{"cpu_time": 295.7590448856354, "total_cpu_time": null, "wallclock_time": 302.5800054073334, "evaluations": 90, "cost": 0.6981087083675853, "incumbent": ["pca_whiten=''false''", "rf_max_features='0.6234445663821883'", "rf_n_estimators='293'"]}
