{"cpu_time": 0, "total_cpu_time": null, "wallclock_time": 6.031990051269531e-05, "evaluations": 0, "cost": 2147483648, "incumbent": ["haralick_distance='1'"]}
{"cpu_time": 100000.09970617294, "total_cpu_time": null, "wallclock_time": 100000.10181546211, "evaluations": 1, "cost": 2147483647.0, "incumbent": ["haralick_distance='1'"]}
