{"cpu_time": 0, "total_cpu_time": null, "wallclock_time": 0.0007178783416748047, "evaluations": 0, "cost": 2147483648, "incumbent": ["isomap_n_components='2'", "isomap_n_neighbors='5'", "svm_C='1.0'", "svm_gamma='1.0'"]}
{"cpu_time": 1.9217932224273682, "total_cpu_time": null, "wallclock_time": 2.1547789573669434, "evaluations": 1, "cost": 0.9490210652728353, "incumbent": ["isomap_n_components='2'", "isomap_n_neighbors='5'", "svm_C='1.0'", "svm_gamma='1.0'"]}
{"cpu_time": 52.37287354469299, "total_cpu_time": null, "wallclock_time": 56.012617111206055, "evaluations": 30, "cost": 0.9432981404761076, "incumbent": ["isomap_n_components='2'", "isomap_n_neighbors='5'", "svm_C='4.974353169642143'", "svm_gamma='0.6711353067421751'"]}
{"cpu_time": 123.74109745025635, "total_cpu_time": null, "wallclock_time": 132.84483313560486, "evaluations": 69, "cost": 0.9205786025544384, "incumbent": ["isomap_n_components='4'", "isomap_n_neighbors='7'", "svm_C='6.4541594503497794'", "svm_gamma='0.24491895217656384'"]}
{"cpu_time": 150.5670268535614, "total_cpu_time": null, "wallclock_time": 161.5469536781311, "evaluations": 89, "cost": 0.9169420885473669, "incumbent": ["isomap_n_components='4'", "isomap_n_neighbors='3'", "svm_C='4.24770338508506'", "svm_gamma='0.38852456828795484'"]}
{"cpu_time": 165.9094717502594, "total_cpu_time": null, "wallclock_time": 178.2472107410431, "evaluations": 100, "cost": 0.9157237994499648, "incumbent": ["isomap_n_components='4'", "isomap_n_neighbors='7'", "svm_C='2.6235841015731753'", "svm_gamma='0.2175418632378666'"]}
{"cpu_time": 174.47810173034668, "total_cpu_time": null, "wallclock_time": 187.48036122322083, "evaluations": 106, "cost": 0.9099775715873255, "incumbent": ["isomap_n_components='4'", "isomap_n_neighbors='7'", "svm_C='3.5579106745780313'", "svm_gamma='0.17807282092779747'"]}
