{"cpu_time": 0, "total_cpu_time": null, "wallclock_time": 0.00016045570373535156, "evaluations": 0, "cost": 2147483648, "incumbent": ["haralick_distance='1'", "pca_whiten=''true''", "rf_max_features='0.5'", "rf_n_estimators='10'"]}
{"cpu_time": 85.93099212646484, "total_cpu_time": null, "wallclock_time": 85.99815583229065, "evaluations": 1, "cost": 0.8244109222631448, "incumbent": ["haralick_distance='1'", "pca_whiten=''true''", "rf_max_features='0.5'", "rf_n_estimators='10'"]}
{"cpu_time": 177.35357856750488, "total_cpu_time": null, "wallclock_time": 177.56315875053406, "evaluations": 2, "cost": 0.47852173376714174, "incumbent": ["haralick_distance='1'", "pca_whiten=''true''", "rf_max_features='0.5914675755540864'", "rf_n_estimators='259'"]}
{"cpu_time": 358.2072570323944, "total_cpu_time": null, "wallclock_time": 358.48146176338196, "evaluations": 4, "cost": 0.3663924453579619, "incumbent": ["haralick_distance='2'", "pca_whiten=''false''", "rf_max_features='0.7749277535405971'", "rf_n_estimators='140'"]}
{"cpu_time": 2997.7669653892517, "total_cpu_time": null, "wallclock_time": 3002.1806316375732, "evaluations": 44, "cost": 0.3649009109030346, "incumbent": ["haralick_distance='2'", "pca_whiten=''false''", "rf_max_features='0.3094441610916905'", "rf_n_estimators='46'"]}
{"cpu_time": 6275.351404905319, "total_cpu_time": null, "wallclock_time": 6285.245247840881, "evaluations": 96, "cost": 0.3647297308635566, "incumbent": ["haralick_distance='2'", "pca_whiten=''false''", "rf_max_features='0.5022364487073216'", "rf_n_estimators='90'"]}
{"cpu_time": 6912.502508640289, "total_cpu_time": null, "wallclock_time": 6923.498747587204, "evaluations": 106, "cost": 0.36387031216257215, "incumbent": ["haralick_distance='2'", "pca_whiten=''false''", "rf_max_features='0.32648009823035123'", "rf_n_estimators='63'"]}
{"cpu_time": 9937.684651613235, "total_cpu_time": null, "wallclock_time": 9953.579280138016, "evaluations": 154, "cost": 0.3616853305218905, "incumbent": ["haralick_distance='2'", "pca_whiten=''true''", "rf_max_features='0.5120821613017743'", "rf_n_estimators='276'"]}
{"cpu_time": 10002.46076965332, "total_cpu_time": null, "wallclock_time": 10018.401370763779, "evaluations": 155, "cost": 0.36153863648197354, "incumbent": ["haralick_distance='2'", "pca_whiten=''true''", "rf_max_features='0.6012236900792807'", "rf_n_estimators='287'"]}
