{"cpu_time": 0, "total_cpu_time": null, "wallclock_time": 0.0001583099365234375, "evaluations": 0, "cost": 2147483648, "incumbent": ["rf_max_features='0.5'", "rf_n_estimators='10'"]}
{"cpu_time": 2.3601322174072266, "total_cpu_time": null, "wallclock_time": 2.4139554500579834, "evaluations": 1, "cost": 1.236995423287552, "incumbent": ["rf_max_features='0.5'", "rf_n_estimators='10'"]}
{"cpu_time": 38.90780162811279, "total_cpu_time": null, "wallclock_time": 39.03979206085205, "evaluations": 2, "cost": 0.5521361818053148, "incumbent": ["rf_max_features='0.3066124236873286'", "rf_n_estimators='269'"]}
{"cpu_time": 94.26972961425781, "total_cpu_time": null, "wallclock_time": 94.43479251861572, "evaluations": 3, "cost": 0.5508481992694843, "incumbent": ["rf_max_features='0.7073591865573197'", "rf_n_estimators='284'"]}
{"cpu_time": 119.99329352378845, "total_cpu_time": null, "wallclock_time": 120.2288703918457, "evaluations": 4, "cost": 0.5365643660231255, "incumbent": ["rf_max_features='0.5304593760783073'", "rf_n_estimators='160'"]}
{"cpu_time": 145.22255730628967, "total_cpu_time": null, "wallclock_time": 145.5759780406952, "evaluations": 6, "cost": 0.5360909460013695, "incumbent": ["rf_max_features='0.4037466328474999'", "rf_n_estimators='96'"]}
{"cpu_time": 1322.7557389736176, "total_cpu_time": null, "wallclock_time": 1326.742113351822, "evaluations": 73, "cost": 0.5354143354279054, "incumbent": ["rf_max_features='0.5'", "rf_n_estimators='219'"]}
{"cpu_time": 2380.745893716812, "total_cpu_time": null, "wallclock_time": 2387.424507856369, "evaluations": 145, "cost": 0.5345064316508251, "incumbent": ["rf_max_features='0.56689043413068'", "rf_n_estimators='82'"]}
{"cpu_time": 3479.953200817108, "total_cpu_time": null, "wallclock_time": 3489.4916574954987, "evaluations": 217, "cost": 0.5325340825913116, "incumbent": ["rf_max_features='0.327823637297475'", "rf_n_estimators='51'"]}
