{"cpu_time": 0, "total_cpu_time": null, "wallclock_time": 0.0001232624053955078, "evaluations": 0, "cost": 2147483648, "incumbent": ["isomap_n_components='2'", "isomap_n_neighbors='5'", "rf_max_features='0.5'", "rf_n_estimators='10'"]}
{"cpu_time": 0.7764356136322021, "total_cpu_time": null, "wallclock_time": 0.7946336269378662, "evaluations": 1, "cost": 1.4970457576092377, "incumbent": ["isomap_n_components='2'", "isomap_n_neighbors='5'", "rf_max_features='0.5'", "rf_n_estimators='10'"]}
{"cpu_time": 2.3676581382751465, "total_cpu_time": null, "wallclock_time": 2.432572364807129, "evaluations": 2, "cost": 0.5617332719242337, "incumbent": ["isomap_n_components='2'", "isomap_n_neighbors='7'", "rf_max_features='0.7705914184339647'", "rf_n_estimators='220'"]}
{"cpu_time": 3.524240732192993, "total_cpu_time": null, "wallclock_time": 3.6082231998443604, "evaluations": 3, "cost": 0.5427195684597163, "incumbent": ["isomap_n_components='4'", "isomap_n_neighbors='5'", "rf_max_features='0.42825496760388254'", "rf_n_estimators='109'"]}
{"cpu_time": 12.488124370574951, "total_cpu_time": null, "wallclock_time": 12.888371706008911, "evaluations": 10, "cost": 0.4996263785461523, "incumbent": ["isomap_n_components='3'", "isomap_n_neighbors='7'", "rf_max_features='0.4878314530636698'", "rf_n_estimators='211'"]}
{"cpu_time": 23.421236991882324, "total_cpu_time": null, "wallclock_time": 24.186920166015625, "evaluations": 18, "cost": 0.4912108528971106, "incumbent": ["isomap_n_components='3'", "isomap_n_neighbors='5'", "rf_max_features='0.4944977534495011'", "rf_n_estimators='235'"]}
{"cpu_time": 24.63468647003174, "total_cpu_time": null, "wallclock_time": 25.421037435531616, "evaluations": 19, "cost": 0.41604418493245987, "incumbent": ["isomap_n_components='3'", "isomap_n_neighbors='5'", "rf_max_features='0.5232445521404507'", "rf_n_estimators='129'"]}
