{"cpu_time": 0, "total_cpu_time": null, "wallclock_time": 0.00015878677368164062, "evaluations": 0, "cost": 2147483648, "incumbent": ["haralick_distance='1'", "pca_whiten=''true''", "rf_max_features='0.5'", "rf_n_estimators='10'"]}
{"cpu_time": 17.379037618637085, "total_cpu_time": null, "wallclock_time": 17.40211272239685, "evaluations": 1, "cost": 4.131613504278392, "incumbent": ["haralick_distance='1'", "pca_whiten=''true''", "rf_max_features='0.5'", "rf_n_estimators='10'"]}
{"cpu_time": 35.75967025756836, "total_cpu_time": null, "wallclock_time": 35.83155298233032, "evaluations": 2, "cost": 2.1870604303436485, "incumbent": ["haralick_distance='1'", "pca_whiten=''true''", "rf_max_features='0.5914675755540864'", "rf_n_estimators='259'"]}
{"cpu_time": 52.58172130584717, "total_cpu_time": null, "wallclock_time": 52.676220655441284, "evaluations": 3, "cost": 2.114889512754365, "incumbent": ["haralick_distance='2'", "pca_whiten=''true''", "rf_max_features='0.49829813910866494'", "rf_n_estimators='39'"]}
{"cpu_time": 92.53086924552917, "total_cpu_time": null, "wallclock_time": 92.75375747680664, "evaluations": 5, "cost": 1.624884725042244, "incumbent": ["haralick_distance='2'", "pca_whiten=''true''", "rf_max_features='0.36113899979178665'", "rf_n_estimators='248'"]}
{"cpu_time": 111.10605120658875, "total_cpu_time": null, "wallclock_time": 111.4433114528656, "evaluations": 6, "cost": 0.3555008547708713, "incumbent": ["haralick_distance='3'", "pca_whiten=''true''", "rf_max_features='0.5831730167358328'", "rf_n_estimators='256'"]}
{"cpu_time": 233.14136362075806, "total_cpu_time": null, "wallclock_time": 234.0775969028473, "evaluations": 14, "cost": 0.3506633352621907, "incumbent": ["haralick_distance='3'", "pca_whiten=''true''", "rf_max_features='0.555967693650532'", "rf_n_estimators='180'"]}
{"cpu_time": 279.8570580482483, "total_cpu_time": null, "wallclock_time": 280.95413184165955, "evaluations": 18, "cost": 0.3267690877073731, "incumbent": ["haralick_distance='3'", "pca_whiten=''false''", "rf_max_features='0.6722937045379596'", "rf_n_estimators='174'"]}
{"cpu_time": 791.7665815353394, "total_cpu_time": null, "wallclock_time": 795.2144291400909, "evaluations": 62, "cost": 0.3253353560498125, "incumbent": ["haralick_distance='3'", "pca_whiten=''false''", "rf_max_features='0.4855896242332497'", "rf_n_estimators='29'"]}
{"cpu_time": 1948.4759633541107, "total_cpu_time": null, "wallclock_time": 1957.0995116233826, "evaluations": 160, "cost": 0.3219520830814315, "incumbent": ["haralick_distance='3'", "pca_whiten=''false''", "rf_max_features='0.5714738544804667'", "rf_n_estimators='35'"]}
{"cpu_time": 3074.9111025333405, "total_cpu_time": null, "wallclock_time": 3088.907910346985, "evaluations": 255, "cost": 0.3171156327237323, "incumbent": ["haralick_distance='3'", "pca_whiten=''false''", "rf_max_features='0.7725395839670605'", "rf_n_estimators='117'"]}
{"cpu_time": 3097.7879798412323, "total_cpu_time": null, "wallclock_time": 3111.906819343567, "evaluations": 257, "cost": 0.3162815090577881, "incumbent": ["haralick_distance='3'", "pca_whiten=''false''", "rf_max_features='0.44517889850967507'", "rf_n_estimators='25'"]}
{"cpu_time": 3300.2242798805237, "total_cpu_time": null, "wallclock_time": 3315.3565077781677, "evaluations": 274, "cost": 0.30407004388781017, "incumbent": ["haralick_distance='3'", "pca_whiten=''true''", "rf_max_features='0.39489399412321247'", "rf_n_estimators='8'"]}
