{"cpu_time": 0, "total_cpu_time": null, "wallclock_time": 0.00010895729064941406, "evaluations": 0, "cost": 2147483648, "incumbent": ["isomap_n_components='2'", "isomap_n_neighbors='5'", "svm_C='0.1'", "svm_gamma='4.005'"]}
{"cpu_time": 0.636523962020874, "total_cpu_time": null, "wallclock_time": 0.653827428817749, "evaluations": 1, "cost": 1.038370263062715, "incumbent": ["isomap_n_components='2'", "isomap_n_neighbors='5'", "svm_C='0.1'", "svm_gamma='4.005'"]}
{"cpu_time": 1.3114469051361084, "total_cpu_time": null, "wallclock_time": 1.3722479343414307, "evaluations": 2, "cost": 1.010989646557093, "incumbent": ["isomap_n_components='2'", "isomap_n_neighbors='7'", "svm_C='25.075000000000003'", "svm_gamma='4.005'"]}
{"cpu_time": 1.967512607574463, "total_cpu_time": null, "wallclock_time": 2.04658579826355, "evaluations": 3, "cost": 1.0088677803441677, "incumbent": ["isomap_n_components='2'", "isomap_n_neighbors='5'", "svm_C='50.050000000000004'", "svm_gamma='8.0'"]}
{"cpu_time": 2.6194419860839844, "total_cpu_time": null, "wallclock_time": 2.753784418106079, "evaluations": 4, "cost": 1.0046962815405394, "incumbent": ["isomap_n_components='4'", "isomap_n_neighbors='6'", "svm_C='75.025'", "svm_gamma='0.01'"]}
{"cpu_time": 3.276944160461426, "total_cpu_time": null, "wallclock_time": 3.430027961730957, "evaluations": 5, "cost": 1.0023073651415426, "incumbent": ["isomap_n_components='2'", "isomap_n_neighbors='7'", "svm_C='75.025'", "svm_gamma='8.0'"]}
{"cpu_time": 5.279606580734253, "total_cpu_time": null, "wallclock_time": 5.575772285461426, "evaluations": 8, "cost": 0.9979210750336991, "incumbent": ["isomap_n_components='4'", "isomap_n_neighbors='6'", "svm_C='25.075000000000003'", "svm_gamma='0.01'"]}
