{"cpu_time": 0, "total_cpu_time": null, "wallclock_time": 0.00013494491577148438, "evaluations": 0, "cost": 2147483648, "incumbent": ["isomap_n_components='2'", "isomap_n_neighbors='5'", "rf_max_features='0.5'", "rf_n_estimators='10'"]}
{"cpu_time": 1.119081735610962, "total_cpu_time": null, "wallclock_time": 1.1481060981750488, "evaluations": 1, "cost": 7.288368530390123, "incumbent": ["isomap_n_components='2'", "isomap_n_neighbors='5'", "rf_max_features='0.5'", "rf_n_estimators='10'"]}
{"cpu_time": 3.569200277328491, "total_cpu_time": null, "wallclock_time": 3.700227975845337, "evaluations": 2, "cost": 3.0978616530722944, "incumbent": ["isomap_n_components='2'", "isomap_n_neighbors='7'", "rf_max_features='0.7705914184339647'", "rf_n_estimators='220'"]}
{"cpu_time": 4.582101583480835, "total_cpu_time": null, "wallclock_time": 4.7291810512542725, "evaluations": 3, "cost": 2.1657984678917686, "incumbent": ["isomap_n_components='4'", "isomap_n_neighbors='5'", "rf_max_features='0.42825496760388254'", "rf_n_estimators='109'"]}
{"cpu_time": 13.196186065673828, "total_cpu_time": null, "wallclock_time": 13.730854034423828, "evaluations": 10, "cost": 1.7370658524985114, "incumbent": ["isomap_n_components='3'", "isomap_n_neighbors='6'", "rf_max_features='0.5547165121074861'", "rf_n_estimators='131'"]}
{"cpu_time": 28.090067625045776, "total_cpu_time": null, "wallclock_time": 29.27567768096924, "evaluations": 23, "cost": 1.6838475960723092, "incumbent": ["isomap_n_components='4'", "isomap_n_neighbors='7'", "rf_max_features='0.6343316352444657'", "rf_n_estimators='296'"]}
{"cpu_time": 44.70945739746094, "total_cpu_time": null, "wallclock_time": 46.61704683303833, "evaluations": 36, "cost": 1.666168786167016, "incumbent": ["isomap_n_components='4'", "isomap_n_neighbors='7'", "rf_max_features='0.36416568701334'", "rf_n_estimators='264'"]}
{"cpu_time": 47.3037531375885, "total_cpu_time": null, "wallclock_time": 49.22891974449158, "evaluations": 37, "cost": 1.5007745917743602, "incumbent": ["isomap_n_components='4'", "isomap_n_neighbors='7'", "rf_max_features='0.46859709749464196'", "rf_n_estimators='281'"]}
