{"cpu_time": 0, "total_cpu_time": null, "wallclock_time": 0.00010752677917480469, "evaluations": 0, "cost": 2147483648, "incumbent": ["pca_whiten=''true''", "rf_max_features='0.5'", "rf_n_estimators='10'"]}
{"cpu_time": 0.481151819229126, "total_cpu_time": null, "wallclock_time": 0.51055908203125, "evaluations": 1, "cost": 4.084096100505559, "incumbent": ["pca_whiten=''true''", "rf_max_features='0.5'", "rf_n_estimators='10'"]}
{"cpu_time": 1.546818494796753, "total_cpu_time": null, "wallclock_time": 1.6072828769683838, "evaluations": 2, "cost": 1.620970177658373, "incumbent": ["pca_whiten=''true''", "rf_max_features='0.6263875900678313'", "rf_n_estimators='178'"]}
{"cpu_time": 2.716383934020996, "total_cpu_time": null, "wallclock_time": 2.791893720626831, "evaluations": 3, "cost": 1.359794201012682, "incumbent": ["pca_whiten=''false''", "rf_max_features='0.3021465708060675'", "rf_n_estimators='203'"]}
{"cpu_time": 3.810622215270996, "total_cpu_time": null, "wallclock_time": 3.922816514968872, "evaluations": 4, "cost": 1.2813180823235386, "incumbent": ["pca_whiten=''true''", "rf_max_features='0.30586418148323496'", "rf_n_estimators='221'"]}
{"cpu_time": 34.091511249542236, "total_cpu_time": null, "wallclock_time": 35.06005144119263, "evaluations": 33, "cost": 1.1978034028400508, "incumbent": ["pca_whiten=''true''", "rf_max_features='0.3908563055255074'", "rf_n_estimators='252'"]}
