{"cpu_time": 0, "total_cpu_time": null, "wallclock_time": 0.00013947486877441406, "evaluations": 0, "cost": 2147483648, "incumbent": ["haralick_distance='1'", "pca_whiten=''true''", "svm_C='1.0'", "svm_gamma='1.0'"]}
{"cpu_time": 35.60352921485901, "total_cpu_time": null, "wallclock_time": 35.62114906311035, "evaluations": 1, "cost": 0.4411982466956006, "incumbent": ["haralick_distance='1'", "pca_whiten=''true''", "svm_C='1.0'", "svm_gamma='1.0'"]}
{"cpu_time": 107.61621332168579, "total_cpu_time": null, "wallclock_time": 107.69531321525574, "evaluations": 3, "cost": 0.42259457748171053, "incumbent": ["haralick_distance='2'", "pca_whiten=''true''", "svm_C='39.719968193911264'", "svm_gamma='0.8615789437416754'"]}
{"cpu_time": 176.81785559654236, "total_cpu_time": null, "wallclock_time": 176.9677722454071, "evaluations": 5, "cost": 0.40985989077031326, "incumbent": ["haralick_distance='2'", "pca_whiten=''true''", "svm_C='12.315572158398975'", "svm_gamma='6.564879332003558'"]}
{"cpu_time": 239.7684247493744, "total_cpu_time": null, "wallclock_time": 239.9791030883789, "evaluations": 7, "cost": 0.3995540150807548, "incumbent": ["haralick_distance='2'", "pca_whiten=''false''", "svm_C='2.72181496747162'", "svm_gamma='5.527489501873586'"]}
{"cpu_time": 836.4909317493439, "total_cpu_time": null, "wallclock_time": 837.3955607414246, "evaluations": 26, "cost": 0.39648531416337907, "incumbent": ["haralick_distance='2'", "pca_whiten=''false''", "svm_C='13.33266246630263'", "svm_gamma='6.757676686813613'"]}
{"cpu_time": 962.2196707725525, "total_cpu_time": null, "wallclock_time": 963.2789452075958, "evaluations": 30, "cost": 0.3957765375864993, "incumbent": ["haralick_distance='2'", "pca_whiten=''false''", "svm_C='6.1303916169458255'", "svm_gamma='7.965616364419228'"]}
{"cpu_time": 1119.066678762436, "total_cpu_time": null, "wallclock_time": 1120.2993109226227, "evaluations": 35, "cost": 0.3950382237500005, "incumbent": ["haralick_distance='2'", "pca_whiten=''false''", "svm_C='11.66756834947721'", "svm_gamma='7.8550295949046'"]}
{"cpu_time": 2343.689909219742, "total_cpu_time": null, "wallclock_time": 2346.4755005836487, "evaluations": 74, "cost": 0.3904138674695015, "incumbent": ["haralick_distance='2'", "pca_whiten=''false''", "svm_C='15.015772129671014'", "svm_gamma='7.830423839623558'"]}
{"cpu_time": 2656.525015592575, "total_cpu_time": null, "wallclock_time": 2659.719058275223, "evaluations": 84, "cost": 0.3895452791531862, "incumbent": ["haralick_distance='2'", "pca_whiten=''false''", "svm_C='1.244147088017358'", "svm_gamma='7.867484306514091'"]}
{"cpu_time": 2813.6629841327667, "total_cpu_time": null, "wallclock_time": 2817.0344088077545, "evaluations": 89, "cost": 0.3825637162191495, "incumbent": ["haralick_distance='2'", "pca_whiten=''true''", "svm_C='68.7851831343852'", "svm_gamma='0.17726910633571713'"]}
{"cpu_time": 2970.7353975772858, "total_cpu_time": null, "wallclock_time": 2974.3167157173157, "evaluations": 94, "cost": 0.3798819811500948, "incumbent": ["haralick_distance='2'", "pca_whiten=''true''", "svm_C='29.402111237011024'", "svm_gamma='0.16422867004140468'"]}
{"cpu_time": 3850.8128564357758, "total_cpu_time": null, "wallclock_time": 3855.5046079158783, "evaluations": 122, "cost": 0.37922955765990873, "incumbent": ["haralick_distance='2'", "pca_whiten=''false''", "svm_C='18.44074687886341'", "svm_gamma='0.12803965833377107'"]}
{"cpu_time": 6740.247347354889, "total_cpu_time": null, "wallclock_time": 6748.857516527176, "evaluations": 222, "cost": 0.3790043951067732, "incumbent": ["haralick_distance='2'", "pca_whiten=''true''", "svm_C='30.42733350685704'", "svm_gamma='0.1588856639449786'"]}
{"cpu_time": 7138.5677943229675, "total_cpu_time": null, "wallclock_time": 7147.738319635391, "evaluations": 236, "cost": 0.37817030890465775, "incumbent": ["haralick_distance='2'", "pca_whiten=''false''", "svm_C='17.317582319121673'", "svm_gamma='0.16422867004140468'"]}
{"cpu_time": 7650.823068141937, "total_cpu_time": null, "wallclock_time": 7660.710340023041, "evaluations": 254, "cost": 0.37460062355315654, "incumbent": ["haralick_distance='2'", "pca_whiten=''true''", "svm_C='17.61962341917705'", "svm_gamma='0.16422867004140468'"]}
