{"cpu_time": 0, "total_cpu_time": null, "wallclock_time": 0.00011539459228515625, "evaluations": 0, "cost": 2147483648, "incumbent": ["isomap_n_components='2'", "isomap_n_neighbors='5'", "rf_max_features='0.5'", "rf_n_estimators='10'"]}
{"cpu_time": 0.920682430267334, "total_cpu_time": null, "wallclock_time": 1.0771510601043701, "evaluations": 1, "cost": 1.5198717159338049, "incumbent": ["isomap_n_components='2'", "isomap_n_neighbors='5'", "rf_max_features='0.5'", "rf_n_estimators='10'"]}
{"cpu_time": 3.7769217491149902, "total_cpu_time": null, "wallclock_time": 4.051805734634399, "evaluations": 2, "cost": 0.687997764027572, "incumbent": ["isomap_n_components='2'", "isomap_n_neighbors='7'", "rf_max_features='0.7705914184339647'", "rf_n_estimators='220'"]}
{"cpu_time": 19.29355812072754, "total_cpu_time": null, "wallclock_time": 20.51917338371277, "evaluations": 8, "cost": 0.5665892626351796, "incumbent": ["isomap_n_components='2'", "isomap_n_neighbors='4'", "rf_max_features='0.6776752889588842'", "rf_n_estimators='213'"]}
{"cpu_time": 116.5234010219574, "total_cpu_time": null, "wallclock_time": 124.47760725021362, "evaluations": 40, "cost": 0.5574750699520122, "incumbent": ["isomap_n_components='2'", "isomap_n_neighbors='4'", "rf_max_features='0.5748173242804502'", "rf_n_estimators='195'"]}
{"cpu_time": 124.06603932380676, "total_cpu_time": null, "wallclock_time": 132.51270627975464, "evaluations": 43, "cost": 0.557170310003034, "incumbent": ["isomap_n_components='2'", "isomap_n_neighbors='4'", "rf_max_features='0.7087821014018643'", "rf_n_estimators='211'"]}
{"cpu_time": 157.93291115760803, "total_cpu_time": null, "wallclock_time": 168.65501523017883, "evaluations": 58, "cost": 0.5473405663364516, "incumbent": ["isomap_n_components='2'", "isomap_n_neighbors='4'", "rf_max_features='0.7267896875283327'", "rf_n_estimators='186'"]}
{"cpu_time": 276.8472349643707, "total_cpu_time": null, "wallclock_time": 298.0085709095001, "evaluations": 133, "cost": 0.5357482638533274, "incumbent": ["isomap_n_components='4'", "isomap_n_neighbors='4'", "rf_max_features='0.4365395962087906'", "rf_n_estimators='170'"]}
{"cpu_time": 354.00209879875183, "total_cpu_time": null, "wallclock_time": 382.3372654914856, "evaluations": 234, "cost": 0.5107321020884793, "incumbent": ["isomap_n_components='4'", "isomap_n_neighbors='4'", "rf_max_features='0.4264246000998344'", "rf_n_estimators='54'"]}
