{"cpu_time": 0, "total_cpu_time": null, "wallclock_time": 0.00011181831359863281, "evaluations": 0, "cost": 2147483648, "incumbent": ["isomap_n_components='2'", "isomap_n_neighbors='5'", "svm_C='1.0'", "svm_gamma='1.0'"]}
{"cpu_time": 0.5061113834381104, "total_cpu_time": null, "wallclock_time": 0.5215070247650146, "evaluations": 1, "cost": 0.9498703974162188, "incumbent": ["isomap_n_components='2'", "isomap_n_neighbors='5'", "svm_C='1.0'", "svm_gamma='1.0'"]}
{"cpu_time": 4.513009786605835, "total_cpu_time": null, "wallclock_time": 4.750171899795532, "evaluations": 7, "cost": 0.9413723537219182, "incumbent": ["isomap_n_components='4'", "isomap_n_neighbors='3'", "svm_C='38.955212985979244'", "svm_gamma='2.443593951042488'"]}
{"cpu_time": 9.607590675354004, "total_cpu_time": null, "wallclock_time": 10.237891435623169, "evaluations": 14, "cost": 0.9359494622699899, "incumbent": ["isomap_n_components='4'", "isomap_n_neighbors='7'", "svm_C='37.89198417591139'", "svm_gamma='1.097271701130568'"]}
{"cpu_time": 11.165186166763306, "total_cpu_time": null, "wallclock_time": 11.867486715316772, "evaluations": 16, "cost": 0.9310661906912272, "incumbent": ["isomap_n_components='4'", "isomap_n_neighbors='5'", "svm_C='81.90020817737843'", "svm_gamma='0.5680823106051248'"]}
