{"cpu_time": 0, "total_cpu_time": null, "wallclock_time": 2.8133392333984375e-05, "evaluations": 0, "cost": 2147483648, "incumbent": []}
{"cpu_time": 0.23328852653503418, "total_cpu_time": null, "wallclock_time": 0.24968457221984863, "evaluations": 1, "cost": 9.602235151221638, "incumbent": []}
