{"cpu_time": 0, "total_cpu_time": null, "wallclock_time": 6.461143493652344e-05, "evaluations": 0, "cost": 2147483648, "incumbent": ["pca_whiten=''true''", "svm_C='0.1'", "svm_gamma='4.005'"]}
{"cpu_time": 0.27362895011901855, "total_cpu_time": null, "wallclock_time": 0.290590763092041, "evaluations": 1, "cost": 0.3285349779124816, "incumbent": ["pca_whiten=''true''", "svm_C='0.1'", "svm_gamma='4.005'"]}
{"cpu_time": 0.6245923042297363, "total_cpu_time": null, "wallclock_time": 0.6726505756378174, "evaluations": 2, "cost": 0.2556437592535908, "incumbent": ["pca_whiten=''true''", "svm_C='100.0'", "svm_gamma='6.0024999999999995'"]}
{"cpu_time": 0.8992710113525391, "total_cpu_time": null, "wallclock_time": 0.9648346900939941, "evaluations": 3, "cost": 0.24621714071666803, "incumbent": ["pca_whiten=''true''", "svm_C='25.075000000000003'", "svm_gamma='4.005'"]}
{"cpu_time": 1.141242265701294, "total_cpu_time": null, "wallclock_time": 1.2435495853424072, "evaluations": 4, "cost": 0.20439652013375365, "incumbent": ["pca_whiten=''true''", "svm_C='75.025'", "svm_gamma='0.01'"]}
