{"cpu_time": 0, "total_cpu_time": null, "wallclock_time": 8.225440979003906e-05, "evaluations": 0, "cost": 2147483648, "incumbent": ["pca_whiten=''true''", "svm_C='1.0'", "svm_gamma='1.0'"]}
{"cpu_time": 0.7899918556213379, "total_cpu_time": null, "wallclock_time": 0.8300395011901855, "evaluations": 1, "cost": 0.31205386864376555, "incumbent": ["pca_whiten=''true''", "svm_C='1.0'", "svm_gamma='1.0'"]}
{"cpu_time": 2.6479334831237793, "total_cpu_time": null, "wallclock_time": 2.759597063064575, "evaluations": 3, "cost": 0.30177512759164143, "incumbent": ["pca_whiten=''false''", "svm_C='0.5288848470522874'", "svm_gamma='5.340336437146089'"]}
