{"cpu_time": 0, "total_cpu_time": null, "wallclock_time": 7.033348083496094e-05, "evaluations": 0, "cost": 2147483648, "incumbent": ["rf_max_features='0.5'", "rf_n_estimators='81'"]}
{"cpu_time": 6.116071939468384, "total_cpu_time": null, "wallclock_time": 6.152647972106934, "evaluations": 1, "cost": 0.5471184385632718, "incumbent": ["rf_max_features='0.5'", "rf_n_estimators='81'"]}
{"cpu_time": 18.712164402008057, "total_cpu_time": null, "wallclock_time": 18.813721895217896, "evaluations": 3, "cost": 0.5386626350285312, "incumbent": ["rf_max_features='0.5'", "rf_n_estimators='154'"]}
