{"cpu_time": 0, "total_cpu_time": null, "wallclock_time": 0.00027179718017578125, "evaluations": 0, "cost": 2147483648, "incumbent": []}
{"cpu_time": 0.7650272846221924, "total_cpu_time": null, "wallclock_time": 0.8211967945098877, "evaluations": 1, "cost": 9.602235151221638, "incumbent": []}
