{"cpu_time": 0, "total_cpu_time": null, "wallclock_time": 7.152557373046875e-05, "evaluations": 0, "cost": 2147483648, "incumbent": ["svm_C='0.1'", "svm_gamma='4.005'"]}
{"cpu_time": 2.3602828979492188, "total_cpu_time": null, "wallclock_time": 2.38657546043396, "evaluations": 1, "cost": 0.5366591576460918, "incumbent": ["svm_C='0.1'", "svm_gamma='4.005'"]}
{"cpu_time": 4.740679502487183, "total_cpu_time": null, "wallclock_time": 4.822128057479858, "evaluations": 2, "cost": 0.514351128878427, "incumbent": ["svm_C='100.0'", "svm_gamma='2.0075'"]}
{"cpu_time": 9.69547176361084, "total_cpu_time": null, "wallclock_time": 10.032423496246338, "evaluations": 4, "cost": 0.468748337754334, "incumbent": ["svm_C='0.1'", "svm_gamma='0.01'"]}
{"cpu_time": 17.736549139022827, "total_cpu_time": null, "wallclock_time": 18.205130100250244, "evaluations": 7, "cost": 0.46710997010215377, "incumbent": ["svm_C='50.050000000000004'", "svm_gamma='0.01'"]}
{"cpu_time": 50.1212522983551, "total_cpu_time": null, "wallclock_time": 51.22846579551697, "evaluations": 18, "cost": 0.4609191101850885, "incumbent": ["svm_C='75.025'", "svm_gamma='0.01'"]}
