{"cpu_time": 0, "total_cpu_time": null, "wallclock_time": 3.123283386230469e-05, "evaluations": 0, "cost": 2147483648, "incumbent": []}
{"cpu_time": 0.17459392547607422, "total_cpu_time": null, "wallclock_time": 0.18512248992919922, "evaluations": 1, "cost": 3.9228729082861737, "incumbent": []}
