{"cpu_time": 0, "total_cpu_time": null, "wallclock_time": 0.0005161762237548828, "evaluations": 0, "cost": 2147483648, "incumbent": ["haralick_distance='1'", "pca_whiten=''true''", "rf_max_features='0.5'", "rf_n_estimators='10'"]}
{"cpu_time": 138.92815017700195, "total_cpu_time": null, "wallclock_time": 138.98410725593567, "evaluations": 1, "cost": 8.743970996271065, "incumbent": ["haralick_distance='1'", "pca_whiten=''true''", "rf_max_features='0.5'", "rf_n_estimators='10'"]}
{"cpu_time": 283.07445645332336, "total_cpu_time": null, "wallclock_time": 283.2500030994415, "evaluations": 2, "cost": 4.01206684323525, "incumbent": ["haralick_distance='1'", "pca_whiten=''true''", "rf_max_features='0.5914675755540864'", "rf_n_estimators='259'"]}
{"cpu_time": 426.0948922634125, "total_cpu_time": null, "wallclock_time": 426.3252453804016, "evaluations": 3, "cost": 1.7019248507828892, "incumbent": ["haralick_distance='2'", "pca_whiten=''true''", "rf_max_features='0.49829813910866494'", "rf_n_estimators='39'"]}
{"cpu_time": 583.3587877750397, "total_cpu_time": null, "wallclock_time": 583.7568154335022, "evaluations": 4, "cost": 1.1713938300254108, "incumbent": ["haralick_distance='2'", "pca_whiten=''false''", "rf_max_features='0.7749277535405971'", "rf_n_estimators='140'"]}
{"cpu_time": 2834.282370567322, "total_cpu_time": null, "wallclock_time": 2836.4292557239532, "evaluations": 25, "cost": 1.1025071266961668, "incumbent": ["haralick_distance='3'", "pca_whiten=''true''", "rf_max_features='0.7238864987193799'", "rf_n_estimators='299'"]}
{"cpu_time": 3417.33832859993, "total_cpu_time": null, "wallclock_time": 3420.04315328598, "evaluations": 31, "cost": 1.1001774498959727, "incumbent": ["haralick_distance='3'", "pca_whiten=''true''", "rf_max_features='0.33816921928226995'", "rf_n_estimators='276'"]}
{"cpu_time": 4473.944704294205, "total_cpu_time": null, "wallclock_time": 4477.888140678406, "evaluations": 42, "cost": 1.0929101025170866, "incumbent": ["haralick_distance='3'", "pca_whiten=''false''", "rf_max_features='0.6664577035948653'", "rf_n_estimators='297'"]}
