{"cpu_time": 0, "total_cpu_time": null, "wallclock_time": 0.00012230873107910156, "evaluations": 0, "cost": 2147483648, "incumbent": ["isomap_n_components='2'", "isomap_n_neighbors='5'", "rf_max_features='0.5'", "rf_n_estimators='10'"]}
{"cpu_time": 0.8023297786712646, "total_cpu_time": null, "wallclock_time": 0.8397824764251709, "evaluations": 1, "cost": 2.674316180347935, "incumbent": ["isomap_n_components='2'", "isomap_n_neighbors='5'", "rf_max_features='0.5'", "rf_n_estimators='10'"]}
{"cpu_time": 2.400569438934326, "total_cpu_time": null, "wallclock_time": 2.4995455741882324, "evaluations": 2, "cost": 1.2763140215622595, "incumbent": ["isomap_n_components='2'", "isomap_n_neighbors='7'", "rf_max_features='0.7705914184339647'", "rf_n_estimators='220'"]}
{"cpu_time": 3.5634610652923584, "total_cpu_time": null, "wallclock_time": 3.678786039352417, "evaluations": 3, "cost": 0.8116589580532015, "incumbent": ["isomap_n_components='4'", "isomap_n_neighbors='5'", "rf_max_features='0.42825496760388254'", "rf_n_estimators='109'"]}
{"cpu_time": 4.871681213378906, "total_cpu_time": null, "wallclock_time": 5.0454323291778564, "evaluations": 4, "cost": 0.6944454786152999, "incumbent": ["isomap_n_components='3'", "isomap_n_neighbors='3'", "rf_max_features='0.5379007026068363'", "rf_n_estimators='167'"]}
{"cpu_time": 8.518036127090454, "total_cpu_time": null, "wallclock_time": 8.784905433654785, "evaluations": 7, "cost": 0.6893342568411961, "incumbent": ["isomap_n_components='4'", "isomap_n_neighbors='3'", "rf_max_features='0.49447053546536157'", "rf_n_estimators='97'"]}
{"cpu_time": 11.14292573928833, "total_cpu_time": null, "wallclock_time": 11.498134136199951, "evaluations": 9, "cost": 0.6199713368473322, "incumbent": ["isomap_n_components='3'", "isomap_n_neighbors='3'", "rf_max_features='0.39015318279881256'", "rf_n_estimators='113'"]}
