{"cpu_time": 0, "total_cpu_time": null, "wallclock_time": 0.00013136863708496094, "evaluations": 0, "cost": 2147483648, "incumbent": ["haralick_distance='1'", "isomap_n_components='2'", "isomap_n_neighbors='5'", "svm_C='1.0'", "svm_gamma='1.0'"]}
{"cpu_time": 81.50326752662659, "total_cpu_time": null, "wallclock_time": 81.56432247161865, "evaluations": 1, "cost": 0.5547423769782028, "incumbent": ["haralick_distance='1'", "isomap_n_components='2'", "isomap_n_neighbors='5'", "svm_C='1.0'", "svm_gamma='1.0'"]}
{"cpu_time": 163.93974685668945, "total_cpu_time": null, "wallclock_time": 164.12046313285828, "evaluations": 2, "cost": 0.5521995881083565, "incumbent": ["haralick_distance='1'", "isomap_n_components='4'", "isomap_n_neighbors='7'", "svm_C='72.54534814538891'", "svm_gamma='4.489288587472055'"]}
{"cpu_time": 250.47589778900146, "total_cpu_time": null, "wallclock_time": 250.7160542011261, "evaluations": 3, "cost": 0.4803627610680157, "incumbent": ["haralick_distance='2'", "isomap_n_components='2'", "isomap_n_neighbors='6'", "svm_C='78.990011851405'", "svm_gamma='6.602930247746782'"]}
{"cpu_time": 1560.5010328292847, "total_cpu_time": null, "wallclock_time": 1562.619376897812, "evaluations": 16, "cost": 0.4715045914700354, "incumbent": ["haralick_distance='3'", "isomap_n_components='2'", "isomap_n_neighbors='6'", "svm_C='48.49893205995276'", "svm_gamma='6.726820426854675'"]}
{"cpu_time": 2039.6074442863464, "total_cpu_time": null, "wallclock_time": 2042.5865941047668, "evaluations": 23, "cost": 0.4653752662410074, "incumbent": ["haralick_distance='3'", "isomap_n_components='2'", "isomap_n_neighbors='7'", "svm_C='30.036388361509584'", "svm_gamma='2.866003042075578'"]}
{"cpu_time": 2251.9451332092285, "total_cpu_time": null, "wallclock_time": 2255.311231613159, "evaluations": 26, "cost": 0.46299201582587224, "incumbent": ["haralick_distance='3'", "isomap_n_components='3'", "isomap_n_neighbors='6'", "svm_C='52.09352005833254'", "svm_gamma='7.137684729343545'"]}
{"cpu_time": 2937.6973650455475, "total_cpu_time": null, "wallclock_time": 2942.7047193050385, "evaluations": 36, "cost": 0.46270349044108533, "incumbent": ["haralick_distance='3'", "isomap_n_components='2'", "isomap_n_neighbors='5'", "svm_C='47.577808119319684'", "svm_gamma='5.308963271453355'"]}
{"cpu_time": 3486.8523049354553, "total_cpu_time": null, "wallclock_time": 3493.1929244995117, "evaluations": 44, "cost": 0.45606793026849096, "incumbent": ["haralick_distance='3'", "isomap_n_components='4'", "isomap_n_neighbors='5'", "svm_C='53.22172495198632'", "svm_gamma='0.6251939589580299'"]}
{"cpu_time": 4662.10155749321, "total_cpu_time": null, "wallclock_time": 4670.726974964142, "evaluations": 61, "cost": 0.4551494054593846, "incumbent": ["haralick_distance='3'", "isomap_n_components='4'", "isomap_n_neighbors='7'", "svm_C='14.76218475961213'", "svm_gamma='0.9093438500300549'"]}
{"cpu_time": 4732.007178544998, "total_cpu_time": null, "wallclock_time": 4741.090641260147, "evaluations": 62, "cost": 0.4421267395527088, "incumbent": ["haralick_distance='3'", "isomap_n_components='3'", "isomap_n_neighbors='7'", "svm_C='35.01601618433303'", "svm_gamma='0.3895053416017933'"]}
{"cpu_time": 4868.401100873947, "total_cpu_time": null, "wallclock_time": 4877.972656965256, "evaluations": 64, "cost": 0.43736550113201234, "incumbent": ["haralick_distance='3'", "isomap_n_components='2'", "isomap_n_neighbors='5'", "svm_C='47.577808119319684'", "svm_gamma='0.1029084084620619'"]}
{"cpu_time": 6101.42089176178, "total_cpu_time": null, "wallclock_time": 6113.653393030167, "evaluations": 82, "cost": 0.4360033525046693, "incumbent": ["haralick_distance='3'", "isomap_n_components='3'", "isomap_n_neighbors='7'", "svm_C='81.9113254309152'", "svm_gamma='0.13559635008133786'"]}
{"cpu_time": 6514.4391305446625, "total_cpu_time": null, "wallclock_time": 6527.612378835678, "evaluations": 88, "cost": 0.4189702606560434, "incumbent": ["haralick_distance='3'", "isomap_n_components='4'", "isomap_n_neighbors='7'", "svm_C='56.38695501914111'", "svm_gamma='0.10354654271011131'"]}
{"cpu_time": 7259.763989448547, "total_cpu_time": null, "wallclock_time": 7274.330062389374, "evaluations": 99, "cost": 0.40934690109660704, "incumbent": ["haralick_distance='3'", "isomap_n_components='4'", "isomap_n_neighbors='7'", "svm_C='63.91731176702367'", "svm_gamma='0.048225307718037895'"]}
{"cpu_time": 9528.183586359024, "total_cpu_time": null, "wallclock_time": 9548.276677370071, "evaluations": 132, "cost": 0.4061642796891097, "incumbent": ["haralick_distance='3'", "isomap_n_components='4'", "isomap_n_neighbors='6'", "svm_C='5.699262263409087'", "svm_gamma='0.017180595869641782'"]}
{"cpu_time": 11553.762603998184, "total_cpu_time": null, "wallclock_time": 11578.683797597885, "evaluations": 170, "cost": 0.4055771380370148, "incumbent": ["haralick_distance='3'", "isomap_n_components='4'", "isomap_n_neighbors='7'", "svm_C='5.699262263409087'", "svm_gamma='0.017180595869641782'"]}
{"cpu_time": 12437.256705999374, "total_cpu_time": null, "wallclock_time": 12463.794729709625, "evaluations": 193, "cost": 0.40508780139699835, "incumbent": ["haralick_distance='3'", "isomap_n_components='4'", "isomap_n_neighbors='7'", "svm_C='19.58812187531281'", "svm_gamma='0.016572133474859217'"]}
