{"cpu_time": 0, "total_cpu_time": null, "wallclock_time": 0.0005066394805908203, "evaluations": 0, "cost": 2147483648, "incumbent": ["C='1.0'", "degree='3'", "kernel=''poly''", "shrinking=''true''", "coef0='0.0'", "gamma=''auto''"]}
{"cpu_time": 0.3566896915435791, "total_cpu_time": null, "wallclock_time": 0.38228392601013184, "evaluations": 1, "cost": 0.030064509649353255, "incumbent": ["C='1.0'", "degree='3'", "kernel=''poly''", "shrinking=''true''", "coef0='0.0'", "gamma=''auto''"]}
{"cpu_time": 10.82401990890503, "total_cpu_time": null, "wallclock_time": 11.488929033279419, "evaluations": 11, "cost": 0.028404094550997572, "incumbent": ["C='454.44951063098483'", "degree='4'", "kernel=''poly''", "shrinking=''true''", "coef0='5.734914977578212'", "gamma=''auto''"]}
