{"cpu_time": 0, "total_cpu_time": null, "wallclock_time": 0.00013184547424316406, "evaluations": 0, "cost": 2147483648, "incumbent": ["isomap_n_components='2'", "isomap_n_neighbors='5'", "rf_max_features='0.5'", "rf_n_estimators='10'"]}
{"cpu_time": 5.146141767501831, "total_cpu_time": null, "wallclock_time": 5.312991380691528, "evaluations": 1, "cost": 1.7193391254134631, "incumbent": ["isomap_n_components='2'", "isomap_n_neighbors='5'", "rf_max_features='0.5'", "rf_n_estimators='10'"]}
{"cpu_time": 12.949228525161743, "total_cpu_time": null, "wallclock_time": 13.378326177597046, "evaluations": 2, "cost": 1.0815710682120467, "incumbent": ["isomap_n_components='2'", "isomap_n_neighbors='7'", "rf_max_features='0.7705914184339647'", "rf_n_estimators='220'"]}
{"cpu_time": 18.574209213256836, "total_cpu_time": null, "wallclock_time": 19.060681581497192, "evaluations": 3, "cost": 0.873999732693974, "incumbent": ["isomap_n_components='4'", "isomap_n_neighbors='5'", "rf_max_features='0.42825496760388254'", "rf_n_estimators='109'"]}
{"cpu_time": 25.24565887451172, "total_cpu_time": null, "wallclock_time": 25.975507259368896, "evaluations": 4, "cost": 0.8331452707872412, "incumbent": ["isomap_n_components='3'", "isomap_n_neighbors='3'", "rf_max_features='0.5379007026068363'", "rf_n_estimators='167'"]}
{"cpu_time": 37.20751881599426, "total_cpu_time": null, "wallclock_time": 38.145195960998535, "evaluations": 6, "cost": 0.8245864265179411, "incumbent": ["isomap_n_components='3'", "isomap_n_neighbors='3'", "rf_max_features='0.5213909834158963'", "rf_n_estimators='118'"]}
{"cpu_time": 41.287513732910156, "total_cpu_time": null, "wallclock_time": 42.33537411689758, "evaluations": 7, "cost": 0.7685475711706538, "incumbent": ["isomap_n_components='4'", "isomap_n_neighbors='3'", "rf_max_features='0.49447053546536157'", "rf_n_estimators='97'"]}
{"cpu_time": 69.66428232192993, "total_cpu_time": null, "wallclock_time": 71.84917163848877, "evaluations": 12, "cost": 0.7513675256287552, "incumbent": ["isomap_n_components='4'", "isomap_n_neighbors='3'", "rf_max_features='0.37097638941034805'", "rf_n_estimators='84'"]}
{"cpu_time": 215.93139004707336, "total_cpu_time": null, "wallclock_time": 223.44688820838928, "evaluations": 36, "cost": 0.708334715456196, "incumbent": ["isomap_n_components='4'", "isomap_n_neighbors='3'", "rf_max_features='0.3526109821991499'", "rf_n_estimators='133'"]}
{"cpu_time": 370.45059752464294, "total_cpu_time": null, "wallclock_time": 383.6794397830963, "evaluations": 60, "cost": 0.6317385861647882, "incumbent": ["isomap_n_components='4'", "isomap_n_neighbors='3'", "rf_max_features='0.4786143031437333'", "rf_n_estimators='243'"]}
