{"cpu_time": 0, "total_cpu_time": null, "wallclock_time": 0.00010919570922851562, "evaluations": 0, "cost": 2147483648, "incumbent": ["isomap_n_components='2'", "isomap_n_neighbors='5'", "rf_max_features='0.5'", "rf_n_estimators='10'"]}
{"cpu_time": 0.5195887088775635, "total_cpu_time": null, "wallclock_time": 0.5421276092529297, "evaluations": 1, "cost": 4.294669176956895, "incumbent": ["isomap_n_components='2'", "isomap_n_neighbors='5'", "rf_max_features='0.5'", "rf_n_estimators='10'"]}
{"cpu_time": 1.7904505729675293, "total_cpu_time": null, "wallclock_time": 1.8537874221801758, "evaluations": 2, "cost": 1.2151659304058546, "incumbent": ["isomap_n_components='2'", "isomap_n_neighbors='7'", "rf_max_features='0.7705914184339647'", "rf_n_estimators='220'"]}
{"cpu_time": 12.366323947906494, "total_cpu_time": null, "wallclock_time": 12.823092937469482, "evaluations": 13, "cost": 1.0064833544030876, "incumbent": ["isomap_n_components='3'", "isomap_n_neighbors='7'", "rf_max_features='0.7104527509265792'", "rf_n_estimators='105'"]}
{"cpu_time": 19.69222593307495, "total_cpu_time": null, "wallclock_time": 20.504841804504395, "evaluations": 21, "cost": 0.9544508496307138, "incumbent": ["isomap_n_components='4'", "isomap_n_neighbors='6'", "rf_max_features='0.3908563055255074'", "rf_n_estimators='252'"]}
