{"cpu_time": 0, "total_cpu_time": null, "wallclock_time": 0.00010657310485839844, "evaluations": 0, "cost": 2147483648, "incumbent": ["isomap_n_components='2'", "isomap_n_neighbors='5'", "rf_max_features='0.5'", "rf_n_estimators='10'"]}
{"cpu_time": 0.4779219627380371, "total_cpu_time": null, "wallclock_time": 0.49280405044555664, "evaluations": 1, "cost": 8.087225690522835, "incumbent": ["isomap_n_components='2'", "isomap_n_neighbors='5'", "rf_max_features='0.5'", "rf_n_estimators='10'"]}
{"cpu_time": 1.7023541927337646, "total_cpu_time": null, "wallclock_time": 1.7614588737487793, "evaluations": 2, "cost": 3.222156506929858, "incumbent": ["isomap_n_components='2'", "isomap_n_neighbors='7'", "rf_max_features='0.7705914184339647'", "rf_n_estimators='220'"]}
{"cpu_time": 2.526723861694336, "total_cpu_time": null, "wallclock_time": 2.6011500358581543, "evaluations": 3, "cost": 1.15111023112828, "incumbent": ["isomap_n_components='4'", "isomap_n_neighbors='5'", "rf_max_features='0.42825496760388254'", "rf_n_estimators='109'"]}
{"cpu_time": 6.238169193267822, "total_cpu_time": null, "wallclock_time": 6.456567049026489, "evaluations": 7, "cost": 1.0751389091582264, "incumbent": ["isomap_n_components='4'", "isomap_n_neighbors='3'", "rf_max_features='0.49447053546536157'", "rf_n_estimators='97'"]}
{"cpu_time": 27.539220094680786, "total_cpu_time": null, "wallclock_time": 28.827792406082153, "evaluations": 32, "cost": 1.0655068639218481, "incumbent": ["isomap_n_components='4'", "isomap_n_neighbors='7'", "rf_max_features='0.4801027391781336'", "rf_n_estimators='119'"]}
{"cpu_time": 32.287407636642456, "total_cpu_time": null, "wallclock_time": 33.762471199035645, "evaluations": 37, "cost": 1.0631106417915863, "incumbent": ["isomap_n_components='4'", "isomap_n_neighbors='7'", "rf_max_features='0.46859709749464196'", "rf_n_estimators='281'"]}
