{"cpu_time": 0, "total_cpu_time": null, "wallclock_time": 0.00014734268188476562, "evaluations": 0, "cost": 2147483648, "incumbent": ["isomap_n_components='2'", "isomap_n_neighbors='5'", "rf_max_features='0.5'", "rf_n_estimators='10'"]}
{"cpu_time": 6.448334455490112, "total_cpu_time": null, "wallclock_time": 6.541562557220459, "evaluations": 1, "cost": 2.9882967085275802, "incumbent": ["isomap_n_components='2'", "isomap_n_neighbors='5'", "rf_max_features='0.5'", "rf_n_estimators='10'"]}
{"cpu_time": 16.793498039245605, "total_cpu_time": null, "wallclock_time": 17.124889612197876, "evaluations": 2, "cost": 1.0783702549352387, "incumbent": ["isomap_n_components='2'", "isomap_n_neighbors='7'", "rf_max_features='0.7705914184339647'", "rf_n_estimators='220'"]}
{"cpu_time": 43.49198532104492, "total_cpu_time": null, "wallclock_time": 44.3699209690094, "evaluations": 5, "cost": 1.0776680272235128, "incumbent": ["isomap_n_components='2'", "isomap_n_neighbors='7'", "rf_max_features='0.6019740786883476'", "rf_n_estimators='186'"]}
{"cpu_time": 82.77600836753845, "total_cpu_time": null, "wallclock_time": 85.12997460365295, "evaluations": 10, "cost": 0.9552723986325807, "incumbent": ["isomap_n_components='2'", "isomap_n_neighbors='7'", "rf_max_features='0.678635925093853'", "rf_n_estimators='185'"]}
{"cpu_time": 103.60023474693298, "total_cpu_time": null, "wallclock_time": 106.37833023071289, "evaluations": 12, "cost": 0.8852598454740779, "incumbent": ["isomap_n_components='3'", "isomap_n_neighbors='7'", "rf_max_features='0.3494356784017426'", "rf_n_estimators='274'"]}
{"cpu_time": 179.96921300888062, "total_cpu_time": null, "wallclock_time": 185.06445217132568, "evaluations": 21, "cost": 0.8215752529591068, "incumbent": ["isomap_n_components='4'", "isomap_n_neighbors='6'", "rf_max_features='0.3908563055255074'", "rf_n_estimators='252'"]}
{"cpu_time": 322.8962848186493, "total_cpu_time": null, "wallclock_time": 332.42487239837646, "evaluations": 37, "cost": 0.6817277681479054, "incumbent": ["isomap_n_components='4'", "isomap_n_neighbors='7'", "rf_max_features='0.46859709749464196'", "rf_n_estimators='281'"]}
