{"cpu_time": 0, "total_cpu_time": null, "wallclock_time": 0.00016498565673828125, "evaluations": 0, "cost": 2147483648, "incumbent": ["haralick_distance='1'", "pca_whiten=''true''", "svm_C='1.0'", "svm_gamma='1.0'"]}
{"cpu_time": 52.080984354019165, "total_cpu_time": null, "wallclock_time": 52.09523940086365, "evaluations": 1, "cost": 0.4755502963052556, "incumbent": ["haralick_distance='1'", "pca_whiten=''true''", "svm_C='1.0'", "svm_gamma='1.0'"]}
{"cpu_time": 660.5118911266327, "total_cpu_time": null, "wallclock_time": 661.2717907428741, "evaluations": 14, "cost": 0.47316183053728106, "incumbent": ["haralick_distance='3'", "pca_whiten=''false''", "svm_C='4.391849103127672'", "svm_gamma='1.1815155118778817'"]}
{"cpu_time": 2050.5408787727356, "total_cpu_time": null, "wallclock_time": 2053.0294189453125, "evaluations": 50, "cost": 0.4726275298056714, "incumbent": ["haralick_distance='3'", "pca_whiten=''false''", "svm_C='1.2035115650108168'", "svm_gamma='2.7248800347222564'"]}
{"cpu_time": 3669.362828731537, "total_cpu_time": null, "wallclock_time": 3673.7576673030853, "evaluations": 92, "cost": 0.4699528155203094, "incumbent": ["haralick_distance='3'", "pca_whiten=''false''", "svm_C='1.0'", "svm_gamma='1.0'"]}
{"cpu_time": 5057.477869987488, "total_cpu_time": null, "wallclock_time": 5063.6290872097015, "evaluations": 128, "cost": 0.4689333462924044, "incumbent": ["haralick_distance='3'", "pca_whiten=''false''", "svm_C='1.0432149765428234'", "svm_gamma='0.8265084327698938'"]}
{"cpu_time": 8090.297261238098, "total_cpu_time": null, "wallclock_time": 8100.527273178101, "evaluations": 222, "cost": 0.46867610115659825, "incumbent": ["haralick_distance='2'", "pca_whiten=''false''", "svm_C='2.516472461336124'", "svm_gamma='0.7533360988711449'"]}
