{"cpu_time": 0, "total_cpu_time": null, "wallclock_time": 0.00010561943054199219, "evaluations": 0, "cost": 2147483648, "incumbent": ["pca_whiten=''true''", "rf_max_features='0.5'", "rf_n_estimators='81'"]}
{"cpu_time": 295.690630197525, "total_cpu_time": null, "wallclock_time": 295.9473240375519, "evaluations": 1, "cost": 1.6127818592924463, "incumbent": ["pca_whiten=''true''", "rf_max_features='0.5'", "rf_n_estimators='81'"]}
{"cpu_time": 299.83261609077454, "total_cpu_time": null, "wallclock_time": 300.17811703681946, "evaluations": 2, "cost": 1.443407887434583, "incumbent": ["pca_whiten=''true''", "rf_max_features='0.3'", "rf_n_estimators='227'"]}
{"cpu_time": 321.329238653183, "total_cpu_time": null, "wallclock_time": 322.3202464580536, "evaluations": 8, "cost": 1.3811702576816203, "incumbent": ["pca_whiten=''false''", "rf_max_features='0.5'", "rf_n_estimators='227'"]}
{"cpu_time": 331.70852041244507, "total_cpu_time": null, "wallclock_time": 332.95638728141785, "evaluations": 11, "cost": 1.3730032589451238, "incumbent": ["pca_whiten=''true''", "rf_max_features='0.5'", "rf_n_estimators='227'"]}
{"cpu_time": 337.5320043563843, "total_cpu_time": null, "wallclock_time": 338.85170102119446, "evaluations": 12, "cost": 1.35552889763421, "incumbent": ["pca_whiten=''true''", "rf_max_features='0.3'", "rf_n_estimators='300'"]}
{"cpu_time": 344.85074853897095, "total_cpu_time": null, "wallclock_time": 346.26914739608765, "evaluations": 14, "cost": 1.2014965311017398, "incumbent": ["pca_whiten=''false''", "rf_max_features='0.3'", "rf_n_estimators='300'"]}
