{"cpu_time": 0, "total_cpu_time": null, "wallclock_time": 3.0517578125e-05, "evaluations": 0, "cost": 2147483648, "incumbent": []}
{"cpu_time": 0.9181451797485352, "total_cpu_time": null, "wallclock_time": 0.9376838207244873, "evaluations": 1, "cost": 4.401688705780738, "incumbent": []}
