{"cpu_time": 0, "total_cpu_time": null, "wallclock_time": 0.00010561943054199219, "evaluations": 0, "cost": 2147483648, "incumbent": ["isomap_n_components='2'", "isomap_n_neighbors='5'", "svm_C='1.0'", "svm_gamma='1.0'"]}
{"cpu_time": 0.4678161144256592, "total_cpu_time": null, "wallclock_time": 0.48439621925354004, "evaluations": 1, "cost": 0.9470047424854076, "incumbent": ["isomap_n_components='2'", "isomap_n_neighbors='5'", "svm_C='1.0'", "svm_gamma='1.0'"]}
{"cpu_time": 7.857109785079956, "total_cpu_time": null, "wallclock_time": 8.428179502487183, "evaluations": 16, "cost": 0.9442685653315551, "incumbent": ["isomap_n_components='2'", "isomap_n_neighbors='5'", "svm_C='39.401547414046505'", "svm_gamma='0.24657720949339437'"]}
{"cpu_time": 9.807336568832397, "total_cpu_time": null, "wallclock_time": 10.566785335540771, "evaluations": 20, "cost": 0.9266249184390861, "incumbent": ["isomap_n_components='3'", "isomap_n_neighbors='4'", "svm_C='33.043407484045915'", "svm_gamma='0.39827307588392674'"]}
{"cpu_time": 11.778037786483765, "total_cpu_time": null, "wallclock_time": 12.698704957962036, "evaluations": 24, "cost": 0.9266234817317148, "incumbent": ["isomap_n_components='4'", "isomap_n_neighbors='7'", "svm_C='45.48629207070007'", "svm_gamma='0.11935665187250165'"]}
{"cpu_time": 27.411920070648193, "total_cpu_time": null, "wallclock_time": 29.629842519760132, "evaluations": 56, "cost": 0.9222729588448559, "incumbent": ["isomap_n_components='4'", "isomap_n_neighbors='7'", "svm_C='35.349800936449114'", "svm_gamma='0.11935665187250165'"]}
{"cpu_time": 29.340465307235718, "total_cpu_time": null, "wallclock_time": 31.7469003200531, "evaluations": 60, "cost": 0.9169378099892002, "incumbent": ["isomap_n_components='4'", "isomap_n_neighbors='7'", "svm_C='27.022719848216244'", "svm_gamma='0.013741590570645891'"]}
{"cpu_time": 31.321724891662598, "total_cpu_time": null, "wallclock_time": 33.920581340789795, "evaluations": 64, "cost": 0.9149976883962748, "incumbent": ["isomap_n_components='4'", "isomap_n_neighbors='7'", "svm_C='19.89197071235309'", "svm_gamma='0.013741590570645891'"]}
{"cpu_time": 37.18189024925232, "total_cpu_time": null, "wallclock_time": 40.264684438705444, "evaluations": 76, "cost": 0.9082348943021604, "incumbent": ["isomap_n_components='4'", "isomap_n_neighbors='7'", "svm_C='32.01849867964523'", "svm_gamma='0.013741590570645891'"]}
