{"cpu_time": 0, "total_cpu_time": null, "wallclock_time": 0.0001506805419921875, "evaluations": 0, "cost": 2147483648, "incumbent": ["haralick_distance='1'", "isomap_n_components='2'", "isomap_n_neighbors='5'", "svm_C='1.0'", "svm_gamma='1.0'"]}
{"cpu_time": 28.716869831085205, "total_cpu_time": null, "wallclock_time": 28.779521942138672, "evaluations": 1, "cost": 0.4766263723002151, "incumbent": ["haralick_distance='1'", "isomap_n_components='2'", "isomap_n_neighbors='5'", "svm_C='1.0'", "svm_gamma='1.0'"]}
{"cpu_time": 400.8656585216522, "total_cpu_time": null, "wallclock_time": 403.054607629776, "evaluations": 14, "cost": 0.46600241473724435, "incumbent": ["haralick_distance='2'", "isomap_n_components='2'", "isomap_n_neighbors='6'", "svm_C='43.631739189404165'", "svm_gamma='2.705231874341496'"]}
{"cpu_time": 632.5694406032562, "total_cpu_time": null, "wallclock_time": 636.5194296836853, "evaluations": 22, "cost": 0.46596435638216177, "incumbent": ["haralick_distance='2'", "isomap_n_components='3'", "isomap_n_neighbors='5'", "svm_C='58.53766556521345'", "svm_gamma='0.9828516955729952'"]}
{"cpu_time": 717.7892022132874, "total_cpu_time": null, "wallclock_time": 722.3321077823639, "evaluations": 26, "cost": 0.4645560321393265, "incumbent": ["haralick_distance='2'", "isomap_n_components='3'", "isomap_n_neighbors='5'", "svm_C='77.62819158254764'", "svm_gamma='2.0898840731557122'"]}
{"cpu_time": 756.9555675983429, "total_cpu_time": null, "wallclock_time": 761.7475051879883, "evaluations": 28, "cost": 0.4627275770675395, "incumbent": ["haralick_distance='2'", "isomap_n_components='4'", "isomap_n_neighbors='5'", "svm_C='92.82981357638587'", "svm_gamma='0.416359641078773'"]}
{"cpu_time": 1504.7096147537231, "total_cpu_time": null, "wallclock_time": 1515.3885927200317, "evaluations": 65, "cost": 0.4625843371755769, "incumbent": ["haralick_distance='2'", "isomap_n_components='3'", "isomap_n_neighbors='6'", "svm_C='17.256273153729627'", "svm_gamma='3.6426923111355833'"]}
{"cpu_time": 1524.4980030059814, "total_cpu_time": null, "wallclock_time": 1535.4318678379059, "evaluations": 66, "cost": 0.46128628139689853, "incumbent": ["haralick_distance='2'", "isomap_n_components='4'", "isomap_n_neighbors='5'", "svm_C='42.43017603700565'", "svm_gamma='0.7129952749884906'"]}
{"cpu_time": 1669.0406758785248, "total_cpu_time": null, "wallclock_time": 1681.0777938365936, "evaluations": 73, "cost": 0.45972067936437605, "incumbent": ["haralick_distance='3'", "isomap_n_components='4'", "isomap_n_neighbors='6'", "svm_C='16.797703124235408'", "svm_gamma='2.203788125402279'"]}
{"cpu_time": 2857.1397688388824, "total_cpu_time": null, "wallclock_time": 2878.681305170059, "evaluations": 131, "cost": 0.45923909920417977, "incumbent": ["haralick_distance='3'", "isomap_n_components='3'", "isomap_n_neighbors='4'", "svm_C='27.08455173807142'", "svm_gamma='3.0651910541044693'"]}
{"cpu_time": 3020.4483032226562, "total_cpu_time": null, "wallclock_time": 3043.4214782714844, "evaluations": 139, "cost": 0.4478459382543892, "incumbent": ["haralick_distance='2'", "isomap_n_components='4'", "isomap_n_neighbors='6'", "svm_C='8.792341019916936'", "svm_gamma='0.34509493339844294'"]}
{"cpu_time": 3326.289761543274, "total_cpu_time": null, "wallclock_time": 3352.0541071891785, "evaluations": 154, "cost": 0.4391705798240508, "incumbent": ["haralick_distance='2'", "isomap_n_components='4'", "isomap_n_neighbors='6'", "svm_C='34.45749744453757'", "svm_gamma='0.9931637940110273'"]}
{"cpu_time": 3995.630395889282, "total_cpu_time": null, "wallclock_time": 4027.5277993679047, "evaluations": 187, "cost": 0.43871064954138217, "incumbent": ["haralick_distance='2'", "isomap_n_components='4'", "isomap_n_neighbors='6'", "svm_C='37.518272440631854'", "svm_gamma='0.7092250478670049'"]}
{"cpu_time": 4362.571398019791, "total_cpu_time": null, "wallclock_time": 4397.747817277908, "evaluations": 205, "cost": 0.42800869571124284, "incumbent": ["haralick_distance='2'", "isomap_n_components='4'", "isomap_n_neighbors='6'", "svm_C='34.45749744453757'", "svm_gamma='0.9080346895329579'"]}
{"cpu_time": 4787.162513494492, "total_cpu_time": null, "wallclock_time": 4826.124309539795, "evaluations": 226, "cost": 0.42790377601376534, "incumbent": ["haralick_distance='2'", "isomap_n_components='4'", "isomap_n_neighbors='6'", "svm_C='16.754463267014042'", "svm_gamma='0.9080346895329579'"]}
