{"cpu_time": 0, "total_cpu_time": null, "wallclock_time": 0.0007684230804443359, "evaluations": 0, "cost": 2147483648, "incumbent": ["haralick_distance='1'", "pca_whiten=''true''", "rf_max_features='0.5'", "rf_n_estimators='10'"]}
{"cpu_time": 143.32981133460999, "total_cpu_time": null, "wallclock_time": 143.41274642944336, "evaluations": 1, "cost": 8.743970996271065, "incumbent": ["haralick_distance='1'", "pca_whiten=''true''", "rf_max_features='0.5'", "rf_n_estimators='10'"]}
{"cpu_time": 282.8653860092163, "total_cpu_time": null, "wallclock_time": 283.02374053001404, "evaluations": 2, "cost": 3.936681153221214, "incumbent": ["haralick_distance='1'", "pca_whiten=''true''", "rf_max_features='0.5914675755540864'", "rf_n_estimators='259'"]}
{"cpu_time": 420.15778970718384, "total_cpu_time": null, "wallclock_time": 420.3558542728424, "evaluations": 3, "cost": 1.8785429416500328, "incumbent": ["haralick_distance='2'", "pca_whiten=''true''", "rf_max_features='0.49829813910866494'", "rf_n_estimators='39'"]}
{"cpu_time": 566.09734582901, "total_cpu_time": null, "wallclock_time": 566.4581565856934, "evaluations": 4, "cost": 1.4263579420759198, "incumbent": ["haralick_distance='2'", "pca_whiten=''false''", "rf_max_features='0.7749277535405971'", "rf_n_estimators='140'"]}
{"cpu_time": 705.8426656723022, "total_cpu_time": null, "wallclock_time": 706.2613561153412, "evaluations": 5, "cost": 1.185542978080764, "incumbent": ["haralick_distance='2'", "pca_whiten=''true''", "rf_max_features='0.36113899979178665'", "rf_n_estimators='248'"]}
{"cpu_time": 859.8571860790253, "total_cpu_time": null, "wallclock_time": 860.447713136673, "evaluations": 6, "cost": 1.1055324338149466, "incumbent": ["haralick_distance='3'", "pca_whiten=''true''", "rf_max_features='0.5831730167358328'", "rf_n_estimators='256'"]}
{"cpu_time": 2070.0163815021515, "total_cpu_time": null, "wallclock_time": 2071.665472507477, "evaluations": 18, "cost": 1.0927009691357592, "incumbent": ["haralick_distance='2'", "pca_whiten=''true''", "rf_max_features='0.47599583423079384'", "rf_n_estimators='216'"]}
{"cpu_time": 3106.4509811401367, "total_cpu_time": null, "wallclock_time": 3109.1647062301636, "evaluations": 29, "cost": 1.0173134768780847, "incumbent": ["haralick_distance='3'", "pca_whiten=''true''", "rf_max_features='0.49413803478057056'", "rf_n_estimators='245'"]}
