{"cpu_time": 0, "total_cpu_time": null, "wallclock_time": 0.000141143798828125, "evaluations": 0, "cost": 2147483648, "incumbent": ["isomap_n_components='2'", "isomap_n_neighbors='5'", "svm_C='1.0'", "svm_gamma='1.0'"]}
{"cpu_time": 67.23670363426208, "total_cpu_time": null, "wallclock_time": 67.4546127319336, "evaluations": 1, "cost": 0.5062824021517791, "incumbent": ["isomap_n_components='2'", "isomap_n_neighbors='5'", "svm_C='1.0'", "svm_gamma='1.0'"]}
{"cpu_time": 221.52542662620544, "total_cpu_time": null, "wallclock_time": 228.25765371322632, "evaluations": 27, "cost": 0.47290723014489666, "incumbent": ["isomap_n_components='4'", "isomap_n_neighbors='7'", "svm_C='4.276488422228812'", "svm_gamma='1.9701559174126142'"]}
{"cpu_time": 246.08838963508606, "total_cpu_time": null, "wallclock_time": 253.3576626777649, "evaluations": 31, "cost": 0.4674212528732604, "incumbent": ["isomap_n_components='4'", "isomap_n_neighbors='7'", "svm_C='3.483300099551729'", "svm_gamma='2.015454939286307'"]}
{"cpu_time": 323.4243016242981, "total_cpu_time": null, "wallclock_time": 332.88563799858093, "evaluations": 42, "cost": 0.44334055094536184, "incumbent": ["isomap_n_components='4'", "isomap_n_neighbors='7'", "svm_C='1.564811276175172'", "svm_gamma='0.4481457180471368'"]}
{"cpu_time": 531.538626909256, "total_cpu_time": null, "wallclock_time": 548.8445596694946, "evaluations": 72, "cost": 0.43869317276884806, "incumbent": ["isomap_n_components='4'", "isomap_n_neighbors='7'", "svm_C='12.59612267529377'", "svm_gamma='0.2723234961345889'"]}
{"cpu_time": 589.0019326210022, "total_cpu_time": null, "wallclock_time": 608.7518403530121, "evaluations": 80, "cost": 0.43500966928977475, "incumbent": ["isomap_n_components='4'", "isomap_n_neighbors='5'", "svm_C='6.8220734863250305'", "svm_gamma='0.14129418599732718'"]}
{"cpu_time": 1035.2734017372131, "total_cpu_time": null, "wallclock_time": 1073.701429605484, "evaluations": 174, "cost": 0.434981949409129, "incumbent": ["isomap_n_components='4'", "isomap_n_neighbors='5'", "svm_C='17.47048141957262'", "svm_gamma='0.17395289586778276'"]}
{"cpu_time": 1065.9325337409973, "total_cpu_time": null, "wallclock_time": 1105.7462768554688, "evaluations": 184, "cost": 0.4311751135394155, "incumbent": ["isomap_n_components='4'", "isomap_n_neighbors='5'", "svm_C='18.427403413341313'", "svm_gamma='0.15481220525947031'"]}
{"cpu_time": 1199.8811085224152, "total_cpu_time": null, "wallclock_time": 1245.7463917732239, "evaluations": 266, "cost": 0.4234185218010625, "incumbent": ["isomap_n_components='4'", "isomap_n_neighbors='7'", "svm_C='17.87469565132557'", "svm_gamma='0.09577491104442427'"]}
{"cpu_time": 1317.9713401794434, "total_cpu_time": null, "wallclock_time": 1369.812005996704, "evaluations": 348, "cost": 0.4229935472461462, "incumbent": ["isomap_n_components='4'", "isomap_n_neighbors='7'", "svm_C='14.292851659672019'", "svm_gamma='0.11379133501669039'"]}
{"cpu_time": 1350.844962835312, "total_cpu_time": null, "wallclock_time": 1404.3069808483124, "evaluations": 372, "cost": 0.42278742433432176, "incumbent": ["isomap_n_components='4'", "isomap_n_neighbors='7'", "svm_C='25.06234369849007'", "svm_gamma='0.10126539127230816'"]}
