{"cpu_time": 0, "total_cpu_time": null, "wallclock_time": 8.916854858398438e-05, "evaluations": 0, "cost": 2147483648, "incumbent": ["pca_whiten=''true''", "svm_C='1.0'", "svm_gamma='1.0'"]}
{"cpu_time": 161.00352954864502, "total_cpu_time": null, "wallclock_time": 161.09017968177795, "evaluations": 1, "cost": 0.5345677934618708, "incumbent": ["pca_whiten=''true''", "svm_C='1.0'", "svm_gamma='1.0'"]}
{"cpu_time": 161.83482885360718, "total_cpu_time": null, "wallclock_time": 161.9723448753357, "evaluations": 2, "cost": 0.5034523283678071, "incumbent": ["pca_whiten=''true''", "svm_C='65.31224049555269'", "svm_gamma='4.667651857354299'"]}
{"cpu_time": 163.84337902069092, "total_cpu_time": null, "wallclock_time": 164.0875973701477, "evaluations": 5, "cost": 0.49935533009715, "incumbent": ["pca_whiten=''true''", "svm_C='78.990011851405'", "svm_gamma='6.602930247746782'"]}
{"cpu_time": 166.3458218574524, "total_cpu_time": null, "wallclock_time": 166.70527386665344, "evaluations": 8, "cost": 0.4981624927891492, "incumbent": ["pca_whiten=''false''", "svm_C='63.1847491966964'", "svm_gamma='7.996306367183351'"]}
{"cpu_time": 168.13804459571838, "total_cpu_time": null, "wallclock_time": 168.58408975601196, "evaluations": 10, "cost": 0.4971416675226961, "incumbent": ["pca_whiten=''false''", "svm_C='88.06221232798944'", "svm_gamma='7.118286713648297'"]}
{"cpu_time": 169.07459020614624, "total_cpu_time": null, "wallclock_time": 169.53723454475403, "evaluations": 11, "cost": 0.4969583960994966, "incumbent": ["pca_whiten=''true''", "svm_C='97.96743164433231'", "svm_gamma='7.845924299570545'"]}
{"cpu_time": 200.38642621040344, "total_cpu_time": null, "wallclock_time": 202.41431379318237, "evaluations": 48, "cost": 0.49679223513370196, "incumbent": ["pca_whiten=''true''", "svm_C='80.3438690472617'", "svm_gamma='7.200069675688248'"]}
{"cpu_time": 217.2928626537323, "total_cpu_time": null, "wallclock_time": 220.08799004554749, "evaluations": 68, "cost": 0.4957964037794451, "incumbent": ["pca_whiten=''false''", "svm_C='85.36816742884307'", "svm_gamma='7.809640236558343'"]}
