{"cpu_time": 0, "total_cpu_time": null, "wallclock_time": 0.00012135505676269531, "evaluations": 0, "cost": 2147483648, "incumbent": ["isomap_n_components='2'", "isomap_n_neighbors='5'", "rf_max_features='0.5'", "rf_n_estimators='10'"]}
{"cpu_time": 0.7450909614562988, "total_cpu_time": null, "wallclock_time": 0.7607038021087646, "evaluations": 1, "cost": 2.565714623822492, "incumbent": ["isomap_n_components='2'", "isomap_n_neighbors='5'", "rf_max_features='0.5'", "rf_n_estimators='10'"]}
{"cpu_time": 2.278599500656128, "total_cpu_time": null, "wallclock_time": 2.3326210975646973, "evaluations": 2, "cost": 0.977802030498232, "incumbent": ["isomap_n_components='2'", "isomap_n_neighbors='7'", "rf_max_features='0.7705914184339647'", "rf_n_estimators='220'"]}
{"cpu_time": 3.3811159133911133, "total_cpu_time": null, "wallclock_time": 3.4514572620391846, "evaluations": 3, "cost": 0.39193532417429733, "incumbent": ["isomap_n_components='4'", "isomap_n_neighbors='5'", "rf_max_features='0.42825496760388254'", "rf_n_estimators='109'"]}
{"cpu_time": 23.502389907836914, "total_cpu_time": null, "wallclock_time": 24.256497144699097, "evaluations": 21, "cost": 0.3781561880484315, "incumbent": ["isomap_n_components='4'", "isomap_n_neighbors='6'", "rf_max_features='0.3908563055255074'", "rf_n_estimators='252'"]}
