{"cpu_time": 0, "total_cpu_time": null, "wallclock_time": 0.000110626220703125, "evaluations": 0, "cost": 2147483648, "incumbent": ["pca_whiten=''true''", "svm_C='1.0'", "svm_gamma='1.0'"]}
{"cpu_time": 26.379044771194458, "total_cpu_time": null, "wallclock_time": 26.45137095451355, "evaluations": 1, "cost": 0.79139712030389, "incumbent": ["pca_whiten=''true''", "svm_C='1.0'", "svm_gamma='1.0'"]}
{"cpu_time": 29.368955850601196, "total_cpu_time": null, "wallclock_time": 29.701982975006104, "evaluations": 9, "cost": 0.7867286714256242, "incumbent": ["pca_whiten=''true''", "svm_C='25.833879111337303'", "svm_gamma='2.5925190439316834'"]}
{"cpu_time": 29.77417016029358, "total_cpu_time": null, "wallclock_time": 30.159319400787354, "evaluations": 10, "cost": 0.724641162338517, "incumbent": ["pca_whiten=''true''", "svm_C='28.47602111141865'", "svm_gamma='0.8905090834586253'"]}
{"cpu_time": 33.285937786102295, "total_cpu_time": null, "wallclock_time": 34.007078647613525, "evaluations": 20, "cost": 0.7147589120075891, "incumbent": ["pca_whiten=''true''", "svm_C='27.062022196808144'", "svm_gamma='0.1256736561715909'"]}
{"cpu_time": 33.92118310928345, "total_cpu_time": null, "wallclock_time": 34.7104594707489, "evaluations": 22, "cost": 0.7061348057790138, "incumbent": ["pca_whiten=''true''", "svm_C='35.037927319385716'", "svm_gamma='0.546464352843225'"]}
{"cpu_time": 38.19980716705322, "total_cpu_time": null, "wallclock_time": 39.26783752441406, "evaluations": 30, "cost": 0.6978834493143321, "incumbent": ["pca_whiten=''true''", "svm_C='84.89723390482571'", "svm_gamma='0.24219074400875606'"]}
{"cpu_time": 59.96449065208435, "total_cpu_time": null, "wallclock_time": 62.780898571014404, "evaluations": 74, "cost": 0.6966545736637549, "incumbent": ["pca_whiten=''true''", "svm_C='91.021109633218'", "svm_gamma='0.2912652146237796'"]}
{"cpu_time": 76.69638252258301, "total_cpu_time": null, "wallclock_time": 80.94371008872986, "evaluations": 110, "cost": 0.6963666789574922, "incumbent": ["pca_whiten=''false''", "svm_C='41.565284104077236'", "svm_gamma='0.32797717105667196'"]}
{"cpu_time": 83.05817675590515, "total_cpu_time": null, "wallclock_time": 87.98472332954407, "evaluations": 128, "cost": 0.6933764878767708, "incumbent": ["pca_whiten=''true''", "svm_C='40.870839242970575'", "svm_gamma='0.3394021598021757'"]}
{"cpu_time": 84.91460108757019, "total_cpu_time": null, "wallclock_time": 90.0620801448822, "evaluations": 133, "cost": 0.6923644564101306, "incumbent": ["pca_whiten=''true''", "svm_C='22.694627167781825'", "svm_gamma='0.5139569965737013'"]}
