{"cpu_time": 0, "total_cpu_time": null, "wallclock_time": 9.942054748535156e-05, "evaluations": 0, "cost": 2147483648, "incumbent": ["pca_whiten=''true''", "svm_C='1.0'", "svm_gamma='1.0'"]}
{"cpu_time": 2.2523298263549805, "total_cpu_time": null, "wallclock_time": 2.292999267578125, "evaluations": 1, "cost": 0.6172825508123365, "incumbent": ["pca_whiten=''true''", "svm_C='1.0'", "svm_gamma='1.0'"]}
{"cpu_time": 4.540531873703003, "total_cpu_time": null, "wallclock_time": 4.6583778858184814, "evaluations": 2, "cost": 0.5949646796293379, "incumbent": ["pca_whiten=''true''", "svm_C='65.31224049555269'", "svm_gamma='4.667651857354299'"]}
{"cpu_time": 193.13115549087524, "total_cpu_time": null, "wallclock_time": 199.58744502067566, "evaluations": 105, "cost": 0.594503466814906, "incumbent": ["pca_whiten=''true''", "svm_C='69.84520955558357'", "svm_gamma='4.448621605828168'"]}
