{"cpu_time": 0, "total_cpu_time": null, "wallclock_time": 8.392333984375e-05, "evaluations": 0, "cost": 2147483648, "incumbent": ["pca_whiten=''true''", "svm_C='1.0'", "svm_gamma='1.0'"]}
{"cpu_time": 0.7183680534362793, "total_cpu_time": null, "wallclock_time": 0.7469401359558105, "evaluations": 1, "cost": 1.010806818183573, "incumbent": ["pca_whiten=''true''", "svm_C='1.0'", "svm_gamma='1.0'"]}
{"cpu_time": 20.357336282730103, "total_cpu_time": null, "wallclock_time": 21.929014682769775, "evaluations": 29, "cost": 1.000585220667524, "incumbent": ["pca_whiten=''false''", "svm_C='62.50814177672008'", "svm_gamma='0.028977341676197955'"]}
{"cpu_time": 25.770573377609253, "total_cpu_time": null, "wallclock_time": 27.824047803878784, "evaluations": 36, "cost": 0.9991174807342259, "incumbent": ["pca_whiten=''false''", "svm_C='23.031408896054625'", "svm_gamma='0.03743717312918946'"]}
