{"cpu_time": 0, "total_cpu_time": null, "wallclock_time": 0.00012755393981933594, "evaluations": 0, "cost": 2147483648, "incumbent": ["haralick_distance='1'", "pca_whiten=''true''", "rf_max_features='0.5'", "rf_n_estimators='10'"]}
{"cpu_time": 56.33909296989441, "total_cpu_time": null, "wallclock_time": 56.357604026794434, "evaluations": 1, "cost": 8.273918881179656, "incumbent": ["haralick_distance='1'", "pca_whiten=''true''", "rf_max_features='0.5'", "rf_n_estimators='10'"]}
{"cpu_time": 114.04146909713745, "total_cpu_time": null, "wallclock_time": 114.10343027114868, "evaluations": 2, "cost": 3.768405898236434, "incumbent": ["haralick_distance='1'", "pca_whiten=''true''", "rf_max_features='0.5914675755540864'", "rf_n_estimators='259'"]}
{"cpu_time": 170.84861302375793, "total_cpu_time": null, "wallclock_time": 170.93204712867737, "evaluations": 3, "cost": 1.333237275925246, "incumbent": ["haralick_distance='2'", "pca_whiten=''true''", "rf_max_features='0.49829813910866494'", "rf_n_estimators='39'"]}
{"cpu_time": 288.1359112262726, "total_cpu_time": null, "wallclock_time": 288.30415868759155, "evaluations": 5, "cost": 1.2647580161968024, "incumbent": ["haralick_distance='2'", "pca_whiten=''true''", "rf_max_features='0.36113899979178665'", "rf_n_estimators='248'"]}
{"cpu_time": 386.0372996330261, "total_cpu_time": null, "wallclock_time": 386.27816438674927, "evaluations": 7, "cost": 1.2637500377600912, "incumbent": ["haralick_distance='2'", "pca_whiten=''false''", "rf_max_features='0.3131221970343925'", "rf_n_estimators='210'"]}
{"cpu_time": 1421.9388489723206, "total_cpu_time": null, "wallclock_time": 1422.9780995845795, "evaluations": 29, "cost": 1.1740498739900793, "incumbent": ["haralick_distance='3'", "pca_whiten=''true''", "rf_max_features='0.49413803478057056'", "rf_n_estimators='245'"]}
{"cpu_time": 1753.2755267620087, "total_cpu_time": null, "wallclock_time": 1754.6177878379822, "evaluations": 36, "cost": 1.0139775523912502, "incumbent": ["haralick_distance='3'", "pca_whiten=''false''", "rf_max_features='0.44737517953529765'", "rf_n_estimators='295'"]}
