{"cpu_time": 0, "total_cpu_time": null, "wallclock_time": 0.0001239776611328125, "evaluations": 0, "cost": 2147483648, "incumbent": ["isomap_n_components='2'", "isomap_n_neighbors='5'", "svm_C='1.0'", "svm_gamma='1.0'"]}
{"cpu_time": 29.81984305381775, "total_cpu_time": null, "wallclock_time": 29.885552406311035, "evaluations": 1, "cost": 0.9472564285975772, "incumbent": ["isomap_n_components='2'", "isomap_n_neighbors='5'", "svm_C='1.0'", "svm_gamma='1.0'"]}
{"cpu_time": 44.130988121032715, "total_cpu_time": null, "wallclock_time": 45.21056032180786, "evaluations": 26, "cost": 0.9438372251628203, "incumbent": ["isomap_n_components='4'", "isomap_n_neighbors='3'", "svm_C='72.60107700261037'", "svm_gamma='0.3030419257433018'"]}
{"cpu_time": 62.74244570732117, "total_cpu_time": null, "wallclock_time": 65.36644697189331, "evaluations": 44, "cost": 0.9319847810876375, "incumbent": ["isomap_n_components='4'", "isomap_n_neighbors='3'", "svm_C='37.441718175754005'", "svm_gamma='0.22910369675335407'"]}
{"cpu_time": 77.29515671730042, "total_cpu_time": null, "wallclock_time": 81.11553311347961, "evaluations": 56, "cost": 0.9310689088941317, "incumbent": ["isomap_n_components='4'", "isomap_n_neighbors='4'", "svm_C='29.147923416547766'", "svm_gamma='0.21352451313650825'"]}
{"cpu_time": 79.44246244430542, "total_cpu_time": null, "wallclock_time": 83.42840194702148, "evaluations": 58, "cost": 0.9131355992651787, "incumbent": ["isomap_n_components='4'", "isomap_n_neighbors='7'", "svm_C='55.843566817956415'", "svm_gamma='0.010726559279593678'"]}
{"cpu_time": 94.0138521194458, "total_cpu_time": null, "wallclock_time": 99.11490941047668, "evaluations": 70, "cost": 0.9103497769564766, "incumbent": ["isomap_n_components='4'", "isomap_n_neighbors='7'", "svm_C='50.27270859085963'", "svm_gamma='0.010726559279593678'"]}
{"cpu_time": 149.43134903907776, "total_cpu_time": null, "wallclock_time": 158.7847385406494, "evaluations": 118, "cost": 0.90690578122603, "incumbent": ["isomap_n_components='4'", "isomap_n_neighbors='7'", "svm_C='60.76316236520114'", "svm_gamma='0.011766254751080838'"]}
