{"cpu_time": 0, "total_cpu_time": null, "wallclock_time": 0.00012731552124023438, "evaluations": 0, "cost": 2147483648, "incumbent": ["pca_whiten=''true''", "rf_max_features='0.5'", "rf_n_estimators='10'"]}
{"cpu_time": 44.44932174682617, "total_cpu_time": null, "wallclock_time": 44.52221155166626, "evaluations": 1, "cost": 1.6139148343436365, "incumbent": ["pca_whiten=''true''", "rf_max_features='0.5'", "rf_n_estimators='10'"]}
{"cpu_time": 46.861671686172485, "total_cpu_time": null, "wallclock_time": 46.987741470336914, "evaluations": 2, "cost": 0.7144000801558478, "incumbent": ["pca_whiten=''true''", "rf_max_features='0.6263875900678313'", "rf_n_estimators='178'"]}
{"cpu_time": 54.52721285820007, "total_cpu_time": null, "wallclock_time": 54.78255534172058, "evaluations": 5, "cost": 0.7106137810548309, "incumbent": ["pca_whiten=''true''", "rf_max_features='0.6948449041611862'", "rf_n_estimators='249'"]}
{"cpu_time": 58.30621933937073, "total_cpu_time": null, "wallclock_time": 58.62088489532471, "evaluations": 6, "cost": 0.7035127122529117, "incumbent": ["pca_whiten=''true''", "rf_max_features='0.6483339395381182'", "rf_n_estimators='285'"]}
{"cpu_time": 117.3386857509613, "total_cpu_time": null, "wallclock_time": 119.0528473854065, "evaluations": 31, "cost": 0.6991776825507289, "incumbent": ["pca_whiten=''true''", "rf_max_features='0.7344068541057434'", "rf_n_estimators='112'"]}
{"cpu_time": 235.7017867565155, "total_cpu_time": null, "wallclock_time": 240.7000048160553, "evaluations": 88, "cost": 0.6966502299063034, "incumbent": ["pca_whiten=''false''", "rf_max_features='0.6180589001648773'", "rf_n_estimators='260'"]}
