{"cpu_time": 0, "total_cpu_time": null, "wallclock_time": 0.00011539459228515625, "evaluations": 0, "cost": 2147483648, "incumbent": ["pca_whiten=''true''", "rf_max_features='0.5'", "rf_n_estimators='10'"]}
{"cpu_time": 2.5569584369659424, "total_cpu_time": null, "wallclock_time": 2.641141414642334, "evaluations": 1, "cost": 1.4085852860907693, "incumbent": ["pca_whiten=''true''", "rf_max_features='0.5'", "rf_n_estimators='10'"]}
{"cpu_time": 6.9695234298706055, "total_cpu_time": null, "wallclock_time": 7.171115875244141, "evaluations": 2, "cost": 0.716087272092592, "incumbent": ["pca_whiten=''true''", "rf_max_features='0.6263875900678313'", "rf_n_estimators='178'"]}
{"cpu_time": 11.332186937332153, "total_cpu_time": null, "wallclock_time": 11.55919337272644, "evaluations": 3, "cost": 0.7139981806473079, "incumbent": ["pca_whiten=''false''", "rf_max_features='0.3021465708060675'", "rf_n_estimators='203'"]}
{"cpu_time": 15.277490854263306, "total_cpu_time": null, "wallclock_time": 15.592761516571045, "evaluations": 4, "cost": 0.7111528730472951, "incumbent": ["pca_whiten=''true''", "rf_max_features='0.30586418148323496'", "rf_n_estimators='221'"]}
{"cpu_time": 19.42947244644165, "total_cpu_time": null, "wallclock_time": 19.769756317138672, "evaluations": 5, "cost": 0.7086049819115551, "incumbent": ["pca_whiten=''true''", "rf_max_features='0.6948449041611862'", "rf_n_estimators='249'"]}
{"cpu_time": 39.21185088157654, "total_cpu_time": null, "wallclock_time": 39.82550549507141, "evaluations": 10, "cost": 0.7029938534286554, "incumbent": ["pca_whiten=''false''", "rf_max_features='0.5125994670977634'", "rf_n_estimators='172'"]}
{"cpu_time": 211.75287008285522, "total_cpu_time": null, "wallclock_time": 215.05404210090637, "evaluations": 56, "cost": 0.7024454176706434, "incumbent": ["pca_whiten=''false''", "rf_max_features='0.6318565611867751'", "rf_n_estimators='81'"]}
