{"cpu_time": 0, "total_cpu_time": null, "wallclock_time": 0.00014400482177734375, "evaluations": 0, "cost": 2147483648, "incumbent": ["feature_extraction=''haralick''", "learning_algorithm=''RF''", "haralick_distance='1'", "rf_max_features='0.5'", "rf_n_estimators='10'"]}
{"cpu_time": 37.92896342277527, "total_cpu_time": null, "wallclock_time": 37.944722175598145, "evaluations": 1, "cost": 4.280324466962859, "incumbent": ["feature_extraction=''haralick''", "learning_algorithm=''RF''", "haralick_distance='1'", "rf_max_features='0.5'", "rf_n_estimators='10'"]}
{"cpu_time": 38.27287745475769, "total_cpu_time": null, "wallclock_time": 38.336501598358154, "evaluations": 2, "cost": 1.003189177569582, "incumbent": ["feature_extraction=''Inception''", "learning_algorithm=''SVM''", "svm_C='6.866872396385489'", "svm_gamma='3.1896795322419034'"]}
{"cpu_time": 119.04036903381348, "total_cpu_time": null, "wallclock_time": 119.38919377326965, "evaluations": 10, "cost": 0.8074488257431339, "incumbent": ["feature_extraction=''haralick''", "learning_algorithm=''SVM''", "haralick_distance='2'", "svm_C='19.300719684985665'", "svm_gamma='1.3017423202298892'"]}
{"cpu_time": 197.4050648212433, "total_cpu_time": null, "wallclock_time": 197.9168245792389, "evaluations": 14, "cost": 0.8011841542267759, "incumbent": ["feature_extraction=''haralick''", "learning_algorithm=''SVM''", "haralick_distance='3'", "svm_C='42.047692234446004'", "svm_gamma='1.489082366142176'"]}
{"cpu_time": 276.40456080436707, "total_cpu_time": null, "wallclock_time": 277.10415959358215, "evaluations": 19, "cost": 0.7882544313174096, "incumbent": ["feature_extraction=''VGG''", "learning_algorithm=''SVM''", "svm_C='54.51066515425325'", "svm_gamma='2.0731795264921873'"]}
{"cpu_time": 547.1659290790558, "total_cpu_time": null, "wallclock_time": 548.2630500793457, "evaluations": 29, "cost": 0.7842264626726975, "incumbent": ["feature_extraction=''haralick''", "learning_algorithm=''SVM''", "haralick_distance='3'", "svm_C='2.6902535421066123'", "svm_gamma='5.133003824209986'"]}
{"cpu_time": 1253.4437754154205, "total_cpu_time": null, "wallclock_time": 1256.1702654361725, "evaluations": 68, "cost": 0.7084861148928323, "incumbent": ["feature_extraction=''VGG''", "learning_algorithm=''RF''", "rf_max_features='0.5208206598905036'", "rf_n_estimators='172'"]}
{"cpu_time": 2668.85822224617, "total_cpu_time": null, "wallclock_time": 2675.6749997138977, "evaluations": 157, "cost": 0.6970716744934785, "incumbent": ["feature_extraction=''VGG''", "learning_algorithm=''RF''", "rf_max_features='0.5699064035124327'", "rf_n_estimators='210'"]}
