{"cpu_time": 0, "total_cpu_time": null, "wallclock_time": 9.751319885253906e-05, "evaluations": 0, "cost": 2147483648, "incumbent": ["isomap_n_components='2'", "isomap_n_neighbors='5'", "rf_max_features='0.5'", "rf_n_estimators='10'"]}
{"cpu_time": 0.4595308303833008, "total_cpu_time": null, "wallclock_time": 0.4744687080383301, "evaluations": 1, "cost": 8.431081875844946, "incumbent": ["isomap_n_components='2'", "isomap_n_neighbors='5'", "rf_max_features='0.5'", "rf_n_estimators='10'"]}
{"cpu_time": 1.6195366382598877, "total_cpu_time": null, "wallclock_time": 1.6705846786499023, "evaluations": 2, "cost": 2.857789318573422, "incumbent": ["isomap_n_components='2'", "isomap_n_neighbors='7'", "rf_max_features='0.7705914184339647'", "rf_n_estimators='220'"]}
{"cpu_time": 2.398820161819458, "total_cpu_time": null, "wallclock_time": 2.464925527572632, "evaluations": 3, "cost": 1.1626941191892894, "incumbent": ["isomap_n_components='4'", "isomap_n_neighbors='5'", "rf_max_features='0.42825496760388254'", "rf_n_estimators='109'"]}
{"cpu_time": 5.897374153137207, "total_cpu_time": null, "wallclock_time": 6.101032972335815, "evaluations": 7, "cost": 1.0682177652167268, "incumbent": ["isomap_n_components='4'", "isomap_n_neighbors='3'", "rf_max_features='0.49447053546536157'", "rf_n_estimators='97'"]}
