{"cpu_time": 0, "total_cpu_time": null, "wallclock_time": 2.5510787963867188e-05, "evaluations": 0, "cost": 2147483648, "incumbent": []}
{"cpu_time": 0.25095367431640625, "total_cpu_time": null, "wallclock_time": 0.26610898971557617, "evaluations": 1, "cost": 7.845086422574098, "incumbent": []}
