"CPU Time Used","Estimated Training Performance","Wallclock Time","Incumbent ID","Automatic Configurator (CPU) Time","Configuration..."
0.000000, 2147483648.000000, 0.000164, 1, 0.000164, pca_whiten=''true'', svm_C='1.0', svm_gamma='1.0'
8.847738, 0.340523, 9.021216, 1, 0.173479, pca_whiten=''true'', svm_C='1.0', svm_gamma='1.0'
174.883094, 0.335562, 179.414084, 2, 4.530989, pca_whiten=''true'', svm_C='0.7375576407628539', svm_gamma='0.7138412475678633'
224.869879, 0.330963, 230.456612, 3, 5.586732, pca_whiten=''false'', svm_C='5.199442039137335', svm_gamma='0.3403497061827241'
254.844628, 0.329386, 261.321671, 4, 6.477043, pca_whiten=''false'', svm_C='0.16957706620928892', svm_gamma='0.04199113589533449'
317.320289, 0.329014, 325.351183, 5, 8.030895, pca_whiten=''true'', svm_C='0.16957706620928892', svm_gamma='0.04199113589533449'
327.663428, 0.327639, 336.050510, 6, 8.387082, pca_whiten=''true'', svm_C='5.199442039137335', svm_gamma='0.3403497061827241'
408.523146, 0.327462, 418.564471, 7, 10.041325, pca_whiten=''false'', svm_C='0.3324287968554184', svm_gamma='0.1574922246921681'
460.034225, 0.325436, 471.586050, 8, 11.551825, pca_whiten=''false'', svm_C='0.3737286615011639', svm_gamma='0.1472613123496283'
