{"cpu_time": 0, "total_cpu_time": null, "wallclock_time": 0.00016427040100097656, "evaluations": 0, "cost": 2147483648, "incumbent": ["pca_whiten=''true''", "svm_C='1.0'", "svm_gamma='1.0'"]}
{"cpu_time": 8.847737550735474, "total_cpu_time": null, "wallclock_time": 9.02121639251709, "evaluations": 1, "cost": 0.34052325150935303, "incumbent": ["pca_whiten=''true''", "svm_C='1.0'", "svm_gamma='1.0'"]}
{"cpu_time": 174.8830943107605, "total_cpu_time": null, "wallclock_time": 179.41408371925354, "evaluations": 32, "cost": 0.33556169150794873, "incumbent": ["pca_whiten=''true''", "svm_C='0.7375576407628539'", "svm_gamma='0.7138412475678633'"]}
{"cpu_time": 224.86987924575806, "total_cpu_time": null, "wallclock_time": 230.45661163330078, "evaluations": 43, "cost": 0.33096309709536514, "incumbent": ["pca_whiten=''false''", "svm_C='5.199442039137335'", "svm_gamma='0.3403497061827241'"]}
{"cpu_time": 254.84462809562683, "total_cpu_time": null, "wallclock_time": 261.3216714859009, "evaluations": 50, "cost": 0.32938551037545244, "incumbent": ["pca_whiten=''false''", "svm_C='0.16957706620928892'", "svm_gamma='0.04199113589533449'"]}
{"cpu_time": 317.32028889656067, "total_cpu_time": null, "wallclock_time": 325.35118341445923, "evaluations": 64, "cost": 0.3290142927033311, "incumbent": ["pca_whiten=''true''", "svm_C='0.16957706620928892'", "svm_gamma='0.04199113589533449'"]}
{"cpu_time": 327.6634283065796, "total_cpu_time": null, "wallclock_time": 336.05051040649414, "evaluations": 66, "cost": 0.3276385995081402, "incumbent": ["pca_whiten=''true''", "svm_C='5.199442039137335'", "svm_gamma='0.3403497061827241'"]}
{"cpu_time": 408.5231463909149, "total_cpu_time": null, "wallclock_time": 418.56447100639343, "evaluations": 84, "cost": 0.327462422732628, "incumbent": ["pca_whiten=''false''", "svm_C='0.3324287968554184'", "svm_gamma='0.1574922246921681'"]}
{"cpu_time": 460.03422498703003, "total_cpu_time": null, "wallclock_time": 471.5860495567322, "evaluations": 95, "cost": 0.3254357742481075, "incumbent": ["pca_whiten=''false''", "svm_C='0.3737286615011639'", "svm_gamma='0.1472613123496283'"]}
