{"cpu_time": 0, "total_cpu_time": null, "wallclock_time": 0.00011444091796875, "evaluations": 0, "cost": 2147483648, "incumbent": ["isomap_n_components='2'", "isomap_n_neighbors='5'", "svm_C='1.0'", "svm_gamma='1.0'"]}
{"cpu_time": 0.38559651374816895, "total_cpu_time": null, "wallclock_time": 0.40014147758483887, "evaluations": 1, "cost": 1.006708094874986, "incumbent": ["isomap_n_components='2'", "isomap_n_neighbors='5'", "svm_C='1.0'", "svm_gamma='1.0'"]}
{"cpu_time": 1.1764469146728516, "total_cpu_time": null, "wallclock_time": 1.241089105606079, "evaluations": 3, "cost": 1.000708283909715, "incumbent": ["isomap_n_components='4'", "isomap_n_neighbors='5'", "svm_C='25.725342527255737'", "svm_gamma='2.7907769724696707'"]}
{"cpu_time": 3.1251401901245117, "total_cpu_time": null, "wallclock_time": 3.3640809059143066, "evaluations": 8, "cost": 0.9876068518893454, "incumbent": ["isomap_n_components='3'", "isomap_n_neighbors='5'", "svm_C='69.02728843021396'", "svm_gamma='0.6751977358579749'"]}
{"cpu_time": 7.133070945739746, "total_cpu_time": null, "wallclock_time": 7.720273733139038, "evaluations": 18, "cost": 0.9817419470747071, "incumbent": ["isomap_n_components='3'", "isomap_n_neighbors='5'", "svm_C='69.22273546129219'", "svm_gamma='0.7469973504705886'"]}
