{"cpu_time": 0, "total_cpu_time": null, "wallclock_time": 8.58306884765625e-05, "evaluations": 0, "cost": 2147483648, "incumbent": ["pca_whiten=''true''", "rf_max_features='0.5'", "rf_n_estimators='10'"]}
{"cpu_time": 1.1276204586029053, "total_cpu_time": null, "wallclock_time": 1.15802001953125, "evaluations": 1, "cost": 1.32787298480329, "incumbent": ["pca_whiten=''true''", "rf_max_features='0.5'", "rf_n_estimators='10'"]}
{"cpu_time": 3.0066113471984863, "total_cpu_time": null, "wallclock_time": 3.069398880004883, "evaluations": 2, "cost": 0.5397739580595496, "incumbent": ["pca_whiten=''true''", "rf_max_features='0.6263875900678313'", "rf_n_estimators='178'"]}
{"cpu_time": 6.215152978897095, "total_cpu_time": null, "wallclock_time": 6.334328889846802, "evaluations": 4, "cost": 0.5377155401888379, "incumbent": ["pca_whiten=''true''", "rf_max_features='0.30586418148323496'", "rf_n_estimators='221'"]}
{"cpu_time": 10.97582459449768, "total_cpu_time": null, "wallclock_time": 11.168432235717773, "evaluations": 6, "cost": 0.5294705839601019, "incumbent": ["pca_whiten=''true''", "rf_max_features='0.6483339395381182'", "rf_n_estimators='285'"]}
{"cpu_time": 58.47857689857483, "total_cpu_time": null, "wallclock_time": 59.59185719490051, "evaluations": 37, "cost": 0.5282277284232242, "incumbent": ["pca_whiten=''false''", "rf_max_features='0.6097555080440473'", "rf_n_estimators='68'"]}
