{"cpu_time": 0, "total_cpu_time": null, "wallclock_time": 5.054473876953125e-05, "evaluations": 0, "cost": 2147483648, "incumbent": []}
{"cpu_time": 0.2338094711303711, "total_cpu_time": null, "wallclock_time": 0.2556591033935547, "evaluations": 1, "cost": 17.74909342516243, "incumbent": []}
