{"cpu_time": 0, "total_cpu_time": null, "wallclock_time": 5.7220458984375e-05, "evaluations": 0, "cost": 2147483648, "incumbent": ["rf_max_features='0.5'", "rf_n_estimators='81'"]}
{"cpu_time": 3.025348424911499, "total_cpu_time": null, "wallclock_time": 3.040680408477783, "evaluations": 1, "cost": 0.4511956652370988, "incumbent": ["rf_max_features='0.5'", "rf_n_estimators='81'"]}
{"cpu_time": 20.687050580978394, "total_cpu_time": null, "wallclock_time": 20.780115365982056, "evaluations": 4, "cost": 0.400087081602347, "incumbent": ["rf_max_features='0.7'", "rf_n_estimators='227'"]}
{"cpu_time": 44.27971339225769, "total_cpu_time": null, "wallclock_time": 44.42204308509827, "evaluations": 6, "cost": 0.39978242497505695, "incumbent": ["rf_max_features='0.7'", "rf_n_estimators='300'"]}
