{"cpu_time": 0, "total_cpu_time": null, "wallclock_time": 0.0003592967987060547, "evaluations": 0, "cost": 2147483648, "incumbent": ["pca_whiten=''true''", "svm_C='1.0'", "svm_gamma='1.0'"]}
{"cpu_time": 3.1250991821289062, "total_cpu_time": null, "wallclock_time": 3.1708130836486816, "evaluations": 1, "cost": 0.45546515386669645, "incumbent": ["pca_whiten=''true''", "svm_C='1.0'", "svm_gamma='1.0'"]}
{"cpu_time": 74.41284561157227, "total_cpu_time": null, "wallclock_time": 77.28783798217773, "evaluations": 22, "cost": 0.37263845849406074, "incumbent": ["pca_whiten=''false''", "svm_C='1.822326065000656'", "svm_gamma='0.02163117111605692'"]}
{"cpu_time": 97.84954953193665, "total_cpu_time": null, "wallclock_time": 101.57843852043152, "evaluations": 29, "cost": 0.3514817480162405, "incumbent": ["pca_whiten=''false''", "svm_C='62.50814177672008'", "svm_gamma='0.028977341676197955'"]}
{"cpu_time": 253.42586994171143, "total_cpu_time": null, "wallclock_time": 265.76143169403076, "evaluations": 84, "cost": 0.3495247722691713, "incumbent": ["pca_whiten=''true''", "svm_C='34.58216707994543'", "svm_gamma='0.012072420279007087'"]}
{"cpu_time": 310.63607931137085, "total_cpu_time": null, "wallclock_time": 325.4399108886719, "evaluations": 102, "cost": 0.34878184828877573, "incumbent": ["pca_whiten=''false''", "svm_C='16.932326226491046'", "svm_gamma='0.04133792155748564'"]}
{"cpu_time": 500.940327167511, "total_cpu_time": null, "wallclock_time": 525.6198637485504, "evaluations": 164, "cost": 0.34873860981888605, "incumbent": ["pca_whiten=''true''", "svm_C='9.706871625307782'", "svm_gamma='0.03185891768595323'"]}
{"cpu_time": 538.7368013858795, "total_cpu_time": null, "wallclock_time": 565.540275812149, "evaluations": 176, "cost": 0.34842854823635744, "incumbent": ["pca_whiten=''true''", "svm_C='30.190101665623203'", "svm_gamma='0.038873715203856796'"]}
{"cpu_time": 554.8413498401642, "total_cpu_time": null, "wallclock_time": 582.2133023738861, "evaluations": 181, "cost": 0.34800367551697814, "incumbent": ["pca_whiten=''true''", "svm_C='4.702310701095542'", "svm_gamma='0.07489756649815128'"]}
{"cpu_time": 557.4377341270447, "total_cpu_time": null, "wallclock_time": 585.1593873500824, "evaluations": 182, "cost": 0.346171174186973, "incumbent": ["pca_whiten=''true''", "svm_C='43.004380848306276'", "svm_gamma='0.030597711557988683'"]}
{"cpu_time": 788.4949014186859, "total_cpu_time": null, "wallclock_time": 828.3398785591125, "evaluations": 255, "cost": 0.34553983356032, "incumbent": ["pca_whiten=''true''", "svm_C='7.038473539127112'", "svm_gamma='0.07292435736783137'"]}
