{"cpu_time": 0, "total_cpu_time": null, "wallclock_time": 0.00013589859008789062, "evaluations": 0, "cost": 2147483648, "incumbent": ["feature_extraction=''haralick''", "learning_algorithm=''RF''", "haralick_distance='1'", "rf_max_features='0.5'", "rf_n_estimators='10'"]}
{"cpu_time": 37.91858506202698, "total_cpu_time": null, "wallclock_time": 37.93199133872986, "evaluations": 1, "cost": 4.789666485463286, "incumbent": ["feature_extraction=''haralick''", "learning_algorithm=''RF''", "haralick_distance='1'", "rf_max_features='0.5'", "rf_n_estimators='10'"]}
{"cpu_time": 38.28085446357727, "total_cpu_time": null, "wallclock_time": 38.339229106903076, "evaluations": 2, "cost": 1.0060483518889316, "incumbent": ["feature_extraction=''Inception''", "learning_algorithm=''SVM''", "svm_C='6.866872396385489'", "svm_gamma='3.1896795322419034'"]}
{"cpu_time": 78.65994620323181, "total_cpu_time": null, "wallclock_time": 78.77946591377258, "evaluations": 4, "cost": 0.8080013563976212, "incumbent": ["feature_extraction=''VGG''", "learning_algorithm=''RF''", "rf_max_features='0.5438268571763516'", "rf_n_estimators='148'"]}
{"cpu_time": 83.82228660583496, "total_cpu_time": null, "wallclock_time": 84.38051629066467, "evaluations": 16, "cost": 0.7833993456832623, "incumbent": ["feature_extraction=''VGG''", "learning_algorithm=''SVM''", "svm_C='13.067783987797284'", "svm_gamma='0.3496370090215774'"]}
{"cpu_time": 123.52513074874878, "total_cpu_time": null, "wallclock_time": 124.16332626342773, "evaluations": 18, "cost": 0.7782826174327457, "incumbent": ["feature_extraction=''haralick''", "learning_algorithm=''SVM''", "haralick_distance='3'", "svm_C='3.9776554521514034'", "svm_gamma='1.2779713143686569'"]}
{"cpu_time": 512.5202832221985, "total_cpu_time": null, "wallclock_time": 513.8789782524109, "evaluations": 39, "cost": 0.7074315446981396, "incumbent": ["feature_extraction=''VGG''", "learning_algorithm=''RF''", "rf_max_features='0.33096737202905857'", "rf_n_estimators='118'"]}
{"cpu_time": 1940.8451356887817, "total_cpu_time": null, "wallclock_time": 1946.252141237259, "evaluations": 138, "cost": 0.7041719811005795, "incumbent": ["feature_extraction=''VGG''", "learning_algorithm=''RF''", "rf_max_features='0.7540822885160918'", "rf_n_estimators='188'"]}
{"cpu_time": 1943.0764863491058, "total_cpu_time": null, "wallclock_time": 1948.5634155273438, "evaluations": 140, "cost": 0.7038898281401154, "incumbent": ["feature_extraction=''VGG''", "learning_algorithm=''RF''", "rf_max_features='0.41711205245581046'", "rf_n_estimators='192'"]}
