{"cpu_time": 0, "total_cpu_time": null, "wallclock_time": 0.00014328956604003906, "evaluations": 0, "cost": 2147483648, "incumbent": ["pca_whiten=''true''", "svm_C='1.0'", "svm_gamma='1.0'"]}
{"cpu_time": 87.71531367301941, "total_cpu_time": null, "wallclock_time": 87.93877100944519, "evaluations": 1, "cost": 0.4528983901617501, "incumbent": ["pca_whiten=''true''", "svm_C='1.0'", "svm_gamma='1.0'"]}
{"cpu_time": 177.759592294693, "total_cpu_time": null, "wallclock_time": 181.2480857372284, "evaluations": 29, "cost": 0.43927685225601004, "incumbent": ["pca_whiten=''true''", "svm_C='0.6178465737756519'", "svm_gamma='0.8318818916827034'"]}
{"cpu_time": 201.78602647781372, "total_cpu_time": null, "wallclock_time": 206.61319208145142, "evaluations": 37, "cost": 0.36776136145286636, "incumbent": ["pca_whiten=''false''", "svm_C='35.61644748238228'", "svm_gamma='0.06997211704879817'"]}
{"cpu_time": 373.79938554763794, "total_cpu_time": null, "wallclock_time": 385.9698781967163, "evaluations": 92, "cost": 0.35265321826636575, "incumbent": ["pca_whiten=''false''", "svm_C='15.9840004941485'", "svm_gamma='0.06581188383868164'"]}
{"cpu_time": 529.7619171142578, "total_cpu_time": null, "wallclock_time": 548.6362752914429, "evaluations": 141, "cost": 0.3468573421987875, "incumbent": ["pca_whiten=''false''", "svm_C='22.962565423128634'", "svm_gamma='0.04113507915870673'"]}
{"cpu_time": 564.5681474208832, "total_cpu_time": null, "wallclock_time": 584.8493938446045, "evaluations": 152, "cost": 0.3445547742043669, "incumbent": ["pca_whiten=''false''", "svm_C='14.06465570172711'", "svm_gamma='0.04113507915870673'"]}
