{"cpu_time": 0, "total_cpu_time": null, "wallclock_time": 5.555152893066406e-05, "evaluations": 0, "cost": 2147483648, "incumbent": ["pca_whiten=''true''"]}
{"cpu_time": 1.0332481861114502, "total_cpu_time": null, "wallclock_time": 1.0971570014953613, "evaluations": 1, "cost": 13.189454582821119, "incumbent": ["pca_whiten=''true''"]}
