{"cpu_time": 0, "total_cpu_time": null, "wallclock_time": 0.00011754035949707031, "evaluations": 0, "cost": 2147483648, "incumbent": ["isomap_n_components='2'", "isomap_n_neighbors='5'", "svm_C='1.0'", "svm_gamma='1.0'"]}
{"cpu_time": 0.5119504928588867, "total_cpu_time": null, "wallclock_time": 0.5306985378265381, "evaluations": 1, "cost": 0.9451125855847001, "incumbent": ["isomap_n_components='2'", "isomap_n_neighbors='5'", "svm_C='1.0'", "svm_gamma='1.0'"]}
{"cpu_time": 24.97208046913147, "total_cpu_time": null, "wallclock_time": 26.880075693130493, "evaluations": 45, "cost": 0.9299352793654979, "incumbent": ["isomap_n_components='3'", "isomap_n_neighbors='4'", "svm_C='8.672644689875389'", "svm_gamma='0.9980960825987869'"]}
{"cpu_time": 26.640103340148926, "total_cpu_time": null, "wallclock_time": 28.721492528915405, "evaluations": 48, "cost": 0.9258591204741714, "incumbent": ["isomap_n_components='4'", "isomap_n_neighbors='7'", "svm_C='30.928194784518986'", "svm_gamma='0.13433467042528716'"]}
{"cpu_time": 37.74297022819519, "total_cpu_time": null, "wallclock_time": 40.808897495269775, "evaluations": 68, "cost": 0.9245276409012956, "incumbent": ["isomap_n_components='4'", "isomap_n_neighbors='3'", "svm_C='41.177368841995175'", "svm_gamma='0.10651746441094917'"]}
{"cpu_time": 38.82323408126831, "total_cpu_time": null, "wallclock_time": 41.97663187980652, "evaluations": 70, "cost": 0.9176560424858667, "incumbent": ["isomap_n_components='4'", "isomap_n_neighbors='3'", "svm_C='37.76910984605075'", "svm_gamma='0.10651746441094917'"]}
