{"cpu_time": 0, "total_cpu_time": null, "wallclock_time": 8.487701416015625e-05, "evaluations": 0, "cost": 2147483648, "incumbent": ["pca_whiten=''true''", "svm_C='1.0'", "svm_gamma='1.0'"]}
{"cpu_time": 0.7807133197784424, "total_cpu_time": null, "wallclock_time": 0.8098058700561523, "evaluations": 1, "cost": 0.5351366299044401, "incumbent": ["pca_whiten=''true''", "svm_C='1.0'", "svm_gamma='1.0'"]}
{"cpu_time": 1.5644984245300293, "total_cpu_time": null, "wallclock_time": 1.641735553741455, "evaluations": 2, "cost": 0.5048628533079326, "incumbent": ["pca_whiten=''true''", "svm_C='65.31224049555269'", "svm_gamma='4.667651857354299'"]}
{"cpu_time": 4.015395641326904, "total_cpu_time": null, "wallclock_time": 4.203882217407227, "evaluations": 5, "cost": 0.500090732649015, "incumbent": ["pca_whiten=''true''", "svm_C='78.990011851405'", "svm_gamma='6.602930247746782'"]}
{"cpu_time": 4.89528226852417, "total_cpu_time": null, "wallclock_time": 5.134358882904053, "evaluations": 6, "cost": 0.4977719299849195, "incumbent": ["pca_whiten=''true''", "svm_C='69.69712111971603'", "svm_gamma='7.565840455614787'"]}
{"cpu_time": 7.923203229904175, "total_cpu_time": null, "wallclock_time": 8.309785842895508, "evaluations": 10, "cost": 0.49718476893856955, "incumbent": ["pca_whiten=''false''", "svm_C='88.06221232798944'", "svm_gamma='7.118286713648297'"]}
{"cpu_time": 8.669822931289673, "total_cpu_time": null, "wallclock_time": 9.085785865783691, "evaluations": 11, "cost": 0.4968310875070277, "incumbent": ["pca_whiten=''true''", "svm_C='97.96743164433231'", "svm_gamma='7.845924299570545'"]}
