{"cpu_time": 0, "total_cpu_time": null, "wallclock_time": 0.00011444091796875, "evaluations": 0, "cost": 2147483648, "incumbent": ["isomap_n_components='2'", "isomap_n_neighbors='5'", "svm_C='1.0'", "svm_gamma='1.0'"]}
{"cpu_time": 0.741504430770874, "total_cpu_time": null, "wallclock_time": 0.7567994594573975, "evaluations": 1, "cost": 0.3746811750686141, "incumbent": ["isomap_n_components='2'", "isomap_n_neighbors='5'", "svm_C='1.0'", "svm_gamma='1.0'"]}
{"cpu_time": 1.593071699142456, "total_cpu_time": null, "wallclock_time": 1.649303913116455, "evaluations": 2, "cost": 0.36853066252389516, "incumbent": ["isomap_n_components='2'", "isomap_n_neighbors='7'", "svm_C='94.12416540310615'", "svm_gamma='5.804177494310886'"]}
{"cpu_time": 2.3644323348999023, "total_cpu_time": null, "wallclock_time": 2.4369845390319824, "evaluations": 3, "cost": 0.36040343450456347, "incumbent": ["isomap_n_components='4'", "isomap_n_neighbors='5'", "svm_C='25.725342527255737'", "svm_gamma='2.7907769724696707'"]}
{"cpu_time": 7.513886213302612, "total_cpu_time": null, "wallclock_time": 7.8497703075408936, "evaluations": 10, "cost": 0.3568615718345048, "incumbent": ["isomap_n_components='2'", "isomap_n_neighbors='3'", "svm_C='5.204598881547159'", "svm_gamma='0.32439856657700533'"]}
{"cpu_time": 15.90690565109253, "total_cpu_time": null, "wallclock_time": 16.678290605545044, "evaluations": 21, "cost": 0.34019953829087174, "incumbent": ["isomap_n_components='4'", "isomap_n_neighbors='6'", "svm_C='18.253089843996378'", "svm_gamma='6.675583330720798'"]}
{"cpu_time": 20.533542156219482, "total_cpu_time": null, "wallclock_time": 21.546240091323853, "evaluations": 27, "cost": 0.3291562900364203, "incumbent": ["isomap_n_components='4'", "isomap_n_neighbors='7'", "svm_C='4.276488422228812'", "svm_gamma='1.9701559174126142'"]}
{"cpu_time": 22.898769855499268, "total_cpu_time": null, "wallclock_time": 24.06194519996643, "evaluations": 30, "cost": 0.31528883945679836, "incumbent": ["isomap_n_components='4'", "isomap_n_neighbors='6'", "svm_C='4.998958571412316'", "svm_gamma='7.400560781212389'"]}
{"cpu_time": 26.088107585906982, "total_cpu_time": null, "wallclock_time": 27.446799993515015, "evaluations": 34, "cost": 0.30764484037244944, "incumbent": ["isomap_n_components='4'", "isomap_n_neighbors='6'", "svm_C='1.963577740530674'", "svm_gamma='7.930959491342916'"]}
