{"cpu_time": 0, "total_cpu_time": null, "wallclock_time": 6.389617919921875e-05, "evaluations": 0, "cost": 2147483648, "incumbent": ["svm_C='0.1'", "svm_gamma='4.005'"]}
{"cpu_time": 1.8445897102355957, "total_cpu_time": null, "wallclock_time": 1.8593025207519531, "evaluations": 1, "cost": 0.5385375072087423, "incumbent": ["svm_C='0.1'", "svm_gamma='4.005'"]}
{"cpu_time": 3.982015609741211, "total_cpu_time": null, "wallclock_time": 4.02617335319519, "evaluations": 2, "cost": 0.513054387312346, "incumbent": ["svm_C='100.0'", "svm_gamma='2.0075'"]}
{"cpu_time": 7.636165618896484, "total_cpu_time": null, "wallclock_time": 7.7343974113464355, "evaluations": 4, "cost": 0.4467516368285, "incumbent": ["svm_C='0.1'", "svm_gamma='0.01'"]}
