{"cpu_time": 0, "total_cpu_time": null, "wallclock_time": 0.0001323223114013672, "evaluations": 0, "cost": 2147483648, "incumbent": ["isomap_n_components='2'", "isomap_n_neighbors='5'", "rf_max_features='0.5'", "rf_n_estimators='10'"]}
{"cpu_time": 2.111781358718872, "total_cpu_time": null, "wallclock_time": 2.1641793251037598, "evaluations": 1, "cost": 2.047600927633717, "incumbent": ["isomap_n_components='2'", "isomap_n_neighbors='5'", "rf_max_features='0.5'", "rf_n_estimators='10'"]}
{"cpu_time": 6.198467493057251, "total_cpu_time": null, "wallclock_time": 6.363857269287109, "evaluations": 2, "cost": 0.9323429154554619, "incumbent": ["isomap_n_components='2'", "isomap_n_neighbors='7'", "rf_max_features='0.7705914184339647'", "rf_n_estimators='220'"]}
{"cpu_time": 8.97023630142212, "total_cpu_time": null, "wallclock_time": 9.160382747650146, "evaluations": 3, "cost": 0.6369609373040687, "incumbent": ["isomap_n_components='4'", "isomap_n_neighbors='5'", "rf_max_features='0.42825496760388254'", "rf_n_estimators='109'"]}
{"cpu_time": 62.53482151031494, "total_cpu_time": null, "wallclock_time": 64.18358969688416, "evaluations": 21, "cost": 0.5195023126766704, "incumbent": ["isomap_n_components='4'", "isomap_n_neighbors='6'", "rf_max_features='0.3908563055255074'", "rf_n_estimators='252'"]}
{"cpu_time": 113.30992102622986, "total_cpu_time": null, "wallclock_time": 116.68937492370605, "evaluations": 37, "cost": 0.45403861765530457, "incumbent": ["isomap_n_components='4'", "isomap_n_neighbors='7'", "rf_max_features='0.46859709749464196'", "rf_n_estimators='281'"]}
{"cpu_time": 209.44030451774597, "total_cpu_time": null, "wallclock_time": 215.21030569076538, "evaluations": 62, "cost": 0.4510715052133499, "incumbent": ["isomap_n_components='4'", "isomap_n_neighbors='7'", "rf_max_features='0.43988436060405106'", "rf_n_estimators='300'"]}
