{"cpu_time": 0, "total_cpu_time": null, "wallclock_time": 0.00011658668518066406, "evaluations": 0, "cost": 2147483648, "incumbent": ["pca_whiten=''true''", "rf_max_features='0.5'", "rf_n_estimators='10'"]}
{"cpu_time": 1.466120719909668, "total_cpu_time": null, "wallclock_time": 1.55415678024292, "evaluations": 1, "cost": 0.6141153797910711, "incumbent": ["pca_whiten=''true''", "rf_max_features='0.5'", "rf_n_estimators='10'"]}
{"cpu_time": 7.525950193405151, "total_cpu_time": null, "wallclock_time": 7.805776357650757, "evaluations": 2, "cost": 0.24244746803003894, "incumbent": ["pca_whiten=''true''", "rf_max_features='0.6263875900678313'", "rf_n_estimators='178'"]}
{"cpu_time": 14.463475942611694, "total_cpu_time": null, "wallclock_time": 14.82206392288208, "evaluations": 3, "cost": 0.24030437638068558, "incumbent": ["pca_whiten=''false''", "rf_max_features='0.3021465708060675'", "rf_n_estimators='203'"]}
{"cpu_time": 21.537466287612915, "total_cpu_time": null, "wallclock_time": 22.12846827507019, "evaluations": 4, "cost": 0.2389840698434321, "incumbent": ["pca_whiten=''true''", "rf_max_features='0.30586418148323496'", "rf_n_estimators='221'"]}
{"cpu_time": 82.41571569442749, "total_cpu_time": null, "wallclock_time": 84.71784734725952, "evaluations": 14, "cost": 0.14817432484375845, "incumbent": ["pca_whiten=''false''", "rf_max_features='0.3202247342337583'", "rf_n_estimators='55'"]}
