{"cpu_time": 0, "total_cpu_time": null, "wallclock_time": 0.00013780593872070312, "evaluations": 0, "cost": 2147483648, "incumbent": ["isomap_n_components='2'", "isomap_n_neighbors='5'", "svm_C='1.0'", "svm_gamma='1.0'"]}
{"cpu_time": 1.7870571613311768, "total_cpu_time": null, "wallclock_time": 1.8631906509399414, "evaluations": 1, "cost": 0.9450118220088221, "incumbent": ["isomap_n_components='2'", "isomap_n_neighbors='5'", "svm_C='1.0'", "svm_gamma='1.0'"]}
{"cpu_time": 34.82004499435425, "total_cpu_time": null, "wallclock_time": 37.45563197135925, "evaluations": 22, "cost": 0.9436498284494661, "incumbent": ["isomap_n_components='4'", "isomap_n_neighbors='5'", "svm_C='20.052000522149655'", "svm_gamma='0.07277686283754188'"]}
{"cpu_time": 46.88380765914917, "total_cpu_time": null, "wallclock_time": 50.47406721115112, "evaluations": 30, "cost": 0.9207573925344716, "incumbent": ["isomap_n_components='4'", "isomap_n_neighbors='3'", "svm_C='0.959095906320954'", "svm_gamma='0.5158215076396813'"]}
{"cpu_time": 168.1888108253479, "total_cpu_time": null, "wallclock_time": 181.82716369628906, "evaluations": 106, "cost": 0.9146054138320953, "incumbent": ["isomap_n_components='4'", "isomap_n_neighbors='7'", "svm_C='0.959095906320954'", "svm_gamma='0.5158215076396813'"]}
{"cpu_time": 240.06716632843018, "total_cpu_time": null, "wallclock_time": 259.24025106430054, "evaluations": 152, "cost": 0.9121876491955261, "incumbent": ["isomap_n_components='4'", "isomap_n_neighbors='6'", "svm_C='0.959095906320954'", "svm_gamma='0.05567453938422706'"]}
{"cpu_time": 321.35731863975525, "total_cpu_time": null, "wallclock_time": 347.4142572879791, "evaluations": 206, "cost": 0.9098707655605097, "incumbent": ["isomap_n_components='4'", "isomap_n_neighbors='6'", "svm_C='1.09508499852356'", "svm_gamma='0.05567453938422706'"]}
{"cpu_time": 370.22891998291016, "total_cpu_time": null, "wallclock_time": 400.0989201068878, "evaluations": 240, "cost": 0.9095450654391851, "incumbent": ["isomap_n_components='4'", "isomap_n_neighbors='7'", "svm_C='13.422364542853037'", "svm_gamma='0.024170370624779117'"]}
