{"cpu_time": 0, "total_cpu_time": null, "wallclock_time": 0.0001354217529296875, "evaluations": 0, "cost": 2147483648, "incumbent": ["isomap_n_components='2'", "isomap_n_neighbors='5'", "rf_max_features='0.5'", "rf_n_estimators='10'"]}
{"cpu_time": 0.5068812370300293, "total_cpu_time": null, "wallclock_time": 0.5248134136199951, "evaluations": 1, "cost": 4.8115276971373895, "incumbent": ["isomap_n_components='2'", "isomap_n_neighbors='5'", "rf_max_features='0.5'", "rf_n_estimators='10'"]}
{"cpu_time": 1.786083698272705, "total_cpu_time": null, "wallclock_time": 1.8477230072021484, "evaluations": 2, "cost": 1.2056700106897253, "incumbent": ["isomap_n_components='2'", "isomap_n_neighbors='7'", "rf_max_features='0.7705914184339647'", "rf_n_estimators='220'"]}
{"cpu_time": 2.6334762573242188, "total_cpu_time": null, "wallclock_time": 2.7132370471954346, "evaluations": 3, "cost": 1.1351161863908903, "incumbent": ["isomap_n_components='4'", "isomap_n_neighbors='5'", "rf_max_features='0.42825496760388254'", "rf_n_estimators='109'"]}
{"cpu_time": 11.675350904464722, "total_cpu_time": null, "wallclock_time": 12.132623195648193, "evaluations": 13, "cost": 1.1055166192489188, "incumbent": ["isomap_n_components='3'", "isomap_n_neighbors='7'", "rf_max_features='0.7104527509265792'", "rf_n_estimators='105'"]}
{"cpu_time": 19.24504780769348, "total_cpu_time": null, "wallclock_time": 20.06628108024597, "evaluations": 21, "cost": 0.9658470010030848, "incumbent": ["isomap_n_components='4'", "isomap_n_neighbors='6'", "rf_max_features='0.3908563055255074'", "rf_n_estimators='252'"]}
{"cpu_time": 33.85001802444458, "total_cpu_time": null, "wallclock_time": 35.460429668426514, "evaluations": 37, "cost": 0.945709570958822, "incumbent": ["isomap_n_components='4'", "isomap_n_neighbors='7'", "rf_max_features='0.46859709749464196'", "rf_n_estimators='281'"]}
{"cpu_time": 67.2591462135315, "total_cpu_time": null, "wallclock_time": 70.4879035949707, "evaluations": 70, "cost": 0.9353545410429988, "incumbent": ["isomap_n_components='4'", "isomap_n_neighbors='7'", "rf_max_features='0.39877752194708344'", "rf_n_estimators='251'"]}
{"cpu_time": 105.87985396385193, "total_cpu_time": null, "wallclock_time": 111.34795451164246, "evaluations": 110, "cost": 0.9335227096261246, "incumbent": ["isomap_n_components='4'", "isomap_n_neighbors='7'", "rf_max_features='0.3943447962921788'", "rf_n_estimators='274'"]}
