{"cpu_time": 0, "total_cpu_time": null, "wallclock_time": 8.916854858398438e-05, "evaluations": 0, "cost": 2147483648, "incumbent": ["pca_whiten=''true''", "svm_C='1.0'", "svm_gamma='1.0'"]}
{"cpu_time": 0.6901772022247314, "total_cpu_time": null, "wallclock_time": 0.7280852794647217, "evaluations": 1, "cost": 0.7854504784285828, "incumbent": ["pca_whiten=''true''", "svm_C='1.0'", "svm_gamma='1.0'"]}
{"cpu_time": 5.617347240447998, "total_cpu_time": null, "wallclock_time": 6.002482652664185, "evaluations": 10, "cost": 0.733120947255797, "incumbent": ["pca_whiten=''true''", "svm_C='28.47602111141865'", "svm_gamma='0.8905090834586253'"]}
{"cpu_time": 7.873437881469727, "total_cpu_time": null, "wallclock_time": 8.402889728546143, "evaluations": 14, "cost": 0.7220043251457469, "incumbent": ["pca_whiten=''false''", "svm_C='56.64875278433076'", "svm_gamma='0.5793081895462031'"]}
{"cpu_time": 8.952574253082275, "total_cpu_time": null, "wallclock_time": 9.554654121398926, "evaluations": 16, "cost": 0.6968483575148782, "incumbent": ["pca_whiten=''true''", "svm_C='51.38199332742368'", "svm_gamma='0.37036041643305667'"]}
{"cpu_time": 14.234146118164062, "total_cpu_time": null, "wallclock_time": 15.220502614974976, "evaluations": 26, "cost": 0.6965694713282901, "incumbent": ["pca_whiten=''false''", "svm_C='52.90814517766205'", "svm_gamma='0.29191316103963394'"]}
{"cpu_time": 15.389249801635742, "total_cpu_time": null, "wallclock_time": 16.459147214889526, "evaluations": 28, "cost": 0.6948618022157994, "incumbent": ["pca_whiten=''true''", "svm_C='60.91945246269402'", "svm_gamma='0.3435849890406581'"]}
