{"cpu_time": 0, "total_cpu_time": null, "wallclock_time": 9.34600830078125e-05, "evaluations": 0, "cost": 2147483648, "incumbent": ["pca_whiten=''true''", "rf_max_features='0.5'", "rf_n_estimators='10'"]}
{"cpu_time": 0.901991605758667, "total_cpu_time": null, "wallclock_time": 0.9374854564666748, "evaluations": 1, "cost": 0.9747140625463122, "incumbent": ["pca_whiten=''true''", "rf_max_features='0.5'", "rf_n_estimators='10'"]}
{"cpu_time": 2.6713638305664062, "total_cpu_time": null, "wallclock_time": 2.7423336505889893, "evaluations": 2, "cost": 0.30280262211168846, "incumbent": ["pca_whiten=''true''", "rf_max_features='0.6263875900678313'", "rf_n_estimators='178'"]}
{"cpu_time": 4.268712043762207, "total_cpu_time": null, "wallclock_time": 4.3562304973602295, "evaluations": 3, "cost": 0.2890151213141206, "incumbent": ["pca_whiten=''false''", "rf_max_features='0.3021465708060675'", "rf_n_estimators='203'"]}
{"cpu_time": 17.359238147735596, "total_cpu_time": null, "wallclock_time": 17.6581814289093, "evaluations": 10, "cost": 0.2882973492628346, "incumbent": ["pca_whiten=''false''", "rf_max_features='0.35982023324748863'", "rf_n_estimators='197'"]}
