{"cpu_time": 0, "total_cpu_time": null, "wallclock_time": 0.00011396408081054688, "evaluations": 0, "cost": 2147483648, "incumbent": ["pca_whiten=''true''", "svm_C='1.0'", "svm_gamma='1.0'"]}
{"cpu_time": 179.3979983329773, "total_cpu_time": null, "wallclock_time": 179.49804520606995, "evaluations": 1, "cost": 1.0193307323549936, "incumbent": ["pca_whiten=''true''", "svm_C='1.0'", "svm_gamma='1.0'"]}
{"cpu_time": 180.19587874412537, "total_cpu_time": null, "wallclock_time": 180.33656239509583, "evaluations": 2, "cost": 1.0149975112077225, "incumbent": ["pca_whiten=''true''", "svm_C='65.31224049555269'", "svm_gamma='4.667651857354299'"]}
{"cpu_time": 184.70409989356995, "total_cpu_time": null, "wallclock_time": 185.0968780517578, "evaluations": 8, "cost": 1.0082263627889676, "incumbent": ["pca_whiten=''true''", "svm_C='62.33281468850071'", "svm_gamma='1.5144007304461375'"]}
{"cpu_time": 185.35945415496826, "total_cpu_time": null, "wallclock_time": 185.77344274520874, "evaluations": 9, "cost": 1.0064812688480476, "incumbent": ["pca_whiten=''true''", "svm_C='25.833879111337303'", "svm_gamma='2.5925190439316834'"]}
{"cpu_time": 189.18751692771912, "total_cpu_time": null, "wallclock_time": 189.88655161857605, "evaluations": 15, "cost": 1.003360525113653, "incumbent": ["pca_whiten=''true''", "svm_C='29.9278263443308'", "svm_gamma='5.6831442858984085'"]}
{"cpu_time": 258.2855443954468, "total_cpu_time": null, "wallclock_time": 262.7908718585968, "evaluations": 100, "cost": 1.0022479693829724, "incumbent": ["pca_whiten=''true''", "svm_C='30.34382479008678'", "svm_gamma='5.2416650334903325'"]}
{"cpu_time": 280.40603280067444, "total_cpu_time": null, "wallclock_time": 286.25468611717224, "evaluations": 128, "cost": 0.9996302024437221, "incumbent": ["pca_whiten=''false''", "svm_C='49.88030159409325'", "svm_gamma='3.256230908746551'"]}
