"CPU Time Used","Estimated Training Performance","Wallclock Time","Incumbent ID","Automatic Configurator (CPU) Time","Configuration..."
0.000000, 2147483648.000000, 0.000114, 1, 0.000114, pca_whiten=''true'', svm_C='1.0', svm_gamma='1.0'
179.397998, 1.019331, 179.498045, 1, 0.100047, pca_whiten=''true'', svm_C='1.0', svm_gamma='1.0'
180.195879, 1.014998, 180.336562, 2, 0.140684, pca_whiten=''true'', svm_C='65.31224049555269', svm_gamma='4.667651857354299'
184.704100, 1.008226, 185.096878, 3, 0.392778, pca_whiten=''true'', svm_C='62.33281468850071', svm_gamma='1.5144007304461375'
185.359454, 1.006481, 185.773443, 4, 0.413989, pca_whiten=''true'', svm_C='25.833879111337303', svm_gamma='2.5925190439316834'
189.187517, 1.003361, 189.886552, 5, 0.699035, pca_whiten=''true'', svm_C='29.9278263443308', svm_gamma='5.6831442858984085'
258.285544, 1.002248, 262.790872, 6, 4.505327, pca_whiten=''true'', svm_C='30.34382479008678', svm_gamma='5.2416650334903325'
280.406033, 0.999630, 286.254686, 7, 5.848653, pca_whiten=''false'', svm_C='49.88030159409325', svm_gamma='3.256230908746551'
