{"cpu_time": 0, "total_cpu_time": null, "wallclock_time": 8.7738037109375e-05, "evaluations": 0, "cost": 2147483648, "incumbent": ["pca_whiten=''true''"]}
{"cpu_time": 110.09765386581421, "total_cpu_time": null, "wallclock_time": 110.7018928527832, "evaluations": 1, "cost": 13.189454582821119, "incumbent": ["pca_whiten=''true''"]}
