{"cpu_time": 0, "total_cpu_time": null, "wallclock_time": 0.0014538764953613281, "evaluations": 0, "cost": 2147483648, "incumbent": ["svm_C='0.1'", "svm_gamma='4.005'"]}
{"cpu_time": 5.122907876968384, "total_cpu_time": null, "wallclock_time": 5.147219181060791, "evaluations": 1, "cost": 1.010449563107233, "incumbent": ["svm_C='0.1'", "svm_gamma='4.005'"]}
{"cpu_time": 9.3424232006073, "total_cpu_time": null, "wallclock_time": 9.40099048614502, "evaluations": 2, "cost": 1.007887770539676, "incumbent": ["svm_C='100.0'", "svm_gamma='2.0075'"]}
{"cpu_time": 14.587546586990356, "total_cpu_time": null, "wallclock_time": 14.692158460617065, "evaluations": 3, "cost": 1.0019108514389765, "incumbent": ["svm_C='75.025'", "svm_gamma='4.005'"]}
{"cpu_time": 20.501386880874634, "total_cpu_time": null, "wallclock_time": 20.686595916748047, "evaluations": 4, "cost": 0.9200891897171566, "incumbent": ["svm_C='0.1'", "svm_gamma='0.01'"]}
{"cpu_time": 37.07063364982605, "total_cpu_time": null, "wallclock_time": 37.36867356300354, "evaluations": 7, "cost": 0.6703000151689299, "incumbent": ["svm_C='50.050000000000004'", "svm_gamma='0.01'"]}
{"cpu_time": 59.545204162597656, "total_cpu_time": null, "wallclock_time": 60.143863677978516, "evaluations": 12, "cost": 0.6492307243470595, "incumbent": ["svm_C='75.025'", "svm_gamma='0.01'"]}
