{"cpu_time": 0, "total_cpu_time": null, "wallclock_time": 2.5987625122070312e-05, "evaluations": 0, "cost": 2147483648, "incumbent": []}
{"cpu_time": 0.32018280029296875, "total_cpu_time": null, "wallclock_time": 0.3295571804046631, "evaluations": 1, "cost": 8.270578491313731, "incumbent": []}
