{"cpu_time": 0, "total_cpu_time": null, "wallclock_time": 0.00014734268188476562, "evaluations": 0, "cost": 2147483648, "incumbent": ["isomap_n_components='2'", "isomap_n_neighbors='5'", "rf_max_features='0.5'", "rf_n_estimators='10'"]}
{"cpu_time": 0.8095588684082031, "total_cpu_time": null, "wallclock_time": 0.904437780380249, "evaluations": 1, "cost": 1.5198717159338049, "incumbent": ["isomap_n_components='2'", "isomap_n_neighbors='5'", "rf_max_features='0.5'", "rf_n_estimators='10'"]}
{"cpu_time": 4.3950886726379395, "total_cpu_time": null, "wallclock_time": 4.673926591873169, "evaluations": 2, "cost": 1.1478966375560637, "incumbent": ["isomap_n_components='2'", "isomap_n_neighbors='7'", "rf_max_features='0.7705914184339647'", "rf_n_estimators='220'"]}
{"cpu_time": 6.774850130081177, "total_cpu_time": null, "wallclock_time": 7.162910223007202, "evaluations": 3, "cost": 1.0448828475920946, "incumbent": ["isomap_n_components='4'", "isomap_n_neighbors='5'", "rf_max_features='0.42825496760388254'", "rf_n_estimators='109'"]}
{"cpu_time": 19.457558631896973, "total_cpu_time": null, "wallclock_time": 20.767751932144165, "evaluations": 8, "cost": 0.6301573658495032, "incumbent": ["isomap_n_components='3'", "isomap_n_neighbors='7'", "rf_max_features='0.44181267406188407'", "rf_n_estimators='233'"]}
{"cpu_time": 38.746092796325684, "total_cpu_time": null, "wallclock_time": 40.94006037712097, "evaluations": 14, "cost": 0.6070997349390386, "incumbent": ["isomap_n_components='4'", "isomap_n_neighbors='7'", "rf_max_features='0.5560080927472442'", "rf_n_estimators='258'"]}
{"cpu_time": 52.53854441642761, "total_cpu_time": null, "wallclock_time": 55.87029147148132, "evaluations": 18, "cost": 0.597629283587627, "incumbent": ["isomap_n_components='3'", "isomap_n_neighbors='4'", "rf_max_features='0.6465612808784735'", "rf_n_estimators='264'"]}
{"cpu_time": 144.04944729804993, "total_cpu_time": null, "wallclock_time": 152.6986267566681, "evaluations": 43, "cost": 0.5849994028194864, "incumbent": ["isomap_n_components='2'", "isomap_n_neighbors='4'", "rf_max_features='0.7087821014018643'", "rf_n_estimators='211'"]}
{"cpu_time": 157.35352396965027, "total_cpu_time": null, "wallclock_time": 166.75406455993652, "evaluations": 46, "cost": 0.5842166905708582, "incumbent": ["isomap_n_components='2'", "isomap_n_neighbors='4'", "rf_max_features='0.4724472107210938'", "rf_n_estimators='250'"]}
{"cpu_time": 216.15096402168274, "total_cpu_time": null, "wallclock_time": 229.27582597732544, "evaluations": 74, "cost": 0.5538348928860768, "incumbent": ["isomap_n_components='4'", "isomap_n_neighbors='4'", "rf_max_features='0.3542440446315288'", "rf_n_estimators='183'"]}
{"cpu_time": 219.26017236709595, "total_cpu_time": null, "wallclock_time": 232.6488447189331, "evaluations": 76, "cost": 0.5344876472196831, "incumbent": ["isomap_n_components='4'", "isomap_n_neighbors='4'", "rf_max_features='0.37034511701971645'", "rf_n_estimators='207'"]}
{"cpu_time": 320.42124462127686, "total_cpu_time": null, "wallclock_time": 342.4223268032074, "evaluations": 166, "cost": 0.532581179442965, "incumbent": ["isomap_n_components='2'", "isomap_n_neighbors='4'", "rf_max_features='0.6604018060336139'", "rf_n_estimators='27'"]}
