{"cpu_time": 0, "total_cpu_time": null, "wallclock_time": 0.0001690387725830078, "evaluations": 0, "cost": 2147483648, "incumbent": ["isomap_n_components='2'", "isomap_n_neighbors='5'", "svm_C='0.1'", "svm_gamma='4.005'"]}
{"cpu_time": 1.2113890647888184, "total_cpu_time": null, "wallclock_time": 1.2756617069244385, "evaluations": 1, "cost": 1.043015218673798, "incumbent": ["isomap_n_components='2'", "isomap_n_neighbors='5'", "svm_C='0.1'", "svm_gamma='4.005'"]}
{"cpu_time": 2.1927330493927, "total_cpu_time": null, "wallclock_time": 2.3727128505706787, "evaluations": 2, "cost": 1.0114296072852105, "incumbent": ["isomap_n_components='2'", "isomap_n_neighbors='7'", "svm_C='25.075000000000003'", "svm_gamma='4.005'"]}
{"cpu_time": 8.590996980667114, "total_cpu_time": null, "wallclock_time": 9.147427797317505, "evaluations": 7, "cost": 1.001310614995744, "incumbent": ["isomap_n_components='3'", "isomap_n_neighbors='5'", "svm_C='50.050000000000004'", "svm_gamma='0.01'"]}
{"cpu_time": 117.63031268119812, "total_cpu_time": null, "wallclock_time": 127.72400879859924, "evaluations": 98, "cost": 0.9995105851487694, "incumbent": ["isomap_n_components='3'", "isomap_n_neighbors='6'", "svm_C='50.050000000000004'", "svm_gamma='0.01'"]}
{"cpu_time": 118.48771643638611, "total_cpu_time": null, "wallclock_time": 128.60619068145752, "evaluations": 99, "cost": 0.9989074251129363, "incumbent": ["isomap_n_components='4'", "isomap_n_neighbors='6'", "svm_C='25.075000000000003'", "svm_gamma='0.01'"]}
{"cpu_time": 144.5907793045044, "total_cpu_time": null, "wallclock_time": 157.3452582359314, "evaluations": 122, "cost": 0.9982796798680686, "incumbent": ["isomap_n_components='2'", "isomap_n_neighbors='5'", "svm_C='25.075000000000003'", "svm_gamma='4.005'"]}
