{"cpu_time": 0, "total_cpu_time": null, "wallclock_time": 0.00011992454528808594, "evaluations": 0, "cost": 2147483648, "incumbent": ["pca_whiten=''true''", "rf_max_features='0.5'", "rf_n_estimators='10'"]}
{"cpu_time": 2.986886739730835, "total_cpu_time": null, "wallclock_time": 3.0252370834350586, "evaluations": 1, "cost": 1.6240095015557061, "incumbent": ["pca_whiten=''true''", "rf_max_features='0.5'", "rf_n_estimators='10'"]}
{"cpu_time": 9.637336730957031, "total_cpu_time": null, "wallclock_time": 9.757777452468872, "evaluations": 2, "cost": 0.5118184502237985, "incumbent": ["pca_whiten=''true''", "rf_max_features='0.6263875900678313'", "rf_n_estimators='178'"]}
{"cpu_time": 15.472423315048218, "total_cpu_time": null, "wallclock_time": 15.676437854766846, "evaluations": 3, "cost": 0.5106219939286388, "incumbent": ["pca_whiten=''false''", "rf_max_features='0.3021465708060675'", "rf_n_estimators='203'"]}
{"cpu_time": 422.5179500579834, "total_cpu_time": null, "wallclock_time": 429.68582248687744, "evaluations": 66, "cost": 0.5089169775454067, "incumbent": ["pca_whiten=''true''", "rf_max_features='0.5655102102079415'", "rf_n_estimators='202'"]}
{"cpu_time": 672.0269446372986, "total_cpu_time": null, "wallclock_time": 683.4304459095001, "evaluations": 109, "cost": 0.5039807296048223, "incumbent": ["pca_whiten=''true''", "rf_max_features='0.4116129921961015'", "rf_n_estimators='179'"]}
