{"cpu_time": 0, "total_cpu_time": null, "wallclock_time": 0.00010228157043457031, "evaluations": 0, "cost": 2147483648, "incumbent": ["pca_whiten=''true''", "svm_C='1.0'", "svm_gamma='1.0'"]}
{"cpu_time": 1.1912713050842285, "total_cpu_time": null, "wallclock_time": 1.2087953090667725, "evaluations": 1, "cost": 0.8933726353331902, "incumbent": ["pca_whiten=''true''", "svm_C='1.0'", "svm_gamma='1.0'"]}
{"cpu_time": 12.294177770614624, "total_cpu_time": null, "wallclock_time": 12.581184148788452, "evaluations": 10, "cost": 0.8807607336305309, "incumbent": ["pca_whiten=''true''", "svm_C='28.47602111141865'", "svm_gamma='0.8905090834586253'"]}
{"cpu_time": 16.908502340316772, "total_cpu_time": null, "wallclock_time": 17.32546615600586, "evaluations": 14, "cost": 0.84630926168133, "incumbent": ["pca_whiten=''false''", "svm_C='35.6177788970462'", "svm_gamma='0.6139953250167454'"]}
{"cpu_time": 19.691765546798706, "total_cpu_time": null, "wallclock_time": 20.17843246459961, "evaluations": 16, "cost": 0.8089234177439066, "incumbent": ["pca_whiten=''true''", "svm_C='53.80479657394525'", "svm_gamma='0.3702201544790102'"]}
{"cpu_time": 28.778878450393677, "total_cpu_time": null, "wallclock_time": 29.52795958518982, "evaluations": 24, "cost": 0.7572595574183495, "incumbent": ["pca_whiten=''true''", "svm_C='20.283662209575553'", "svm_gamma='0.1824147757332178'"]}
{"cpu_time": 34.27815246582031, "total_cpu_time": null, "wallclock_time": 35.17794585227966, "evaluations": 29, "cost": 0.687636877701904, "incumbent": ["pca_whiten=''false''", "svm_C='62.50814177672008'", "svm_gamma='0.028977341676197955'"]}
{"cpu_time": 57.00388789176941, "total_cpu_time": null, "wallclock_time": 58.600613594055176, "evaluations": 48, "cost": 0.680672707739112, "incumbent": ["pca_whiten=''false''", "svm_C='8.235335603773642'", "svm_gamma='0.032342007336355255'"]}
{"cpu_time": 84.46110463142395, "total_cpu_time": null, "wallclock_time": 86.94774055480957, "evaluations": 72, "cost": 0.6771980211331652, "incumbent": ["pca_whiten=''false''", "svm_C='15.224545882588446'", "svm_gamma='0.032342007336355255'"]}
