"CPU Time Used","Estimated Training Performance","Wallclock Time","Incumbent ID","Automatic Configurator (CPU) Time","Configuration..."
0.000000, 2147483648.000000, 0.000102, 1, 0.000102, pca_whiten=''true'', svm_C='1.0', svm_gamma='1.0'
1.191271, 0.893373, 1.208795, 1, 0.017524, pca_whiten=''true'', svm_C='1.0', svm_gamma='1.0'
12.294178, 0.880761, 12.581184, 2, 0.287006, pca_whiten=''true'', svm_C='28.47602111141865', svm_gamma='0.8905090834586253'
16.908502, 0.846309, 17.325466, 3, 0.416964, pca_whiten=''false'', svm_C='35.6177788970462', svm_gamma='0.6139953250167454'
19.691766, 0.808923, 20.178432, 4, 0.486667, pca_whiten=''true'', svm_C='53.80479657394525', svm_gamma='0.3702201544790102'
28.778878, 0.757260, 29.527960, 5, 0.749081, pca_whiten=''true'', svm_C='20.283662209575553', svm_gamma='0.1824147757332178'
34.278152, 0.687637, 35.177946, 6, 0.899793, pca_whiten=''false'', svm_C='62.50814177672008', svm_gamma='0.028977341676197955'
57.003888, 0.680673, 58.600614, 7, 1.596726, pca_whiten=''false'', svm_C='8.235335603773642', svm_gamma='0.032342007336355255'
84.461105, 0.677198, 86.947741, 8, 2.486636, pca_whiten=''false'', svm_C='15.224545882588446', svm_gamma='0.032342007336355255'
