{"cpu_time": 0, "total_cpu_time": null, "wallclock_time": 0.00014328956604003906, "evaluations": 0, "cost": 2147483648, "incumbent": ["isomap_n_components='2'", "isomap_n_neighbors='5'", "rf_max_features='0.5'", "rf_n_estimators='10'"]}
{"cpu_time": 2.5148353576660156, "total_cpu_time": null, "wallclock_time": 2.5380218029022217, "evaluations": 1, "cost": 3.1010436522591522, "incumbent": ["isomap_n_components='2'", "isomap_n_neighbors='5'", "rf_max_features='0.5'", "rf_n_estimators='10'"]}
{"cpu_time": 6.275827884674072, "total_cpu_time": null, "wallclock_time": 6.395891904830933, "evaluations": 2, "cost": 1.083998571080601, "incumbent": ["isomap_n_components='2'", "isomap_n_neighbors='7'", "rf_max_features='0.7705914184339647'", "rf_n_estimators='220'"]}
{"cpu_time": 42.57507252693176, "total_cpu_time": null, "wallclock_time": 44.24729633331299, "evaluations": 16, "cost": 1.0748059244014891, "incumbent": ["isomap_n_components='2'", "isomap_n_neighbors='7'", "rf_max_features='0.7088167075508363'", "rf_n_estimators='104'"]}
{"cpu_time": 48.04511904716492, "total_cpu_time": null, "wallclock_time": 49.84055781364441, "evaluations": 18, "cost": 0.9586229514114333, "incumbent": ["isomap_n_components='3'", "isomap_n_neighbors='6'", "rf_max_features='0.3241118338571295'", "rf_n_estimators='100'"]}
{"cpu_time": 57.17028307914734, "total_cpu_time": null, "wallclock_time": 59.15551733970642, "evaluations": 21, "cost": 0.8158866539462865, "incumbent": ["isomap_n_components='4'", "isomap_n_neighbors='6'", "rf_max_features='0.3908563055255074'", "rf_n_estimators='252'"]}
{"cpu_time": 106.51013088226318, "total_cpu_time": null, "wallclock_time": 110.4401044845581, "evaluations": 37, "cost": 0.7408449403995162, "incumbent": ["isomap_n_components='4'", "isomap_n_neighbors='7'", "rf_max_features='0.46859709749464196'", "rf_n_estimators='281'"]}
{"cpu_time": 229.6404242515564, "total_cpu_time": null, "wallclock_time": 237.352365732193, "evaluations": 76, "cost": 0.7385868362486403, "incumbent": ["isomap_n_components='4'", "isomap_n_neighbors='7'", "rf_max_features='0.43532724913252185'", "rf_n_estimators='296'"]}
{"cpu_time": 276.31867933273315, "total_cpu_time": null, "wallclock_time": 285.3868315219879, "evaluations": 90, "cost": 0.686974335163241, "incumbent": ["isomap_n_components='4'", "isomap_n_neighbors='7'", "rf_max_features='0.36486619742777326'", "rf_n_estimators='219'"]}
{"cpu_time": 348.18271136283875, "total_cpu_time": null, "wallclock_time": 359.89726161956787, "evaluations": 111, "cost": 0.6855381195321901, "incumbent": ["isomap_n_components='4'", "isomap_n_neighbors='7'", "rf_max_features='0.3051774590281856'", "rf_n_estimators='300'"]}
{"cpu_time": 555.4092001914978, "total_cpu_time": null, "wallclock_time": 574.6702716350555, "evaluations": 201, "cost": 0.6854346026136163, "incumbent": ["isomap_n_components='4'", "isomap_n_neighbors='7'", "rf_max_features='0.4276271109697572'", "rf_n_estimators='244'"]}
