{"cpu_time": 0, "total_cpu_time": null, "wallclock_time": 9.369850158691406e-05, "evaluations": 0, "cost": 2147483648, "incumbent": ["pca_whiten=''true''", "svm_C='1.0'", "svm_gamma='1.0'"]}
{"cpu_time": 60.030019760131836, "total_cpu_time": null, "wallclock_time": 60.26169729232788, "evaluations": 1, "cost": 0.23623846370662235, "incumbent": ["pca_whiten=''true''", "svm_C='1.0'", "svm_gamma='1.0'"]}
{"cpu_time": 109.63221192359924, "total_cpu_time": null, "wallclock_time": 113.38666534423828, "evaluations": 29, "cost": 0.18982496979958774, "incumbent": ["pca_whiten=''false''", "svm_C='62.50814177672008'", "svm_gamma='0.028977341676197955'"]}
{"cpu_time": 137.72466230392456, "total_cpu_time": null, "wallclock_time": 143.42902326583862, "evaluations": 44, "cost": 0.18481762058018547, "incumbent": ["pca_whiten=''false''", "svm_C='10.943832465895001'", "svm_gamma='0.05185013245213856'"]}
{"cpu_time": 152.10284042358398, "total_cpu_time": null, "wallclock_time": 158.7515149116516, "evaluations": 52, "cost": 0.18336003419214153, "incumbent": ["pca_whiten=''false''", "svm_C='56.083509488605486'", "svm_gamma='0.02223961753110961'"]}
{"cpu_time": 185.5623860359192, "total_cpu_time": null, "wallclock_time": 195.1472339630127, "evaluations": 70, "cost": 0.1775977727020723, "incumbent": ["pca_whiten=''false''", "svm_C='3.006282298004396'", "svm_gamma='0.05185013245213856'"]}
{"cpu_time": 331.75669741630554, "total_cpu_time": null, "wallclock_time": 353.77903628349304, "evaluations": 152, "cost": 0.1772006335971956, "incumbent": ["pca_whiten=''false''", "svm_C='0.5643364048520494'", "svm_gamma='0.042130822744691'"]}
