{"cpu_time": 0, "total_cpu_time": null, "wallclock_time": 0.00012564659118652344, "evaluations": 0, "cost": 2147483648, "incumbent": ["haralick_distance='1'", "pca_whiten=''true''", "svm_C='1.0'", "svm_gamma='1.0'"]}
{"cpu_time": 95.11461043357849, "total_cpu_time": null, "wallclock_time": 95.19343280792236, "evaluations": 1, "cost": 0.4755502963052556, "incumbent": ["haralick_distance='1'", "pca_whiten=''true''", "svm_C='1.0'", "svm_gamma='1.0'"]}
{"cpu_time": 1192.7524108886719, "total_cpu_time": null, "wallclock_time": 1194.4754524230957, "evaluations": 14, "cost": 0.4751141734288804, "incumbent": ["haralick_distance='3'", "pca_whiten=''false''", "svm_C='4.391849103127672'", "svm_gamma='1.1815155118778817'"]}
{"cpu_time": 1600.0151295661926, "total_cpu_time": null, "wallclock_time": 1602.298495054245, "evaluations": 20, "cost": 0.4702943380361846, "incumbent": ["haralick_distance='3'", "pca_whiten=''false''", "svm_C='1.1295885153161773'", "svm_gamma='1.7099126732668202'"]}
