{"cpu_time": 0, "total_cpu_time": null, "wallclock_time": 9.131431579589844e-05, "evaluations": 0, "cost": 2147483648, "incumbent": ["pca_whiten=''true''"]}
{"cpu_time": 1.2894182205200195, "total_cpu_time": null, "wallclock_time": 1.3546397686004639, "evaluations": 1, "cost": 20.86148598730269, "incumbent": ["pca_whiten=''true''"]}
