{"cpu_time": 0, "total_cpu_time": null, "wallclock_time": 2.765655517578125e-05, "evaluations": 0, "cost": 2147483648, "incumbent": []}
{"cpu_time": 0.43211960792541504, "total_cpu_time": null, "wallclock_time": 0.4476194381713867, "evaluations": 1, "cost": 4.523783664383298, "incumbent": []}
