{"cpu_time": 0, "total_cpu_time": null, "wallclock_time": 0.00012826919555664062, "evaluations": 0, "cost": 2147483648, "incumbent": ["isomap_n_components='2'", "isomap_n_neighbors='5'", "svm_C='1.0'", "svm_gamma='1.0'"]}
{"cpu_time": 3.708991765975952, "total_cpu_time": null, "wallclock_time": 3.775691270828247, "evaluations": 1, "cost": 0.5064224042262161, "incumbent": ["isomap_n_components='2'", "isomap_n_neighbors='5'", "svm_C='1.0'", "svm_gamma='1.0'"]}
{"cpu_time": 55.76625657081604, "total_cpu_time": null, "wallclock_time": 57.76161527633667, "evaluations": 16, "cost": 0.49082233978337403, "incumbent": ["isomap_n_components='2'", "isomap_n_neighbors='5'", "svm_C='39.401547414046505'", "svm_gamma='0.24657720949339437'"]}
{"cpu_time": 84.20667290687561, "total_cpu_time": null, "wallclock_time": 87.1616358757019, "evaluations": 23, "cost": 0.4272281622594263, "incumbent": ["isomap_n_components='4'", "isomap_n_neighbors='7'", "svm_C='44.945391696396634'", "svm_gamma='0.0872451846879349'"]}
{"cpu_time": 143.04367232322693, "total_cpu_time": null, "wallclock_time": 148.00211429595947, "evaluations": 39, "cost": 0.42135667610420374, "incumbent": ["isomap_n_components='4'", "isomap_n_neighbors='7'", "svm_C='25.75686368927117'", "svm_gamma='0.07373373773268432'"]}
