{"cpu_time": 0, "total_cpu_time": null, "wallclock_time": 9.608268737792969e-05, "evaluations": 0, "cost": 2147483648, "incumbent": ["isomap_n_components='2'", "isomap_n_neighbors='5'", "svm_C='0.1'", "svm_gamma='4.005'"]}
{"cpu_time": 0.7185149192810059, "total_cpu_time": null, "wallclock_time": 0.7344365119934082, "evaluations": 1, "cost": 0.3750776097040653, "incumbent": ["isomap_n_components='2'", "isomap_n_neighbors='5'", "svm_C='0.1'", "svm_gamma='4.005'"]}
{"cpu_time": 2.903409719467163, "total_cpu_time": null, "wallclock_time": 3.0375728607177734, "evaluations": 4, "cost": 0.3643782514991047, "incumbent": ["isomap_n_components='4'", "isomap_n_neighbors='6'", "svm_C='75.025'", "svm_gamma='0.01'"]}
{"cpu_time": 5.765096664428711, "total_cpu_time": null, "wallclock_time": 6.029240369796753, "evaluations": 8, "cost": 0.33767848599234124, "incumbent": ["isomap_n_components='3'", "isomap_n_neighbors='4'", "svm_C='0.1'", "svm_gamma='4.005'"]}
{"cpu_time": 13.977291107177734, "total_cpu_time": null, "wallclock_time": 14.706856727600098, "evaluations": 20, "cost": 0.3372467566811106, "incumbent": ["isomap_n_components='2'", "isomap_n_neighbors='3'", "svm_C='0.1'", "svm_gamma='4.005'"]}
{"cpu_time": 19.554311513900757, "total_cpu_time": null, "wallclock_time": 20.56818914413452, "evaluations": 28, "cost": 0.3343243946054934, "incumbent": ["isomap_n_components='2'", "isomap_n_neighbors='3'", "svm_C='0.1'", "svm_gamma='6.0024999999999995'"]}
