{"cpu_time": 0, "total_cpu_time": null, "wallclock_time": 8.273124694824219e-05, "evaluations": 0, "cost": 2147483648, "incumbent": ["isomap_n_components='2'", "isomap_n_neighbors='5'"]}
{"cpu_time": 0.4554898738861084, "total_cpu_time": null, "wallclock_time": 0.4723026752471924, "evaluations": 1, "cost": 5.884309362429261, "incumbent": ["isomap_n_components='2'", "isomap_n_neighbors='5'"]}
{"cpu_time": 0.9291284084320068, "total_cpu_time": null, "wallclock_time": 0.9799675941467285, "evaluations": 2, "cost": 4.809388355398872, "incumbent": ["isomap_n_components='2'", "isomap_n_neighbors='7'"]}
{"cpu_time": 2.7473971843719482, "total_cpu_time": null, "wallclock_time": 2.923741340637207, "evaluations": 6, "cost": 4.615936217983388, "incumbent": ["isomap_n_components='4'", "isomap_n_neighbors='4'"]}
