{"cpu_time": 0, "total_cpu_time": null, "wallclock_time": 0.0001285076141357422, "evaluations": 0, "cost": 2147483648, "incumbent": ["isomap_n_components='2'", "isomap_n_neighbors='5'", "rf_max_features='0.5'", "rf_n_estimators='10'"]}
{"cpu_time": 1.6577231884002686, "total_cpu_time": null, "wallclock_time": 1.7065916061401367, "evaluations": 1, "cost": 2.047600927633717, "incumbent": ["isomap_n_components='2'", "isomap_n_neighbors='5'", "rf_max_features='0.5'", "rf_n_estimators='10'"]}
{"cpu_time": 5.263955593109131, "total_cpu_time": null, "wallclock_time": 5.449949026107788, "evaluations": 2, "cost": 0.9319710919748158, "incumbent": ["isomap_n_components='2'", "isomap_n_neighbors='7'", "rf_max_features='0.7705914184339647'", "rf_n_estimators='220'"]}
{"cpu_time": 7.7025675773620605, "total_cpu_time": null, "wallclock_time": 7.921061277389526, "evaluations": 3, "cost": 0.6906673719105004, "incumbent": ["isomap_n_components='4'", "isomap_n_neighbors='5'", "rf_max_features='0.42825496760388254'", "rf_n_estimators='109'"]}
{"cpu_time": 41.760353803634644, "total_cpu_time": null, "wallclock_time": 43.1122100353241, "evaluations": 14, "cost": 0.6121875871385866, "incumbent": ["isomap_n_components='4'", "isomap_n_neighbors='7'", "rf_max_features='0.6737187278293111'", "rf_n_estimators='97'"]}
{"cpu_time": 47.83595609664917, "total_cpu_time": null, "wallclock_time": 49.433473110198975, "evaluations": 16, "cost": 0.5905365898726322, "incumbent": ["isomap_n_components='4'", "isomap_n_neighbors='6'", "rf_max_features='0.33899946033526207'", "rf_n_estimators='60'"]}
{"cpu_time": 61.22799324989319, "total_cpu_time": null, "wallclock_time": 63.17258620262146, "evaluations": 21, "cost": 0.5180126020945389, "incumbent": ["isomap_n_components='4'", "isomap_n_neighbors='6'", "rf_max_features='0.3908563055255074'", "rf_n_estimators='252'"]}
{"cpu_time": 69.360586643219, "total_cpu_time": null, "wallclock_time": 71.57102131843567, "evaluations": 23, "cost": 0.5021695452482978, "incumbent": ["isomap_n_components='4'", "isomap_n_neighbors='7'", "rf_max_features='0.6343316352444657'", "rf_n_estimators='296'"]}
{"cpu_time": 80.83955836296082, "total_cpu_time": null, "wallclock_time": 83.33904600143433, "evaluations": 27, "cost": 0.4506474946940135, "incumbent": ["isomap_n_components='4'", "isomap_n_neighbors='7'", "rf_max_features='0.32090334545660065'", "rf_n_estimators='79'"]}
