{"cpu_time": 0, "total_cpu_time": null, "wallclock_time": 8.177757263183594e-05, "evaluations": 0, "cost": 2147483648, "incumbent": ["pca_whiten=''true''", "svm_C='1.0'", "svm_gamma='1.0'"]}
{"cpu_time": 0.5041530132293701, "total_cpu_time": null, "wallclock_time": 0.5264279842376709, "evaluations": 1, "cost": 0.7919104861168389, "incumbent": ["pca_whiten=''true''", "svm_C='1.0'", "svm_gamma='1.0'"]}
{"cpu_time": 4.885434627532959, "total_cpu_time": null, "wallclock_time": 5.189762115478516, "evaluations": 9, "cost": 0.7896842827750726, "incumbent": ["pca_whiten=''true''", "svm_C='25.833879111337303'", "svm_gamma='2.5925190439316834'"]}
{"cpu_time": 5.361894607543945, "total_cpu_time": null, "wallclock_time": 5.727928876876831, "evaluations": 10, "cost": 0.7334467875445202, "incumbent": ["pca_whiten=''true''", "svm_C='28.47602111141865'", "svm_gamma='0.8905090834586253'"]}
{"cpu_time": 7.713581323623657, "total_cpu_time": null, "wallclock_time": 8.307066202163696, "evaluations": 14, "cost": 0.7292690028153141, "incumbent": ["pca_whiten=''false''", "svm_C='56.64875278433076'", "svm_gamma='0.5793081895462031'"]}
{"cpu_time": 10.169670104980469, "total_cpu_time": null, "wallclock_time": 10.910938262939453, "evaluations": 18, "cost": 0.7215336705224066, "incumbent": ["pca_whiten=''true''", "svm_C='52.722695684648635'", "svm_gamma='0.05314718755476485'"]}
{"cpu_time": 11.588541746139526, "total_cpu_time": null, "wallclock_time": 12.415936946868896, "evaluations": 20, "cost": 0.7146017352058003, "incumbent": ["pca_whiten=''true''", "svm_C='27.062022196808144'", "svm_gamma='0.1256736561715909'"]}
{"cpu_time": 14.685704708099365, "total_cpu_time": null, "wallclock_time": 15.783047914505005, "evaluations": 26, "cost": 0.7002026161149274, "incumbent": ["pca_whiten=''false''", "svm_C='79.05614959177805'", "svm_gamma='0.3062810455350955'"]}
{"cpu_time": 22.409440755844116, "total_cpu_time": null, "wallclock_time": 24.071491956710815, "evaluations": 40, "cost": 0.7001511574742083, "incumbent": ["pca_whiten=''true''", "svm_C='83.69000852021503'", "svm_gamma='0.2879199515128842'"]}
{"cpu_time": 24.50282382965088, "total_cpu_time": null, "wallclock_time": 26.337531089782715, "evaluations": 44, "cost": 0.6970191107404141, "incumbent": ["pca_whiten=''false''", "svm_C='87.4793847424389'", "svm_gamma='0.3002484538432688'"]}
{"cpu_time": 36.15128016471863, "total_cpu_time": null, "wallclock_time": 38.9549663066864, "evaluations": 66, "cost": 0.6955742466924493, "incumbent": ["pca_whiten=''true''", "svm_C='74.3542156212174'", "svm_gamma='0.3062810455350955'"]}
{"cpu_time": 47.12161684036255, "total_cpu_time": null, "wallclock_time": 50.79905128479004, "evaluations": 86, "cost": 0.6950471687596025, "incumbent": ["pca_whiten=''true''", "svm_C='68.9922879605943'", "svm_gamma='0.2710661495139127'"]}
