{"cpu_time": 0, "total_cpu_time": null, "wallclock_time": 0.0001220703125, "evaluations": 0, "cost": 2147483648, "incumbent": ["isomap_n_components='2'", "isomap_n_neighbors='5'", "svm_C='0.1'", "svm_gamma='4.005'"]}
{"cpu_time": 0.7309887409210205, "total_cpu_time": null, "wallclock_time": 0.7703022956848145, "evaluations": 1, "cost": 1.0327316608199153, "incumbent": ["isomap_n_components='2'", "isomap_n_neighbors='5'", "svm_C='0.1'", "svm_gamma='4.005'"]}
{"cpu_time": 1.548896312713623, "total_cpu_time": null, "wallclock_time": 1.6579303741455078, "evaluations": 2, "cost": 1.0101601812969627, "incumbent": ["isomap_n_components='2'", "isomap_n_neighbors='7'", "svm_C='25.075000000000003'", "svm_gamma='4.005'"]}
{"cpu_time": 2.327031373977661, "total_cpu_time": null, "wallclock_time": 2.4578194618225098, "evaluations": 3, "cost": 1.0080205081419145, "incumbent": ["isomap_n_components='2'", "isomap_n_neighbors='5'", "svm_C='50.050000000000004'", "svm_gamma='8.0'"]}
{"cpu_time": 3.258284330368042, "total_cpu_time": null, "wallclock_time": 3.528547525405884, "evaluations": 4, "cost": 0.9944046080121742, "incumbent": ["isomap_n_components='4'", "isomap_n_neighbors='6'", "svm_C='75.025'", "svm_gamma='0.01'"]}
