{"cpu_time": 0, "total_cpu_time": null, "wallclock_time": 0.00013875961303710938, "evaluations": 0, "cost": 2147483648, "incumbent": ["isomap_n_components='2'", "isomap_n_neighbors='5'", "rf_max_features='0.5'", "rf_n_estimators='10'"]}
{"cpu_time": 0.7509098052978516, "total_cpu_time": null, "wallclock_time": 0.8133399486541748, "evaluations": 1, "cost": 1.5198717159338049, "incumbent": ["isomap_n_components='2'", "isomap_n_neighbors='5'", "rf_max_features='0.5'", "rf_n_estimators='10'"]}
{"cpu_time": 2.977966547012329, "total_cpu_time": null, "wallclock_time": 3.109729290008545, "evaluations": 2, "cost": 0.6831049274923741, "incumbent": ["isomap_n_components='2'", "isomap_n_neighbors='7'", "rf_max_features='0.7705914184339647'", "rf_n_estimators='220'"]}
{"cpu_time": 11.052754878997803, "total_cpu_time": null, "wallclock_time": 11.799449682235718, "evaluations": 8, "cost": 0.5623121257057472, "incumbent": ["isomap_n_components='2'", "isomap_n_neighbors='4'", "rf_max_features='0.6776752889588842'", "rf_n_estimators='213'"]}
{"cpu_time": 39.39480495452881, "total_cpu_time": null, "wallclock_time": 41.83347964286804, "evaluations": 24, "cost": 0.5499878654430707, "incumbent": ["isomap_n_components='4'", "isomap_n_neighbors='4'", "rf_max_features='0.32506803249497074'", "rf_n_estimators='211'"]}
{"cpu_time": 70.60672974586487, "total_cpu_time": null, "wallclock_time": 75.15622639656067, "evaluations": 42, "cost": 0.5278096573398131, "incumbent": ["isomap_n_components='4'", "isomap_n_neighbors='4'", "rf_max_features='0.42774463636049775'", "rf_n_estimators='202'"]}
{"cpu_time": 99.30014729499817, "total_cpu_time": null, "wallclock_time": 105.54745316505432, "evaluations": 66, "cost": 0.5170003335332078, "incumbent": ["isomap_n_components='4'", "isomap_n_neighbors='4'", "rf_max_features='0.6696907900953248'", "rf_n_estimators='69'"]}
