{"cpu_time": 0, "total_cpu_time": null, "wallclock_time": 0.010394573211669922, "evaluations": 0, "cost": 2147483648, "incumbent": ["pca_whiten=''true''", "rf_max_features='0.5'", "rf_n_estimators='10'"]}
{"cpu_time": 0.933321475982666, "total_cpu_time": null, "wallclock_time": 0.9754760265350342, "evaluations": 1, "cost": 1.3565532756756131, "incumbent": ["pca_whiten=''true''", "rf_max_features='0.5'", "rf_n_estimators='10'"]}
{"cpu_time": 2.1592743396759033, "total_cpu_time": null, "wallclock_time": 2.23405385017395, "evaluations": 2, "cost": 0.7038960689704936, "incumbent": ["pca_whiten=''true''", "rf_max_features='0.6263875900678313'", "rf_n_estimators='178'"]}
{"cpu_time": 6.312150239944458, "total_cpu_time": null, "wallclock_time": 6.455307722091675, "evaluations": 5, "cost": 0.6946681118869362, "incumbent": ["pca_whiten=''true''", "rf_max_features='0.6948449041611862'", "rf_n_estimators='249'"]}
