{"cpu_time": 0, "total_cpu_time": null, "wallclock_time": 0.00013494491577148438, "evaluations": 0, "cost": 2147483648, "incumbent": ["rf_max_features='0.5'", "rf_n_estimators='81'"]}
{"cpu_time": 4.4906885623931885, "total_cpu_time": null, "wallclock_time": 4.51706075668335, "evaluations": 1, "cost": 0.11699111587220608, "incumbent": ["rf_max_features='0.5'", "rf_n_estimators='81'"]}
{"cpu_time": 13.220548391342163, "total_cpu_time": null, "wallclock_time": 13.32519268989563, "evaluations": 3, "cost": 0.11651676667597378, "incumbent": ["rf_max_features='0.5'", "rf_n_estimators='154'"]}
