{"cpu_time": 0, "total_cpu_time": null, "wallclock_time": 0.00010204315185546875, "evaluations": 0, "cost": 2147483648, "incumbent": ["pca_whiten=''true''", "rf_max_features='0.5'", "rf_n_estimators='10'"]}
{"cpu_time": 49.66038179397583, "total_cpu_time": null, "wallclock_time": 49.74758291244507, "evaluations": 1, "cost": 1.0578957353635468, "incumbent": ["pca_whiten=''true''", "rf_max_features='0.5'", "rf_n_estimators='10'"]}
{"cpu_time": 52.622960329055786, "total_cpu_time": null, "wallclock_time": 52.76708507537842, "evaluations": 2, "cost": 0.2802536844199454, "incumbent": ["pca_whiten=''true''", "rf_max_features='0.6263875900678313'", "rf_n_estimators='178'"]}
{"cpu_time": 55.567469358444214, "total_cpu_time": null, "wallclock_time": 55.72951626777649, "evaluations": 3, "cost": 0.27704468022302825, "incumbent": ["pca_whiten=''false''", "rf_max_features='0.3021465708060675'", "rf_n_estimators='203'"]}
{"cpu_time": 124.01885318756104, "total_cpu_time": null, "wallclock_time": 125.35949611663818, "evaluations": 26, "cost": 0.2748851405535689, "incumbent": ["pca_whiten=''false''", "rf_max_features='0.429428503962775'", "rf_n_estimators='114'"]}
{"cpu_time": 325.6142919063568, "total_cpu_time": null, "wallclock_time": 331.1354970932007, "evaluations": 96, "cost": 0.2747015065031618, "incumbent": ["pca_whiten=''false''", "rf_max_features='0.4079240549522222'", "rf_n_estimators='278'"]}
{"cpu_time": 442.49335646629333, "total_cpu_time": null, "wallclock_time": 450.6654415130615, "evaluations": 138, "cost": 0.2733132225617672, "incumbent": ["pca_whiten=''true''", "rf_max_features='0.3317875723392863'", "rf_n_estimators='28'"]}
{"cpu_time": 596.6869790554047, "total_cpu_time": null, "wallclock_time": 608.1699552536011, "evaluations": 206, "cost": 0.27223656765109866, "incumbent": ["pca_whiten=''true''", "rf_max_features='0.3791299603611634'", "rf_n_estimators='27'"]}
