"CPU Time Used","Estimated Training Performance","Wallclock Time","Incumbent ID","Automatic Configurator (CPU) Time","Configuration..."
0.000000, 2147483648.000000, 0.000652, 1, 0.000652, pca_whiten=''true'', svm_C='1.0', svm_gamma='1.0'
8.065470, 0.894846, 8.314907, 1, 0.249437, pca_whiten=''true'', svm_C='1.0', svm_gamma='1.0'
42.629631, 0.880112, 44.062095, 2, 1.432464, pca_whiten=''true'', svm_C='28.47602111141865', svm_gamma='0.8905090834586253'
86.479188, 0.824334, 89.167255, 3, 2.688066, pca_whiten=''false'', svm_C='29.658480254230458', svm_gamma='0.4591233674639455'
97.440639, 0.739235, 100.540896, 4, 3.100257, pca_whiten=''false'', svm_C='24.65812186819499', svm_gamma='0.14571716531391002'
111.170099, 0.695935, 114.751130, 5, 3.581030, pca_whiten=''false'', svm_C='62.50814177672008', svm_gamma='0.028977341676197955'
144.335399, 0.695864, 149.392054, 6, 5.056656, pca_whiten=''false'', svm_C='53.73916728653797', svm_gamma='0.03917360151637708'
190.634028, 0.676399, 197.462808, 7, 6.828780, pca_whiten=''true'', svm_C='9.101556828777612', svm_gamma='0.06448040418676435'
401.527360, 0.673541, 415.165922, 8, 13.638562, pca_whiten=''true'', svm_C='9.851721791919397', svm_gamma='0.06448040418676435'
