{"cpu_time": 0, "total_cpu_time": null, "wallclock_time": 0.0006518363952636719, "evaluations": 0, "cost": 2147483648, "incumbent": ["pca_whiten=''true''", "svm_C='1.0'", "svm_gamma='1.0'"]}
{"cpu_time": 8.065470457077026, "total_cpu_time": null, "wallclock_time": 8.314907312393188, "evaluations": 1, "cost": 0.894845543858461, "incumbent": ["pca_whiten=''true''", "svm_C='1.0'", "svm_gamma='1.0'"]}
{"cpu_time": 42.62963128089905, "total_cpu_time": null, "wallclock_time": 44.062094926834106, "evaluations": 10, "cost": 0.8801116794482197, "incumbent": ["pca_whiten=''true''", "svm_C='28.47602111141865'", "svm_gamma='0.8905090834586253'"]}
{"cpu_time": 86.47918844223022, "total_cpu_time": null, "wallclock_time": 89.16725492477417, "evaluations": 22, "cost": 0.8243335273512179, "incumbent": ["pca_whiten=''false''", "svm_C='29.658480254230458'", "svm_gamma='0.4591233674639455'"]}
{"cpu_time": 97.44063925743103, "total_cpu_time": null, "wallclock_time": 100.54089641571045, "evaluations": 25, "cost": 0.7392351037558633, "incumbent": ["pca_whiten=''false''", "svm_C='24.65812186819499'", "svm_gamma='0.14571716531391002'"]}
{"cpu_time": 111.17009949684143, "total_cpu_time": null, "wallclock_time": 114.75112962722778, "evaluations": 29, "cost": 0.695935106403105, "incumbent": ["pca_whiten=''false''", "svm_C='62.50814177672008'", "svm_gamma='0.028977341676197955'"]}
{"cpu_time": 144.33539867401123, "total_cpu_time": null, "wallclock_time": 149.3920543193817, "evaluations": 38, "cost": 0.6958639980524136, "incumbent": ["pca_whiten=''false''", "svm_C='53.73916728653797'", "svm_gamma='0.03917360151637708'"]}
{"cpu_time": 190.63402795791626, "total_cpu_time": null, "wallclock_time": 197.46280765533447, "evaluations": 50, "cost": 0.6763989008555177, "incumbent": ["pca_whiten=''true''", "svm_C='9.101556828777612'", "svm_gamma='0.06448040418676435'"]}
{"cpu_time": 401.52736020088196, "total_cpu_time": null, "wallclock_time": 415.1659219264984, "evaluations": 110, "cost": 0.6735414122462743, "incumbent": ["pca_whiten=''true''", "svm_C='9.851721791919397'", "svm_gamma='0.06448040418676435'"]}
