{"cpu_time": 0, "total_cpu_time": null, "wallclock_time": 0.00014138221740722656, "evaluations": 0, "cost": 2147483648, "incumbent": ["haralick_distance='1'", "pca_whiten=''true''", "svm_C='1.0'", "svm_gamma='1.0'"]}
{"cpu_time": 29.411460876464844, "total_cpu_time": null, "wallclock_time": 29.500362873077393, "evaluations": 1, "cost": 0.4535834695249004, "incumbent": ["haralick_distance='1'", "pca_whiten=''true''", "svm_C='1.0'", "svm_gamma='1.0'"]}
{"cpu_time": 371.7576687335968, "total_cpu_time": null, "wallclock_time": 373.4165823459625, "evaluations": 14, "cost": 0.44428986723492936, "incumbent": ["haralick_distance='1'", "pca_whiten=''true''", "svm_C='18.851773698074364'", "svm_gamma='3.117915677628864'"]}
{"cpu_time": 1050.3609750270844, "total_cpu_time": null, "wallclock_time": 1055.542650938034, "evaluations": 49, "cost": 0.44390029782107865, "incumbent": ["haralick_distance='2'", "pca_whiten=''true''", "svm_C='81.77466386009247'", "svm_gamma='5.550062774301053'"]}
{"cpu_time": 1264.7868342399597, "total_cpu_time": null, "wallclock_time": 1271.0552265644073, "evaluations": 60, "cost": 0.4387177588820082, "incumbent": ["haralick_distance='1'", "pca_whiten=''false''", "svm_C='0.6133471734943663'", "svm_gamma='3.1075716288398794'"]}
{"cpu_time": 1501.861491203308, "total_cpu_time": null, "wallclock_time": 1509.3045659065247, "evaluations": 72, "cost": 0.4386546142946466, "incumbent": ["haralick_distance='1'", "pca_whiten=''false''", "svm_C='0.6133471734943663'", "svm_gamma='1.9539680215808173'"]}
{"cpu_time": 1575.562612771988, "total_cpu_time": null, "wallclock_time": 1583.335634469986, "evaluations": 76, "cost": 0.43196160367303743, "incumbent": ["haralick_distance='1'", "pca_whiten=''false''", "svm_C='0.3521134569137302'", "svm_gamma='3.2474761972874466'"]}
