{"cpu_time": 0, "total_cpu_time": null, "wallclock_time": 7.128715515136719e-05, "evaluations": 0, "cost": 2147483648, "incumbent": ["pca_whiten=''true''"]}
{"cpu_time": 0.30441784858703613, "total_cpu_time": null, "wallclock_time": 0.33461523056030273, "evaluations": 1, "cost": 2.5485216363866017, "incumbent": ["pca_whiten=''true''"]}
