{"cpu_time": 0, "total_cpu_time": null, "wallclock_time": 0.00011587142944335938, "evaluations": 0, "cost": 2147483648, "incumbent": ["isomap_n_components='2'", "isomap_n_neighbors='5'", "svm_C='1.0'", "svm_gamma='1.0'"]}
{"cpu_time": 0.7434625625610352, "total_cpu_time": null, "wallclock_time": 0.7588865756988525, "evaluations": 1, "cost": 0.37595576201146524, "incumbent": ["isomap_n_components='2'", "isomap_n_neighbors='5'", "svm_C='1.0'", "svm_gamma='1.0'"]}
{"cpu_time": 1.591886043548584, "total_cpu_time": null, "wallclock_time": 1.649390459060669, "evaluations": 2, "cost": 0.37041925922400015, "incumbent": ["isomap_n_components='2'", "isomap_n_neighbors='7'", "svm_C='94.12416540310615'", "svm_gamma='5.804177494310886'"]}
{"cpu_time": 2.354994297027588, "total_cpu_time": null, "wallclock_time": 2.4285049438476562, "evaluations": 3, "cost": 0.3500076763459566, "incumbent": ["isomap_n_components='4'", "isomap_n_neighbors='5'", "svm_C='25.725342527255737'", "svm_gamma='2.7907769724696707'"]}
{"cpu_time": 8.927268743515015, "total_cpu_time": null, "wallclock_time": 9.370146751403809, "evaluations": 12, "cost": 0.3476204943816142, "incumbent": ["isomap_n_components='4'", "isomap_n_neighbors='3'", "svm_C='14.281082604187544'", "svm_gamma='2.092069934230994'"]}
{"cpu_time": 15.821281433105469, "total_cpu_time": null, "wallclock_time": 16.590117692947388, "evaluations": 21, "cost": 0.342223842205442, "incumbent": ["isomap_n_components='4'", "isomap_n_neighbors='6'", "svm_C='18.253089843996378'", "svm_gamma='6.675583330720798'"]}
{"cpu_time": 16.593711376190186, "total_cpu_time": null, "wallclock_time": 17.446645259857178, "evaluations": 22, "cost": 0.3298457004083076, "incumbent": ["isomap_n_components='4'", "isomap_n_neighbors='6'", "svm_C='16.402530478025096'", "svm_gamma='3.606271067940275'"]}
{"cpu_time": 20.444319009780884, "total_cpu_time": null, "wallclock_time": 21.473308324813843, "evaluations": 27, "cost": 0.3297172232791168, "incumbent": ["isomap_n_components='4'", "isomap_n_neighbors='7'", "svm_C='4.276488422228812'", "svm_gamma='1.9701559174126142'"]}
{"cpu_time": 22.78568696975708, "total_cpu_time": null, "wallclock_time": 23.964884519577026, "evaluations": 30, "cost": 0.3222173041078286, "incumbent": ["isomap_n_components='4'", "isomap_n_neighbors='6'", "svm_C='9.115039467245929'", "svm_gamma='3.4129839945151836'"]}
{"cpu_time": 29.044257640838623, "total_cpu_time": null, "wallclock_time": 30.60001254081726, "evaluations": 38, "cost": 0.31930343687411405, "incumbent": ["isomap_n_components='4'", "isomap_n_neighbors='6'", "svm_C='6.008350417468754'", "svm_gamma='3.3049325914956817'"]}
{"cpu_time": 41.290740966796875, "total_cpu_time": null, "wallclock_time": 43.5426299571991, "evaluations": 54, "cost": 0.30636252767869054, "incumbent": ["isomap_n_components='4'", "isomap_n_neighbors='6'", "svm_C='0.7970495020596686'", "svm_gamma='7.682876664271286'"]}
{"cpu_time": 47.366605281829834, "total_cpu_time": null, "wallclock_time": 49.950626850128174, "evaluations": 62, "cost": 0.3045457691946226, "incumbent": ["isomap_n_components='4'", "isomap_n_neighbors='6'", "svm_C='0.5129557995114754'", "svm_gamma='7.606963244074643'"]}
{"cpu_time": 71.51608395576477, "total_cpu_time": null, "wallclock_time": 75.50441813468933, "evaluations": 94, "cost": 0.30437087936402024, "incumbent": ["isomap_n_components='4'", "isomap_n_neighbors='6'", "svm_C='0.5129557995114754'", "svm_gamma='7.820932740660317'"]}
