{"cpu_time": 0, "total_cpu_time": null, "wallclock_time": 0.00015234947204589844, "evaluations": 0, "cost": 2147483648, "incumbent": ["haralick_distance='1'", "pca_whiten=''true''", "rf_max_features='0.5'", "rf_n_estimators='10'"]}
{"cpu_time": 87.90633392333984, "total_cpu_time": null, "wallclock_time": 87.96786427497864, "evaluations": 1, "cost": 0.8244109222631448, "incumbent": ["haralick_distance='1'", "pca_whiten=''true''", "rf_max_features='0.5'", "rf_n_estimators='10'"]}
{"cpu_time": 181.79439902305603, "total_cpu_time": null, "wallclock_time": 182.00781869888306, "evaluations": 2, "cost": 0.48006701931816864, "incumbent": ["haralick_distance='1'", "pca_whiten=''true''", "rf_max_features='0.5914675755540864'", "rf_n_estimators='259'"]}
{"cpu_time": 269.1106572151184, "total_cpu_time": null, "wallclock_time": 269.3736412525177, "evaluations": 3, "cost": 0.3665951519424147, "incumbent": ["haralick_distance='2'", "pca_whiten=''true''", "rf_max_features='0.49829813910866494'", "rf_n_estimators='39'"]}
{"cpu_time": 449.6843752861023, "total_cpu_time": null, "wallclock_time": 450.06512212753296, "evaluations": 5, "cost": 0.3664217364752769, "incumbent": ["haralick_distance='2'", "pca_whiten=''true''", "rf_max_features='0.36113899979178665'", "rf_n_estimators='248'"]}
{"cpu_time": 908.1512699127197, "total_cpu_time": null, "wallclock_time": 909.0176041126251, "evaluations": 10, "cost": 0.36556105125411337, "incumbent": ["haralick_distance='2'", "pca_whiten=''true''", "rf_max_features='0.4916315958303365'", "rf_n_estimators='35'"]}
{"cpu_time": 4358.052578210831, "total_cpu_time": null, "wallclock_time": 4364.362053394318, "evaluations": 64, "cost": 0.3643059030525407, "incumbent": ["haralick_distance='2'", "pca_whiten=''false''", "rf_max_features='0.34996337825440244'", "rf_n_estimators='48'"]}
{"cpu_time": 7595.016492128372, "total_cpu_time": null, "wallclock_time": 7606.770243167877, "evaluations": 116, "cost": 0.3627619341101105, "incumbent": ["haralick_distance='2'", "pca_whiten=''true''", "rf_max_features='0.6319121341538111'", "rf_n_estimators='86'"]}
{"cpu_time": 10019.055275201797, "total_cpu_time": null, "wallclock_time": 10034.639173030853, "evaluations": 154, "cost": 0.3616335371295731, "incumbent": ["haralick_distance='2'", "pca_whiten=''false''", "rf_max_features='0.7626267818643294'", "rf_n_estimators='208'"]}
