{"cpu_time": 0, "total_cpu_time": null, "wallclock_time": 0.0005061626434326172, "evaluations": 0, "cost": 2147483648, "incumbent": ["pca_whiten=''true''", "rf_max_features='0.5'", "rf_n_estimators='10'"]}
{"cpu_time": 5.6868932247161865, "total_cpu_time": null, "wallclock_time": 5.763265371322632, "evaluations": 1, "cost": 0.9002537656396497, "incumbent": ["pca_whiten=''true''", "rf_max_features='0.5'", "rf_n_estimators='10'"]}
{"cpu_time": 13.014955759048462, "total_cpu_time": null, "wallclock_time": 13.194480180740356, "evaluations": 2, "cost": 0.28252403934311476, "incumbent": ["pca_whiten=''true''", "rf_max_features='0.6263875900678313'", "rf_n_estimators='178'"]}
{"cpu_time": 18.790592432022095, "total_cpu_time": null, "wallclock_time": 18.99872136116028, "evaluations": 3, "cost": 0.28083736945110005, "incumbent": ["pca_whiten=''false''", "rf_max_features='0.3021465708060675'", "rf_n_estimators='203'"]}
{"cpu_time": 24.292861938476562, "total_cpu_time": null, "wallclock_time": 24.59149980545044, "evaluations": 4, "cost": 0.2798999685742321, "incumbent": ["pca_whiten=''true''", "rf_max_features='0.30586418148323496'", "rf_n_estimators='221'"]}
{"cpu_time": 42.09862470626831, "total_cpu_time": null, "wallclock_time": 42.539531230926514, "evaluations": 7, "cost": 0.2779600139046871, "incumbent": ["pca_whiten=''false''", "rf_max_features='0.5169655679501186'", "rf_n_estimators='270'"]}
{"cpu_time": 81.12659096717834, "total_cpu_time": null, "wallclock_time": 82.26269268989563, "evaluations": 15, "cost": 0.2737906274249543, "incumbent": ["pca_whiten=''true''", "rf_max_features='0.44928842014179576'", "rf_n_estimators='216'"]}
