{"cpu_time": 0, "total_cpu_time": null, "wallclock_time": 0.00010991096496582031, "evaluations": 0, "cost": 2147483648, "incumbent": ["isomap_n_components='2'", "isomap_n_neighbors='5'", "rf_max_features='0.5'", "rf_n_estimators='10'"]}
{"cpu_time": 0.46827054023742676, "total_cpu_time": null, "wallclock_time": 0.488109827041626, "evaluations": 1, "cost": 5.093023557209117, "incumbent": ["isomap_n_components='2'", "isomap_n_neighbors='5'", "rf_max_features='0.5'", "rf_n_estimators='10'"]}
{"cpu_time": 1.6317603588104248, "total_cpu_time": null, "wallclock_time": 1.6928091049194336, "evaluations": 2, "cost": 1.941777531087639, "incumbent": ["isomap_n_components='2'", "isomap_n_neighbors='7'", "rf_max_features='0.7705914184339647'", "rf_n_estimators='220'"]}
{"cpu_time": 9.69153380393982, "total_cpu_time": null, "wallclock_time": 10.103623867034912, "evaluations": 11, "cost": 1.78453370419975, "incumbent": ["isomap_n_components='4'", "isomap_n_neighbors='5'", "rf_max_features='0.7526640253456993'", "rf_n_estimators='139'"]}
{"cpu_time": 18.17880892753601, "total_cpu_time": null, "wallclock_time": 19.040858030319214, "evaluations": 21, "cost": 1.6118528886008718, "incumbent": ["isomap_n_components='4'", "isomap_n_neighbors='6'", "rf_max_features='0.3908563055255074'", "rf_n_estimators='252'"]}
{"cpu_time": 40.02407217025757, "total_cpu_time": null, "wallclock_time": 41.84683966636658, "evaluations": 41, "cost": 1.6011284953616862, "incumbent": ["isomap_n_components='3'", "isomap_n_neighbors='4'", "rf_max_features='0.5346840550934839'", "rf_n_estimators='241'"]}
