{"cpu_time": 0, "total_cpu_time": null, "wallclock_time": 0.006840229034423828, "evaluations": 0, "cost": 2147483648, "incumbent": ["pca_whiten=''true''", "rf_max_features='0.5'", "rf_n_estimators='10'"]}
{"cpu_time": 6.240325450897217, "total_cpu_time": null, "wallclock_time": 6.364161491394043, "evaluations": 1, "cost": 1.0831693022361029, "incumbent": ["pca_whiten=''true''", "rf_max_features='0.5'", "rf_n_estimators='10'"]}
{"cpu_time": 19.24438452720642, "total_cpu_time": null, "wallclock_time": 19.536446809768677, "evaluations": 2, "cost": 0.5956083287684826, "incumbent": ["pca_whiten=''true''", "rf_max_features='0.6263875900678313'", "rf_n_estimators='178'"]}
{"cpu_time": 45.90699577331543, "total_cpu_time": null, "wallclock_time": 46.5740852355957, "evaluations": 4, "cost": 0.595549890053853, "incumbent": ["pca_whiten=''true''", "rf_max_features='0.30586418148323496'", "rf_n_estimators='221'"]}
{"cpu_time": 85.56168484687805, "total_cpu_time": null, "wallclock_time": 86.59233379364014, "evaluations": 7, "cost": 0.5895879826005515, "incumbent": ["pca_whiten=''false''", "rf_max_features='0.5169655679501186'", "rf_n_estimators='270'"]}
{"cpu_time": 168.63183283805847, "total_cpu_time": null, "wallclock_time": 170.64605593681335, "evaluations": 15, "cost": 0.5892623434883498, "incumbent": ["pca_whiten=''true''", "rf_max_features='0.44928842014179576'", "rf_n_estimators='216'"]}
{"cpu_time": 179.72174382209778, "total_cpu_time": null, "wallclock_time": 181.89430594444275, "evaluations": 16, "cost": 0.5834853399069124, "incumbent": ["pca_whiten=''true''", "rf_max_features='0.36558082930152'", "rf_n_estimators='212'"]}
{"cpu_time": 272.7496271133423, "total_cpu_time": null, "wallclock_time": 276.0700857639313, "evaluations": 24, "cost": 0.5345467090340801, "incumbent": ["pca_whiten=''false''", "rf_max_features='0.3021494799425973'", "rf_n_estimators='88'"]}
