{"cpu_time": 0, "total_cpu_time": null, "wallclock_time": 0.0001385211944580078, "evaluations": 0, "cost": 2147483648, "incumbent": ["haralick_distance='1'", "pca_whiten=''true''", "svm_C='1.0'", "svm_gamma='1.0'"]}
{"cpu_time": 56.16584920883179, "total_cpu_time": null, "wallclock_time": 56.18392014503479, "evaluations": 1, "cost": 0.920980506300503, "incumbent": ["haralick_distance='1'", "pca_whiten=''true''", "svm_C='1.0'", "svm_gamma='1.0'"]}
{"cpu_time": 170.09840655326843, "total_cpu_time": null, "wallclock_time": 170.18698930740356, "evaluations": 3, "cost": 0.8042118407344144, "incumbent": ["haralick_distance='2'", "pca_whiten=''true''", "svm_C='39.719968193911264'", "svm_gamma='0.8615789437416754'"]}
{"cpu_time": 510.81480860710144, "total_cpu_time": null, "wallclock_time": 511.1732761859894, "evaluations": 10, "cost": 0.7977604351558482, "incumbent": ["haralick_distance='2'", "pca_whiten=''true''", "svm_C='38.38799284690124'", "svm_gamma='0.7476696977530946'"]}
{"cpu_time": 696.7096560001373, "total_cpu_time": null, "wallclock_time": 697.198992729187, "evaluations": 14, "cost": 0.7733246066563315, "incumbent": ["haralick_distance='3'", "pca_whiten=''true''", "svm_C='37.694357510091514'", "svm_gamma='0.80733444931765'"]}
{"cpu_time": 1530.9473383426666, "total_cpu_time": null, "wallclock_time": 1532.1508944034576, "evaluations": 32, "cost": 0.7671354907993854, "incumbent": ["haralick_distance='2'", "pca_whiten=''true''", "svm_C='28.81566287331829'", "svm_gamma='0.2657970271278167'"]}
{"cpu_time": 2177.0440142154694, "total_cpu_time": null, "wallclock_time": 2178.8283648490906, "evaluations": 46, "cost": 0.7658167366142439, "incumbent": ["haralick_distance='3'", "pca_whiten=''true''", "svm_C='63.97301983887066'", "svm_gamma='0.04801689638067097'"]}
{"cpu_time": 2269.214879989624, "total_cpu_time": null, "wallclock_time": 2271.0659263134003, "evaluations": 48, "cost": 0.7498085801614613, "incumbent": ["haralick_distance='3'", "pca_whiten=''false''", "svm_C='95.23613921720631'", "svm_gamma='0.30880003554400365'"]}
{"cpu_time": 6477.687007665634, "total_cpu_time": null, "wallclock_time": 6483.4109354019165, "evaluations": 142, "cost": 0.7486851195637444, "incumbent": ["haralick_distance='3'", "pca_whiten=''false''", "svm_C='38.91896100255569'", "svm_gamma='0.2885219628909671'"]}
{"cpu_time": 7306.423323631287, "total_cpu_time": null, "wallclock_time": 7312.93269610405, "evaluations": 162, "cost": 0.7468159155890625, "incumbent": ["haralick_distance='3'", "pca_whiten=''true''", "svm_C='30.767503046729235'", "svm_gamma='0.28633053506052003'"]}
{"cpu_time": 9247.399517536163, "total_cpu_time": null, "wallclock_time": 9255.879155635834, "evaluations": 210, "cost": 0.7432685628424657, "incumbent": ["haralick_distance='3'", "pca_whiten=''true''", "svm_C='21.818698177125455'", "svm_gamma='0.29600490218709213'"]}
