{"cpu_time": 0, "total_cpu_time": null, "wallclock_time": 6.556510925292969e-05, "evaluations": 0, "cost": 2147483648, "incumbent": ["rf_max_features='0.5'", "rf_n_estimators='81'"]}
{"cpu_time": 8.58104419708252, "total_cpu_time": null, "wallclock_time": 8.597783327102661, "evaluations": 1, "cost": 0.3152147760161883, "incumbent": ["rf_max_features='0.5'", "rf_n_estimators='81'"]}
{"cpu_time": 26.068407773971558, "total_cpu_time": null, "wallclock_time": 26.134308099746704, "evaluations": 3, "cost": 0.3044364227950496, "incumbent": ["rf_max_features='0.5'", "rf_n_estimators='154'"]}
