{"cpu_time": 0, "total_cpu_time": null, "wallclock_time": 0.00010657310485839844, "evaluations": 0, "cost": 2147483648, "incumbent": ["isomap_n_components='2'", "isomap_n_neighbors='5'", "rf_max_features='0.5'", "rf_n_estimators='10'"]}
{"cpu_time": 0.6326000690460205, "total_cpu_time": null, "wallclock_time": 0.6484301090240479, "evaluations": 1, "cost": 4.982335651516423, "incumbent": ["isomap_n_components='2'", "isomap_n_neighbors='5'", "rf_max_features='0.5'", "rf_n_estimators='10'"]}
{"cpu_time": 1.9487435817718506, "total_cpu_time": null, "wallclock_time": 2.0064408779144287, "evaluations": 2, "cost": 1.3078008123708247, "incumbent": ["isomap_n_components='2'", "isomap_n_neighbors='7'", "rf_max_features='0.7705914184339647'", "rf_n_estimators='220'"]}
{"cpu_time": 9.332519769668579, "total_cpu_time": null, "wallclock_time": 9.667504072189331, "evaluations": 9, "cost": 1.2464849528132904, "incumbent": ["isomap_n_components='3'", "isomap_n_neighbors='3'", "rf_max_features='0.39015318279881256'", "rf_n_estimators='113'"]}
{"cpu_time": 12.313093185424805, "total_cpu_time": null, "wallclock_time": 12.792593479156494, "evaluations": 13, "cost": 1.1118556737900251, "incumbent": ["isomap_n_components='3'", "isomap_n_neighbors='7'", "rf_max_features='0.7104527509265792'", "rf_n_estimators='105'"]}
{"cpu_time": 15.649881601333618, "total_cpu_time": null, "wallclock_time": 16.28562879562378, "evaluations": 16, "cost": 1.040121619349038, "incumbent": ["isomap_n_components='4'", "isomap_n_neighbors='7'", "rf_max_features='0.4629471841192123'", "rf_n_estimators='105'"]}
{"cpu_time": 17.658143281936646, "total_cpu_time": null, "wallclock_time": 18.39446496963501, "evaluations": 18, "cost": 1.035459207729695, "incumbent": ["isomap_n_components='4'", "isomap_n_neighbors='7'", "rf_max_features='0.49447053546536157'", "rf_n_estimators='101'"]}
{"cpu_time": 32.92602229118347, "total_cpu_time": null, "wallclock_time": 34.537595987319946, "evaluations": 32, "cost": 1.0324758829852094, "incumbent": ["isomap_n_components='4'", "isomap_n_neighbors='7'", "rf_max_features='0.3115922692756932'", "rf_n_estimators='88'"]}
{"cpu_time": 38.62603831291199, "total_cpu_time": null, "wallclock_time": 40.48098659515381, "evaluations": 37, "cost": 0.9430913505687438, "incumbent": ["isomap_n_components='4'", "isomap_n_neighbors='7'", "rf_max_features='0.46859709749464196'", "rf_n_estimators='281'"]}
