{"cpu_time": 0, "total_cpu_time": null, "wallclock_time": 0.0001342296600341797, "evaluations": 0, "cost": 2147483648, "incumbent": ["isomap_n_components='2'", "isomap_n_neighbors='5'", "svm_C='1.0'", "svm_gamma='1.0'"]}
{"cpu_time": 0.39100074768066406, "total_cpu_time": null, "wallclock_time": 0.40694594383239746, "evaluations": 1, "cost": 1.004600538783215, "incumbent": ["isomap_n_components='2'", "isomap_n_neighbors='5'", "svm_C='1.0'", "svm_gamma='1.0'"]}
{"cpu_time": 5.299806356430054, "total_cpu_time": null, "wallclock_time": 5.775545120239258, "evaluations": 14, "cost": 1.0044918152852995, "incumbent": ["isomap_n_components='2'", "isomap_n_neighbors='7'", "svm_C='21.02471712948092'", "svm_gamma='6.495573208139125'"]}
{"cpu_time": 10.693360567092896, "total_cpu_time": null, "wallclock_time": 11.698775053024292, "evaluations": 28, "cost": 1.0005174319183212, "incumbent": ["isomap_n_components='2'", "isomap_n_neighbors='7'", "svm_C='65.28989931750114'", "svm_gamma='6.225819241605072'"]}
