{"cpu_time": 0, "total_cpu_time": null, "wallclock_time": 0.00012636184692382812, "evaluations": 0, "cost": 2147483648, "incumbent": ["pca_whiten=''true''", "rf_max_features='0.5'", "rf_n_estimators='10'"]}
{"cpu_time": 1.0862572193145752, "total_cpu_time": null, "wallclock_time": 1.149463415145874, "evaluations": 1, "cost": 2.010083390908508, "incumbent": ["pca_whiten=''true''", "rf_max_features='0.5'", "rf_n_estimators='10'"]}
{"cpu_time": 3.9121172428131104, "total_cpu_time": null, "wallclock_time": 4.010379314422607, "evaluations": 2, "cost": 0.7133000176343116, "incumbent": ["pca_whiten=''true''", "rf_max_features='0.6263875900678313'", "rf_n_estimators='178'"]}
{"cpu_time": 11.34511661529541, "total_cpu_time": null, "wallclock_time": 11.537933588027954, "evaluations": 5, "cost": 0.7100298033569628, "incumbent": ["pca_whiten=''true''", "rf_max_features='0.6948449041611862'", "rf_n_estimators='249'"]}
{"cpu_time": 15.286886930465698, "total_cpu_time": null, "wallclock_time": 15.537903785705566, "evaluations": 6, "cost": 0.7094634089718426, "incumbent": ["pca_whiten=''true''", "rf_max_features='0.6483339395381182'", "rf_n_estimators='285'"]}
{"cpu_time": 52.13794016838074, "total_cpu_time": null, "wallclock_time": 53.15754723548889, "evaluations": 22, "cost": 0.7020126098450231, "incumbent": ["pca_whiten=''true''", "rf_max_features='0.4848559126200814'", "rf_n_estimators='255'"]}
{"cpu_time": 131.82288885116577, "total_cpu_time": null, "wallclock_time": 134.7328062057495, "evaluations": 57, "cost": 0.7014664155553376, "incumbent": ["pca_whiten=''false''", "rf_max_features='0.5729894042646035'", "rf_n_estimators='220'"]}
{"cpu_time": 136.7216444015503, "total_cpu_time": null, "wallclock_time": 139.70976185798645, "evaluations": 59, "cost": 0.7002924441282626, "incumbent": ["pca_whiten=''false''", "rf_max_features='0.6156192476065808'", "rf_n_estimators='187'"]}
{"cpu_time": 139.8124475479126, "total_cpu_time": null, "wallclock_time": 142.87215876579285, "evaluations": 60, "cost": 0.6976218028364354, "incumbent": ["pca_whiten=''true''", "rf_max_features='0.4881891528990991'", "rf_n_estimators='275'"]}
{"cpu_time": 248.7868390083313, "total_cpu_time": null, "wallclock_time": 254.28504490852356, "evaluations": 103, "cost": 0.6933149684455587, "incumbent": ["pca_whiten=''false''", "rf_max_features='0.5491522688037622'", "rf_n_estimators='88'"]}
