{"cpu_time": 0, "total_cpu_time": null, "wallclock_time": 0.00014972686767578125, "evaluations": 0, "cost": 2147483648, "incumbent": ["pca_whiten=''true''", "svm_C='1.0'", "svm_gamma='1.0'"]}
{"cpu_time": 7.320655584335327, "total_cpu_time": null, "wallclock_time": 7.560075521469116, "evaluations": 1, "cost": 0.894845543858461, "incumbent": ["pca_whiten=''true''", "svm_C='1.0'", "svm_gamma='1.0'"]}
{"cpu_time": 44.7371461391449, "total_cpu_time": null, "wallclock_time": 46.42005896568298, "evaluations": 10, "cost": 0.8857190458382092, "incumbent": ["pca_whiten=''true''", "svm_C='28.47602111141865'", "svm_gamma='0.8905090834586253'"]}
{"cpu_time": 58.69877219200134, "total_cpu_time": null, "wallclock_time": 60.764591217041016, "evaluations": 14, "cost": 0.8452954508608492, "incumbent": ["pca_whiten=''false''", "svm_C='35.6177788970462'", "svm_gamma='0.6139953250167454'"]}
{"cpu_time": 78.55356287956238, "total_cpu_time": null, "wallclock_time": 81.42666554450989, "evaluations": 20, "cost": 0.7447684129385923, "incumbent": ["pca_whiten=''true''", "svm_C='94.33098207960246'", "svm_gamma='0.11168777361183017'"]}
{"cpu_time": 114.56976461410522, "total_cpu_time": null, "wallclock_time": 118.1933274269104, "evaluations": 29, "cost": 0.6897548341810662, "incumbent": ["pca_whiten=''false''", "svm_C='62.50814177672008'", "svm_gamma='0.028977341676197955'"]}
{"cpu_time": 155.21872472763062, "total_cpu_time": null, "wallclock_time": 160.20601534843445, "evaluations": 40, "cost": 0.682728550826076, "incumbent": ["pca_whiten=''false''", "svm_C='14.167313261295256'", "svm_gamma='0.03607685347522955'"]}
{"cpu_time": 226.50004959106445, "total_cpu_time": null, "wallclock_time": 234.2604320049286, "evaluations": 60, "cost": 0.6810591089686557, "incumbent": ["pca_whiten=''false''", "svm_C='8.716815042026141'", "svm_gamma='0.03607685347522955'"]}
{"cpu_time": 240.5730369091034, "total_cpu_time": null, "wallclock_time": 248.66830778121948, "evaluations": 64, "cost": 0.6795638345603768, "incumbent": ["pca_whiten=''true''", "svm_C='8.716815042026141'", "svm_gamma='0.03607685347522955'"]}
{"cpu_time": 268.5487530231476, "total_cpu_time": null, "wallclock_time": 277.49789667129517, "evaluations": 72, "cost": 0.6793452970853885, "incumbent": ["pca_whiten=''true''", "svm_C='14.167313261295256'", "svm_gamma='0.03607685347522955'"]}
{"cpu_time": 335.49430871009827, "total_cpu_time": null, "wallclock_time": 347.4380919933319, "evaluations": 92, "cost": 0.6716794775661913, "incumbent": ["pca_whiten=''false''", "svm_C='15.640969692140377'", "svm_gamma='0.04165880594819834'"]}
{"cpu_time": 423.48928809165955, "total_cpu_time": null, "wallclock_time": 438.1038796901703, "evaluations": 117, "cost": 0.6707152207398126, "incumbent": ["pca_whiten=''true''", "svm_C='9.284869964148562'", "svm_gamma='0.03607685347522955'"]}
