{"cpu_time": 0, "total_cpu_time": null, "wallclock_time": 0.00012493133544921875, "evaluations": 0, "cost": 2147483648, "incumbent": ["isomap_n_components='2'", "isomap_n_neighbors='5'", "rf_max_features='0.5'", "rf_n_estimators='10'"]}
{"cpu_time": 0.5006334781646729, "total_cpu_time": null, "wallclock_time": 0.5196526050567627, "evaluations": 1, "cost": 4.2864810021930175, "incumbent": ["isomap_n_components='2'", "isomap_n_neighbors='5'", "rf_max_features='0.5'", "rf_n_estimators='10'"]}
{"cpu_time": 1.825927734375, "total_cpu_time": null, "wallclock_time": 1.896733283996582, "evaluations": 2, "cost": 1.391677309943186, "incumbent": ["isomap_n_components='2'", "isomap_n_neighbors='7'", "rf_max_features='0.7705914184339647'", "rf_n_estimators='220'"]}
{"cpu_time": 2.8773345947265625, "total_cpu_time": null, "wallclock_time": 2.966473340988159, "evaluations": 3, "cost": 1.3171899013823514, "incumbent": ["isomap_n_components='4'", "isomap_n_neighbors='5'", "rf_max_features='0.42825496760388254'", "rf_n_estimators='109'"]}
{"cpu_time": 3.931332588195801, "total_cpu_time": null, "wallclock_time": 4.091583967208862, "evaluations": 4, "cost": 1.2731888339104538, "incumbent": ["isomap_n_components='3'", "isomap_n_neighbors='3'", "rf_max_features='0.5379007026068363'", "rf_n_estimators='167'"]}
{"cpu_time": 11.684749603271484, "total_cpu_time": null, "wallclock_time": 12.166245698928833, "evaluations": 12, "cost": 1.2680490966330036, "incumbent": ["isomap_n_components='4'", "isomap_n_neighbors='3'", "rf_max_features='0.5956463793077929'", "rf_n_estimators='109'"]}
{"cpu_time": 12.700454235076904, "total_cpu_time": null, "wallclock_time": 13.200945377349854, "evaluations": 13, "cost": 1.0978827922512284, "incumbent": ["isomap_n_components='3'", "isomap_n_neighbors='7'", "rf_max_features='0.7104527509265792'", "rf_n_estimators='105'"]}
{"cpu_time": 17.680948972702026, "total_cpu_time": null, "wallclock_time": 18.440603971481323, "evaluations": 18, "cost": 1.0760377851710565, "incumbent": ["isomap_n_components='4'", "isomap_n_neighbors='7'", "rf_max_features='0.663706049094091'", "rf_n_estimators='48'"]}
{"cpu_time": 19.423084497451782, "total_cpu_time": null, "wallclock_time": 20.258211135864258, "evaluations": 20, "cost": 1.018962910881536, "incumbent": ["isomap_n_components='4'", "isomap_n_neighbors='7'", "rf_max_features='0.49170477223225034'", "rf_n_estimators='88'"]}
{"cpu_time": 23.051042556762695, "total_cpu_time": null, "wallclock_time": 23.997103929519653, "evaluations": 23, "cost": 0.9674265324772712, "incumbent": ["isomap_n_components='4'", "isomap_n_neighbors='7'", "rf_max_features='0.6343316352444657'", "rf_n_estimators='296'"]}
{"cpu_time": 26.830048322677612, "total_cpu_time": null, "wallclock_time": 27.9590482711792, "evaluations": 27, "cost": 0.9468586731235914, "incumbent": ["isomap_n_components='4'", "isomap_n_neighbors='7'", "rf_max_features='0.32090334545660065'", "rf_n_estimators='79'"]}
{"cpu_time": 99.61693811416626, "total_cpu_time": null, "wallclock_time": 104.53653931617737, "evaluations": 102, "cost": 0.9457988057034411, "incumbent": ["isomap_n_components='4'", "isomap_n_neighbors='7'", "rf_max_features='0.3108639676252073'", "rf_n_estimators='276'"]}
{"cpu_time": 103.46228265762329, "total_cpu_time": null, "wallclock_time": 108.48178386688232, "evaluations": 105, "cost": 0.9426808474688458, "incumbent": ["isomap_n_components='4'", "isomap_n_neighbors='7'", "rf_max_features='0.3491203849116708'", "rf_n_estimators='253'"]}
{"cpu_time": 139.05419874191284, "total_cpu_time": null, "wallclock_time": 145.68928575515747, "evaluations": 134, "cost": 0.9380265266992288, "incumbent": ["isomap_n_components='4'", "isomap_n_neighbors='7'", "rf_max_features='0.30864323491347945'", "rf_n_estimators='144'"]}
