{"cpu_time": 0, "total_cpu_time": null, "wallclock_time": 5.984306335449219e-05, "evaluations": 0, "cost": 2147483648, "incumbent": ["svm_C='0.1'", "svm_gamma='4.005'"]}
{"cpu_time": 0.9391970634460449, "total_cpu_time": null, "wallclock_time": 0.9497470855712891, "evaluations": 1, "cost": 0.32394372274032124, "incumbent": ["svm_C='0.1'", "svm_gamma='4.005'"]}
{"cpu_time": 1.7791452407836914, "total_cpu_time": null, "wallclock_time": 1.8160827159881592, "evaluations": 2, "cost": 0.31142401987943735, "incumbent": ["svm_C='100.0'", "svm_gamma='2.0075'"]}
{"cpu_time": 4.436952352523804, "total_cpu_time": null, "wallclock_time": 4.526057958602905, "evaluations": 5, "cost": 0.30725951209434504, "incumbent": ["svm_C='75.025'", "svm_gamma='6.0024999999999995'"]}
{"cpu_time": 6.809401750564575, "total_cpu_time": null, "wallclock_time": 6.969520807266235, "evaluations": 8, "cost": 0.30695918008606904, "incumbent": ["svm_C='50.050000000000004'", "svm_gamma='6.0024999999999995'"]}
