{"cpu_time": 0, "total_cpu_time": null, "wallclock_time": 0.00014972686767578125, "evaluations": 0, "cost": 2147483648, "incumbent": ["haralick_distance='1'", "pca_whiten=''true''", "svm_C='1.0'", "svm_gamma='1.0'"]}
{"cpu_time": 88.32016706466675, "total_cpu_time": null, "wallclock_time": 88.38721132278442, "evaluations": 1, "cost": 0.20476260083249134, "incumbent": ["haralick_distance='1'", "pca_whiten=''true''", "svm_C='1.0'", "svm_gamma='1.0'"]}
{"cpu_time": 1335.2527866363525, "total_cpu_time": null, "wallclock_time": 1336.9994304180145, "evaluations": 18, "cost": 0.20389395607583283, "incumbent": ["haralick_distance='1'", "pca_whiten=''true''", "svm_C='6.576270285678254'", "svm_gamma='0.24722958906767797'"]}
{"cpu_time": 1831.9241149425507, "total_cpu_time": null, "wallclock_time": 1834.3195719718933, "evaluations": 26, "cost": 0.19759012939565299, "incumbent": ["haralick_distance='1'", "pca_whiten=''false''", "svm_C='0.5315585284551827'", "svm_gamma='6.2318728131997645'"]}
{"cpu_time": 3618.6192491054535, "total_cpu_time": null, "wallclock_time": 3623.8218126296997, "evaluations": 55, "cost": 0.19308985586605157, "incumbent": ["haralick_distance='1'", "pca_whiten=''false''", "svm_C='0.504753511277134'", "svm_gamma='3.06672541548651'"]}
{"cpu_time": 3679.0156111717224, "total_cpu_time": null, "wallclock_time": 3684.3720729351044, "evaluations": 56, "cost": 0.18720044122580193, "incumbent": ["haralick_distance='1'", "pca_whiten=''true''", "svm_C='0.3672566023146133'", "svm_gamma='1.0683044878499977'"]}
