{"cpu_time": 0, "total_cpu_time": null, "wallclock_time": 9.274482727050781e-05, "evaluations": 0, "cost": 2147483648, "incumbent": ["pca_whiten=''true''", "rf_max_features='0.5'", "rf_n_estimators='10'"]}
{"cpu_time": 0.37608766555786133, "total_cpu_time": null, "wallclock_time": 0.3938136100769043, "evaluations": 1, "cost": 1.6861234855393998, "incumbent": ["pca_whiten=''true''", "rf_max_features='0.5'", "rf_n_estimators='10'"]}
{"cpu_time": 1.6712641716003418, "total_cpu_time": null, "wallclock_time": 1.7222974300384521, "evaluations": 2, "cost": 0.7077932541233966, "incumbent": ["pca_whiten=''true''", "rf_max_features='0.6263875900678313'", "rf_n_estimators='178'"]}
{"cpu_time": 5.855875015258789, "total_cpu_time": null, "wallclock_time": 5.972150564193726, "evaluations": 5, "cost": 0.7054594659100881, "incumbent": ["pca_whiten=''true''", "rf_max_features='0.6948449041611862'", "rf_n_estimators='249'"]}
{"cpu_time": 7.720343112945557, "total_cpu_time": null, "wallclock_time": 7.872636556625366, "evaluations": 6, "cost": 0.7053838139948749, "incumbent": ["pca_whiten=''true''", "rf_max_features='0.6483339395381182'", "rf_n_estimators='285'"]}
{"cpu_time": 15.535972595214844, "total_cpu_time": null, "wallclock_time": 15.851131916046143, "evaluations": 12, "cost": 0.7046547198371361, "incumbent": ["pca_whiten=''false''", "rf_max_features='0.7343704659548127'", "rf_n_estimators='173'"]}
{"cpu_time": 17.63876748085022, "total_cpu_time": null, "wallclock_time": 18.01219892501831, "evaluations": 14, "cost": 0.7020741982616786, "incumbent": ["pca_whiten=''false''", "rf_max_features='0.5987199200638313'", "rf_n_estimators='177'"]}
{"cpu_time": 19.00294256210327, "total_cpu_time": null, "wallclock_time": 19.390889644622803, "evaluations": 15, "cost": 0.6994260050119333, "incumbent": ["pca_whiten=''true''", "rf_max_features='0.44928842014179576'", "rf_n_estimators='216'"]}
