{"cpu_time": 0, "total_cpu_time": null, "wallclock_time": 0.00013184547424316406, "evaluations": 0, "cost": 2147483648, "incumbent": ["pca_whiten=''true''", "rf_max_features='0.5'", "rf_n_estimators='10'"]}
{"cpu_time": 2.0454349517822266, "total_cpu_time": null, "wallclock_time": 2.1691339015960693, "evaluations": 1, "cost": 0.6141153797910711, "incumbent": ["pca_whiten=''true''", "rf_max_features='0.5'", "rf_n_estimators='10'"]}
{"cpu_time": 9.442790508270264, "total_cpu_time": null, "wallclock_time": 9.692340850830078, "evaluations": 2, "cost": 0.2432301103526114, "incumbent": ["pca_whiten=''true''", "rf_max_features='0.6263875900678313'", "rf_n_estimators='178'"]}
{"cpu_time": 15.889085292816162, "total_cpu_time": null, "wallclock_time": 16.243248462677002, "evaluations": 3, "cost": 0.240211070668671, "incumbent": ["pca_whiten=''false''", "rf_max_features='0.3021465708060675'", "rf_n_estimators='203'"]}
{"cpu_time": 22.64717960357666, "total_cpu_time": null, "wallclock_time": 23.339625597000122, "evaluations": 4, "cost": 0.1539876894696213, "incumbent": ["pca_whiten=''true''", "rf_max_features='0.30586418148323496'", "rf_n_estimators='221'"]}
{"cpu_time": 470.10025668144226, "total_cpu_time": null, "wallclock_time": 487.5869324207306, "evaluations": 99, "cost": 0.15308919099270488, "incumbent": ["pca_whiten=''true''", "rf_max_features='0.3051634210806094'", "rf_n_estimators='230'"]}
{"cpu_time": 472.7163984775543, "total_cpu_time": null, "wallclock_time": 490.3126084804535, "evaluations": 100, "cost": 0.15306333973665598, "incumbent": ["pca_whiten=''true''", "rf_max_features='0.3044182677068683'", "rf_n_estimators='220'"]}
{"cpu_time": 478.0693144798279, "total_cpu_time": null, "wallclock_time": 495.8151469230652, "evaluations": 102, "cost": 0.1525944013012374, "incumbent": ["pca_whiten=''false''", "rf_max_features='0.3051634210806094'", "rf_n_estimators='230'"]}
