{"cpu_time": 0, "total_cpu_time": null, "wallclock_time": 0.00010228157043457031, "evaluations": 0, "cost": 2147483648, "incumbent": ["pca_whiten=''true''", "svm_C='1.0'", "svm_gamma='1.0'"]}
{"cpu_time": 167.9839150905609, "total_cpu_time": null, "wallclock_time": 168.07477974891663, "evaluations": 1, "cost": 0.5251933730208219, "incumbent": ["pca_whiten=''true''", "svm_C='1.0'", "svm_gamma='1.0'"]}
{"cpu_time": 169.20403146743774, "total_cpu_time": null, "wallclock_time": 169.33578872680664, "evaluations": 2, "cost": 0.5145104281768679, "incumbent": ["pca_whiten=''true''", "svm_C='65.31224049555269'", "svm_gamma='4.667651857354299'"]}
{"cpu_time": 176.09903621673584, "total_cpu_time": null, "wallclock_time": 176.42965388298035, "evaluations": 8, "cost": 0.5091352085817534, "incumbent": ["pca_whiten=''true''", "svm_C='62.33281468850071'", "svm_gamma='1.5144007304461375'"]}
{"cpu_time": 191.48936986923218, "total_cpu_time": null, "wallclock_time": 192.27199625968933, "evaluations": 20, "cost": 0.5059513181831713, "incumbent": ["pca_whiten=''true''", "svm_C='41.75157244126928'", "svm_gamma='0.12822978501372634'"]}
{"cpu_time": 202.50530982017517, "total_cpu_time": null, "wallclock_time": 203.62871885299683, "evaluations": 29, "cost": 0.5052645394526598, "incumbent": ["pca_whiten=''false''", "svm_C='62.50814177672008'", "svm_gamma='0.028977341676197955'"]}
{"cpu_time": 208.9610116481781, "total_cpu_time": null, "wallclock_time": 210.319908618927, "evaluations": 34, "cost": 0.505023561671262, "incumbent": ["pca_whiten=''false''", "svm_C='95.7157170346579'", "svm_gamma='0.15436075282729805'"]}
{"cpu_time": 216.2630603313446, "total_cpu_time": null, "wallclock_time": 217.86840224266052, "evaluations": 40, "cost": 0.5050081066432474, "incumbent": ["pca_whiten=''false''", "svm_C='85.73615106269455'", "svm_gamma='0.18394409426943828'"]}
{"cpu_time": 221.04794001579285, "total_cpu_time": null, "wallclock_time": 222.81454801559448, "evaluations": 44, "cost": 0.5039412493924268, "incumbent": ["pca_whiten=''false''", "svm_C='89.9480222648067'", "svm_gamma='0.06087476302321115'"]}
{"cpu_time": 223.49617671966553, "total_cpu_time": null, "wallclock_time": 225.34763741493225, "evaluations": 46, "cost": 0.5028510116543888, "incumbent": ["pca_whiten=''false''", "svm_C='72.82167271069956'", "svm_gamma='0.019474077347745984'"]}
{"cpu_time": 348.3797709941864, "total_cpu_time": null, "wallclock_time": 354.3904802799225, "evaluations": 149, "cost": 0.5027132051727495, "incumbent": ["pca_whiten=''false''", "svm_C='96.75046063037496'", "svm_gamma='0.06679657503107518'"]}
{"cpu_time": 422.48521423339844, "total_cpu_time": null, "wallclock_time": 431.2827649116516, "evaluations": 212, "cost": 0.5020900336619668, "incumbent": ["pca_whiten=''true''", "svm_C='99.37666894854766'", "svm_gamma='0.014646350724094249'"]}
