{"cpu_time": 0, "total_cpu_time": null, "wallclock_time": 3.123283386230469e-05, "evaluations": 0, "cost": 2147483648, "incumbent": []}
{"cpu_time": 0.25302767753601074, "total_cpu_time": null, "wallclock_time": 0.2689492702484131, "evaluations": 1, "cost": 9.602235151221638, "incumbent": []}
