{"cpu_time": 0, "total_cpu_time": null, "wallclock_time": 0.0001049041748046875, "evaluations": 0, "cost": 2147483648, "incumbent": ["pca_whiten=''true''", "svm_C='0.1'", "svm_gamma='4.005'"]}
{"cpu_time": 1.694718837738037, "total_cpu_time": null, "wallclock_time": 1.7052650451660156, "evaluations": 1, "cost": 0.3300364160080974, "incumbent": ["pca_whiten=''true''", "svm_C='0.1'", "svm_gamma='4.005'"]}
{"cpu_time": 3.4735193252563477, "total_cpu_time": null, "wallclock_time": 3.509575366973877, "evaluations": 2, "cost": 0.312119237013136, "incumbent": ["pca_whiten=''true''", "svm_C='100.0'", "svm_gamma='6.0024999999999995'"]}
{"cpu_time": 6.823412179946899, "total_cpu_time": null, "wallclock_time": 6.918806552886963, "evaluations": 4, "cost": 0.3085068941950368, "incumbent": ["pca_whiten=''true''", "svm_C='75.025'", "svm_gamma='0.01'"]}
{"cpu_time": 11.848323345184326, "total_cpu_time": null, "wallclock_time": 11.996803522109985, "evaluations": 7, "cost": 0.3075841576732679, "incumbent": ["pca_whiten=''false''", "svm_C='50.050000000000004'", "svm_gamma='0.01'"]}
{"cpu_time": 21.842080116271973, "total_cpu_time": null, "wallclock_time": 22.130743741989136, "evaluations": 13, "cost": 0.3067832386481972, "incumbent": ["pca_whiten=''true''", "svm_C='100.0'", "svm_gamma='0.01'"]}
