{"cpu_time": 0, "total_cpu_time": null, "wallclock_time": 0.00012350082397460938, "evaluations": 0, "cost": 2147483648, "incumbent": ["pca_whiten=''true''", "rf_max_features='0.5'", "rf_n_estimators='10'"]}
{"cpu_time": 1.874969244003296, "total_cpu_time": null, "wallclock_time": 1.8961949348449707, "evaluations": 1, "cost": 1.4120719389647949, "incumbent": ["pca_whiten=''true''", "rf_max_features='0.5'", "rf_n_estimators='10'"]}
{"cpu_time": 4.410637140274048, "total_cpu_time": null, "wallclock_time": 4.469440698623657, "evaluations": 2, "cost": 0.5906554812497534, "incumbent": ["pca_whiten=''true''", "rf_max_features='0.6263875900678313'", "rf_n_estimators='178'"]}
{"cpu_time": 7.062223196029663, "total_cpu_time": null, "wallclock_time": 7.1633501052856445, "evaluations": 3, "cost": 0.5901159318211817, "incumbent": ["pca_whiten=''false''", "rf_max_features='0.3021465708060675'", "rf_n_estimators='203'"]}
{"cpu_time": 42.18590545654297, "total_cpu_time": null, "wallclock_time": 42.94063138961792, "evaluations": 15, "cost": 0.5899433102367948, "incumbent": ["pca_whiten=''true''", "rf_max_features='0.44928842014179576'", "rf_n_estimators='216'"]}
{"cpu_time": 87.7037091255188, "total_cpu_time": null, "wallclock_time": 89.63300132751465, "evaluations": 33, "cost": 0.5898557067684086, "incumbent": ["pca_whiten=''true''", "rf_max_features='0.3908563055255074'", "rf_n_estimators='252'"]}
{"cpu_time": 93.68972420692444, "total_cpu_time": null, "wallclock_time": 95.83326482772827, "evaluations": 36, "cost": 0.5893995499563552, "incumbent": ["pca_whiten=''true''", "rf_max_features='0.47020839800959247'", "rf_n_estimators='99'"]}
{"cpu_time": 98.99226784706116, "total_cpu_time": null, "wallclock_time": 101.3174078464508, "evaluations": 39, "cost": 0.5340180081577435, "incumbent": ["pca_whiten=''false''", "rf_max_features='0.321658033176894'", "rf_n_estimators='153'"]}
{"cpu_time": 133.38054633140564, "total_cpu_time": null, "wallclock_time": 136.68569421768188, "evaluations": 51, "cost": 0.533343620602092, "incumbent": ["pca_whiten=''true''", "rf_max_features='0.463910483675083'", "rf_n_estimators='269'"]}
{"cpu_time": 372.03926825523376, "total_cpu_time": null, "wallclock_time": 381.27713775634766, "evaluations": 136, "cost": 0.5321610388342987, "incumbent": ["pca_whiten=''true''", "rf_max_features='0.42600674445307884'", "rf_n_estimators='214'"]}
{"cpu_time": 476.24167227745056, "total_cpu_time": null, "wallclock_time": 488.00951862335205, "evaluations": 184, "cost": 0.5317414347275055, "incumbent": ["pca_whiten=''true''", "rf_max_features='0.47020839800959247'", "rf_n_estimators='269'"]}
