{"cpu_time": 0, "total_cpu_time": null, "wallclock_time": 0.00011730194091796875, "evaluations": 0, "cost": 2147483648, "incumbent": ["isomap_n_components='2'", "isomap_n_neighbors='5'"]}
{"cpu_time": 0.9249815940856934, "total_cpu_time": null, "wallclock_time": 0.9709103107452393, "evaluations": 1, "cost": 20.471217327473187, "incumbent": ["isomap_n_components='2'", "isomap_n_neighbors='5'"]}
{"cpu_time": 1.60638427734375, "total_cpu_time": null, "wallclock_time": 1.702019453048706, "evaluations": 2, "cost": 19.884188218312985, "incumbent": ["isomap_n_components='2'", "isomap_n_neighbors='7'"]}
{"cpu_time": 7.499130964279175, "total_cpu_time": null, "wallclock_time": 8.049892663955688, "evaluations": 10, "cost": 19.693932246646103, "incumbent": ["isomap_n_components='2'", "isomap_n_neighbors='6'"]}
{"cpu_time": 10.130597352981567, "total_cpu_time": null, "wallclock_time": 10.928913354873657, "evaluations": 14, "cost": 19.6012434399366, "incumbent": ["isomap_n_components='3'", "isomap_n_neighbors='7'"]}
