{"cpu_time": 0, "total_cpu_time": null, "wallclock_time": 0.0001316070556640625, "evaluations": 0, "cost": 2147483648, "incumbent": ["isomap_n_components='2'", "isomap_n_neighbors='5'", "rf_max_features='0.5'", "rf_n_estimators='10'"]}
{"cpu_time": 0.630814790725708, "total_cpu_time": null, "wallclock_time": 0.6485350131988525, "evaluations": 1, "cost": 3.9847997410223237, "incumbent": ["isomap_n_components='2'", "isomap_n_neighbors='5'", "rf_max_features='0.5'", "rf_n_estimators='10'"]}
{"cpu_time": 2.1661648750305176, "total_cpu_time": null, "wallclock_time": 2.226691722869873, "evaluations": 2, "cost": 1.4729641503655573, "incumbent": ["isomap_n_components='2'", "isomap_n_neighbors='7'", "rf_max_features='0.7705914184339647'", "rf_n_estimators='220'"]}
{"cpu_time": 3.071017026901245, "total_cpu_time": null, "wallclock_time": 3.1495583057403564, "evaluations": 3, "cost": 1.060279761587007, "incumbent": ["isomap_n_components='4'", "isomap_n_neighbors='5'", "rf_max_features='0.42825496760388254'", "rf_n_estimators='109'"]}
{"cpu_time": 25.76150369644165, "total_cpu_time": null, "wallclock_time": 26.78095841407776, "evaluations": 23, "cost": 0.9643015539397344, "incumbent": ["isomap_n_components='4'", "isomap_n_neighbors='7'", "rf_max_features='0.6343316352444657'", "rf_n_estimators='296'"]}
{"cpu_time": 40.11976099014282, "total_cpu_time": null, "wallclock_time": 41.94205617904663, "evaluations": 37, "cost": 0.9542909092037255, "incumbent": ["isomap_n_components='4'", "isomap_n_neighbors='7'", "rf_max_features='0.46859709749464196'", "rf_n_estimators='281'"]}
{"cpu_time": 78.37441396713257, "total_cpu_time": null, "wallclock_time": 81.99065780639648, "evaluations": 68, "cost": 0.949681237039036, "incumbent": ["isomap_n_components='4'", "isomap_n_neighbors='6'", "rf_max_features='0.32397671473823775'", "rf_n_estimators='280'"]}
