{"cpu_time": 0, "total_cpu_time": null, "wallclock_time": 0.0001499652862548828, "evaluations": 0, "cost": 2147483648, "incumbent": ["haralick_distance='1'", "pca_whiten=''true''", "rf_max_features='0.5'", "rf_n_estimators='10'"]}
{"cpu_time": 15.972918033599854, "total_cpu_time": null, "wallclock_time": 16.008110761642456, "evaluations": 1, "cost": 4.131613504278392, "incumbent": ["haralick_distance='1'", "pca_whiten=''true''", "rf_max_features='0.5'", "rf_n_estimators='10'"]}
{"cpu_time": 34.87252712249756, "total_cpu_time": null, "wallclock_time": 34.997897148132324, "evaluations": 2, "cost": 2.1902971222789134, "incumbent": ["haralick_distance='1'", "pca_whiten=''true''", "rf_max_features='0.5914675755540864'", "rf_n_estimators='259'"]}
{"cpu_time": 52.13548707962036, "total_cpu_time": null, "wallclock_time": 52.28275012969971, "evaluations": 3, "cost": 2.1215170367138967, "incumbent": ["haralick_distance='2'", "pca_whiten=''true''", "rf_max_features='0.49829813910866494'", "rf_n_estimators='39'"]}
{"cpu_time": 90.52428603172302, "total_cpu_time": null, "wallclock_time": 90.80848741531372, "evaluations": 5, "cost": 1.652854130197033, "incumbent": ["haralick_distance='2'", "pca_whiten=''true''", "rf_max_features='0.36113899979178665'", "rf_n_estimators='248'"]}
{"cpu_time": 110.68723011016846, "total_cpu_time": null, "wallclock_time": 111.06864333152771, "evaluations": 6, "cost": 0.3498178103534952, "incumbent": ["haralick_distance='3'", "pca_whiten=''true''", "rf_max_features='0.5831730167358328'", "rf_n_estimators='256'"]}
{"cpu_time": 191.7405457496643, "total_cpu_time": null, "wallclock_time": 192.34946727752686, "evaluations": 12, "cost": 0.3494229544318059, "incumbent": ["haralick_distance='3'", "pca_whiten=''true''", "rf_max_features='0.5216237923073404'", "rf_n_estimators='215'"]}
{"cpu_time": 330.1376657485962, "total_cpu_time": null, "wallclock_time": 331.3305070400238, "evaluations": 24, "cost": 0.34260856343602825, "incumbent": ["haralick_distance='3'", "pca_whiten=''true''", "rf_max_features='0.6313913687174944'", "rf_n_estimators='72'"]}
{"cpu_time": 404.44944286346436, "total_cpu_time": null, "wallclock_time": 405.9456024169922, "evaluations": 30, "cost": 0.3348389144459229, "incumbent": ["haralick_distance='3'", "pca_whiten=''false''", "rf_max_features='0.5482010716036767'", "rf_n_estimators='282'"]}
{"cpu_time": 557.0529234409332, "total_cpu_time": null, "wallclock_time": 559.1577095985413, "evaluations": 43, "cost": 0.32616569958073344, "incumbent": ["haralick_distance='3'", "pca_whiten=''false''", "rf_max_features='0.6620137896025216'", "rf_n_estimators='16'"]}
