{"cpu_time": 0, "total_cpu_time": null, "wallclock_time": 0.00011086463928222656, "evaluations": 0, "cost": 2147483648, "incumbent": ["pca_whiten=''true''", "svm_C='1.0'", "svm_gamma='1.0'"]}
{"cpu_time": 5.48612380027771, "total_cpu_time": null, "wallclock_time": 5.598323822021484, "evaluations": 1, "cost": 0.614766810768034, "incumbent": ["pca_whiten=''true''", "svm_C='1.0'", "svm_gamma='1.0'"]}
{"cpu_time": 16.463276624679565, "total_cpu_time": null, "wallclock_time": 16.72311568260193, "evaluations": 2, "cost": 0.6031409147789512, "incumbent": ["pca_whiten=''true''", "svm_C='65.31224049555269'", "svm_gamma='4.667651857354299'"]}
{"cpu_time": 111.41832852363586, "total_cpu_time": null, "wallclock_time": 113.17405891418457, "evaluations": 12, "cost": 0.6002190546420333, "incumbent": ["pca_whiten=''true''", "svm_C='62.068910360999006'", "svm_gamma='4.992689506473281'"]}
{"cpu_time": 176.0046031475067, "total_cpu_time": null, "wallclock_time": 178.53051376342773, "evaluations": 17, "cost": 0.5971240722286133, "incumbent": ["pca_whiten=''false''", "svm_C='90.54227226407072'", "svm_gamma='3.6001724529254275'"]}
{"cpu_time": 435.7301709651947, "total_cpu_time": null, "wallclock_time": 442.61665201187134, "evaluations": 42, "cost": 0.5966727503190318, "incumbent": ["pca_whiten=''true''", "svm_C='81.78926130905919'", "svm_gamma='5.290908882847977'"]}
{"cpu_time": 632.498039484024, "total_cpu_time": null, "wallclock_time": 643.15451836586, "evaluations": 63, "cost": 0.5964778435616589, "incumbent": ["pca_whiten=''false''", "svm_C='87.50401213665295'", "svm_gamma='4.473917348670055'"]}
{"cpu_time": 1176.39675283432, "total_cpu_time": null, "wallclock_time": 1196.9908859729767, "evaluations": 117, "cost": 0.5935513584743125, "incumbent": ["pca_whiten=''true''", "svm_C='62.13383830094349'", "svm_gamma='4.2027492841173'"]}
