{"cpu_time": 0, "total_cpu_time": null, "wallclock_time": 7.700920104980469e-05, "evaluations": 0, "cost": 2147483648, "incumbent": ["isomap_n_components='2'", "isomap_n_neighbors='5'"]}
{"cpu_time": 0.5947051048278809, "total_cpu_time": null, "wallclock_time": 0.612346887588501, "evaluations": 1, "cost": 20.471217327473187, "incumbent": ["isomap_n_components='2'", "isomap_n_neighbors='5'"]}
{"cpu_time": 1.2044041156768799, "total_cpu_time": null, "wallclock_time": 1.2562241554260254, "evaluations": 2, "cost": 19.884188218312985, "incumbent": ["isomap_n_components='2'", "isomap_n_neighbors='7'"]}
{"cpu_time": 5.959587335586548, "total_cpu_time": null, "wallclock_time": 6.269724130630493, "evaluations": 10, "cost": 19.693932246646103, "incumbent": ["isomap_n_components='2'", "isomap_n_neighbors='6'"]}
{"cpu_time": 8.320642948150635, "total_cpu_time": null, "wallclock_time": 8.77058219909668, "evaluations": 14, "cost": 19.6012434399366, "incumbent": ["isomap_n_components='3'", "isomap_n_neighbors='7'"]}
