{"cpu_time": 0, "total_cpu_time": null, "wallclock_time": 0.00011134147644042969, "evaluations": 0, "cost": 2147483648, "incumbent": ["isomap_n_components='2'", "isomap_n_neighbors='5'", "svm_C='1.0'", "svm_gamma='1.0'"]}
{"cpu_time": 57.64525389671326, "total_cpu_time": null, "wallclock_time": 57.825432538986206, "evaluations": 1, "cost": 0.3715030520493586, "incumbent": ["isomap_n_components='2'", "isomap_n_neighbors='5'", "svm_C='1.0'", "svm_gamma='1.0'"]}
{"cpu_time": 71.76708436012268, "total_cpu_time": null, "wallclock_time": 72.61825060844421, "evaluations": 10, "cost": 0.3410070637331704, "incumbent": ["isomap_n_components='3'", "isomap_n_neighbors='4'", "svm_C='7.7019636771111175'", "svm_gamma='2.8431152752227833'"]}
{"cpu_time": 100.95247530937195, "total_cpu_time": null, "wallclock_time": 103.4813928604126, "evaluations": 28, "cost": 0.33319515916591924, "incumbent": ["isomap_n_components='2'", "isomap_n_neighbors='3'", "svm_C='0.17663768937455462'", "svm_gamma='5.924889314175784'"]}
{"cpu_time": 179.48139715194702, "total_cpu_time": null, "wallclock_time": 186.40869092941284, "evaluations": 76, "cost": 0.3319749013369419, "incumbent": ["isomap_n_components='3'", "isomap_n_neighbors='3'", "svm_C='0.35056019684488315'", "svm_gamma='5.444660018835685'"]}
{"cpu_time": 185.94756388664246, "total_cpu_time": null, "wallclock_time": 193.42399215698242, "evaluations": 80, "cost": 0.33185010312369095, "incumbent": ["isomap_n_components='2'", "isomap_n_neighbors='3'", "svm_C='0.17663768937455462'", "svm_gamma='5.301999120426509'"]}
{"cpu_time": 249.67189025878906, "total_cpu_time": null, "wallclock_time": 260.93336248397827, "evaluations": 120, "cost": 0.33161053698612836, "incumbent": ["isomap_n_components='3'", "isomap_n_neighbors='4'", "svm_C='0.35056019684488315'", "svm_gamma='6.274450635372049'"]}
{"cpu_time": 266.09914088249207, "total_cpu_time": null, "wallclock_time": 278.1228277683258, "evaluations": 130, "cost": 0.3299508112519314, "incumbent": ["isomap_n_components='3'", "isomap_n_neighbors='4'", "svm_C='0.17663768937455462'", "svm_gamma='5.924889314175784'"]}
