{"cpu_time": 0, "total_cpu_time": null, "wallclock_time": 0.00033402442932128906, "evaluations": 0, "cost": 2147483648, "incumbent": ["pca_whiten=''true''", "svm_C='1.0'", "svm_gamma='1.0'"]}
{"cpu_time": 37.18616080284119, "total_cpu_time": null, "wallclock_time": 41.88885426521301, "evaluations": 1, "cost": 0.7864995562497313, "incumbent": ["pca_whiten=''true''", "svm_C='1.0'", "svm_gamma='1.0'"]}
{"cpu_time": 54.91913342475891, "total_cpu_time": null, "wallclock_time": 60.30129361152649, "evaluations": 12, "cost": 0.7408196991824281, "incumbent": ["pca_whiten=''false''", "svm_C='6.520747512660422'", "svm_gamma='1.613818929194393'"]}
{"cpu_time": 61.05065870285034, "total_cpu_time": null, "wallclock_time": 66.92303252220154, "evaluations": 20, "cost": 0.7236919065762243, "incumbent": ["pca_whiten=''false''", "svm_C='92.334664308424'", "svm_gamma='0.40265890659073783'"]}
