{"cpu_time": 0, "total_cpu_time": null, "wallclock_time": 5.745887756347656e-05, "evaluations": 0, "cost": 2147483648, "incumbent": ["pca_whiten=''true''"]}
{"cpu_time": 2.129831075668335, "total_cpu_time": null, "wallclock_time": 2.199662685394287, "evaluations": 1, "cost": 10.007876712267885, "incumbent": ["pca_whiten=''true''"]}
