{"cpu_time": 0, "total_cpu_time": null, "wallclock_time": 7.748603820800781e-05, "evaluations": 0, "cost": 2147483648, "incumbent": ["svm_C='0.1'", "svm_gamma='4.005'"]}
{"cpu_time": 2.058790683746338, "total_cpu_time": null, "wallclock_time": 2.081160306930542, "evaluations": 1, "cost": 0.5351662483733189, "incumbent": ["svm_C='0.1'", "svm_gamma='4.005'"]}
{"cpu_time": 4.029933929443359, "total_cpu_time": null, "wallclock_time": 4.089360952377319, "evaluations": 2, "cost": 0.5164571203580772, "incumbent": ["svm_C='100.0'", "svm_gamma='2.0075'"]}
{"cpu_time": 7.489425897598267, "total_cpu_time": null, "wallclock_time": 7.604578256607056, "evaluations": 4, "cost": 0.4560871516992003, "incumbent": ["svm_C='0.1'", "svm_gamma='0.01'"]}
{"cpu_time": 12.741403579711914, "total_cpu_time": null, "wallclock_time": 12.941947221755981, "evaluations": 7, "cost": 0.44350119889847, "incumbent": ["svm_C='50.050000000000004'", "svm_gamma='0.01'"]}
