{"cpu_time": 0, "total_cpu_time": null, "wallclock_time": 6.794929504394531e-05, "evaluations": 0, "cost": 2147483648, "incumbent": ["svm_C='0.1'", "svm_gamma='4.005'"]}
{"cpu_time": 1.2257678508758545, "total_cpu_time": null, "wallclock_time": 1.235466480255127, "evaluations": 1, "cost": 1.0622517309898096, "incumbent": ["svm_C='0.1'", "svm_gamma='4.005'"]}
{"cpu_time": 2.4068312644958496, "total_cpu_time": null, "wallclock_time": 2.438382625579834, "evaluations": 2, "cost": 1.025257188770097, "incumbent": ["svm_C='100.0'", "svm_gamma='2.0075'"]}
{"cpu_time": 3.6093714237213135, "total_cpu_time": null, "wallclock_time": 3.6510441303253174, "evaluations": 3, "cost": 1.02361699415017, "incumbent": ["svm_C='75.025'", "svm_gamma='4.005'"]}
{"cpu_time": 6.022429943084717, "total_cpu_time": null, "wallclock_time": 6.105187177658081, "evaluations": 5, "cost": 1.0185576670318992, "incumbent": ["svm_C='75.025'", "svm_gamma='6.0024999999999995'"]}
{"cpu_time": 8.25735592842102, "total_cpu_time": null, "wallclock_time": 8.381228923797607, "evaluations": 7, "cost": 1.0043561705405168, "incumbent": ["svm_C='50.050000000000004'", "svm_gamma='0.01'"]}
{"cpu_time": 18.50615096092224, "total_cpu_time": null, "wallclock_time": 18.828404188156128, "evaluations": 16, "cost": 1.0040662923093786, "incumbent": ["svm_C='25.075000000000003'", "svm_gamma='0.01'"]}
