{"cpu_time": 0, "total_cpu_time": null, "wallclock_time": 0.0001609325408935547, "evaluations": 0, "cost": 2147483648, "incumbent": ["haralick_distance='1'", "pca_whiten=''true''", "rf_max_features='0.5'", "rf_n_estimators='10'"]}
{"cpu_time": 36.14676308631897, "total_cpu_time": null, "wallclock_time": 36.1648371219635, "evaluations": 1, "cost": 2.5158844239085694, "incumbent": ["haralick_distance='1'", "pca_whiten=''true''", "rf_max_features='0.5'", "rf_n_estimators='10'"]}
{"cpu_time": 72.80572843551636, "total_cpu_time": null, "wallclock_time": 72.86327409744263, "evaluations": 2, "cost": 1.4787015232667182, "incumbent": ["haralick_distance='1'", "pca_whiten=''true''", "rf_max_features='0.5914675755540864'", "rf_n_estimators='259'"]}
{"cpu_time": 109.25189661979675, "total_cpu_time": null, "wallclock_time": 109.32801556587219, "evaluations": 3, "cost": 0.8338056052657667, "incumbent": ["haralick_distance='2'", "pca_whiten=''true''", "rf_max_features='0.49829813910866494'", "rf_n_estimators='39'"]}
{"cpu_time": 145.85853505134583, "total_cpu_time": null, "wallclock_time": 145.9884638786316, "evaluations": 4, "cost": 0.7159618562943478, "incumbent": ["haralick_distance='2'", "pca_whiten=''false''", "rf_max_features='0.7749277535405971'", "rf_n_estimators='140'"]}
{"cpu_time": 182.90084648132324, "total_cpu_time": null, "wallclock_time": 183.04936408996582, "evaluations": 5, "cost": 0.5920959029334835, "incumbent": ["haralick_distance='2'", "pca_whiten=''true''", "rf_max_features='0.36113899979178665'", "rf_n_estimators='248'"]}
{"cpu_time": 219.4793529510498, "total_cpu_time": null, "wallclock_time": 219.67858409881592, "evaluations": 6, "cost": 0.5199234905159255, "incumbent": ["haralick_distance='3'", "pca_whiten=''true''", "rf_max_features='0.5831730167358328'", "rf_n_estimators='256'"]}
{"cpu_time": 925.002278804779, "total_cpu_time": null, "wallclock_time": 926.0130085945129, "evaluations": 28, "cost": 0.5197195348378788, "incumbent": ["haralick_distance='3'", "pca_whiten=''true''", "rf_max_features='0.3087463594856956'", "rf_n_estimators='263'"]}
{"cpu_time": 1405.1117482185364, "total_cpu_time": null, "wallclock_time": 1406.6695668697357, "evaluations": 43, "cost": 0.4581921367066757, "incumbent": ["haralick_distance='3'", "pca_whiten=''true''", "rf_max_features='0.5326777043878922'", "rf_n_estimators='241'"]}
