{"cpu_time": 0, "total_cpu_time": null, "wallclock_time": 8.20159912109375e-05, "evaluations": 0, "cost": 2147483648, "incumbent": ["pca_whiten=''true''"]}
{"cpu_time": 5.493793725967407, "total_cpu_time": null, "wallclock_time": 5.613085508346558, "evaluations": 1, "cost": 13.189454582821119, "incumbent": ["pca_whiten=''true''"]}
