{"cpu_time": 0, "total_cpu_time": null, "wallclock_time": 0.00014281272888183594, "evaluations": 0, "cost": 2147483648, "incumbent": ["haralick_distance='1'", "isomap_n_components='2'", "isomap_n_neighbors='5'", "svm_C='1.0'", "svm_gamma='1.0'"]}
{"cpu_time": 82.07131934165955, "total_cpu_time": null, "wallclock_time": 82.09098172187805, "evaluations": 1, "cost": 0.5547423769782028, "incumbent": ["haralick_distance='1'", "isomap_n_components='2'", "isomap_n_neighbors='5'", "svm_C='1.0'", "svm_gamma='1.0'"]}
{"cpu_time": 163.9971833229065, "total_cpu_time": null, "wallclock_time": 164.1050329208374, "evaluations": 2, "cost": 0.5537161387332729, "incumbent": ["haralick_distance='1'", "isomap_n_components='4'", "isomap_n_neighbors='7'", "svm_C='72.54534814538891'", "svm_gamma='4.489288587472055'"]}
{"cpu_time": 247.26357007026672, "total_cpu_time": null, "wallclock_time": 247.41703248023987, "evaluations": 3, "cost": 0.4794392070073477, "incumbent": ["haralick_distance='2'", "isomap_n_components='2'", "isomap_n_neighbors='6'", "svm_C='78.990011851405'", "svm_gamma='6.602930247746782'"]}
{"cpu_time": 809.0743668079376, "total_cpu_time": null, "wallclock_time": 810.0042881965637, "evaluations": 17, "cost": 0.47199929227965115, "incumbent": ["haralick_distance='3'", "isomap_n_components='4'", "isomap_n_neighbors='6'", "svm_C='18.253089843996378'", "svm_gamma='6.675583330720798'"]}
{"cpu_time": 1074.2840876579285, "total_cpu_time": null, "wallclock_time": 1075.6210956573486, "evaluations": 23, "cost": 0.46355199631044175, "incumbent": ["haralick_distance='3'", "isomap_n_components='2'", "isomap_n_neighbors='7'", "svm_C='30.036388361509584'", "svm_gamma='2.866003042075578'"]}
{"cpu_time": 1196.1239354610443, "total_cpu_time": null, "wallclock_time": 1197.6480343341827, "evaluations": 26, "cost": 0.4631287514418148, "incumbent": ["haralick_distance='3'", "isomap_n_components='3'", "isomap_n_neighbors='6'", "svm_C='23.625271658553565'", "svm_gamma='7.771851519279009'"]}
{"cpu_time": 1278.0587770938873, "total_cpu_time": null, "wallclock_time": 1279.7137718200684, "evaluations": 28, "cost": 0.4467930578818983, "incumbent": ["haralick_distance='3'", "isomap_n_components='2'", "isomap_n_neighbors='7'", "svm_C='45.83658124001255'", "svm_gamma='1.3171436683711324'"]}
{"cpu_time": 1366.6047623157501, "total_cpu_time": null, "wallclock_time": 1368.3892815113068, "evaluations": 30, "cost": 0.44073299328433097, "incumbent": ["haralick_distance='3'", "isomap_n_components='2'", "isomap_n_neighbors='5'", "svm_C='16.746662824509947'", "svm_gamma='0.42412411838545694'"]}
{"cpu_time": 1631.3594024181366, "total_cpu_time": null, "wallclock_time": 1633.7111768722534, "evaluations": 36, "cost": 0.4141955814905766, "incumbent": ["haralick_distance='3'", "isomap_n_components='4'", "isomap_n_neighbors='6'", "svm_C='52.118931135852286'", "svm_gamma='0.051460731099591324'"]}
{"cpu_time": 4884.449831485748, "total_cpu_time": null, "wallclock_time": 4893.137650728226, "evaluations": 106, "cost": 0.41118391376482305, "incumbent": ["haralick_distance='3'", "isomap_n_components='4'", "isomap_n_neighbors='6'", "svm_C='2.234217767088351'", "svm_gamma='0.018145969230548564'"]}
{"cpu_time": 5595.996050596237, "total_cpu_time": null, "wallclock_time": 5606.3592138290405, "evaluations": 116, "cost": 0.4084995559203845, "incumbent": ["haralick_distance='3'", "isomap_n_components='4'", "isomap_n_neighbors='7'", "svm_C='40.785685918399096'", "svm_gamma='0.051460731099591324'"]}
{"cpu_time": 5945.180397033691, "total_cpu_time": null, "wallclock_time": 5956.188735246658, "evaluations": 121, "cost": 0.40818174545920977, "incumbent": ["haralick_distance='3'", "isomap_n_components='4'", "isomap_n_neighbors='6'", "svm_C='16.447262977517155'", "svm_gamma='0.024195476812045365'"]}
{"cpu_time": 10973.514788389206, "total_cpu_time": null, "wallclock_time": 10996.29722738266, "evaluations": 193, "cost": 0.4047035440517961, "incumbent": ["haralick_distance='3'", "isomap_n_components='4'", "isomap_n_neighbors='7'", "svm_C='3.343295932309634'", "svm_gamma='0.051460731099591324'"]}
{"cpu_time": 11774.542115211487, "total_cpu_time": null, "wallclock_time": 11799.38620018959, "evaluations": 204, "cost": 0.401185449259801, "incumbent": ["haralick_distance='3'", "isomap_n_components='4'", "isomap_n_neighbors='7'", "svm_C='0.38079191706656235'", "svm_gamma='0.024195476812045365'"]}
