{"cpu_time": 0, "total_cpu_time": null, "wallclock_time": 0.0001342296600341797, "evaluations": 0, "cost": 2147483648, "incumbent": ["haralick_distance='1'", "isomap_n_components='2'", "isomap_n_neighbors='5'", "svm_C='1.0'", "svm_gamma='1.0'"]}
{"cpu_time": 79.59728240966797, "total_cpu_time": null, "wallclock_time": 79.64135432243347, "evaluations": 1, "cost": 0.5547423769782028, "incumbent": ["haralick_distance='1'", "isomap_n_components='2'", "isomap_n_neighbors='5'", "svm_C='1.0'", "svm_gamma='1.0'"]}
{"cpu_time": 161.0298352241516, "total_cpu_time": null, "wallclock_time": 161.19082117080688, "evaluations": 2, "cost": 0.5481605344613244, "incumbent": ["haralick_distance='1'", "isomap_n_components='4'", "isomap_n_neighbors='7'", "svm_C='72.54534814538891'", "svm_gamma='4.489288587472055'"]}
{"cpu_time": 240.52380776405334, "total_cpu_time": null, "wallclock_time": 240.70657777786255, "evaluations": 3, "cost": 0.47642232525035527, "incumbent": ["haralick_distance='2'", "isomap_n_components='2'", "isomap_n_neighbors='6'", "svm_C='78.990011851405'", "svm_gamma='6.602930247746782'"]}
{"cpu_time": 741.2571728229523, "total_cpu_time": null, "wallclock_time": 742.1804711818695, "evaluations": 16, "cost": 0.47130784799410197, "incumbent": ["haralick_distance='3'", "isomap_n_components='4'", "isomap_n_neighbors='6'", "svm_C='24.92171341697036'", "svm_gamma='5.587310874788152'"]}
{"cpu_time": 779.7600355148315, "total_cpu_time": null, "wallclock_time": 780.7069976329803, "evaluations": 17, "cost": 0.47117782039408174, "incumbent": ["haralick_distance='3'", "isomap_n_components='4'", "isomap_n_neighbors='6'", "svm_C='18.253089843996378'", "svm_gamma='6.675583330720798'"]}
{"cpu_time": 1009.4062547683716, "total_cpu_time": null, "wallclock_time": 1010.7003254890442, "evaluations": 23, "cost": 0.4584528567333112, "incumbent": ["haralick_distance='3'", "isomap_n_components='2'", "isomap_n_neighbors='7'", "svm_C='30.036388361509584'", "svm_gamma='2.866003042075578'"]}
{"cpu_time": 1433.3666949272156, "total_cpu_time": null, "wallclock_time": 1435.3680827617645, "evaluations": 34, "cost": 0.4436865547765367, "incumbent": ["haralick_distance='3'", "isomap_n_components='2'", "isomap_n_neighbors='6'", "svm_C='1.2321033202162368'", "svm_gamma='4.070170148655203'"]}
{"cpu_time": 2211.879122018814, "total_cpu_time": null, "wallclock_time": 2215.170953273773, "evaluations": 54, "cost": 0.43230182760169117, "incumbent": ["haralick_distance='3'", "isomap_n_components='2'", "isomap_n_neighbors='6'", "svm_C='27.323447319166636'", "svm_gamma='0.5711819691987743'"]}
{"cpu_time": 3750.6876187324524, "total_cpu_time": null, "wallclock_time": 3756.851786851883, "evaluations": 94, "cost": 0.4201300144856033, "incumbent": ["haralick_distance='3'", "isomap_n_components='2'", "isomap_n_neighbors='7'", "svm_C='0.5534814774062319'", "svm_gamma='1.6076526847399393'"]}
{"cpu_time": 3981.9091453552246, "total_cpu_time": null, "wallclock_time": 3988.4103224277496, "evaluations": 100, "cost": 0.41952781162345704, "incumbent": ["haralick_distance='3'", "isomap_n_components='2'", "isomap_n_neighbors='7'", "svm_C='0.4491084791608211'", "svm_gamma='0.4329124642235839'"]}
{"cpu_time": 5064.7198367118835, "total_cpu_time": null, "wallclock_time": 5073.268448829651, "evaluations": 128, "cost": 0.4191866281096163, "incumbent": ["haralick_distance='3'", "isomap_n_components='4'", "isomap_n_neighbors='7'", "svm_C='8.631503890576987'", "svm_gamma='0.3576610750933094'"]}
