{"cpu_time": 0, "total_cpu_time": null, "wallclock_time": 9.322166442871094e-05, "evaluations": 0, "cost": 2147483648, "incumbent": ["pca_whiten=''true''", "svm_C='1.0'", "svm_gamma='1.0'"]}
{"cpu_time": 0.8064813613891602, "total_cpu_time": null, "wallclock_time": 0.8348369598388672, "evaluations": 1, "cost": 0.533915962198504, "incumbent": ["pca_whiten=''true''", "svm_C='1.0'", "svm_gamma='1.0'"]}
{"cpu_time": 1.4163308143615723, "total_cpu_time": null, "wallclock_time": 1.4950282573699951, "evaluations": 2, "cost": 0.5075295819731404, "incumbent": ["pca_whiten=''true''", "svm_C='65.31224049555269'", "svm_gamma='4.667651857354299'"]}
{"cpu_time": 3.7394304275512695, "total_cpu_time": null, "wallclock_time": 3.9034836292266846, "evaluations": 5, "cost": 0.4992654050166707, "incumbent": ["pca_whiten=''true''", "svm_C='78.990011851405'", "svm_gamma='6.602930247746782'"]}
{"cpu_time": 4.513877868652344, "total_cpu_time": null, "wallclock_time": 4.729469299316406, "evaluations": 6, "cost": 0.49739733722100365, "incumbent": ["pca_whiten=''true''", "svm_C='69.69712111971603'", "svm_gamma='7.565840455614787'"]}
{"cpu_time": 8.008079528808594, "total_cpu_time": null, "wallclock_time": 8.381995439529419, "evaluations": 10, "cost": 0.497371814650806, "incumbent": ["pca_whiten=''false''", "svm_C='88.06221232798944'", "svm_gamma='7.118286713648297'"]}
{"cpu_time": 8.855506420135498, "total_cpu_time": null, "wallclock_time": 9.252030849456787, "evaluations": 11, "cost": 0.4969628062820693, "incumbent": ["pca_whiten=''true''", "svm_C='97.96743164433231'", "svm_gamma='7.845924299570545'"]}
{"cpu_time": 19.360594272613525, "total_cpu_time": null, "wallclock_time": 20.27414298057556, "evaluations": 24, "cost": 0.4959928394969642, "incumbent": ["pca_whiten=''true''", "svm_C='88.27399636885124'", "svm_gamma='7.537999725493027'"]}
