{"cpu_time": 0, "total_cpu_time": null, "wallclock_time": 0.0001494884490966797, "evaluations": 0, "cost": 2147483648, "incumbent": ["pca_whiten=''true''", "rf_max_features='0.5'", "rf_n_estimators='10'"]}
{"cpu_time": 0.7683372497558594, "total_cpu_time": null, "wallclock_time": 0.8260416984558105, "evaluations": 1, "cost": 1.461412892960154, "incumbent": ["pca_whiten=''true''", "rf_max_features='0.5'", "rf_n_estimators='10'"]}
{"cpu_time": 3.7820889949798584, "total_cpu_time": null, "wallclock_time": 3.922593116760254, "evaluations": 2, "cost": 0.527535720856712, "incumbent": ["pca_whiten=''true''", "rf_max_features='0.6263875900678313'", "rf_n_estimators='178'"]}
{"cpu_time": 7.325149297714233, "total_cpu_time": null, "wallclock_time": 7.534554958343506, "evaluations": 3, "cost": 0.5006713630871689, "incumbent": ["pca_whiten=''false''", "rf_max_features='0.3021465708060675'", "rf_n_estimators='203'"]}
{"cpu_time": 52.36412835121155, "total_cpu_time": null, "wallclock_time": 54.41935110092163, "evaluations": 18, "cost": 0.4944855523176899, "incumbent": ["pca_whiten=''true''", "rf_max_features='0.4632321901912569'", "rf_n_estimators='26'"]}
{"cpu_time": 111.36980032920837, "total_cpu_time": null, "wallclock_time": 117.43353629112244, "evaluations": 46, "cost": 0.4753048077685546, "incumbent": ["pca_whiten=''true''", "rf_max_features='0.3601706391298888'", "rf_n_estimators='53'"]}
