{"cpu_time": 0, "total_cpu_time": null, "wallclock_time": 0.0001227855682373047, "evaluations": 0, "cost": 2147483648, "incumbent": ["isomap_n_components='2'", "isomap_n_neighbors='5'", "rf_max_features='0.5'", "rf_n_estimators='10'"]}
{"cpu_time": 0.8061466217041016, "total_cpu_time": null, "wallclock_time": 0.8219244480133057, "evaluations": 1, "cost": 2.3814697961156193, "incumbent": ["isomap_n_components='2'", "isomap_n_neighbors='5'", "rf_max_features='0.5'", "rf_n_estimators='10'"]}
{"cpu_time": 2.3984298706054688, "total_cpu_time": null, "wallclock_time": 2.458686113357544, "evaluations": 2, "cost": 1.4621917759531884, "incumbent": ["isomap_n_components='2'", "isomap_n_neighbors='7'", "rf_max_features='0.7705914184339647'", "rf_n_estimators='220'"]}
{"cpu_time": 3.5550997257232666, "total_cpu_time": null, "wallclock_time": 3.6311771869659424, "evaluations": 3, "cost": 0.8170873264844559, "incumbent": ["isomap_n_components='4'", "isomap_n_neighbors='5'", "rf_max_features='0.42825496760388254'", "rf_n_estimators='109'"]}
{"cpu_time": 4.8576438426971436, "total_cpu_time": null, "wallclock_time": 4.990893125534058, "evaluations": 4, "cost": 0.637282079066292, "incumbent": ["isomap_n_components='3'", "isomap_n_neighbors='3'", "rf_max_features='0.5379007026068363'", "rf_n_estimators='167'"]}
{"cpu_time": 7.44421124458313, "total_cpu_time": null, "wallclock_time": 7.6500396728515625, "evaluations": 6, "cost": 0.6216485321476443, "incumbent": ["isomap_n_components='3'", "isomap_n_neighbors='3'", "rf_max_features='0.5213909834158963'", "rf_n_estimators='118'"]}
{"cpu_time": 45.72432041168213, "total_cpu_time": null, "wallclock_time": 47.19046711921692, "evaluations": 37, "cost": 0.6126984579838196, "incumbent": ["isomap_n_components='3'", "isomap_n_neighbors='3'", "rf_max_features='0.3114492201657022'", "rf_n_estimators='91'"]}
