{"cpu_time": 0, "total_cpu_time": null, "wallclock_time": 7.700920104980469e-05, "evaluations": 0, "cost": 2147483648, "incumbent": ["rf_max_features='0.5'", "rf_n_estimators='81'"]}
{"cpu_time": 6.094226598739624, "total_cpu_time": null, "wallclock_time": 6.109299182891846, "evaluations": 1, "cost": 0.546993554577595, "incumbent": ["rf_max_features='0.5'", "rf_n_estimators='81'"]}
{"cpu_time": 60.62508678436279, "total_cpu_time": null, "wallclock_time": 60.73375964164734, "evaluations": 5, "cost": 0.5457153197033553, "incumbent": ["rf_max_features='0.5'", "rf_n_estimators='227'"]}
