{"cpu_time": 0, "total_cpu_time": null, "wallclock_time": 0.00010466575622558594, "evaluations": 0, "cost": 2147483648, "incumbent": ["isomap_n_components='2'", "isomap_n_neighbors='5'", "svm_C='1.0'", "svm_gamma='1.0'"]}
{"cpu_time": 0.4538700580596924, "total_cpu_time": null, "wallclock_time": 0.47116971015930176, "evaluations": 1, "cost": 1.0048119984381592, "incumbent": ["isomap_n_components='2'", "isomap_n_neighbors='5'", "svm_C='1.0'", "svm_gamma='1.0'"]}
{"cpu_time": 8.927463293075562, "total_cpu_time": null, "wallclock_time": 9.790246486663818, "evaluations": 20, "cost": 1.0032874890641381, "incumbent": ["isomap_n_components='2'", "isomap_n_neighbors='5'", "svm_C='7.625960381976041'", "svm_gamma='3.0073001428957125'"]}
{"cpu_time": 12.526292085647583, "total_cpu_time": null, "wallclock_time": 13.711385726928711, "evaluations": 28, "cost": 1.0032211408689922, "incumbent": ["isomap_n_components='2'", "isomap_n_neighbors='6'", "svm_C='2.9343047754270883'", "svm_gamma='6.6520126920055525'"]}
{"cpu_time": 15.000444650650024, "total_cpu_time": null, "wallclock_time": 16.354281902313232, "evaluations": 33, "cost": 0.9971772833227478, "incumbent": ["isomap_n_components='2'", "isomap_n_neighbors='5'", "svm_C='4.439919166864941'", "svm_gamma='2.8802619030610193'"]}
