{"cpu_time": 0, "total_cpu_time": null, "wallclock_time": 3.0279159545898438e-05, "evaluations": 0, "cost": 2147483648, "incumbent": []}
{"cpu_time": 0.5768589973449707, "total_cpu_time": null, "wallclock_time": 0.6050646305084229, "evaluations": 1, "cost": 9.602235151221638, "incumbent": []}
