{"cpu_time": 0, "total_cpu_time": null, "wallclock_time": 0.0001480579376220703, "evaluations": 0, "cost": 2147483648, "incumbent": ["isomap_n_components='2'", "isomap_n_neighbors='5'", "svm_C='1.0'", "svm_gamma='1.0'"]}
{"cpu_time": 1.957993745803833, "total_cpu_time": null, "wallclock_time": 2.0118601322174072, "evaluations": 1, "cost": 0.37223148530721056, "incumbent": ["isomap_n_components='2'", "isomap_n_neighbors='5'", "svm_C='1.0'", "svm_gamma='1.0'"]}
{"cpu_time": 10.898930072784424, "total_cpu_time": null, "wallclock_time": 11.432732820510864, "evaluations": 7, "cost": 0.37133336983264303, "incumbent": ["isomap_n_components='4'", "isomap_n_neighbors='3'", "svm_C='38.955212985979244'", "svm_gamma='2.443593951042488'"]}
{"cpu_time": 13.676390647888184, "total_cpu_time": null, "wallclock_time": 14.299199342727661, "evaluations": 9, "cost": 0.370437196796728, "incumbent": ["isomap_n_components='3'", "isomap_n_neighbors='3'", "svm_C='18.112605923202754'", "svm_gamma='2.8833638525651795'"]}
{"cpu_time": 15.444055080413818, "total_cpu_time": null, "wallclock_time": 16.160394191741943, "evaluations": 10, "cost": 0.3669099048804864, "incumbent": ["isomap_n_components='4'", "isomap_n_neighbors='7'", "svm_C='9.057709990407705'", "svm_gamma='2.940095053267718'"]}
{"cpu_time": 21.360677003860474, "total_cpu_time": null, "wallclock_time": 22.482393741607666, "evaluations": 14, "cost": 0.3406940427999499, "incumbent": ["isomap_n_components='4'", "isomap_n_neighbors='3'", "svm_C='1.5537107668965207'", "svm_gamma='2.953211484457072'"]}
{"cpu_time": 75.94882583618164, "total_cpu_time": null, "wallclock_time": 79.76276636123657, "evaluations": 46, "cost": 0.33817470865548077, "incumbent": ["isomap_n_components='4'", "isomap_n_neighbors='6'", "svm_C='0.5898712445210937'", "svm_gamma='6.235231424277808'"]}
{"cpu_time": 82.91718363761902, "total_cpu_time": null, "wallclock_time": 87.16205501556396, "evaluations": 50, "cost": 0.33803630090239745, "incumbent": ["isomap_n_components='4'", "isomap_n_neighbors='6'", "svm_C='0.28605306367275685'", "svm_gamma='5.254387962083365'"]}
{"cpu_time": 93.12441611289978, "total_cpu_time": null, "wallclock_time": 97.92144680023193, "evaluations": 56, "cost": 0.33528121803896505, "incumbent": ["isomap_n_components='4'", "isomap_n_neighbors='5'", "svm_C='0.28605306367275685'", "svm_gamma='6.780304433927934'"]}
{"cpu_time": 152.8649218082428, "total_cpu_time": null, "wallclock_time": 160.63962316513062, "evaluations": 91, "cost": 0.3308197628202777, "incumbent": ["isomap_n_components='4'", "isomap_n_neighbors='7'", "svm_C='0.7970495020596686'", "svm_gamma='7.1437529766975905'"]}
{"cpu_time": 209.21794533729553, "total_cpu_time": null, "wallclock_time": 219.85461354255676, "evaluations": 132, "cost": 0.3292974881798834, "incumbent": ["isomap_n_components='4'", "isomap_n_neighbors='7'", "svm_C='0.25896957524193076'", "svm_gamma='3.3915965061859357'"]}
{"cpu_time": 235.2860369682312, "total_cpu_time": null, "wallclock_time": 247.53323912620544, "evaluations": 162, "cost": 0.32842869746682263, "incumbent": ["isomap_n_components='4'", "isomap_n_neighbors='7'", "svm_C='0.6548962250042261'", "svm_gamma='6.419252666066857'"]}
