{"cpu_time": 0, "total_cpu_time": null, "wallclock_time": 0.0002319812774658203, "evaluations": 0, "cost": 2147483648, "incumbent": ["isomap_n_components='2'", "isomap_n_neighbors='5'"]}
{"cpu_time": 0.9146740436553955, "total_cpu_time": null, "wallclock_time": 0.9401953220367432, "evaluations": 1, "cost": 3.3307411485448646, "incumbent": ["isomap_n_components='2'", "isomap_n_neighbors='5'"]}
{"cpu_time": 2.6993935108184814, "total_cpu_time": null, "wallclock_time": 2.8034725189208984, "evaluations": 3, "cost": 2.846269708756521, "incumbent": ["isomap_n_components='4'", "isomap_n_neighbors='7'"]}
{"cpu_time": 3.447953462600708, "total_cpu_time": null, "wallclock_time": 3.60451340675354, "evaluations": 4, "cost": 2.156570784057837, "incumbent": ["isomap_n_components='3'", "isomap_n_neighbors='5'"]}
