{"cpu_time": 0, "total_cpu_time": null, "wallclock_time": 0.00012993812561035156, "evaluations": 0, "cost": 2147483648, "incumbent": ["isomap_n_components='2'", "isomap_n_neighbors='5'", "rf_max_features='0.5'", "rf_n_estimators='10'"]}
{"cpu_time": 3.081085205078125, "total_cpu_time": null, "wallclock_time": 3.1597723960876465, "evaluations": 1, "cost": 1.4970457576092377, "incumbent": ["isomap_n_components='2'", "isomap_n_neighbors='5'", "rf_max_features='0.5'", "rf_n_estimators='10'"]}
{"cpu_time": 9.642736434936523, "total_cpu_time": null, "wallclock_time": 9.917057275772095, "evaluations": 2, "cost": 0.6222497623175124, "incumbent": ["isomap_n_components='2'", "isomap_n_neighbors='7'", "rf_max_features='0.7705914184339647'", "rf_n_estimators='220'"]}
{"cpu_time": 14.101117849349976, "total_cpu_time": null, "wallclock_time": 14.448827505111694, "evaluations": 3, "cost": 0.5499003623378509, "incumbent": ["isomap_n_components='4'", "isomap_n_neighbors='5'", "rf_max_features='0.42825496760388254'", "rf_n_estimators='109'"]}
{"cpu_time": 83.12839269638062, "total_cpu_time": null, "wallclock_time": 86.02651000022888, "evaluations": 18, "cost": 0.5331111941465352, "incumbent": ["isomap_n_components='4'", "isomap_n_neighbors='6'", "rf_max_features='0.44665535885529994'", "rf_n_estimators='79'"]}
{"cpu_time": 87.77278804779053, "total_cpu_time": null, "wallclock_time": 90.74490880966187, "evaluations": 19, "cost": 0.4926503026179105, "incumbent": ["isomap_n_components='3'", "isomap_n_neighbors='5'", "rf_max_features='0.5232445521404507'", "rf_n_estimators='129'"]}
{"cpu_time": 99.00213694572449, "total_cpu_time": null, "wallclock_time": 102.39202690124512, "evaluations": 21, "cost": 0.4030818149943376, "incumbent": ["isomap_n_components='4'", "isomap_n_neighbors='6'", "rf_max_features='0.3908563055255074'", "rf_n_estimators='252'"]}
{"cpu_time": 127.8532190322876, "total_cpu_time": null, "wallclock_time": 132.30157113075256, "evaluations": 26, "cost": 0.40203806633600614, "incumbent": ["isomap_n_components='4'", "isomap_n_neighbors='6'", "rf_max_features='0.34639868603656465'", "rf_n_estimators='296'"]}
