{"cpu_time": 0, "total_cpu_time": null, "wallclock_time": 0.00032639503479003906, "evaluations": 0, "cost": 2147483648, "incumbent": ["isomap_n_components='2'", "isomap_n_neighbors='5'", "svm_C='1.0'", "svm_gamma='1.0'"]}
{"cpu_time": 0.7683494091033936, "total_cpu_time": null, "wallclock_time": 0.7963883876800537, "evaluations": 1, "cost": 0.9517115358493949, "incumbent": ["isomap_n_components='2'", "isomap_n_neighbors='5'", "svm_C='1.0'", "svm_gamma='1.0'"]}
{"cpu_time": 5.170863389968872, "total_cpu_time": null, "wallclock_time": 5.6321070194244385, "evaluations": 7, "cost": 0.9358223434907611, "incumbent": ["isomap_n_components='4'", "isomap_n_neighbors='3'", "svm_C='38.955212985979244'", "svm_gamma='2.443593951042488'"]}
{"cpu_time": 10.042916297912598, "total_cpu_time": null, "wallclock_time": 11.136244773864746, "evaluations": 14, "cost": 0.9259962800751902, "incumbent": ["isomap_n_components='4'", "isomap_n_neighbors='7'", "svm_C='69.60358905684629'", "svm_gamma='0.468344155952727'"]}
