{"cpu_time": 0, "total_cpu_time": null, "wallclock_time": 0.00012540817260742188, "evaluations": 0, "cost": 2147483648, "incumbent": ["haralick_distance='1'", "pca_whiten=''true''", "svm_C='1.0'", "svm_gamma='1.0'"]}
{"cpu_time": 60.51031517982483, "total_cpu_time": null, "wallclock_time": 60.53249502182007, "evaluations": 1, "cost": 0.9214154859185779, "incumbent": ["haralick_distance='1'", "pca_whiten=''true''", "svm_C='1.0'", "svm_gamma='1.0'"]}
{"cpu_time": 185.49621510505676, "total_cpu_time": null, "wallclock_time": 185.5876133441925, "evaluations": 3, "cost": 0.8036262861485232, "incumbent": ["haralick_distance='2'", "pca_whiten=''true''", "svm_C='39.719968193911264'", "svm_gamma='0.8615789437416754'"]}
{"cpu_time": 623.9879539012909, "total_cpu_time": null, "wallclock_time": 624.518205165863, "evaluations": 10, "cost": 0.8016912372929886, "incumbent": ["haralick_distance='2'", "pca_whiten=''true''", "svm_C='38.38799284690124'", "svm_gamma='0.7476696977530946'"]}
{"cpu_time": 871.8396818637848, "total_cpu_time": null, "wallclock_time": 872.6299548149109, "evaluations": 14, "cost": 0.7754783838955265, "incumbent": ["haralick_distance='3'", "pca_whiten=''true''", "svm_C='37.694357510091514'", "svm_gamma='0.80733444931765'"]}
{"cpu_time": 1121.4192049503326, "total_cpu_time": null, "wallclock_time": 1122.4560329914093, "evaluations": 18, "cost": 0.7563225609008849, "incumbent": ["haralick_distance='3'", "pca_whiten=''true''", "svm_C='12.544951243513237'", "svm_gamma='0.87430014451193'"]}
{"cpu_time": 2476.342677116394, "total_cpu_time": null, "wallclock_time": 2478.623363018036, "evaluations": 40, "cost": 0.7528107042005806, "incumbent": ["haralick_distance='3'", "pca_whiten=''false''", "svm_C='87.24547569119134'", "svm_gamma='0.26693866281403794'"]}
{"cpu_time": 2731.2064316272736, "total_cpu_time": null, "wallclock_time": 2733.827493906021, "evaluations": 44, "cost": 0.7502996471255893, "incumbent": ["haralick_distance='3'", "pca_whiten=''true''", "svm_C='90.62080153330096'", "svm_gamma='0.39350567247495905'"]}
{"cpu_time": 2976.5253579616547, "total_cpu_time": null, "wallclock_time": 2979.4514796733856, "evaluations": 48, "cost": 0.7482317716643694, "incumbent": ["haralick_distance='3'", "pca_whiten=''true''", "svm_C='88.92469162531108'", "svm_gamma='0.31274203111680265'"]}
{"cpu_time": 4846.525096416473, "total_cpu_time": null, "wallclock_time": 4851.662690877914, "evaluations": 78, "cost": 0.7458815863189429, "incumbent": ["haralick_distance='3'", "pca_whiten=''true''", "svm_C='54.6620374495889'", "svm_gamma='0.37677378142975537'"]}
{"cpu_time": 8681.151881694794, "total_cpu_time": null, "wallclock_time": 8690.830317258835, "evaluations": 140, "cost": 0.7441206938931031, "incumbent": ["haralick_distance='3'", "pca_whiten=''false''", "svm_C='5.149655292558417'", "svm_gamma='0.6313108715745913'"]}
