{"cpu_time": 0, "total_cpu_time": null, "wallclock_time": 2.6702880859375e-05, "evaluations": 0, "cost": 2147483648, "incumbent": []}
{"cpu_time": 0.2488081455230713, "total_cpu_time": null, "wallclock_time": 0.2623631954193115, "evaluations": 1, "cost": 7.845086422574098, "incumbent": []}
