{"cpu_time": 0, "total_cpu_time": null, "wallclock_time": 1.3844711780548096, "evaluations": 0, "cost": 2147483648, "incumbent": ["haralick_distance='1'", "pca_whiten=''true''", "svm_C='1.0'", "svm_gamma='1.0'"]}
{"cpu_time": 41.31340956687927, "total_cpu_time": null, "wallclock_time": 42.74096965789795, "evaluations": 1, "cost": 0.9467021282831861, "incumbent": ["haralick_distance='1'", "pca_whiten=''true''", "svm_C='1.0'", "svm_gamma='1.0'"]}
{"cpu_time": 127.3473539352417, "total_cpu_time": null, "wallclock_time": 733.8044509887695, "evaluations": 3, "cost": 0.8027246599728849, "incumbent": ["haralick_distance='2'", "pca_whiten=''true''", "svm_C='39.719968193911264'", "svm_gamma='0.8615789437416754'"]}
{"cpu_time": 430.4795265197754, "total_cpu_time": null, "wallclock_time": 1037.606204509735, "evaluations": 10, "cost": 0.7949714736671966, "incumbent": ["haralick_distance='3'", "pca_whiten=''false''", "svm_C='22.12921607794151'", "svm_gamma='6.605076878953514'"]}
{"cpu_time": 517.2460246086121, "total_cpu_time": null, "wallclock_time": 1124.5824627876282, "evaluations": 12, "cost": 0.792108442892617, "incumbent": ["haralick_distance='3'", "pca_whiten=''false''", "svm_C='8.889106823487905'", "svm_gamma='7.228862617854245'"]}
