{"cpu_time": 0, "total_cpu_time": null, "wallclock_time": 0.0001437664031982422, "evaluations": 0, "cost": 2147483648, "incumbent": ["isomap_n_components='2'", "isomap_n_neighbors='5'", "svm_C='1.0'", "svm_gamma='1.0'"]}
{"cpu_time": 0.8755526542663574, "total_cpu_time": null, "wallclock_time": 0.8924109935760498, "evaluations": 1, "cost": 0.9477261875980142, "incumbent": ["isomap_n_components='2'", "isomap_n_neighbors='5'", "svm_C='1.0'", "svm_gamma='1.0'"]}
{"cpu_time": 9.400203704833984, "total_cpu_time": null, "wallclock_time": 9.689486026763916, "evaluations": 7, "cost": 0.9420702591453569, "incumbent": ["isomap_n_components='4'", "isomap_n_neighbors='3'", "svm_C='38.955212985979244'", "svm_gamma='2.443593951042488'"]}
{"cpu_time": 17.692116498947144, "total_cpu_time": null, "wallclock_time": 18.671680450439453, "evaluations": 14, "cost": 0.9247367402422387, "incumbent": ["isomap_n_components='4'", "isomap_n_neighbors='7'", "svm_C='69.60358905684629'", "svm_gamma='0.468344155952727'"]}
{"cpu_time": 29.471088886260986, "total_cpu_time": null, "wallclock_time": 31.38782572746277, "evaluations": 24, "cost": 0.9057004981133129, "incumbent": ["isomap_n_components='4'", "isomap_n_neighbors='7'", "svm_C='45.48629207070007'", "svm_gamma='0.11935665187250165'"]}
{"cpu_time": 59.78751039505005, "total_cpu_time": null, "wallclock_time": 63.68360710144043, "evaluations": 52, "cost": 0.9035299553504061, "incumbent": ["isomap_n_components='4'", "isomap_n_neighbors='6'", "svm_C='62.6253235361604'", "svm_gamma='0.11248659271732628'"]}
{"cpu_time": 226.5094165802002, "total_cpu_time": null, "wallclock_time": 236.9231789112091, "evaluations": 90, "cost": 0.9020588170825424, "incumbent": ["isomap_n_components='4'", "isomap_n_neighbors='6'", "svm_C='24.357440583389156'", "svm_gamma='0.11960507090372124'"]}
