{"cpu_time": 0, "total_cpu_time": null, "wallclock_time": 0.0001270771026611328, "evaluations": 0, "cost": 2147483648, "incumbent": ["isomap_n_components='2'", "isomap_n_neighbors='5'", "rf_max_features='0.5'", "rf_n_estimators='10'"]}
{"cpu_time": 2.2991561889648438, "total_cpu_time": null, "wallclock_time": 2.371429204940796, "evaluations": 1, "cost": 3.1010436522591522, "incumbent": ["isomap_n_components='2'", "isomap_n_neighbors='5'", "rf_max_features='0.5'", "rf_n_estimators='10'"]}
{"cpu_time": 5.477059602737427, "total_cpu_time": null, "wallclock_time": 5.661612510681152, "evaluations": 2, "cost": 1.0141913522038057, "incumbent": ["isomap_n_components='2'", "isomap_n_neighbors='7'", "rf_max_features='0.7705914184339647'", "rf_n_estimators='220'"]}
{"cpu_time": 27.996625185012817, "total_cpu_time": null, "wallclock_time": 28.74104595184326, "evaluations": 10, "cost": 0.8780611094092329, "incumbent": ["isomap_n_components='4'", "isomap_n_neighbors='7'", "rf_max_features='0.5952087597689804'", "rf_n_estimators='274'"]}
{"cpu_time": 32.99668741226196, "total_cpu_time": null, "wallclock_time": 33.95459342002869, "evaluations": 12, "cost": 0.8773534215825679, "incumbent": ["isomap_n_components='4'", "isomap_n_neighbors='7'", "rf_max_features='0.6398646674317605'", "rf_n_estimators='105'"]}
{"cpu_time": 39.198227643966675, "total_cpu_time": null, "wallclock_time": 40.391801834106445, "evaluations": 14, "cost": 0.8667765496469685, "incumbent": ["isomap_n_components='4'", "isomap_n_neighbors='7'", "rf_max_features='0.619875744273988'", "rf_n_estimators='90'"]}
{"cpu_time": 51.50140953063965, "total_cpu_time": null, "wallclock_time": 53.0066134929657, "evaluations": 18, "cost": 0.7419076153747644, "incumbent": ["isomap_n_components='4'", "isomap_n_neighbors='7'", "rf_max_features='0.4260765182035516'", "rf_n_estimators='139'"]}
{"cpu_time": 167.1903042793274, "total_cpu_time": null, "wallclock_time": 173.0562744140625, "evaluations": 56, "cost": 0.6869886993247377, "incumbent": ["isomap_n_components='4'", "isomap_n_neighbors='7'", "rf_max_features='0.37121161304973643'", "rf_n_estimators='241'"]}
{"cpu_time": 407.4881956577301, "total_cpu_time": null, "wallclock_time": 423.42604517936707, "evaluations": 152, "cost": 0.6862740461426095, "incumbent": ["isomap_n_components='4'", "isomap_n_neighbors='7'", "rf_max_features='0.39008863500155777'", "rf_n_estimators='295'"]}
