{"cpu_time": 0, "total_cpu_time": null, "wallclock_time": 0.00015544891357421875, "evaluations": 0, "cost": 2147483648, "incumbent": ["haralick_distance='1'", "isomap_n_components='2'", "isomap_n_neighbors='5'", "svm_C='1.0'", "svm_gamma='1.0'"]}
{"cpu_time": 159.7585391998291, "total_cpu_time": null, "wallclock_time": 159.8856384754181, "evaluations": 1, "cost": 0.20445479891093843, "incumbent": ["haralick_distance='1'", "isomap_n_components='2'", "isomap_n_neighbors='5'", "svm_C='1.0'", "svm_gamma='1.0'"]}
{"cpu_time": 4351.240367412567, "total_cpu_time": null, "wallclock_time": 4360.508799314499, "evaluations": 64, "cost": 0.2008962003609324, "incumbent": ["haralick_distance='1'", "isomap_n_components='2'", "isomap_n_neighbors='5'", "svm_C='0.3868365311604204'", "svm_gamma='1.1147465888698593'"]}
{"cpu_time": 7721.620140790939, "total_cpu_time": null, "wallclock_time": 7738.8072373867035, "evaluations": 118, "cost": 0.17985018673103673, "incumbent": ["haralick_distance='1'", "isomap_n_components='4'", "isomap_n_neighbors='7'", "svm_C='0.3868365311604204'", "svm_gamma='1.1147465888698593'"]}
{"cpu_time": 11216.58570432663, "total_cpu_time": null, "wallclock_time": 11241.806516170502, "evaluations": 174, "cost": 0.1784658983038391, "incumbent": ["haralick_distance='1'", "isomap_n_components='4'", "isomap_n_neighbors='7'", "svm_C='0.3868365311604204'", "svm_gamma='0.40953530686543776'"]}
{"cpu_time": 11523.610562801361, "total_cpu_time": null, "wallclock_time": 11549.789553403854, "evaluations": 179, "cost": 0.178375483727965, "incumbent": ["haralick_distance='1'", "isomap_n_components='4'", "isomap_n_neighbors='7'", "svm_C='0.3868365311604204'", "svm_gamma='0.3840625156182572'"]}
