{"cpu_time": 0, "total_cpu_time": null, "wallclock_time": 0.00015401840209960938, "evaluations": 0, "cost": 2147483648, "incumbent": ["haralick_distance='1'", "pca_whiten=''true''", "rf_max_features='0.5'", "rf_n_estimators='10'"]}
{"cpu_time": 146.57690382003784, "total_cpu_time": null, "wallclock_time": 146.61757493019104, "evaluations": 1, "cost": 8.743970996271065, "incumbent": ["haralick_distance='1'", "pca_whiten=''true''", "rf_max_features='0.5'", "rf_n_estimators='10'"]}
{"cpu_time": 285.214457988739, "total_cpu_time": null, "wallclock_time": 285.3489553928375, "evaluations": 2, "cost": 3.8584925466777933, "incumbent": ["haralick_distance='1'", "pca_whiten=''true''", "rf_max_features='0.5914675755540864'", "rf_n_estimators='259'"]}
{"cpu_time": 423.252623796463, "total_cpu_time": null, "wallclock_time": 423.44531321525574, "evaluations": 3, "cost": 1.612579319738417, "incumbent": ["haralick_distance='2'", "pca_whiten=''true''", "rf_max_features='0.49829813910866494'", "rf_n_estimators='39'"]}
{"cpu_time": 569.9326822757721, "total_cpu_time": null, "wallclock_time": 570.299352645874, "evaluations": 4, "cost": 1.3399070817551806, "incumbent": ["haralick_distance='2'", "pca_whiten=''false''", "rf_max_features='0.7749277535405971'", "rf_n_estimators='140'"]}
{"cpu_time": 714.7592022418976, "total_cpu_time": null, "wallclock_time": 715.1689217090607, "evaluations": 5, "cost": 1.185038280753635, "incumbent": ["haralick_distance='2'", "pca_whiten=''true''", "rf_max_features='0.36113899979178665'", "rf_n_estimators='248'"]}
{"cpu_time": 995.8145112991333, "total_cpu_time": null, "wallclock_time": 996.474196434021, "evaluations": 7, "cost": 1.181054783512896, "incumbent": ["haralick_distance='2'", "pca_whiten=''false''", "rf_max_features='0.3131221970343925'", "rf_n_estimators='210'"]}
{"cpu_time": 1704.2409856319427, "total_cpu_time": null, "wallclock_time": 1705.5114047527313, "evaluations": 14, "cost": 1.1657808386539978, "incumbent": ["haralick_distance='2'", "pca_whiten=''false''", "rf_max_features='0.502977840071198'", "rf_n_estimators='251'"]}
{"cpu_time": 3108.8214132785797, "total_cpu_time": null, "wallclock_time": 3111.483417034149, "evaluations": 29, "cost": 1.116291172790359, "incumbent": ["haralick_distance='3'", "pca_whiten=''true''", "rf_max_features='0.49413803478057056'", "rf_n_estimators='245'"]}
{"cpu_time": 3294.8705854415894, "total_cpu_time": null, "wallclock_time": 3297.7313725948334, "evaluations": 31, "cost": 1.0276971466724303, "incumbent": ["haralick_distance='3'", "pca_whiten=''true''", "rf_max_features='0.33816921928226995'", "rf_n_estimators='276'"]}
{"cpu_time": 12017.10129570961, "total_cpu_time": null, "wallclock_time": 12029.61434674263, "evaluations": 124, "cost": 1.0122759067129823, "incumbent": ["haralick_distance='2'", "pca_whiten=''true''", "rf_max_features='0.6352909944722709'", "rf_n_estimators='214'"]}
{"cpu_time": 13735.979628801346, "total_cpu_time": null, "wallclock_time": 13750.151491641998, "evaluations": 142, "cost": 1.010797595313855, "incumbent": ["haralick_distance='2'", "pca_whiten=''false''", "rf_max_features='0.4948238675942764'", "rf_n_estimators='241'"]}
