{"cpu_time": 0, "total_cpu_time": null, "wallclock_time": 0.00027441978454589844, "evaluations": 0, "cost": 2147483648, "incumbent": ["haralick_distance='1'", "pca_whiten=''true''", "svm_C='1.0'", "svm_gamma='1.0'"]}
{"cpu_time": 45.643516540527344, "total_cpu_time": null, "wallclock_time": 45.67393612861633, "evaluations": 1, "cost": 0.947205586735859, "incumbent": ["haralick_distance='1'", "pca_whiten=''true''", "svm_C='1.0'", "svm_gamma='1.0'"]}
{"cpu_time": 90.85565614700317, "total_cpu_time": null, "wallclock_time": 90.96336364746094, "evaluations": 2, "cost": 0.9460135863333113, "incumbent": ["haralick_distance='1'", "pca_whiten=''true''", "svm_C='58.33522159570645'", "svm_gamma='6.857609839424436'"]}
{"cpu_time": 135.2394676208496, "total_cpu_time": null, "wallclock_time": 135.37583303451538, "evaluations": 3, "cost": 0.8111313397210657, "incumbent": ["haralick_distance='2'", "pca_whiten=''true''", "svm_C='39.719968193911264'", "svm_gamma='0.8615789437416754'"]}
{"cpu_time": 272.29999828338623, "total_cpu_time": null, "wallclock_time": 272.67825961112976, "evaluations": 6, "cost": 0.7993118092308501, "incumbent": ["haralick_distance='3'", "pca_whiten=''true''", "svm_C='56.67796874381939'", "svm_gamma='6.784834661409352'"]}
{"cpu_time": 455.75275802612305, "total_cpu_time": null, "wallclock_time": 456.3851203918457, "evaluations": 10, "cost": 0.7938844658956024, "incumbent": ["haralick_distance='3'", "pca_whiten=''false''", "svm_C='22.12921607794151'", "svm_gamma='6.605076878953514'"]}
{"cpu_time": 545.8904521465302, "total_cpu_time": null, "wallclock_time": 546.6475813388824, "evaluations": 12, "cost": 0.7935389851146414, "incumbent": ["haralick_distance='3'", "pca_whiten=''false''", "svm_C='8.889106823487905'", "svm_gamma='7.228862617854245'"]}
