{"cpu_time": 0, "total_cpu_time": null, "wallclock_time": 8.726119995117188e-05, "evaluations": 0, "cost": 2147483648, "incumbent": ["pca_whiten=''true''", "svm_C='1.0'", "svm_gamma='1.0'"]}
{"cpu_time": 29.551465034484863, "total_cpu_time": null, "wallclock_time": 29.62863278388977, "evaluations": 1, "cost": 0.7858054869163312, "incumbent": ["pca_whiten=''true''", "svm_C='1.0'", "svm_gamma='1.0'"]}
{"cpu_time": 34.0987765789032, "total_cpu_time": null, "wallclock_time": 34.58975911140442, "evaluations": 13, "cost": 0.7856306072084949, "incumbent": ["pca_whiten=''true''", "svm_C='74.03895323452416'", "svm_gamma='1.9822428937900223'"]}
{"cpu_time": 34.551109075546265, "total_cpu_time": null, "wallclock_time": 35.09323573112488, "evaluations": 14, "cost": 0.7255041119787284, "incumbent": ["pca_whiten=''false''", "svm_C='56.64875278433076'", "svm_gamma='0.5793081895462031'"]}
