{"cpu_time": 0, "total_cpu_time": null, "wallclock_time": 0.00011515617370605469, "evaluations": 0, "cost": 2147483648, "incumbent": ["isomap_n_components='2'", "isomap_n_neighbors='5'", "svm_C='1.0'", "svm_gamma='1.0'"]}
{"cpu_time": 0.8163766860961914, "total_cpu_time": null, "wallclock_time": 0.8323264122009277, "evaluations": 1, "cost": 0.5252266941857687, "incumbent": ["isomap_n_components='2'", "isomap_n_neighbors='5'", "svm_C='1.0'", "svm_gamma='1.0'"]}
{"cpu_time": 3.238682985305786, "total_cpu_time": null, "wallclock_time": 3.3636810779571533, "evaluations": 4, "cost": 0.5211325613041057, "incumbent": ["isomap_n_components='3'", "isomap_n_neighbors='3'", "svm_C='47.63256038084591'", "svm_gamma='4.369503763577128'"]}
{"cpu_time": 6.442995548248291, "total_cpu_time": null, "wallclock_time": 6.7118916511535645, "evaluations": 8, "cost": 0.5156689394483586, "incumbent": ["isomap_n_components='3'", "isomap_n_neighbors='7'", "svm_C='28.434172277564443'", "svm_gamma='6.16372404970847'"]}
{"cpu_time": 10.557416915893555, "total_cpu_time": null, "wallclock_time": 10.994101762771606, "evaluations": 13, "cost": 0.5129136781258204, "incumbent": ["isomap_n_components='3'", "isomap_n_neighbors='7'", "svm_C='82.10845963513053'", "svm_gamma='2.675788752665743'"]}
{"cpu_time": 21.508921146392822, "total_cpu_time": null, "wallclock_time": 22.547264575958252, "evaluations": 26, "cost": 0.5113560709945699, "incumbent": ["isomap_n_components='4'", "isomap_n_neighbors='7'", "svm_C='63.561393028356406'", "svm_gamma='7.28642415383364'"]}
{"cpu_time": 29.905341863632202, "total_cpu_time": null, "wallclock_time": 31.335160970687866, "evaluations": 36, "cost": 0.5102901055439132, "incumbent": ["isomap_n_components='4'", "isomap_n_neighbors='7'", "svm_C='76.24819532607357'", "svm_gamma='5.416218872499605'"]}
{"cpu_time": 33.29828071594238, "total_cpu_time": null, "wallclock_time": 34.91194748878479, "evaluations": 40, "cost": 0.5090340106928181, "incumbent": ["isomap_n_components='4'", "isomap_n_neighbors='7'", "svm_C='88.17214525182992'", "svm_gamma='6.6599260286468835'"]}
