{"cpu_time": 0, "total_cpu_time": null, "wallclock_time": 9.322166442871094e-05, "evaluations": 0, "cost": 2147483648, "incumbent": ["isomap_n_components='2'", "isomap_n_neighbors='5'", "svm_C='0.1'", "svm_gamma='4.005'"]}
{"cpu_time": 0.7684416770935059, "total_cpu_time": null, "wallclock_time": 0.7847137451171875, "evaluations": 1, "cost": 0.5279622473783802, "incumbent": ["isomap_n_components='2'", "isomap_n_neighbors='5'", "svm_C='0.1'", "svm_gamma='4.005'"]}
{"cpu_time": 1.5657336711883545, "total_cpu_time": null, "wallclock_time": 1.6394412517547607, "evaluations": 2, "cost": 0.5123230083260418, "incumbent": ["isomap_n_components='2'", "isomap_n_neighbors='7'", "svm_C='25.075000000000003'", "svm_gamma='4.005'"]}
{"cpu_time": 2.3465254306793213, "total_cpu_time": null, "wallclock_time": 2.4366111755371094, "evaluations": 3, "cost": 0.5116924486058526, "incumbent": ["isomap_n_components='2'", "isomap_n_neighbors='5'", "svm_C='50.050000000000004'", "svm_gamma='8.0'"]}
{"cpu_time": 4.721813917160034, "total_cpu_time": null, "wallclock_time": 4.9295995235443115, "evaluations": 6, "cost": 0.5114180420490264, "incumbent": ["isomap_n_components='4'", "isomap_n_neighbors='5'", "svm_C='100.0'", "svm_gamma='6.0024999999999995'"]}
{"cpu_time": 7.054821729660034, "total_cpu_time": null, "wallclock_time": 7.346866607666016, "evaluations": 9, "cost": 0.5081713429031867, "incumbent": ["isomap_n_components='4'", "isomap_n_neighbors='5'", "svm_C='25.075000000000003'", "svm_gamma='8.0'"]}
{"cpu_time": 9.244217872619629, "total_cpu_time": null, "wallclock_time": 9.671946287155151, "evaluations": 12, "cost": 0.5079947022590577, "incumbent": ["isomap_n_components='4'", "isomap_n_neighbors='4'", "svm_C='25.075000000000003'", "svm_gamma='6.0024999999999995'"]}
{"cpu_time": 15.503257989883423, "total_cpu_time": null, "wallclock_time": 16.292291164398193, "evaluations": 20, "cost": 0.5060533498363626, "incumbent": ["isomap_n_components='4'", "isomap_n_neighbors='6'", "svm_C='25.075000000000003'", "svm_gamma='4.005'"]}
{"cpu_time": 16.29259443283081, "total_cpu_time": null, "wallclock_time": 17.098396062850952, "evaluations": 21, "cost": 0.49853701202675865, "incumbent": ["isomap_n_components='4'", "isomap_n_neighbors='7'", "svm_C='25.075000000000003'", "svm_gamma='2.0075'"]}
