{"cpu_time": 0, "total_cpu_time": null, "wallclock_time": 0.0001266002655029297, "evaluations": 0, "cost": 2147483648, "incumbent": ["isomap_n_components='2'", "isomap_n_neighbors='5'", "rf_max_features='0.5'", "rf_n_estimators='10'"]}
{"cpu_time": 3.5709056854248047, "total_cpu_time": null, "wallclock_time": 3.624729871749878, "evaluations": 1, "cost": 1.0873531734793251, "incumbent": ["isomap_n_components='2'", "isomap_n_neighbors='5'", "rf_max_features='0.5'", "rf_n_estimators='10'"]}
{"cpu_time": 8.463404893875122, "total_cpu_time": null, "wallclock_time": 8.60558009147644, "evaluations": 2, "cost": 0.8070364144806422, "incumbent": ["isomap_n_components='2'", "isomap_n_neighbors='7'", "rf_max_features='0.7705914184339647'", "rf_n_estimators='220'"]}
{"cpu_time": 12.310402870178223, "total_cpu_time": null, "wallclock_time": 12.510512828826904, "evaluations": 3, "cost": 0.7937784396839573, "incumbent": ["isomap_n_components='4'", "isomap_n_neighbors='5'", "rf_max_features='0.42825496760388254'", "rf_n_estimators='109'"]}
{"cpu_time": 17.372798204421997, "total_cpu_time": null, "wallclock_time": 17.8583824634552, "evaluations": 4, "cost": 0.7557643417278216, "incumbent": ["isomap_n_components='3'", "isomap_n_neighbors='3'", "rf_max_features='0.5379007026068363'", "rf_n_estimators='167'"]}
{"cpu_time": 77.63576006889343, "total_cpu_time": null, "wallclock_time": 80.53281259536743, "evaluations": 18, "cost": 0.7249397007211643, "incumbent": ["isomap_n_components='4'", "isomap_n_neighbors='7'", "rf_max_features='0.5408344793682595'", "rf_n_estimators='284'"]}
{"cpu_time": 107.12176871299744, "total_cpu_time": null, "wallclock_time": 110.6812674999237, "evaluations": 23, "cost": 0.7201550895804879, "incumbent": ["isomap_n_components='4'", "isomap_n_neighbors='7'", "rf_max_features='0.6343316352444657'", "rf_n_estimators='296'"]}
{"cpu_time": 114.01744031906128, "total_cpu_time": null, "wallclock_time": 117.8185441493988, "evaluations": 24, "cost": 0.6309737690826415, "incumbent": ["isomap_n_components='4'", "isomap_n_neighbors='7'", "rf_max_features='0.30944088237690653'", "rf_n_estimators='237'"]}
