{"cpu_time": 0, "total_cpu_time": null, "wallclock_time": 9.012222290039062e-05, "evaluations": 0, "cost": 2147483648, "incumbent": ["pca_whiten=''true''", "svm_C='1.0'", "svm_gamma='1.0'"]}
{"cpu_time": 0.6895120143890381, "total_cpu_time": null, "wallclock_time": 0.7153558731079102, "evaluations": 1, "cost": 0.9010421456731835, "incumbent": ["pca_whiten=''true''", "svm_C='1.0'", "svm_gamma='1.0'"]}
{"cpu_time": 5.903630256652832, "total_cpu_time": null, "wallclock_time": 6.361982107162476, "evaluations": 14, "cost": 0.8476584759452539, "incumbent": ["pca_whiten=''false''", "svm_C='35.6177788970462'", "svm_gamma='0.6139953250167454'"]}
{"cpu_time": 7.5701072216033936, "total_cpu_time": null, "wallclock_time": 8.153564691543579, "evaluations": 18, "cost": 0.7962642848346441, "incumbent": ["pca_whiten=''false''", "svm_C='40.08245593543418'", "svm_gamma='0.3322880926585456'"]}
{"cpu_time": 10.073477506637573, "total_cpu_time": null, "wallclock_time": 10.891268253326416, "evaluations": 24, "cost": 0.7037254450681502, "incumbent": ["pca_whiten=''true''", "svm_C='42.07900162883704'", "svm_gamma='0.06356594009480018'"]}
{"cpu_time": 12.07400107383728, "total_cpu_time": null, "wallclock_time": 13.059222221374512, "evaluations": 29, "cost": 0.6994975662771982, "incumbent": ["pca_whiten=''false''", "svm_C='62.50814177672008'", "svm_gamma='0.028977341676197955'"]}
{"cpu_time": 17.855753183364868, "total_cpu_time": null, "wallclock_time": 19.461400032043457, "evaluations": 44, "cost": 0.6956835029695436, "incumbent": ["pca_whiten=''true''", "svm_C='0.8738206293275694'", "svm_gamma='0.049179560260917694'"]}
{"cpu_time": 18.951066493988037, "total_cpu_time": null, "wallclock_time": 20.654890060424805, "evaluations": 47, "cost": 0.6733239060730954, "incumbent": ["pca_whiten=''true''", "svm_C='4.522273094941211'", "svm_gamma='0.06356594009480018'"]}
{"cpu_time": 37.966593980789185, "total_cpu_time": null, "wallclock_time": 41.524999141693115, "evaluations": 94, "cost": 0.6671859167798392, "incumbent": ["pca_whiten=''false''", "svm_C='6.194763538603467'", "svm_gamma='0.06356594009480018'"]}
