{"cpu_time": 0, "total_cpu_time": null, "wallclock_time": 0.00013566017150878906, "evaluations": 0, "cost": 2147483648, "incumbent": ["isomap_n_components='2'", "isomap_n_neighbors='5'", "svm_C='1.0'", "svm_gamma='1.0'"]}
{"cpu_time": 3.4173409938812256, "total_cpu_time": null, "wallclock_time": 3.513223648071289, "evaluations": 1, "cost": 0.18795098834144497, "incumbent": ["isomap_n_components='2'", "isomap_n_neighbors='5'", "svm_C='1.0'", "svm_gamma='1.0'"]}
{"cpu_time": 62.82418751716614, "total_cpu_time": null, "wallclock_time": 66.65082430839539, "evaluations": 20, "cost": 0.18591176054300992, "incumbent": ["isomap_n_components='4'", "isomap_n_neighbors='7'", "svm_C='7.436988401079528'", "svm_gamma='0.3044620762584076'"]}
{"cpu_time": 76.90832018852234, "total_cpu_time": null, "wallclock_time": 81.84598231315613, "evaluations": 24, "cost": 0.17944781600004733, "incumbent": ["isomap_n_components='2'", "isomap_n_neighbors='3'", "svm_C='24.115003404825227'", "svm_gamma='0.10082211171524894'"]}
{"cpu_time": 90.78212094306946, "total_cpu_time": null, "wallclock_time": 96.54399871826172, "evaluations": 28, "cost": 0.17862999328205612, "incumbent": ["isomap_n_components='4'", "isomap_n_neighbors='7'", "svm_C='15.074303633283366'", "svm_gamma='0.10002923534643868'"]}
{"cpu_time": 104.74692606925964, "total_cpu_time": null, "wallclock_time": 111.6509211063385, "evaluations": 32, "cost": 0.1740416222339929, "incumbent": ["isomap_n_components='4'", "isomap_n_neighbors='3'", "svm_C='12.860624819853914'", "svm_gamma='0.6771529394482396'"]}
{"cpu_time": 117.23626184463501, "total_cpu_time": null, "wallclock_time": 125.48142457008362, "evaluations": 36, "cost": 0.1708212954942816, "incumbent": ["isomap_n_components='4'", "isomap_n_neighbors='3'", "svm_C='42.48382869681932'", "svm_gamma='0.3065846134869845'"]}
{"cpu_time": 124.16134691238403, "total_cpu_time": null, "wallclock_time": 133.02941966056824, "evaluations": 38, "cost": 0.16388807881492354, "incumbent": ["isomap_n_components='3'", "isomap_n_neighbors='3'", "svm_C='54.348235103300226'", "svm_gamma='0.2435625654215423'"]}
{"cpu_time": 189.70116925239563, "total_cpu_time": null, "wallclock_time": 204.64677214622498, "evaluations": 58, "cost": 0.16110927638129624, "incumbent": ["isomap_n_components='4'", "isomap_n_neighbors='3'", "svm_C='12.860624819853914'", "svm_gamma='0.131833224213'"]}
