{"cpu_time": 0, "total_cpu_time": null, "wallclock_time": 6.270408630371094e-05, "evaluations": 0, "cost": 2147483648, "incumbent": ["svm_C='0.1'", "svm_gamma='4.005'"]}
{"cpu_time": 1.4655084609985352, "total_cpu_time": null, "wallclock_time": 1.4791202545166016, "evaluations": 1, "cost": 0.5329862171338835, "incumbent": ["svm_C='0.1'", "svm_gamma='4.005'"]}
{"cpu_time": 2.8425519466400146, "total_cpu_time": null, "wallclock_time": 2.883226156234741, "evaluations": 2, "cost": 0.5158020224374228, "incumbent": ["svm_C='100.0'", "svm_gamma='2.0075'"]}
{"cpu_time": 12.493890762329102, "total_cpu_time": null, "wallclock_time": 12.741137742996216, "evaluations": 9, "cost": 0.5133637214732509, "incumbent": ["svm_C='50.050000000000004'", "svm_gamma='2.0075'"]}
{"cpu_time": 22.104738473892212, "total_cpu_time": null, "wallclock_time": 22.53057098388672, "evaluations": 16, "cost": 0.5129410172169724, "incumbent": ["svm_C='25.075000000000003'", "svm_gamma='2.0075'"]}
