"CPU Time Used","Estimated Training Performance","Wallclock Time","Incumbent ID","Automatic Configurator (CPU) Time","Configuration..."
0.000000, 2147483648.000000, 0.000099, 1, 0.000099, pca_whiten=''true'', svm_C='1.0', svm_gamma='1.0'
1.370517, 0.885679, 1.389175, 1, 0.018657, pca_whiten=''true'', svm_C='1.0', svm_gamma='1.0'
12.303549, 0.883030, 12.611864, 2, 0.308315, pca_whiten=''true'', svm_C='28.47602111141865', svm_gamma='0.8905090834586253'
24.679629, 0.740614, 25.360334, 3, 0.680705, pca_whiten=''true'', svm_C='94.33098207960246', svm_gamma='0.11168777361183017'
34.579380, 0.695026, 35.557737, 4, 0.978357, pca_whiten=''false'', svm_C='62.50814177672008', svm_gamma='0.028977341676197955'
56.600518, 0.685505, 58.245342, 5, 1.644825, pca_whiten=''true'', svm_C='1.8740526235392105', svm_gamma='0.07631513228363328'
61.312005, 0.681440, 63.090744, 6, 1.778739, pca_whiten=''false'', svm_C='16.425394382502834', svm_gamma='0.04948533159718488'
65.853533, 0.675931, 67.772233, 7, 1.918700, pca_whiten=''false'', svm_C='15.453345846017246', svm_gamma='0.03208729760716729'
