{"cpu_time": 0, "total_cpu_time": null, "wallclock_time": 9.894371032714844e-05, "evaluations": 0, "cost": 2147483648, "incumbent": ["pca_whiten=''true''", "svm_C='1.0'", "svm_gamma='1.0'"]}
{"cpu_time": 1.3705174922943115, "total_cpu_time": null, "wallclock_time": 1.3891749382019043, "evaluations": 1, "cost": 0.8856788056282378, "incumbent": ["pca_whiten=''true''", "svm_C='1.0'", "svm_gamma='1.0'"]}
{"cpu_time": 12.30354928970337, "total_cpu_time": null, "wallclock_time": 12.611863851547241, "evaluations": 10, "cost": 0.8830301401973882, "incumbent": ["pca_whiten=''true''", "svm_C='28.47602111141865'", "svm_gamma='0.8905090834586253'"]}
{"cpu_time": 24.6796293258667, "total_cpu_time": null, "wallclock_time": 25.360333919525146, "evaluations": 20, "cost": 0.7406137435174367, "incumbent": ["pca_whiten=''true''", "svm_C='94.33098207960246'", "svm_gamma='0.11168777361183017'"]}
{"cpu_time": 34.57938003540039, "total_cpu_time": null, "wallclock_time": 35.55773711204529, "evaluations": 29, "cost": 0.6950258049030178, "incumbent": ["pca_whiten=''false''", "svm_C='62.50814177672008'", "svm_gamma='0.028977341676197955'"]}
{"cpu_time": 56.60051774978638, "total_cpu_time": null, "wallclock_time": 58.24534249305725, "evaluations": 48, "cost": 0.6855053477159595, "incumbent": ["pca_whiten=''true''", "svm_C='1.8740526235392105'", "svm_gamma='0.07631513228363328'"]}
{"cpu_time": 61.312004804611206, "total_cpu_time": null, "wallclock_time": 63.09074425697327, "evaluations": 52, "cost": 0.681440410573332, "incumbent": ["pca_whiten=''false''", "svm_C='16.425394382502834'", "svm_gamma='0.04948533159718488'"]}
{"cpu_time": 65.85353326797485, "total_cpu_time": null, "wallclock_time": 67.77223300933838, "evaluations": 56, "cost": 0.6759309783882497, "incumbent": ["pca_whiten=''false''", "svm_C='15.453345846017246'", "svm_gamma='0.03208729760716729'"]}
