{"cpu_time": 0, "total_cpu_time": null, "wallclock_time": 0.00012803077697753906, "evaluations": 0, "cost": 2147483648, "incumbent": ["pca_whiten=''true''", "rf_max_features='0.5'", "rf_n_estimators='10'"]}
{"cpu_time": 1.3150615692138672, "total_cpu_time": null, "wallclock_time": 1.5085194110870361, "evaluations": 1, "cost": 1.9295268767442912, "incumbent": ["pca_whiten=''true''", "rf_max_features='0.5'", "rf_n_estimators='10'"]}
{"cpu_time": 6.00234580039978, "total_cpu_time": null, "wallclock_time": 6.443068265914917, "evaluations": 2, "cost": 0.4340747714308059, "incumbent": ["pca_whiten=''true''", "rf_max_features='0.6263875900678313'", "rf_n_estimators='178'"]}
{"cpu_time": 11.585490703582764, "total_cpu_time": null, "wallclock_time": 12.094635248184204, "evaluations": 3, "cost": 0.4276708044410879, "incumbent": ["pca_whiten=''false''", "rf_max_features='0.3021465708060675'", "rf_n_estimators='203'"]}
{"cpu_time": 15.828301668167114, "total_cpu_time": null, "wallclock_time": 16.597155809402466, "evaluations": 4, "cost": 0.4236714224786388, "incumbent": ["pca_whiten=''true''", "rf_max_features='0.30586418148323496'", "rf_n_estimators='221'"]}
{"cpu_time": 33.92476987838745, "total_cpu_time": null, "wallclock_time": 35.25654578208923, "evaluations": 7, "cost": 0.4130209613843305, "incumbent": ["pca_whiten=''false''", "rf_max_features='0.5169655679501186'", "rf_n_estimators='270'"]}
{"cpu_time": 44.925328969955444, "total_cpu_time": null, "wallclock_time": 47.128424882888794, "evaluations": 10, "cost": 0.4101954731432149, "incumbent": ["pca_whiten=''false''", "rf_max_features='0.5005156676459398'", "rf_n_estimators='84'"]}
{"cpu_time": 64.41204237937927, "total_cpu_time": null, "wallclock_time": 67.37864542007446, "evaluations": 14, "cost": 0.40577549795340895, "incumbent": ["pca_whiten=''false''", "rf_max_features='0.5176642318716871'", "rf_n_estimators='39'"]}
{"cpu_time": 168.21936559677124, "total_cpu_time": null, "wallclock_time": 178.14949321746826, "evaluations": 55, "cost": 0.39841401957885286, "incumbent": ["pca_whiten=''true''", "rf_max_features='0.45906446122103606'", "rf_n_estimators='145'"]}
{"cpu_time": 179.0391709804535, "total_cpu_time": null, "wallclock_time": 190.36132502555847, "evaluations": 62, "cost": 0.39414135928312105, "incumbent": ["pca_whiten=''true''", "rf_max_features='0.496225004324383'", "rf_n_estimators='16'"]}
{"cpu_time": 306.22356390953064, "total_cpu_time": null, "wallclock_time": 323.51845049858093, "evaluations": 153, "cost": 0.38890856657445433, "incumbent": ["pca_whiten=''false''", "rf_max_features='0.5232237309634533'", "rf_n_estimators='76'"]}
