{"cpu_time": 0, "total_cpu_time": null, "wallclock_time": 0.0001392364501953125, "evaluations": 0, "cost": 2147483648, "incumbent": ["haralick_distance='1'", "pca_whiten=''true''", "svm_C='1.0'", "svm_gamma='1.0'"]}
{"cpu_time": 88.69563961029053, "total_cpu_time": null, "wallclock_time": 88.76979613304138, "evaluations": 1, "cost": 0.20476260083249134, "incumbent": ["haralick_distance='1'", "pca_whiten=''true''", "svm_C='1.0'", "svm_gamma='1.0'"]}
{"cpu_time": 1150.9819405078888, "total_cpu_time": null, "wallclock_time": 1152.795349597931, "evaluations": 16, "cost": 0.20210478268427326, "incumbent": ["haralick_distance='1'", "pca_whiten=''true''", "svm_C='0.9258817184616898'", "svm_gamma='2.6395947118049756'"]}
{"cpu_time": 2878.247740507126, "total_cpu_time": null, "wallclock_time": 2882.546521425247, "evaluations": 44, "cost": 0.1910506403066571, "incumbent": ["haralick_distance='1'", "pca_whiten=''true''", "svm_C='0.28066282126694153'", "svm_gamma='3.082332258513211'"]}
{"cpu_time": 3127.607381105423, "total_cpu_time": null, "wallclock_time": 3132.357280731201, "evaluations": 48, "cost": 0.19070439643032733, "incumbent": ["haralick_distance='1'", "pca_whiten=''false''", "svm_C='0.28066282126694153'", "svm_gamma='3.082332258513211'"]}
{"cpu_time": 5273.795194149017, "total_cpu_time": null, "wallclock_time": 5282.083740711212, "evaluations": 83, "cost": 0.19027518705396643, "incumbent": ["haralick_distance='1'", "pca_whiten=''false''", "svm_C='0.28066282126694153'", "svm_gamma='4.694069548696885'"]}
{"cpu_time": 5459.750078678131, "total_cpu_time": null, "wallclock_time": 5468.4593896865845, "evaluations": 86, "cost": 0.1875033209315995, "incumbent": ["haralick_distance='1'", "pca_whiten=''false''", "svm_C='0.22217027633143926'", "svm_gamma='1.7801619593079492'"]}
{"cpu_time": 7682.5820343494415, "total_cpu_time": null, "wallclock_time": 7695.407573699951, "evaluations": 122, "cost": 0.18668471331964642, "incumbent": ["haralick_distance='1'", "pca_whiten=''false''", "svm_C='0.22217027633143926'", "svm_gamma='2.188178060493283'"]}
