{"cpu_time": 0, "total_cpu_time": null, "wallclock_time": 0.0007300376892089844, "evaluations": 0, "cost": 2147483648, "incumbent": ["haralick_distance='1'", "pca_whiten=''true''", "svm_C='1.0'", "svm_gamma='1.0'"]}
{"cpu_time": 133.0900104045868, "total_cpu_time": null, "wallclock_time": 133.15746402740479, "evaluations": 1, "cost": 0.921698399198874, "incumbent": ["haralick_distance='1'", "pca_whiten=''true''", "svm_C='1.0'", "svm_gamma='1.0'"]}
{"cpu_time": 417.70817255973816, "total_cpu_time": null, "wallclock_time": 418.103111743927, "evaluations": 3, "cost": 0.7991613546182271, "incumbent": ["haralick_distance='2'", "pca_whiten=''true''", "svm_C='39.719968193911264'", "svm_gamma='0.8615789437416754'"]}
{"cpu_time": 1920.6779067516327, "total_cpu_time": null, "wallclock_time": 1922.3737354278564, "evaluations": 16, "cost": 0.765724646694517, "incumbent": ["haralick_distance='3'", "pca_whiten=''false''", "svm_C='82.756952193613'", "svm_gamma='0.4007683015750616'"]}
{"cpu_time": 3049.4960165023804, "total_cpu_time": null, "wallclock_time": 3052.297973394394, "evaluations": 28, "cost": 0.7544438261541758, "incumbent": ["haralick_distance='3'", "pca_whiten=''false''", "svm_C='86.485201470056'", "svm_gamma='0.3047137499953361'"]}
{"cpu_time": 3409.2353229522705, "total_cpu_time": null, "wallclock_time": 3412.3006629943848, "evaluations": 32, "cost": 0.7506781591590231, "incumbent": ["haralick_distance='3'", "pca_whiten=''false''", "svm_C='69.92159926457178'", "svm_gamma='0.23129592298103166'"]}
{"cpu_time": 6948.352099895477, "total_cpu_time": null, "wallclock_time": 6955.539442777634, "evaluations": 70, "cost": 0.7460698153935641, "incumbent": ["haralick_distance='3'", "pca_whiten=''true''", "svm_C='87.18185179063713'", "svm_gamma='0.29915144842663866'"]}
{"cpu_time": 8543.90666437149, "total_cpu_time": null, "wallclock_time": 8552.83214378357, "evaluations": 87, "cost": 0.7441958262774072, "incumbent": ["haralick_distance='3'", "pca_whiten=''true''", "svm_C='33.13525306761445'", "svm_gamma='0.3222618758172117'"]}
{"cpu_time": 8990.95023560524, "total_cpu_time": null, "wallclock_time": 9000.504080533981, "evaluations": 92, "cost": 0.7441586531580286, "incumbent": ["haralick_distance='3'", "pca_whiten=''true''", "svm_C='62.934918137181974'", "svm_gamma='0.2860557822944325'"]}
{"cpu_time": 10886.610258102417, "total_cpu_time": null, "wallclock_time": 10898.26166510582, "evaluations": 112, "cost": 0.7429613840285153, "incumbent": ["haralick_distance='3'", "pca_whiten=''true''", "svm_C='17.04731427367892'", "svm_gamma='0.4106364623639667'"]}
