{"cpu_time": 0, "total_cpu_time": null, "wallclock_time": 0.0001456737518310547, "evaluations": 0, "cost": 2147483648, "incumbent": ["isomap_n_components='2'", "isomap_n_neighbors='5'", "rf_max_features='0.5'", "rf_n_estimators='10'"]}
{"cpu_time": 5.989542245864868, "total_cpu_time": null, "wallclock_time": 6.121955871582031, "evaluations": 1, "cost": 2.9882967085275802, "incumbent": ["isomap_n_components='2'", "isomap_n_neighbors='5'", "rf_max_features='0.5'", "rf_n_estimators='10'"]}
{"cpu_time": 17.111915826797485, "total_cpu_time": null, "wallclock_time": 17.55667757987976, "evaluations": 2, "cost": 0.9649039630533084, "incumbent": ["isomap_n_components='2'", "isomap_n_neighbors='7'", "rf_max_features='0.7705914184339647'", "rf_n_estimators='220'"]}
{"cpu_time": 84.98501062393188, "total_cpu_time": null, "wallclock_time": 87.03569030761719, "evaluations": 10, "cost": 0.7644828186708882, "incumbent": ["isomap_n_components='4'", "isomap_n_neighbors='7'", "rf_max_features='0.5952087597689804'", "rf_n_estimators='274'"]}
{"cpu_time": 204.39683890342712, "total_cpu_time": null, "wallclock_time": 208.9802668094635, "evaluations": 22, "cost": 0.6845292424352696, "incumbent": ["isomap_n_components='4'", "isomap_n_neighbors='7'", "rf_max_features='0.47795271981172'", "rf_n_estimators='284'"]}
