{"cpu_time": 0, "total_cpu_time": null, "wallclock_time": 0.00013947486877441406, "evaluations": 0, "cost": 2147483648, "incumbent": ["isomap_n_components='2'", "isomap_n_neighbors='5'", "rf_max_features='0.5'", "rf_n_estimators='10'"]}
{"cpu_time": 1.1601829528808594, "total_cpu_time": null, "wallclock_time": 1.1963512897491455, "evaluations": 1, "cost": 3.898367059713909, "incumbent": ["isomap_n_components='2'", "isomap_n_neighbors='5'", "rf_max_features='0.5'", "rf_n_estimators='10'"]}
{"cpu_time": 3.3431012630462646, "total_cpu_time": null, "wallclock_time": 3.4689342975616455, "evaluations": 2, "cost": 1.2036367625835822, "incumbent": ["isomap_n_components='2'", "isomap_n_neighbors='7'", "rf_max_features='0.7705914184339647'", "rf_n_estimators='220'"]}
{"cpu_time": 5.122650623321533, "total_cpu_time": null, "wallclock_time": 5.27881646156311, "evaluations": 3, "cost": 1.1384901521889994, "incumbent": ["isomap_n_components='4'", "isomap_n_neighbors='5'", "rf_max_features='0.42825496760388254'", "rf_n_estimators='109'"]}
{"cpu_time": 6.780232667922974, "total_cpu_time": null, "wallclock_time": 7.011254549026489, "evaluations": 4, "cost": 1.0832620977728948, "incumbent": ["isomap_n_components='3'", "isomap_n_neighbors='3'", "rf_max_features='0.5379007026068363'", "rf_n_estimators='167'"]}
{"cpu_time": 32.04266405105591, "total_cpu_time": null, "wallclock_time": 33.74804949760437, "evaluations": 20, "cost": 0.9988037818249511, "incumbent": ["isomap_n_components='3'", "isomap_n_neighbors='4'", "rf_max_features='0.385136376235897'", "rf_n_estimators='179'"]}
{"cpu_time": 34.88923525810242, "total_cpu_time": null, "wallclock_time": 36.61845278739929, "evaluations": 21, "cost": 0.9454028858679218, "incumbent": ["isomap_n_components='4'", "isomap_n_neighbors='6'", "rf_max_features='0.3908563055255074'", "rf_n_estimators='252'"]}
{"cpu_time": 46.71482253074646, "total_cpu_time": null, "wallclock_time": 49.01496934890747, "evaluations": 28, "cost": 0.9365207740666185, "incumbent": ["isomap_n_components='4'", "isomap_n_neighbors='7'", "rf_max_features='0.39802093280802225'", "rf_n_estimators='76'"]}
{"cpu_time": 61.10282754898071, "total_cpu_time": null, "wallclock_time": 64.11248779296875, "evaluations": 37, "cost": 0.9302735553676366, "incumbent": ["isomap_n_components='4'", "isomap_n_neighbors='7'", "rf_max_features='0.46859709749464196'", "rf_n_estimators='281'"]}
