{"cpu_time": 0, "total_cpu_time": null, "wallclock_time": 9.083747863769531e-05, "evaluations": 0, "cost": 2147483648, "incumbent": ["pca_whiten=''true''", "svm_C='1.0'", "svm_gamma='1.0'"]}
{"cpu_time": 0.9990150928497314, "total_cpu_time": null, "wallclock_time": 1.0126078128814697, "evaluations": 1, "cost": 0.8931747906878508, "incumbent": ["pca_whiten=''true''", "svm_C='1.0'", "svm_gamma='1.0'"]}
{"cpu_time": 11.728901624679565, "total_cpu_time": null, "wallclock_time": 12.009948015213013, "evaluations": 10, "cost": 0.8780602234506802, "incumbent": ["pca_whiten=''true''", "svm_C='28.47602111141865'", "svm_gamma='0.8905090834586253'"]}
{"cpu_time": 21.50823736190796, "total_cpu_time": null, "wallclock_time": 22.059868097305298, "evaluations": 18, "cost": 0.8187802457568405, "incumbent": ["pca_whiten=''true''", "svm_C='20.322738369026833'", "svm_gamma='0.41729649880836517'"]}
{"cpu_time": 26.102223873138428, "total_cpu_time": null, "wallclock_time": 26.776754140853882, "evaluations": 22, "cost": 0.7117783924319702, "incumbent": ["pca_whiten=''false''", "svm_C='1.822326065000656'", "svm_gamma='0.02163117111605692'"]}
{"cpu_time": 33.201799631118774, "total_cpu_time": null, "wallclock_time": 34.080485820770264, "evaluations": 28, "cost": 0.6850222214078007, "incumbent": ["pca_whiten=''true''", "svm_C='1.5998781320365032'", "svm_gamma='0.07407289517163099'"]}
{"cpu_time": 51.62160348892212, "total_cpu_time": null, "wallclock_time": 53.04783582687378, "evaluations": 44, "cost": 0.6845859445188501, "incumbent": ["pca_whiten=''true''", "svm_C='34.79919676283667'", "svm_gamma='0.02789671978652806'"]}
{"cpu_time": 60.024656534194946, "total_cpu_time": null, "wallclock_time": 61.668923139572144, "evaluations": 51, "cost": 0.679673106249989, "incumbent": ["pca_whiten=''false''", "svm_C='14.897252298123004'", "svm_gamma='0.04199113589533449'"]}
