{"cpu_time": 0, "total_cpu_time": null, "wallclock_time": 0.00011658668518066406, "evaluations": 0, "cost": 2147483648, "incumbent": ["isomap_n_components='2'", "isomap_n_neighbors='5'", "rf_max_features='0.5'", "rf_n_estimators='10'"]}
{"cpu_time": 0.7419278621673584, "total_cpu_time": null, "wallclock_time": 0.7596893310546875, "evaluations": 1, "cost": 2.8426592246638087, "incumbent": ["isomap_n_components='2'", "isomap_n_neighbors='5'", "rf_max_features='0.5'", "rf_n_estimators='10'"]}
{"cpu_time": 2.2655491828918457, "total_cpu_time": null, "wallclock_time": 2.3234682083129883, "evaluations": 2, "cost": 0.9633134431538598, "incumbent": ["isomap_n_components='2'", "isomap_n_neighbors='7'", "rf_max_features='0.7705914184339647'", "rf_n_estimators='220'"]}
{"cpu_time": 3.363633394241333, "total_cpu_time": null, "wallclock_time": 3.4375946521759033, "evaluations": 3, "cost": 0.3956825584222703, "incumbent": ["isomap_n_components='4'", "isomap_n_neighbors='5'", "rf_max_features='0.42825496760388254'", "rf_n_estimators='109'"]}
{"cpu_time": 23.88610029220581, "total_cpu_time": null, "wallclock_time": 24.65756344795227, "evaluations": 21, "cost": 0.3767212299108757, "incumbent": ["isomap_n_components='4'", "isomap_n_neighbors='6'", "rf_max_features='0.3908563055255074'", "rf_n_estimators='252'"]}
