{"cpu_time": 0, "total_cpu_time": null, "wallclock_time": 0.0001380443572998047, "evaluations": 0, "cost": 2147483648, "incumbent": ["haralick_distance='1'", "pca_whiten=''true''", "svm_C='1.0'", "svm_gamma='1.0'"]}
{"cpu_time": 45.478243589401245, "total_cpu_time": null, "wallclock_time": 45.49626326560974, "evaluations": 1, "cost": 0.920980506300503, "incumbent": ["haralick_distance='1'", "pca_whiten=''true''", "svm_C='1.0'", "svm_gamma='1.0'"]}
{"cpu_time": 137.9944930076599, "total_cpu_time": null, "wallclock_time": 138.07930064201355, "evaluations": 3, "cost": 0.8020025459991391, "incumbent": ["haralick_distance='2'", "pca_whiten=''true''", "svm_C='39.719968193911264'", "svm_gamma='0.8615789437416754'"]}
{"cpu_time": 442.5888674259186, "total_cpu_time": null, "wallclock_time": 442.90522742271423, "evaluations": 10, "cost": 0.7982903613098422, "incumbent": ["haralick_distance='2'", "pca_whiten=''true''", "svm_C='38.38799284690124'", "svm_gamma='0.7476696977530946'"]}
{"cpu_time": 689.9886305332184, "total_cpu_time": null, "wallclock_time": 690.4933137893677, "evaluations": 16, "cost": 0.7748191310811662, "incumbent": ["haralick_distance='3'", "pca_whiten=''true''", "svm_C='32.39790146331092'", "svm_gamma='0.8485991863475181'"]}
{"cpu_time": 854.3955166339874, "total_cpu_time": null, "wallclock_time": 855.0511407852173, "evaluations": 20, "cost": 0.7613541503073012, "incumbent": ["haralick_distance='3'", "pca_whiten=''true''", "svm_C='93.90142144395442'", "svm_gamma='0.12560780270475738'"]}
{"cpu_time": 937.1423945426941, "total_cpu_time": null, "wallclock_time": 937.8687863349915, "evaluations": 22, "cost": 0.7511354539134688, "incumbent": ["haralick_distance='3'", "pca_whiten=''true''", "svm_C='18.979200574523222'", "svm_gamma='0.6648394898054167'"]}
{"cpu_time": 2510.8458745479584, "total_cpu_time": null, "wallclock_time": 2513.003271341324, "evaluations": 60, "cost": 0.7498699634081416, "incumbent": ["haralick_distance='3'", "pca_whiten=''true''", "svm_C='24.750892336590663'", "svm_gamma='0.3584419384146095'"]}
{"cpu_time": 3424.232996940613, "total_cpu_time": null, "wallclock_time": 3427.215117931366, "evaluations": 82, "cost": 0.747268182954213, "incumbent": ["haralick_distance='3'", "pca_whiten=''false''", "svm_C='65.64313689362103'", "svm_gamma='0.3149927868790423'"]}
{"cpu_time": 4503.011136770248, "total_cpu_time": null, "wallclock_time": 4507.023733377457, "evaluations": 108, "cost": 0.7455543045505232, "incumbent": ["haralick_distance='3'", "pca_whiten=''false''", "svm_C='41.5709182018391'", "svm_gamma='0.31616245782598573'"]}
{"cpu_time": 7489.053627729416, "total_cpu_time": null, "wallclock_time": 7496.005903720856, "evaluations": 180, "cost": 0.7452653634940738, "incumbent": ["haralick_distance='3'", "pca_whiten=''false''", "svm_C='61.467664819505885'", "svm_gamma='0.3351525543352175'"]}
