{"cpu_time": 0, "total_cpu_time": null, "wallclock_time": 0.00012063980102539062, "evaluations": 0, "cost": 2147483648, "incumbent": ["isomap_n_components='2'", "isomap_n_neighbors='5'", "svm_C='1.0'", "svm_gamma='1.0'"]}
{"cpu_time": 0.7112505435943604, "total_cpu_time": null, "wallclock_time": 0.7291038036346436, "evaluations": 1, "cost": 1.0059523256893972, "incumbent": ["isomap_n_components='2'", "isomap_n_neighbors='5'", "svm_C='1.0'", "svm_gamma='1.0'"]}
{"cpu_time": 6.485807180404663, "total_cpu_time": null, "wallclock_time": 6.94228196144104, "evaluations": 12, "cost": 1.0020711731468388, "incumbent": ["isomap_n_components='2'", "isomap_n_neighbors='5'", "svm_C='54.294363182441934'", "svm_gamma='1.0141975170480315'"]}
{"cpu_time": 12.624480485916138, "total_cpu_time": null, "wallclock_time": 13.510021209716797, "evaluations": 23, "cost": 0.9990606714633842, "incumbent": ["isomap_n_components='2'", "isomap_n_neighbors='5'", "svm_C='59.18994487156773'", "svm_gamma='1.0053904582149353'"]}
{"cpu_time": 22.388309955596924, "total_cpu_time": null, "wallclock_time": 23.986969470977783, "evaluations": 40, "cost": 0.997823021740525, "incumbent": ["isomap_n_components='2'", "isomap_n_neighbors='5'", "svm_C='10.925472014944251'", "svm_gamma='1.2883095218668903'"]}
{"cpu_time": 32.64829659461975, "total_cpu_time": null, "wallclock_time": 35.084917068481445, "evaluations": 58, "cost": 0.9969029621351005, "incumbent": ["isomap_n_components='2'", "isomap_n_neighbors='5'", "svm_C='13.911749351868343'", "svm_gamma='1.6412200151563434'"]}
{"cpu_time": 84.64759469032288, "total_cpu_time": null, "wallclock_time": 91.52181148529053, "evaluations": 150, "cost": 0.9958538084249468, "incumbent": ["isomap_n_components='2'", "isomap_n_neighbors='5'", "svm_C='30.94058253841012'", "svm_gamma='1.0'"]}
{"cpu_time": 88.34863781929016, "total_cpu_time": null, "wallclock_time": 95.51701736450195, "evaluations": 156, "cost": 0.9956235297203421, "incumbent": ["isomap_n_components='2'", "isomap_n_neighbors='5'", "svm_C='16.531840794299857'", "svm_gamma='0.988160991227304'"]}
{"cpu_time": 114.39062905311584, "total_cpu_time": null, "wallclock_time": 123.97684907913208, "evaluations": 201, "cost": 0.9953620276271348, "incumbent": ["isomap_n_components='2'", "isomap_n_neighbors='5'", "svm_C='34.478367389953426'", "svm_gamma='0.9274611322773876'"]}
{"cpu_time": 120.30798697471619, "total_cpu_time": null, "wallclock_time": 130.39555859565735, "evaluations": 212, "cost": 0.9933629910338281, "incumbent": ["isomap_n_components='2'", "isomap_n_neighbors='5'", "svm_C='94.74647461292275'", "svm_gamma='0.8338502632387389'"]}
