{"cpu_time": 0, "total_cpu_time": null, "wallclock_time": 0.00013709068298339844, "evaluations": 0, "cost": 2147483648, "incumbent": ["isomap_n_components='2'", "isomap_n_neighbors='5'", "rf_max_features='0.5'", "rf_n_estimators='10'"]}
{"cpu_time": 1.970118522644043, "total_cpu_time": null, "wallclock_time": 2.0248146057128906, "evaluations": 1, "cost": 0.5202280280736775, "incumbent": ["isomap_n_components='2'", "isomap_n_neighbors='5'", "rf_max_features='0.5'", "rf_n_estimators='10'"]}
{"cpu_time": 6.122051477432251, "total_cpu_time": null, "wallclock_time": 6.357367038726807, "evaluations": 2, "cost": 0.38901567203600035, "incumbent": ["isomap_n_components='2'", "isomap_n_neighbors='7'", "rf_max_features='0.7705914184339647'", "rf_n_estimators='220'"]}
{"cpu_time": 9.303445816040039, "total_cpu_time": null, "wallclock_time": 9.611172199249268, "evaluations": 3, "cost": 0.1341263653221132, "incumbent": ["isomap_n_components='4'", "isomap_n_neighbors='5'", "rf_max_features='0.42825496760388254'", "rf_n_estimators='109'"]}
{"cpu_time": 151.1697063446045, "total_cpu_time": null, "wallclock_time": 158.46514701843262, "evaluations": 46, "cost": 0.1335552961444802, "incumbent": ["isomap_n_components='4'", "isomap_n_neighbors='4'", "rf_max_features='0.6988056641025286'", "rf_n_estimators='113'"]}
{"cpu_time": 246.44639253616333, "total_cpu_time": null, "wallclock_time": 258.2493944168091, "evaluations": 73, "cost": 0.13305452298765755, "incumbent": ["isomap_n_components='4'", "isomap_n_neighbors='5'", "rf_max_features='0.32366094687512453'", "rf_n_estimators='24'"]}
{"cpu_time": 341.6773610115051, "total_cpu_time": null, "wallclock_time": 358.98324632644653, "evaluations": 105, "cost": 0.13269917023500347, "incumbent": ["isomap_n_components='4'", "isomap_n_neighbors='5'", "rf_max_features='0.42705553940226215'", "rf_n_estimators='141'"]}
