{"cpu_time": 0, "total_cpu_time": null, "wallclock_time": 5.435943603515625e-05, "evaluations": 0, "cost": 2147483648, "incumbent": ["pca_whiten=''true''"]}
{"cpu_time": 30.074246644973755, "total_cpu_time": null, "wallclock_time": 30.18770980834961, "evaluations": 1, "cost": 13.189454582821119, "incumbent": ["pca_whiten=''true''"]}
