{"cpu_time": 0, "total_cpu_time": null, "wallclock_time": 0.00013375282287597656, "evaluations": 0, "cost": 2147483648, "incumbent": ["haralick_distance='1'", "isomap_n_components='2'", "isomap_n_neighbors='5'", "svm_C='1.0'", "svm_gamma='1.0'"]}
{"cpu_time": 202.18687796592712, "total_cpu_time": null, "wallclock_time": 202.24735760688782, "evaluations": 1, "cost": 0.5547085631430612, "incumbent": ["haralick_distance='1'", "isomap_n_components='2'", "isomap_n_neighbors='5'", "svm_C='1.0'", "svm_gamma='1.0'"]}
{"cpu_time": 406.16785883903503, "total_cpu_time": null, "wallclock_time": 406.96040534973145, "evaluations": 2, "cost": 0.5478891979876158, "incumbent": ["haralick_distance='1'", "isomap_n_components='4'", "isomap_n_neighbors='7'", "svm_C='72.54534814538891'", "svm_gamma='4.489288587472055'"]}
{"cpu_time": 611.111997127533, "total_cpu_time": null, "wallclock_time": 612.0541005134583, "evaluations": 3, "cost": 0.47751282144089774, "incumbent": ["haralick_distance='2'", "isomap_n_components='2'", "isomap_n_neighbors='6'", "svm_C='78.990011851405'", "svm_gamma='6.602930247746782'"]}
{"cpu_time": 2766.6885135173798, "total_cpu_time": null, "wallclock_time": 2771.6720852851868, "evaluations": 17, "cost": 0.47374993777628466, "incumbent": ["haralick_distance='3'", "isomap_n_components='4'", "isomap_n_neighbors='6'", "svm_C='18.253089843996378'", "svm_gamma='6.675583330720798'"]}
{"cpu_time": 3308.22403550148, "total_cpu_time": null, "wallclock_time": 3314.2952857017517, "evaluations": 23, "cost": 0.459762926087316, "incumbent": ["haralick_distance='3'", "isomap_n_components='2'", "isomap_n_neighbors='7'", "svm_C='30.036388361509584'", "svm_gamma='2.866003042075578'"]}
{"cpu_time": 5758.836040735245, "total_cpu_time": null, "wallclock_time": 5770.30975818634, "evaluations": 50, "cost": 0.44522217426229066, "incumbent": ["haralick_distance='3'", "isomap_n_components='2'", "isomap_n_neighbors='7'", "svm_C='40.13851923494277'", "svm_gamma='1.3358610118537013'"]}
{"cpu_time": 6942.472196102142, "total_cpu_time": null, "wallclock_time": 6956.613275766373, "evaluations": 63, "cost": 0.4449750696141322, "incumbent": ["haralick_distance='3'", "isomap_n_components='3'", "isomap_n_neighbors='6'", "svm_C='36.350555232741804'", "svm_gamma='2.493080816981032'"]}
{"cpu_time": 7577.468901157379, "total_cpu_time": null, "wallclock_time": 7593.0836062431335, "evaluations": 70, "cost": 0.443878704588923, "incumbent": ["haralick_distance='3'", "isomap_n_components='2'", "isomap_n_neighbors='6'", "svm_C='61.310723164560756'", "svm_gamma='0.5052065428700592'"]}
{"cpu_time": 9408.307861089706, "total_cpu_time": null, "wallclock_time": 9428.065222978592, "evaluations": 90, "cost": 0.429097042618378, "incumbent": ["haralick_distance='3'", "isomap_n_components='2'", "isomap_n_neighbors='6'", "svm_C='28.84911293285613'", "svm_gamma='0.36271167778023367'"]}
{"cpu_time": 9780.467339038849, "total_cpu_time": null, "wallclock_time": 9801.260808706284, "evaluations": 94, "cost": 0.42249630325405013, "incumbent": ["haralick_distance='3'", "isomap_n_components='4'", "isomap_n_neighbors='5'", "svm_C='9.257004424617229'", "svm_gamma='0.14284275160106824'"]}
{"cpu_time": 15306.546199321747, "total_cpu_time": null, "wallclock_time": 15339.501802444458, "evaluations": 186, "cost": 0.42164771697133235, "incumbent": ["haralick_distance='3'", "isomap_n_components='4'", "isomap_n_neighbors='5'", "svm_C='1.5204698106943586'", "svm_gamma='0.03023193734638891'"]}
{"cpu_time": 15395.474477052689, "total_cpu_time": null, "wallclock_time": 15428.701892375946, "evaluations": 188, "cost": 0.40941464622284846, "incumbent": ["haralick_distance='3'", "isomap_n_components='4'", "isomap_n_neighbors='7'", "svm_C='2.8300646739205426'", "svm_gamma='0.2006994021202087'"]}
{"cpu_time": 16601.099152088165, "total_cpu_time": null, "wallclock_time": 16637.048728466034, "evaluations": 214, "cost": 0.4084973746430261, "incumbent": ["haralick_distance='3'", "isomap_n_components='4'", "isomap_n_neighbors='7'", "svm_C='2.8300646739205426'", "svm_gamma='0.07382792907631125'"]}
