{"cpu_time": 0, "total_cpu_time": null, "wallclock_time": 0.00015497207641601562, "evaluations": 0, "cost": 2147483648, "incumbent": ["pca_whiten=''true''", "rf_max_features='0.5'", "rf_n_estimators='10'"]}
{"cpu_time": 1.9461863040924072, "total_cpu_time": null, "wallclock_time": 1.9639866352081299, "evaluations": 1, "cost": 1.4120719389647949, "incumbent": ["pca_whiten=''true''", "rf_max_features='0.5'", "rf_n_estimators='10'"]}
{"cpu_time": 4.78279447555542, "total_cpu_time": null, "wallclock_time": 4.840833902359009, "evaluations": 2, "cost": 0.5370203066899251, "incumbent": ["pca_whiten=''true''", "rf_max_features='0.6263875900678313'", "rf_n_estimators='178'"]}
{"cpu_time": 73.93116283416748, "total_cpu_time": null, "wallclock_time": 75.29027271270752, "evaluations": 26, "cost": 0.5298973021249989, "incumbent": ["pca_whiten=''false''", "rf_max_features='0.454678767944281'", "rf_n_estimators='121'"]}
