{"cpu_time": 0, "total_cpu_time": null, "wallclock_time": 6.556510925292969e-05, "evaluations": 0, "cost": 2147483648, "incumbent": ["pca_whiten=''true''", "svm_C='0.1'", "svm_gamma='4.005'"]}
{"cpu_time": 0.27499938011169434, "total_cpu_time": null, "wallclock_time": 0.2914419174194336, "evaluations": 1, "cost": 1.0538619280774217, "incumbent": ["pca_whiten=''true''", "svm_C='0.1'", "svm_gamma='4.005'"]}
{"cpu_time": 0.6201436519622803, "total_cpu_time": null, "wallclock_time": 0.6677675247192383, "evaluations": 2, "cost": 1.0384322468859493, "incumbent": ["pca_whiten=''true''", "svm_C='100.0'", "svm_gamma='6.0024999999999995'"]}
{"cpu_time": 1.0499742031097412, "total_cpu_time": null, "wallclock_time": 1.120504379272461, "evaluations": 3, "cost": 1.0199768858330711, "incumbent": ["pca_whiten=''true''", "svm_C='25.075000000000003'", "svm_gamma='4.005'"]}
{"cpu_time": 1.5273523330688477, "total_cpu_time": null, "wallclock_time": 1.6515223979949951, "evaluations": 4, "cost": 0.7112258488485, "incumbent": ["pca_whiten=''true''", "svm_C='75.025'", "svm_gamma='0.01'"]}
{"cpu_time": 2.632129430770874, "total_cpu_time": null, "wallclock_time": 2.851207733154297, "evaluations": 7, "cost": 0.7097774008555676, "incumbent": ["pca_whiten=''false''", "svm_C='50.050000000000004'", "svm_gamma='0.01'"]}
{"cpu_time": 4.14851188659668, "total_cpu_time": null, "wallclock_time": 4.49469256401062, "evaluations": 11, "cost": 0.7074075929082412, "incumbent": ["pca_whiten=''false''", "svm_C='25.075000000000003'", "svm_gamma='0.01'"]}
