{"cpu_time": 0, "total_cpu_time": null, "wallclock_time": 0.00016832351684570312, "evaluations": 0, "cost": 2147483648, "incumbent": ["pca_whiten=''true''", "rf_max_features='0.5'", "rf_n_estimators='10'"]}
{"cpu_time": 0.9308905601501465, "total_cpu_time": null, "wallclock_time": 0.9873635768890381, "evaluations": 1, "cost": 1.9295268767442912, "incumbent": ["pca_whiten=''true''", "rf_max_features='0.5'", "rf_n_estimators='10'"]}
{"cpu_time": 6.197703838348389, "total_cpu_time": null, "wallclock_time": 6.388656139373779, "evaluations": 2, "cost": 0.4445061206003567, "incumbent": ["pca_whiten=''true''", "rf_max_features='0.6263875900678313'", "rf_n_estimators='178'"]}
{"cpu_time": 11.602228879928589, "total_cpu_time": null, "wallclock_time": 11.860034704208374, "evaluations": 3, "cost": 0.43856267530597964, "incumbent": ["pca_whiten=''false''", "rf_max_features='0.3021465708060675'", "rf_n_estimators='203'"]}
{"cpu_time": 16.487775325775146, "total_cpu_time": null, "wallclock_time": 17.04261589050293, "evaluations": 4, "cost": 0.4206794979375203, "incumbent": ["pca_whiten=''true''", "rf_max_features='0.30586418148323496'", "rf_n_estimators='221'"]}
{"cpu_time": 53.243980169296265, "total_cpu_time": null, "wallclock_time": 54.7900116443634, "evaluations": 11, "cost": 0.41779881551767467, "incumbent": ["pca_whiten=''true''", "rf_max_features='0.7898269852068684'", "rf_n_estimators='295'"]}
{"cpu_time": 86.41195178031921, "total_cpu_time": null, "wallclock_time": 89.26011204719543, "evaluations": 19, "cost": 0.4152354159423544, "incumbent": ["pca_whiten=''false''", "rf_max_features='0.5057608880797688'", "rf_n_estimators='254'"]}
{"cpu_time": 91.87644076347351, "total_cpu_time": null, "wallclock_time": 95.23638939857483, "evaluations": 21, "cost": 0.3991403965010338, "incumbent": ["pca_whiten=''true''", "rf_max_features='0.438505171513895'", "rf_n_estimators='56'"]}
{"cpu_time": 194.1239414215088, "total_cpu_time": null, "wallclock_time": 203.22360825538635, "evaluations": 86, "cost": 0.3987361003062086, "incumbent": ["pca_whiten=''true''", "rf_max_features='0.37165681206879686'", "rf_n_estimators='31'"]}
{"cpu_time": 245.47801208496094, "total_cpu_time": null, "wallclock_time": 256.90145683288574, "evaluations": 136, "cost": 0.39466130887053014, "incumbent": ["pca_whiten=''false''", "rf_max_features='0.786300575892124'", "rf_n_estimators='28'"]}
{"cpu_time": 250.16829347610474, "total_cpu_time": null, "wallclock_time": 261.8730263710022, "evaluations": 142, "cost": 0.37615038424112573, "incumbent": ["pca_whiten=''true''", "rf_max_features='0.7569088082579566'", "rf_n_estimators='28'"]}
