"CPU Time Used","Estimated Training Performance","Wallclock Time","Incumbent ID","Automatic Configurator (CPU) Time","Configuration..."
0.000000, 2147483648.000000, 0.000098, 1, 0.000098, pca_whiten=''true'', svm_C='1.0', svm_gamma='1.0'
1.103404, 0.524999, 1.130269, 1, 0.026865, pca_whiten=''true'', svm_C='1.0', svm_gamma='1.0'
2.400880, 0.514673, 2.468284, 2, 0.067404, pca_whiten=''true'', svm_C='65.31224049555269', svm_gamma='4.667651857354299'
9.196876, 0.509031, 9.495637, 3, 0.298761, pca_whiten=''true'', svm_C='62.33281468850071', svm_gamma='1.5144007304461375'
30.938354, 0.505922, 31.925327, 4, 0.986973, pca_whiten=''true'', svm_C='57.67322325366572', svm_gamma='0.21987881172086612'
34.323282, 0.505212, 35.434136, 5, 1.110854, pca_whiten=''false'', svm_C='62.50814177672008', svm_gamma='0.028977341676197955'
40.571222, 0.504427, 41.873939, 6, 1.302717, pca_whiten=''false'', svm_C='95.7157170346579', svm_gamma='0.15436075282729805'
47.701516, 0.502961, 49.252287, 7, 1.550771, pca_whiten=''true'', svm_C='98.30510659341195', svm_gamma='0.01501114283332293'
