{"cpu_time": 0, "total_cpu_time": null, "wallclock_time": 9.846687316894531e-05, "evaluations": 0, "cost": 2147483648, "incumbent": ["pca_whiten=''true''", "svm_C='1.0'", "svm_gamma='1.0'"]}
{"cpu_time": 1.1034035682678223, "total_cpu_time": null, "wallclock_time": 1.1302690505981445, "evaluations": 1, "cost": 0.5249991870396756, "incumbent": ["pca_whiten=''true''", "svm_C='1.0'", "svm_gamma='1.0'"]}
{"cpu_time": 2.4008796215057373, "total_cpu_time": null, "wallclock_time": 2.4682838916778564, "evaluations": 2, "cost": 0.5146725043134069, "incumbent": ["pca_whiten=''true''", "svm_C='65.31224049555269'", "svm_gamma='4.667651857354299'"]}
{"cpu_time": 9.196875810623169, "total_cpu_time": null, "wallclock_time": 9.495636940002441, "evaluations": 8, "cost": 0.5090312822375794, "incumbent": ["pca_whiten=''true''", "svm_C='62.33281468850071'", "svm_gamma='1.5144007304461375'"]}
{"cpu_time": 30.938354015350342, "total_cpu_time": null, "wallclock_time": 31.925326824188232, "evaluations": 26, "cost": 0.5059224409239181, "incumbent": ["pca_whiten=''true''", "svm_C='57.67322325366572'", "svm_gamma='0.21987881172086612'"]}
{"cpu_time": 34.32328152656555, "total_cpu_time": null, "wallclock_time": 35.43413591384888, "evaluations": 29, "cost": 0.5052116440273722, "incumbent": ["pca_whiten=''false''", "svm_C='62.50814177672008'", "svm_gamma='0.028977341676197955'"]}
{"cpu_time": 40.571221590042114, "total_cpu_time": null, "wallclock_time": 41.873939037323, "evaluations": 34, "cost": 0.5044266976073649, "incumbent": ["pca_whiten=''false''", "svm_C='95.7157170346579'", "svm_gamma='0.15436075282729805'"]}
{"cpu_time": 47.7015163898468, "total_cpu_time": null, "wallclock_time": 49.2522873878479, "evaluations": 40, "cost": 0.5029609959395867, "incumbent": ["pca_whiten=''true''", "svm_C='98.30510659341195'", "svm_gamma='0.01501114283332293'"]}
