{"cpu_time": 0, "total_cpu_time": null, "wallclock_time": 0.0001552104949951172, "evaluations": 0, "cost": 2147483648, "incumbent": ["haralick_distance='1'", "pca_whiten=''true''", "rf_max_features='0.5'", "rf_n_estimators='10'"]}
{"cpu_time": 52.886674642562866, "total_cpu_time": null, "wallclock_time": 52.90719699859619, "evaluations": 1, "cost": 4.223579053159298, "incumbent": ["haralick_distance='1'", "pca_whiten=''true''", "rf_max_features='0.5'", "rf_n_estimators='10'"]}
{"cpu_time": 109.64513397216797, "total_cpu_time": null, "wallclock_time": 109.71560597419739, "evaluations": 2, "cost": 2.2130640868952405, "incumbent": ["haralick_distance='1'", "pca_whiten=''true''", "rf_max_features='0.5914675755540864'", "rf_n_estimators='259'"]}
{"cpu_time": 278.46121740341187, "total_cpu_time": null, "wallclock_time": 278.6658658981323, "evaluations": 5, "cost": 2.1122337770941453, "incumbent": ["haralick_distance='2'", "pca_whiten=''true''", "rf_max_features='0.36113899979178665'", "rf_n_estimators='248'"]}
{"cpu_time": 333.36635303497314, "total_cpu_time": null, "wallclock_time": 333.7476124763489, "evaluations": 6, "cost": 1.9913765613794092, "incumbent": ["haralick_distance='3'", "pca_whiten=''true''", "rf_max_features='0.5831730167358328'", "rf_n_estimators='256'"]}
{"cpu_time": 1540.8039700984955, "total_cpu_time": null, "wallclock_time": 1542.6243374347687, "evaluations": 36, "cost": 1.8146772548917136, "incumbent": ["haralick_distance='3'", "pca_whiten=''true''", "rf_max_features='0.4488612951534484'", "rf_n_estimators='280'"]}
