{"cpu_time": 0, "total_cpu_time": null, "wallclock_time": 5.53131103515625e-05, "evaluations": 0, "cost": 2147483648, "incumbent": ["svm_C='0.1'", "svm_gamma='4.005'"]}
{"cpu_time": 1.4762048721313477, "total_cpu_time": null, "wallclock_time": 1.4911720752716064, "evaluations": 1, "cost": 0.5283770341500297, "incumbent": ["svm_C='0.1'", "svm_gamma='4.005'"]}
{"cpu_time": 2.8690078258514404, "total_cpu_time": null, "wallclock_time": 2.9124972820281982, "evaluations": 2, "cost": 0.5159623505271135, "incumbent": ["svm_C='100.0'", "svm_gamma='2.0075'"]}
{"cpu_time": 12.57919454574585, "total_cpu_time": null, "wallclock_time": 12.782124519348145, "evaluations": 9, "cost": 0.5150024591099487, "incumbent": ["svm_C='50.050000000000004'", "svm_gamma='2.0075'"]}
{"cpu_time": 23.726255178451538, "total_cpu_time": null, "wallclock_time": 24.132890462875366, "evaluations": 17, "cost": 0.5133376861334186, "incumbent": ["svm_C='25.075000000000003'", "svm_gamma='2.0075'"]}
