{"cpu_time": 0, "total_cpu_time": null, "wallclock_time": 0.0001475811004638672, "evaluations": 0, "cost": 2147483648, "incumbent": ["isomap_n_components='2'", "isomap_n_neighbors='5'", "svm_C='1.0'", "svm_gamma='1.0'"]}
{"cpu_time": 110.15058994293213, "total_cpu_time": null, "wallclock_time": 110.65331888198853, "evaluations": 1, "cost": 0.5111813010932121, "incumbent": ["isomap_n_components='2'", "isomap_n_neighbors='5'", "svm_C='1.0'", "svm_gamma='1.0'"]}
{"cpu_time": 110.66209959983826, "total_cpu_time": null, "wallclock_time": 111.38539218902588, "evaluations": 2, "cost": 0.48962212738764516, "incumbent": ["isomap_n_components='2'", "isomap_n_neighbors='7'", "svm_C='94.12416540310615'", "svm_gamma='5.804177494310886'"]}
{"cpu_time": 112.2229540348053, "total_cpu_time": null, "wallclock_time": 113.41091704368591, "evaluations": 5, "cost": 0.48337065217616937, "incumbent": ["isomap_n_components='2'", "isomap_n_neighbors='7'", "svm_C='60.43442092193185'", "svm_gamma='4.886273988478092'"]}
{"cpu_time": 121.77779912948608, "total_cpu_time": null, "wallclock_time": 126.9318425655365, "evaluations": 20, "cost": 0.4655671615213975, "incumbent": ["isomap_n_components='2'", "isomap_n_neighbors='7'", "svm_C='77.20171569113246'", "svm_gamma='5.957043025955171'"]}
