{"cpu_time": 0, "total_cpu_time": null, "wallclock_time": 6.842613220214844e-05, "evaluations": 0, "cost": 2147483648, "incumbent": ["isomap_n_components='2'", "isomap_n_neighbors='5'"]}
{"cpu_time": 0.4037759304046631, "total_cpu_time": null, "wallclock_time": 0.42000603675842285, "evaluations": 1, "cost": 3.3307411485448646, "incumbent": ["isomap_n_components='2'", "isomap_n_neighbors='5'"]}
{"cpu_time": 1.2578473091125488, "total_cpu_time": null, "wallclock_time": 1.3239524364471436, "evaluations": 3, "cost": 2.846269708756521, "incumbent": ["isomap_n_components='4'", "isomap_n_neighbors='7'"]}
{"cpu_time": 1.6626381874084473, "total_cpu_time": null, "wallclock_time": 1.7690339088439941, "evaluations": 4, "cost": 2.156570784057837, "incumbent": ["isomap_n_components='3'", "isomap_n_neighbors='5'"]}
