{"cpu_time": 0, "total_cpu_time": null, "wallclock_time": 0.000118255615234375, "evaluations": 0, "cost": 2147483648, "incumbent": ["pca_whiten=''true''", "rf_max_features='0.5'", "rf_n_estimators='10'"]}
{"cpu_time": 1.084043025970459, "total_cpu_time": null, "wallclock_time": 1.126448631286621, "evaluations": 1, "cost": 1.4092518077511287, "incumbent": ["pca_whiten=''true''", "rf_max_features='0.5'", "rf_n_estimators='10'"]}
{"cpu_time": 2.8650834560394287, "total_cpu_time": null, "wallclock_time": 2.9454290866851807, "evaluations": 2, "cost": 0.706184334244715, "incumbent": ["pca_whiten=''true''", "rf_max_features='0.6263875900678313'", "rf_n_estimators='178'"]}
{"cpu_time": 6.368498086929321, "total_cpu_time": null, "wallclock_time": 6.503265380859375, "evaluations": 4, "cost": 0.7056318648424315, "incumbent": ["pca_whiten=''true''", "rf_max_features='0.30586418148323496'", "rf_n_estimators='221'"]}
{"cpu_time": 11.20211124420166, "total_cpu_time": null, "wallclock_time": 11.393817663192749, "evaluations": 6, "cost": 0.7032717961090212, "incumbent": ["pca_whiten=''true''", "rf_max_features='0.6483339395381182'", "rf_n_estimators='285'"]}
{"cpu_time": 31.04168939590454, "total_cpu_time": null, "wallclock_time": 31.583008527755737, "evaluations": 17, "cost": 0.6999425344505799, "incumbent": ["pca_whiten=''false''", "rf_max_features='0.7526640253456993'", "rf_n_estimators='139'"]}
