{"cpu_time": 0, "total_cpu_time": null, "wallclock_time": 0.00014019012451171875, "evaluations": 0, "cost": 2147483648, "incumbent": ["pca_whiten=''true''", "rf_max_features='0.5'", "rf_n_estimators='10'"]}
{"cpu_time": 44.85417032241821, "total_cpu_time": null, "wallclock_time": 45.07142353057861, "evaluations": 1, "cost": 1.815342315189633, "incumbent": ["pca_whiten=''true''", "rf_max_features='0.5'", "rf_n_estimators='10'"]}
{"cpu_time": 51.67297625541687, "total_cpu_time": null, "wallclock_time": 52.01556587219238, "evaluations": 2, "cost": 0.7090638941519343, "incumbent": ["pca_whiten=''true''", "rf_max_features='0.6263875900678313'", "rf_n_estimators='178'"]}
{"cpu_time": 90.13494563102722, "total_cpu_time": null, "wallclock_time": 90.97738981246948, "evaluations": 8, "cost": 0.7064902916864563, "incumbent": ["pca_whiten=''false''", "rf_max_features='0.4422279307816516'", "rf_n_estimators='173'"]}
{"cpu_time": 277.4781880378723, "total_cpu_time": null, "wallclock_time": 283.3803553581238, "evaluations": 41, "cost": 0.6991126713433138, "incumbent": ["pca_whiten=''true''", "rf_max_features='0.4911814137092107'", "rf_n_estimators='94'"]}
{"cpu_time": 640.8555865287781, "total_cpu_time": null, "wallclock_time": 654.8013653755188, "evaluations": 83, "cost": 0.6978318238023421, "incumbent": ["pca_whiten=''false''", "rf_max_features='0.5352856328550479'", "rf_n_estimators='259'"]}
