{"cpu_time": 0, "total_cpu_time": null, "wallclock_time": 4.506111145019531e-05, "evaluations": 0, "cost": 2147483648, "incumbent": ["pca_whiten=''true''"]}
{"cpu_time": 0.19347739219665527, "total_cpu_time": null, "wallclock_time": 0.21000313758850098, "evaluations": 1, "cost": 2.5485216363866017, "incumbent": ["pca_whiten=''true''"]}
