{"cpu_time": 0, "total_cpu_time": null, "wallclock_time": 0.00010561943054199219, "evaluations": 0, "cost": 2147483648, "incumbent": ["isomap_n_components='2'", "isomap_n_neighbors='5'", "svm_C='0.1'", "svm_gamma='4.005'"]}
{"cpu_time": 0.6311769485473633, "total_cpu_time": null, "wallclock_time": 0.6485905647277832, "evaluations": 1, "cost": 1.03573508644744, "incumbent": ["isomap_n_components='2'", "isomap_n_neighbors='5'", "svm_C='0.1'", "svm_gamma='4.005'"]}
{"cpu_time": 1.2788536548614502, "total_cpu_time": null, "wallclock_time": 1.3360068798065186, "evaluations": 2, "cost": 1.0191626887975864, "incumbent": ["isomap_n_components='2'", "isomap_n_neighbors='7'", "svm_C='25.075000000000003'", "svm_gamma='4.005'"]}
{"cpu_time": 1.919018030166626, "total_cpu_time": null, "wallclock_time": 1.99393892288208, "evaluations": 3, "cost": 1.0075551490747665, "incumbent": ["isomap_n_components='2'", "isomap_n_neighbors='5'", "svm_C='50.050000000000004'", "svm_gamma='8.0'"]}
{"cpu_time": 2.575835704803467, "total_cpu_time": null, "wallclock_time": 2.710747003555298, "evaluations": 4, "cost": 1.0032189389810902, "incumbent": ["isomap_n_components='4'", "isomap_n_neighbors='6'", "svm_C='75.025'", "svm_gamma='0.01'"]}
{"cpu_time": 5.197929859161377, "total_cpu_time": null, "wallclock_time": 5.490508079528809, "evaluations": 8, "cost": 0.9931389992166421, "incumbent": ["isomap_n_components='4'", "isomap_n_neighbors='6'", "svm_C='25.075000000000003'", "svm_gamma='0.01'"]}
