{"cpu_time": 0, "total_cpu_time": null, "wallclock_time": 8.058547973632812e-05, "evaluations": 0, "cost": 2147483648, "incumbent": ["pca_whiten=''true''"]}
{"cpu_time": 8.521893501281738, "total_cpu_time": null, "wallclock_time": 8.634054899215698, "evaluations": 1, "cost": 5.73270024442532, "incumbent": ["pca_whiten=''true''"]}
