{"cpu_time": 0, "total_cpu_time": null, "wallclock_time": 0.0001270771026611328, "evaluations": 0, "cost": 2147483648, "incumbent": ["isomap_n_components='2'", "isomap_n_neighbors='5'", "svm_C='1.0'", "svm_gamma='1.0'"]}
{"cpu_time": 2.1780965328216553, "total_cpu_time": null, "wallclock_time": 2.2198588848114014, "evaluations": 1, "cost": 0.9490210652728353, "incumbent": ["isomap_n_components='2'", "isomap_n_neighbors='5'", "svm_C='1.0'", "svm_gamma='1.0'"]}
{"cpu_time": 45.67251682281494, "total_cpu_time": null, "wallclock_time": 48.63517642021179, "evaluations": 24, "cost": 0.93219005316245, "incumbent": ["isomap_n_components='4'", "isomap_n_neighbors='7'", "svm_C='45.48629207070007'", "svm_gamma='0.11935665187250165'"]}
{"cpu_time": 78.30281496047974, "total_cpu_time": null, "wallclock_time": 83.89387583732605, "evaluations": 42, "cost": 0.9319729456277921, "incumbent": ["isomap_n_components='4'", "isomap_n_neighbors='5'", "svm_C='5.833171984389885'", "svm_gamma='0.42016218588592996'"]}
{"cpu_time": 94.99178886413574, "total_cpu_time": null, "wallclock_time": 101.73805832862854, "evaluations": 51, "cost": 0.930546165868099, "incumbent": ["isomap_n_components='4'", "isomap_n_neighbors='4'", "svm_C='13.353945104087824'", "svm_gamma='0.30512611447449833'"]}
{"cpu_time": 98.20051097869873, "total_cpu_time": null, "wallclock_time": 105.18049120903015, "evaluations": 53, "cost": 0.9223487447895004, "incumbent": ["isomap_n_components='4'", "isomap_n_neighbors='6'", "svm_C='6.805122454735874'", "svm_gamma='0.10752531058792009'"]}
{"cpu_time": 106.95536494255066, "total_cpu_time": null, "wallclock_time": 114.6665415763855, "evaluations": 58, "cost": 0.9189647176100278, "incumbent": ["isomap_n_components='4'", "isomap_n_neighbors='6'", "svm_C='11.861400576321387'", "svm_gamma='0.0661086005634507'"]}
{"cpu_time": 110.55066776275635, "total_cpu_time": null, "wallclock_time": 118.48147511482239, "evaluations": 60, "cost": 0.9180954057825782, "incumbent": ["isomap_n_components='4'", "isomap_n_neighbors='7'", "svm_C='17.22818691907433'", "svm_gamma='0.0661086005634507'"]}
{"cpu_time": 118.15181565284729, "total_cpu_time": null, "wallclock_time": 126.55243229866028, "evaluations": 64, "cost": 0.9153817415969353, "incumbent": ["isomap_n_components='4'", "isomap_n_neighbors='7'", "svm_C='15.05667012533676'", "svm_gamma='0.0661086005634507'"]}
{"cpu_time": 158.37131595611572, "total_cpu_time": null, "wallclock_time": 170.18994140625, "evaluations": 90, "cost": 0.9126213213866757, "incumbent": ["isomap_n_components='4'", "isomap_n_neighbors='7'", "svm_C='15.05667012533676'", "svm_gamma='0.049971318021316095'"]}
{"cpu_time": 196.90067076683044, "total_cpu_time": null, "wallclock_time": 211.58011388778687, "evaluations": 116, "cost": 0.9111218292044713, "incumbent": ["isomap_n_components='4'", "isomap_n_neighbors='7'", "svm_C='40.47099021450254'", "svm_gamma='0.019180476934416407'"]}
{"cpu_time": 228.27138996124268, "total_cpu_time": null, "wallclock_time": 245.50251936912537, "evaluations": 138, "cost": 0.9096133279760172, "incumbent": ["isomap_n_components='4'", "isomap_n_neighbors='7'", "svm_C='12.590428726861619'", "svm_gamma='0.019180476934416407'"]}
{"cpu_time": 335.72242999076843, "total_cpu_time": null, "wallclock_time": 361.891316652298, "evaluations": 214, "cost": 0.9070803862609655, "incumbent": ["isomap_n_components='4'", "isomap_n_neighbors='6'", "svm_C='43.95308587907428'", "svm_gamma='0.019180476934416407'"]}
