{"cpu_time": 0, "total_cpu_time": null, "wallclock_time": 0.00011944770812988281, "evaluations": 0, "cost": 2147483648, "incumbent": ["haralick_distance='1'", "pca_whiten=''true''", "svm_C='1.0'", "svm_gamma='1.0'"]}
{"cpu_time": 35.83148193359375, "total_cpu_time": null, "wallclock_time": 35.84932208061218, "evaluations": 1, "cost": 0.4411982466956006, "incumbent": ["haralick_distance='1'", "pca_whiten=''true''", "svm_C='1.0'", "svm_gamma='1.0'"]}
{"cpu_time": 108.16252136230469, "total_cpu_time": null, "wallclock_time": 108.23704981803894, "evaluations": 3, "cost": 0.4227792801651565, "incumbent": ["haralick_distance='2'", "pca_whiten=''true''", "svm_C='39.719968193911264'", "svm_gamma='0.8615789437416754'"]}
{"cpu_time": 143.94603395462036, "total_cpu_time": null, "wallclock_time": 144.06558084487915, "evaluations": 4, "cost": 0.4109440566278155, "incumbent": ["haralick_distance='2'", "pca_whiten=''false''", "svm_C='94.9905651574113'", "svm_gamma='3.631679204640188'"]}
{"cpu_time": 179.53273844718933, "total_cpu_time": null, "wallclock_time": 179.67047452926636, "evaluations": 5, "cost": 0.39745028380153635, "incumbent": ["haralick_distance='2'", "pca_whiten=''true''", "svm_C='12.315572158398975'", "svm_gamma='6.564879332003558'"]}
{"cpu_time": 719.876923084259, "total_cpu_time": null, "wallclock_time": 720.6163659095764, "evaluations": 22, "cost": 0.39491517074529764, "incumbent": ["haralick_distance='2'", "pca_whiten=''false''", "svm_C='6.80877914596117'", "svm_gamma='7.784948118289436'"]}
{"cpu_time": 2920.984700679779, "total_cpu_time": null, "wallclock_time": 2924.534054517746, "evaluations": 92, "cost": 0.38783401809148005, "incumbent": ["haralick_distance='2'", "pca_whiten=''true''", "svm_C='6.80877914596117'", "svm_gamma='7.947079804312507'"]}
{"cpu_time": 4622.717404842377, "total_cpu_time": null, "wallclock_time": 4628.465270996094, "evaluations": 146, "cost": 0.38732127687288626, "incumbent": ["haralick_distance='2'", "pca_whiten=''true''", "svm_C='7.731507182567147'", "svm_gamma='6.272199507401692'"]}
