{"cpu_time": 0, "total_cpu_time": null, "wallclock_time": 0.0001010894775390625, "evaluations": 0, "cost": 2147483648, "incumbent": ["pca_whiten=''true''", "svm_C='1.0'", "svm_gamma='1.0'"]}
{"cpu_time": 1.5799672603607178, "total_cpu_time": null, "wallclock_time": 1.600067138671875, "evaluations": 1, "cost": 0.8956703846125577, "incumbent": ["pca_whiten=''true''", "svm_C='1.0'", "svm_gamma='1.0'"]}
{"cpu_time": 17.507364511489868, "total_cpu_time": null, "wallclock_time": 17.932392120361328, "evaluations": 10, "cost": 0.8770546053213648, "incumbent": ["pca_whiten=''true''", "svm_C='28.47602111141865'", "svm_gamma='0.8905090834586253'"]}
{"cpu_time": 25.87311840057373, "total_cpu_time": null, "wallclock_time": 26.499547004699707, "evaluations": 16, "cost": 0.8029656142045831, "incumbent": ["pca_whiten=''true''", "svm_C='51.38199332742368'", "svm_gamma='0.37036041643305667'"]}
{"cpu_time": 46.83136820793152, "total_cpu_time": null, "wallclock_time": 48.11377191543579, "evaluations": 29, "cost": 0.6975837708299367, "incumbent": ["pca_whiten=''false''", "svm_C='62.50814177672008'", "svm_gamma='0.028977341676197955'"]}
{"cpu_time": 63.56488919258118, "total_cpu_time": null, "wallclock_time": 65.4198203086853, "evaluations": 40, "cost": 0.6769506433641227, "incumbent": ["pca_whiten=''false''", "svm_C='14.167313261295256'", "svm_gamma='0.03607685347522955'"]}
{"cpu_time": 143.84968161582947, "total_cpu_time": null, "wallclock_time": 148.562814950943, "evaluations": 89, "cost": 0.6725415236223048, "incumbent": ["pca_whiten=''false''", "svm_C='4.624777586094929'", "svm_gamma='0.07609096031399253'"]}
{"cpu_time": 154.34740114212036, "total_cpu_time": null, "wallclock_time": 159.57119274139404, "evaluations": 96, "cost": 0.6718197685801471, "incumbent": ["pca_whiten=''true''", "svm_C='4.8400306902043875'", "svm_gamma='0.060477234870744134'"]}
{"cpu_time": 215.1084177494049, "total_cpu_time": null, "wallclock_time": 222.88695120811462, "evaluations": 134, "cost": 0.6695073708844511, "incumbent": ["pca_whiten=''true''", "svm_C='7.965928680138363'", "svm_gamma='0.03964679760748983'"]}
