"CPU Time Used","Estimated Training Performance","Wallclock Time","Incumbent ID","Automatic Configurator (CPU) Time","Configuration..."
0.000000, 2147483648.000000, 0.000101, 1, 0.000101, pca_whiten=''true'', svm_C='1.0', svm_gamma='1.0'
1.579967, 0.895670, 1.600067, 1, 0.020100, pca_whiten=''true'', svm_C='1.0', svm_gamma='1.0'
17.507365, 0.877055, 17.932392, 2, 0.425028, pca_whiten=''true'', svm_C='28.47602111141865', svm_gamma='0.8905090834586253'
25.873118, 0.802966, 26.499547, 3, 0.626429, pca_whiten=''true'', svm_C='51.38199332742368', svm_gamma='0.37036041643305667'
46.831368, 0.697584, 48.113772, 4, 1.282404, pca_whiten=''false'', svm_C='62.50814177672008', svm_gamma='0.028977341676197955'
63.564889, 0.676951, 65.419820, 5, 1.854931, pca_whiten=''false'', svm_C='14.167313261295256', svm_gamma='0.03607685347522955'
143.849682, 0.672542, 148.562815, 6, 4.713133, pca_whiten=''false'', svm_C='4.624777586094929', svm_gamma='0.07609096031399253'
154.347401, 0.671820, 159.571193, 7, 5.223792, pca_whiten=''true'', svm_C='4.8400306902043875', svm_gamma='0.060477234870744134'
215.108418, 0.669507, 222.886951, 8, 7.778533, pca_whiten=''true'', svm_C='7.965928680138363', svm_gamma='0.03964679760748983'
