{"cpu_time": 0, "total_cpu_time": null, "wallclock_time": 0.00011014938354492188, "evaluations": 0, "cost": 2147483648, "incumbent": ["pca_whiten=''true''", "rf_max_features='0.5'", "rf_n_estimators='10'"]}
{"cpu_time": 0.7963435649871826, "total_cpu_time": null, "wallclock_time": 0.8274219036102295, "evaluations": 1, "cost": 1.0143552449636069, "incumbent": ["pca_whiten=''true''", "rf_max_features='0.5'", "rf_n_estimators='10'"]}
{"cpu_time": 2.5897538661956787, "total_cpu_time": null, "wallclock_time": 2.6527276039123535, "evaluations": 2, "cost": 0.5466332006847497, "incumbent": ["pca_whiten=''true''", "rf_max_features='0.6263875900678313'", "rf_n_estimators='178'"]}
{"cpu_time": 4.244827747344971, "total_cpu_time": null, "wallclock_time": 4.323878526687622, "evaluations": 3, "cost": 0.5465679378191081, "incumbent": ["pca_whiten=''false''", "rf_max_features='0.3021465708060675'", "rf_n_estimators='203'"]}
{"cpu_time": 5.796386241912842, "total_cpu_time": null, "wallclock_time": 5.914719820022583, "evaluations": 4, "cost": 0.5388518589487711, "incumbent": ["pca_whiten=''true''", "rf_max_features='0.30586418148323496'", "rf_n_estimators='221'"]}
{"cpu_time": 8.005443572998047, "total_cpu_time": null, "wallclock_time": 8.140238285064697, "evaluations": 5, "cost": 0.5353235707434756, "incumbent": ["pca_whiten=''true''", "rf_max_features='0.6948449041611862'", "rf_n_estimators='249'"]}
{"cpu_time": 10.465903759002686, "total_cpu_time": null, "wallclock_time": 10.639678478240967, "evaluations": 6, "cost": 0.5343196617412221, "incumbent": ["pca_whiten=''true''", "rf_max_features='0.6483339395381182'", "rf_n_estimators='285'"]}
{"cpu_time": 31.771331548690796, "total_cpu_time": null, "wallclock_time": 32.321715116500854, "evaluations": 19, "cost": 0.5259386675044535, "incumbent": ["pca_whiten=''false''", "rf_max_features='0.5057608880797688'", "rf_n_estimators='254'"]}
{"cpu_time": 44.25883483886719, "total_cpu_time": null, "wallclock_time": 45.11683392524719, "evaluations": 28, "cost": 0.5191340861923205, "incumbent": ["pca_whiten=''false''", "rf_max_features='0.6581495615125634'", "rf_n_estimators='22'"]}
