{"cpu_time": 0, "total_cpu_time": null, "wallclock_time": 0.00011205673217773438, "evaluations": 0, "cost": 2147483648, "incumbent": ["haralick_distance='1'", "pca_whiten=''true''", "svm_C='1.0'", "svm_gamma='1.0'"]}
{"cpu_time": 61.29221510887146, "total_cpu_time": null, "wallclock_time": 61.314706563949585, "evaluations": 1, "cost": 0.9214048669117645, "incumbent": ["haralick_distance='1'", "pca_whiten=''true''", "svm_C='1.0'", "svm_gamma='1.0'"]}
{"cpu_time": 185.3513638973236, "total_cpu_time": null, "wallclock_time": 185.45646286010742, "evaluations": 3, "cost": 0.8031335795845185, "incumbent": ["haralick_distance='2'", "pca_whiten=''true''", "svm_C='39.719968193911264'", "svm_gamma='0.8615789437416754'"]}
{"cpu_time": 617.8146977424622, "total_cpu_time": null, "wallclock_time": 618.331663608551, "evaluations": 10, "cost": 0.8000790325089765, "incumbent": ["haralick_distance='2'", "pca_whiten=''true''", "svm_C='38.38799284690124'", "svm_gamma='0.7476696977530946'"]}
{"cpu_time": 861.6785740852356, "total_cpu_time": null, "wallclock_time": 862.3458154201508, "evaluations": 14, "cost": 0.781722996790129, "incumbent": ["haralick_distance='3'", "pca_whiten=''true''", "svm_C='37.694357510091514'", "svm_gamma='0.80733444931765'"]}
{"cpu_time": 1482.5517551898956, "total_cpu_time": null, "wallclock_time": 1483.7723908424377, "evaluations": 24, "cost": 0.7663631252383661, "incumbent": ["haralick_distance='3'", "pca_whiten=''true''", "svm_C='39.88739896473521'", "svm_gamma='0.7164199729112783'"]}
{"cpu_time": 1607.7260715961456, "total_cpu_time": null, "wallclock_time": 1609.073792219162, "evaluations": 26, "cost": 0.7498971901830908, "incumbent": ["haralick_distance='3'", "pca_whiten=''false''", "svm_C='44.985905720156886'", "svm_gamma='0.26453264006823407'"]}
{"cpu_time": 3510.1110780239105, "total_cpu_time": null, "wallclock_time": 3513.661237478256, "evaluations": 57, "cost": 0.7498415845443341, "incumbent": ["haralick_distance='3'", "pca_whiten=''false''", "svm_C='97.98856624285072'", "svm_gamma='0.2639107780389876'"]}
{"cpu_time": 5441.119263410568, "total_cpu_time": null, "wallclock_time": 5446.6031103134155, "evaluations": 92, "cost": 0.7492491680785934, "incumbent": ["haralick_distance='3'", "pca_whiten=''true''", "svm_C='85.87578415711202'", "svm_gamma='0.20702818356540417'"]}
{"cpu_time": 6441.482348680496, "total_cpu_time": null, "wallclock_time": 6448.086841583252, "evaluations": 112, "cost": 0.7475516402243648, "incumbent": ["haralick_distance='3'", "pca_whiten=''false''", "svm_C='66.39986658299067'", "svm_gamma='0.3447926994696438'"]}
{"cpu_time": 7037.949775457382, "total_cpu_time": null, "wallclock_time": 7045.287177801132, "evaluations": 124, "cost": 0.7449631787741797, "incumbent": ["haralick_distance='3'", "pca_whiten=''true''", "svm_C='65.78022231660194'", "svm_gamma='0.37558923267618577'"]}
