{"cpu_time": 0, "total_cpu_time": null, "wallclock_time": 0.00016260147094726562, "evaluations": 0, "cost": 2147483648, "incumbent": ["pca_whiten=''true''", "svm_C='1.0'", "svm_gamma='1.0'"]}
{"cpu_time": 112.62947130203247, "total_cpu_time": null, "wallclock_time": 112.78053832054138, "evaluations": 1, "cost": 0.8934380783152855, "incumbent": ["pca_whiten=''true''", "svm_C='1.0'", "svm_gamma='1.0'"]}
{"cpu_time": 135.7144112586975, "total_cpu_time": null, "wallclock_time": 136.50661969184875, "evaluations": 10, "cost": 0.8824978492207137, "incumbent": ["pca_whiten=''true''", "svm_C='28.47602111141865'", "svm_gamma='0.8905090834586253'"]}
{"cpu_time": 144.5972604751587, "total_cpu_time": null, "wallclock_time": 145.63077592849731, "evaluations": 14, "cost": 0.8530522581591543, "incumbent": ["pca_whiten=''false''", "svm_C='35.6177788970462'", "svm_gamma='0.6139953250167454'"]}
{"cpu_time": 173.79938006401062, "total_cpu_time": null, "wallclock_time": 175.88850378990173, "evaluations": 22, "cost": 0.782472069943084, "incumbent": ["pca_whiten=''false''", "svm_C='36.331749811856746'", "svm_gamma='0.2631765166368688'"]}
{"cpu_time": 200.60140013694763, "total_cpu_time": null, "wallclock_time": 203.881014585495, "evaluations": 29, "cost": 0.6920082510799261, "incumbent": ["pca_whiten=''false''", "svm_C='62.50814177672008'", "svm_gamma='0.028977341676197955'"]}
{"cpu_time": 281.448766708374, "total_cpu_time": null, "wallclock_time": 287.88392639160156, "evaluations": 56, "cost": 0.6806676823983255, "incumbent": ["pca_whiten=''false''", "svm_C='15.453345846017246'", "svm_gamma='0.03208729760716729'"]}
{"cpu_time": 586.1154210567474, "total_cpu_time": null, "wallclock_time": 606.2201061248779, "evaluations": 158, "cost": 0.6786971016856885, "incumbent": ["pca_whiten=''false''", "svm_C='23.17060124845407'", "svm_gamma='0.03208729760716729'"]}
{"cpu_time": 637.6285676956177, "total_cpu_time": null, "wallclock_time": 659.6725335121155, "evaluations": 176, "cost": 0.6751567830081445, "incumbent": ["pca_whiten=''false''", "svm_C='17.9244486001282'", "svm_gamma='0.05501101066341071'"]}
{"cpu_time": 721.1487219333649, "total_cpu_time": null, "wallclock_time": 746.8586339950562, "evaluations": 204, "cost": 0.6703921666025904, "incumbent": ["pca_whiten=''false''", "svm_C='5.976264676155861'", "svm_gamma='0.060081219379483186'"]}
