{"cpu_time": 0, "total_cpu_time": null, "wallclock_time": 0.00017070770263671875, "evaluations": 0, "cost": 2147483648, "incumbent": ["isomap_n_components='2'", "isomap_n_neighbors='5'", "svm_C='1.0'", "svm_gamma='1.0'"]}
{"cpu_time": 2.982567548751831, "total_cpu_time": null, "wallclock_time": 3.0694327354431152, "evaluations": 1, "cost": 0.37227585802372004, "incumbent": ["isomap_n_components='2'", "isomap_n_neighbors='5'", "svm_C='1.0'", "svm_gamma='1.0'"]}
{"cpu_time": 20.73694920539856, "total_cpu_time": null, "wallclock_time": 21.85904550552368, "evaluations": 7, "cost": 0.3712541964361457, "incumbent": ["isomap_n_components='4'", "isomap_n_neighbors='3'", "svm_C='38.955212985979244'", "svm_gamma='2.443593951042488'"]}
{"cpu_time": 29.125887155532837, "total_cpu_time": null, "wallclock_time": 30.756958723068237, "evaluations": 10, "cost": 0.3666014508330238, "incumbent": ["isomap_n_components='4'", "isomap_n_neighbors='7'", "svm_C='9.057709990407705'", "svm_gamma='2.940095053267718'"]}
{"cpu_time": 44.43308162689209, "total_cpu_time": null, "wallclock_time": 46.78855037689209, "evaluations": 16, "cost": 0.3616998593877267, "incumbent": ["isomap_n_components='4'", "isomap_n_neighbors='3'", "svm_C='28.771032327529937'", "svm_gamma='0.48316465572380346'"]}
{"cpu_time": 71.57744455337524, "total_cpu_time": null, "wallclock_time": 75.26393628120422, "evaluations": 27, "cost": 0.35704055748686786, "incumbent": ["isomap_n_components='4'", "isomap_n_neighbors='7'", "svm_C='4.276488422228812'", "svm_gamma='1.9701559174126142'"]}
{"cpu_time": 74.35503554344177, "total_cpu_time": null, "wallclock_time": 78.24802780151367, "evaluations": 28, "cost": 0.34895875703113205, "incumbent": ["isomap_n_components='4'", "isomap_n_neighbors='7'", "svm_C='15.074303633283366'", "svm_gamma='0.10002923534643868'"]}
{"cpu_time": 133.72950434684753, "total_cpu_time": null, "wallclock_time": 140.91169691085815, "evaluations": 50, "cost": 0.34656307064424424, "incumbent": ["isomap_n_components='3'", "isomap_n_neighbors='7'", "svm_C='1.3533644058870398'", "svm_gamma='6.930985414779443'"]}
{"cpu_time": 138.8397352695465, "total_cpu_time": null, "wallclock_time": 146.28308582305908, "evaluations": 52, "cost": 0.3444293158152678, "incumbent": ["isomap_n_components='4'", "isomap_n_neighbors='5'", "svm_C='4.293547960677554'", "svm_gamma='1.2210766744663353'"]}
{"cpu_time": 143.99713969230652, "total_cpu_time": null, "wallclock_time": 151.7405924797058, "evaluations": 54, "cost": 0.34187437603754844, "incumbent": ["isomap_n_components='4'", "isomap_n_neighbors='5'", "svm_C='2.663350778854081'", "svm_gamma='1.3668993526083448'"]}
{"cpu_time": 163.45335865020752, "total_cpu_time": null, "wallclock_time": 172.30644154548645, "evaluations": 64, "cost": 0.33717149371140215, "incumbent": ["isomap_n_components='4'", "isomap_n_neighbors='5'", "svm_C='2.6167097635731262'", "svm_gamma='3.4173261469613854'"]}
{"cpu_time": 185.47647380828857, "total_cpu_time": null, "wallclock_time": 195.5330982208252, "evaluations": 76, "cost": 0.33139654672856905, "incumbent": ["isomap_n_components='3'", "isomap_n_neighbors='4'", "svm_C='2.2110488048401358'", "svm_gamma='2.2421587563066945'"]}
{"cpu_time": 202.76972436904907, "total_cpu_time": null, "wallclock_time": 213.65580821037292, "evaluations": 86, "cost": 0.32682894405953394, "incumbent": ["isomap_n_components='4'", "isomap_n_neighbors='7'", "svm_C='0.5583194849144728'", "svm_gamma='3.6993952947383892'"]}
