{"cpu_time": 0, "total_cpu_time": null, "wallclock_time": 6.794929504394531e-05, "evaluations": 0, "cost": 2147483648, "incumbent": ["svm_C='0.1'", "svm_gamma='4.005'"]}
{"cpu_time": 0.9336411952972412, "total_cpu_time": null, "wallclock_time": 0.9434475898742676, "evaluations": 1, "cost": 0.32948181328491233, "incumbent": ["svm_C='0.1'", "svm_gamma='4.005'"]}
{"cpu_time": 1.8296220302581787, "total_cpu_time": null, "wallclock_time": 1.861685037612915, "evaluations": 2, "cost": 0.32000199795054757, "incumbent": ["svm_C='100.0'", "svm_gamma='2.0075'"]}
{"cpu_time": 3.6389431953430176, "total_cpu_time": null, "wallclock_time": 3.7113332748413086, "evaluations": 4, "cost": 0.31808817698354647, "incumbent": ["svm_C='0.1'", "svm_gamma='0.01'"]}
{"cpu_time": 6.270989656448364, "total_cpu_time": null, "wallclock_time": 6.389130353927612, "evaluations": 7, "cost": 0.3015518858543566, "incumbent": ["svm_C='50.050000000000004'", "svm_gamma='0.01'"]}
