{"cpu_time": 0, "total_cpu_time": null, "wallclock_time": 0.00011587142944335938, "evaluations": 0, "cost": 2147483648, "incumbent": ["pca_whiten=''true''", "rf_max_features='0.5'", "rf_n_estimators='10'"]}
{"cpu_time": 0.578554630279541, "total_cpu_time": null, "wallclock_time": 0.6149897575378418, "evaluations": 1, "cost": 4.5373399694079115, "incumbent": ["pca_whiten=''true''", "rf_max_features='0.5'", "rf_n_estimators='10'"]}
{"cpu_time": 1.7679331302642822, "total_cpu_time": null, "wallclock_time": 1.837965488433838, "evaluations": 2, "cost": 1.4811415002343775, "incumbent": ["pca_whiten=''true''", "rf_max_features='0.6263875900678313'", "rf_n_estimators='178'"]}
{"cpu_time": 3.1084187030792236, "total_cpu_time": null, "wallclock_time": 3.1959404945373535, "evaluations": 3, "cost": 1.4486509149368219, "incumbent": ["pca_whiten=''false''", "rf_max_features='0.3021465708060675'", "rf_n_estimators='203'"]}
{"cpu_time": 4.479472875595093, "total_cpu_time": null, "wallclock_time": 4.606361627578735, "evaluations": 4, "cost": 1.366666890231933, "incumbent": ["pca_whiten=''true''", "rf_max_features='0.30586418148323496'", "rf_n_estimators='221'"]}
{"cpu_time": 7.666671276092529, "total_cpu_time": null, "wallclock_time": 7.850636959075928, "evaluations": 6, "cost": 1.2137873777384662, "incumbent": ["pca_whiten=''true''", "rf_max_features='0.6483339395381182'", "rf_n_estimators='285'"]}
{"cpu_time": 43.85111355781555, "total_cpu_time": null, "wallclock_time": 44.97138738632202, "evaluations": 36, "cost": 1.2092993599568382, "incumbent": ["pca_whiten=''true''", "rf_max_features='0.4980075364230163'", "rf_n_estimators='286'"]}
{"cpu_time": 111.2705192565918, "total_cpu_time": null, "wallclock_time": 114.40680527687073, "evaluations": 91, "cost": 1.2015535827597252, "incumbent": ["pca_whiten=''false''", "rf_max_features='0.3801804035848977'", "rf_n_estimators='121'"]}
