{"cpu_time": 0, "total_cpu_time": null, "wallclock_time": 0.0001380443572998047, "evaluations": 0, "cost": 2147483648, "incumbent": ["isomap_n_components='2'", "isomap_n_neighbors='5'", "svm_C='1.0'", "svm_gamma='1.0'"]}
{"cpu_time": 1.2888028621673584, "total_cpu_time": null, "wallclock_time": 1.3062596321105957, "evaluations": 1, "cost": 1.0059523256893972, "incumbent": ["isomap_n_components='2'", "isomap_n_neighbors='5'", "svm_C='1.0'", "svm_gamma='1.0'"]}
{"cpu_time": 9.75062346458435, "total_cpu_time": null, "wallclock_time": 10.282065868377686, "evaluations": 12, "cost": 1.0059122417005615, "incumbent": ["isomap_n_components='2'", "isomap_n_neighbors='5'", "svm_C='74.6449780648484'", "svm_gamma='1.8016895694961184'"]}
{"cpu_time": 14.324098348617554, "total_cpu_time": null, "wallclock_time": 15.259631395339966, "evaluations": 18, "cost": 1.0044791646385673, "incumbent": ["isomap_n_components='3'", "isomap_n_neighbors='6'", "svm_C='12.316939944920199'", "svm_gamma='0.7353500121396531'"]}
{"cpu_time": 15.867202997207642, "total_cpu_time": null, "wallclock_time": 16.93547248840332, "evaluations": 20, "cost": 0.9982079525759291, "incumbent": ["isomap_n_components='4'", "isomap_n_neighbors='6'", "svm_C='26.819088268100526'", "svm_gamma='0.32561511385573827'"]}
{"cpu_time": 26.25208592414856, "total_cpu_time": null, "wallclock_time": 28.055951833724976, "evaluations": 34, "cost": 0.9963649682609291, "incumbent": ["isomap_n_components='2'", "isomap_n_neighbors='6'", "svm_C='65.40239211531751'", "svm_gamma='0.5702464569413047'"]}
{"cpu_time": 58.45267415046692, "total_cpu_time": null, "wallclock_time": 62.73348093032837, "evaluations": 72, "cost": 0.991923052764457, "incumbent": ["isomap_n_components='2'", "isomap_n_neighbors='5'", "svm_C='65.40239211531751'", "svm_gamma='0.5593614302705123'"]}
