{"cpu_time": 0, "total_cpu_time": null, "wallclock_time": 0.00010275840759277344, "evaluations": 0, "cost": 2147483648, "incumbent": ["pca_whiten=''true''", "rf_max_features='0.5'", "rf_n_estimators='10'"]}
{"cpu_time": 0.24196958541870117, "total_cpu_time": null, "wallclock_time": 0.25975823402404785, "evaluations": 1, "cost": 4.565302109779053, "incumbent": ["pca_whiten=''true''", "rf_max_features='0.5'", "rf_n_estimators='10'"]}
{"cpu_time": 1.36722993850708, "total_cpu_time": null, "wallclock_time": 1.4174304008483887, "evaluations": 2, "cost": 1.3705095324876713, "incumbent": ["pca_whiten=''true''", "rf_max_features='0.6263875900678313'", "rf_n_estimators='178'"]}
{"cpu_time": 3.610563039779663, "total_cpu_time": null, "wallclock_time": 3.7131776809692383, "evaluations": 4, "cost": 1.3618012151680308, "incumbent": ["pca_whiten=''true''", "rf_max_features='0.30586418148323496'", "rf_n_estimators='221'"]}
{"cpu_time": 26.60398530960083, "total_cpu_time": null, "wallclock_time": 27.362242221832275, "evaluations": 26, "cost": 1.2746863463170148, "incumbent": ["pca_whiten=''true''", "rf_max_features='0.47868702345467423'", "rf_n_estimators='214'"]}
{"cpu_time": 51.78121852874756, "total_cpu_time": null, "wallclock_time": 53.441444635391235, "evaluations": 55, "cost": 1.2711690601505403, "incumbent": ["pca_whiten=''true''", "rf_max_features='0.5355804413001668'", "rf_n_estimators='288'"]}
