{"cpu_time": 0, "total_cpu_time": null, "wallclock_time": 0.00014638900756835938, "evaluations": 0, "cost": 2147483648, "incumbent": ["haralick_distance='1'", "pca_whiten=''true''", "svm_C='1.0'", "svm_gamma='1.0'"]}
{"cpu_time": 57.76794099807739, "total_cpu_time": null, "wallclock_time": 57.78853797912598, "evaluations": 1, "cost": 0.9458067400775304, "incumbent": ["haralick_distance='1'", "pca_whiten=''true''", "svm_C='1.0'", "svm_gamma='1.0'"]}
{"cpu_time": 169.12137961387634, "total_cpu_time": null, "wallclock_time": 169.2144012451172, "evaluations": 3, "cost": 0.7997941480959293, "incumbent": ["haralick_distance='2'", "pca_whiten=''true''", "svm_C='39.719968193911264'", "svm_gamma='0.8615789437416754'"]}
{"cpu_time": 1332.8114867210388, "total_cpu_time": null, "wallclock_time": 1333.8348500728607, "evaluations": 24, "cost": 0.7922807976648891, "incumbent": ["haralick_distance='3'", "pca_whiten=''true''", "svm_C='26.78459060594603'", "svm_gamma='1.684473047793195'"]}
{"cpu_time": 1697.0901505947113, "total_cpu_time": null, "wallclock_time": 1698.4123933315277, "evaluations": 31, "cost": 0.7913110949789498, "incumbent": ["haralick_distance='3'", "pca_whiten=''true''", "svm_C='7.726210012597538'", "svm_gamma='7.325656403234683'"]}
