{"cpu_time": 0, "total_cpu_time": null, "wallclock_time": 0.00012993812561035156, "evaluations": 0, "cost": 2147483648, "incumbent": ["haralick_distance='1'", "pca_whiten=''true''", "svm_C='1.0'", "svm_gamma='1.0'"]}
{"cpu_time": 53.999274492263794, "total_cpu_time": null, "wallclock_time": 54.01291871070862, "evaluations": 1, "cost": 0.4755502963052556, "incumbent": ["haralick_distance='1'", "pca_whiten=''true''", "svm_C='1.0'", "svm_gamma='1.0'"]}
{"cpu_time": 2163.768157482147, "total_cpu_time": null, "wallclock_time": 2166.309185028076, "evaluations": 52, "cost": 0.47502287782833746, "incumbent": ["haralick_distance='1'", "pca_whiten=''false''", "svm_C='3.321090464366054'", "svm_gamma='0.6017536880519837'"]}
{"cpu_time": 2241.192722797394, "total_cpu_time": null, "wallclock_time": 2243.8121509552, "evaluations": 54, "cost": 0.47437533668951004, "incumbent": ["haralick_distance='2'", "pca_whiten=''true''", "svm_C='0.40984722028474985'", "svm_gamma='1.9019904503656584'"]}
{"cpu_time": 2394.625532388687, "total_cpu_time": null, "wallclock_time": 2397.4364924430847, "evaluations": 58, "cost": 0.4721508450525384, "incumbent": ["haralick_distance='2'", "pca_whiten=''true''", "svm_C='1.0'", "svm_gamma='2.0361036874045526'"]}
{"cpu_time": 2625.485282897949, "total_cpu_time": null, "wallclock_time": 2628.5353665351868, "evaluations": 64, "cost": 0.4714307424969688, "incumbent": ["haralick_distance='3'", "pca_whiten=''true''", "svm_C='0.3872710109113583'", "svm_gamma='2.1489972357388862'"]}
{"cpu_time": 3393.6684482097626, "total_cpu_time": null, "wallclock_time": 3397.6522364616394, "evaluations": 84, "cost": 0.4710083018678786, "incumbent": ["haralick_distance='3'", "pca_whiten=''true''", "svm_C='0.40984722028474985'", "svm_gamma='2.2646641579319216'"]}
{"cpu_time": 3471.437611579895, "total_cpu_time": null, "wallclock_time": 3475.5299520492554, "evaluations": 86, "cost": 0.4707968772711099, "incumbent": ["haralick_distance='3'", "pca_whiten=''true''", "svm_C='0.40984722028474985'", "svm_gamma='2.2852433874779097'"]}
{"cpu_time": 3546.3844468593597, "total_cpu_time": null, "wallclock_time": 3550.5713918209076, "evaluations": 88, "cost": 0.47069913906204003, "incumbent": ["haralick_distance='3'", "pca_whiten=''true''", "svm_C='0.40984722028474985'", "svm_gamma='2.462649236510863'"]}
{"cpu_time": 5389.113494873047, "total_cpu_time": null, "wallclock_time": 5395.643099308014, "evaluations": 136, "cost": 0.4704181489024823, "incumbent": ["haralick_distance='3'", "pca_whiten=''false''", "svm_C='0.47739691945931195'", "svm_gamma='2.3564328007821835'"]}
