{"cpu_time": 0, "total_cpu_time": null, "wallclock_time": 0.00010347366333007812, "evaluations": 0, "cost": 2147483648, "incumbent": ["pca_whiten=''true''", "svm_C='0.1'", "svm_gamma='4.005'"]}
{"cpu_time": 0.7908015251159668, "total_cpu_time": null, "wallclock_time": 0.8059308528900146, "evaluations": 1, "cost": 1.0551913744326784, "incumbent": ["pca_whiten=''true''", "svm_C='0.1'", "svm_gamma='4.005'"]}
{"cpu_time": 1.7230710983276367, "total_cpu_time": null, "wallclock_time": 1.7846498489379883, "evaluations": 2, "cost": 1.018962198350964, "incumbent": ["pca_whiten=''true''", "svm_C='100.0'", "svm_gamma='6.0024999999999995'"]}
{"cpu_time": 2.6048107147216797, "total_cpu_time": null, "wallclock_time": 2.7094929218292236, "evaluations": 3, "cost": 1.006637334217393, "incumbent": ["pca_whiten=''true''", "svm_C='25.075000000000003'", "svm_gamma='4.005'"]}
{"cpu_time": 4.318873643875122, "total_cpu_time": null, "wallclock_time": 4.529749631881714, "evaluations": 5, "cost": 1.0051226293797948, "incumbent": ["pca_whiten=''false''", "svm_C='100.0'", "svm_gamma='2.0075'"]}
{"cpu_time": 7.226541519165039, "total_cpu_time": null, "wallclock_time": 7.54111385345459, "evaluations": 8, "cost": 1.0048166651303052, "incumbent": ["pca_whiten=''true''", "svm_C='75.025'", "svm_gamma='4.005'"]}
{"cpu_time": 8.166339874267578, "total_cpu_time": null, "wallclock_time": 8.492681980133057, "evaluations": 9, "cost": 1.0009759093061568, "incumbent": ["pca_whiten=''true''", "svm_C='75.025'", "svm_gamma='2.0075'"]}
