{"cpu_time": 0, "total_cpu_time": null, "wallclock_time": 0.00013828277587890625, "evaluations": 0, "cost": 2147483648, "incumbent": ["isomap_n_components='2'", "isomap_n_neighbors='5'", "svm_C='1.0'", "svm_gamma='1.0'"]}
{"cpu_time": 7.334878921508789, "total_cpu_time": null, "wallclock_time": 7.498177528381348, "evaluations": 1, "cost": 0.37223148530721056, "incumbent": ["isomap_n_components='2'", "isomap_n_neighbors='5'", "svm_C='1.0'", "svm_gamma='1.0'"]}
{"cpu_time": 59.96331310272217, "total_cpu_time": null, "wallclock_time": 62.478341579437256, "evaluations": 10, "cost": 0.3403104814571036, "incumbent": ["isomap_n_components='3'", "isomap_n_neighbors='4'", "svm_C='7.7019636771111175'", "svm_gamma='2.8431152752227833'"]}
{"cpu_time": 171.6163513660431, "total_cpu_time": null, "wallclock_time": 178.64975690841675, "evaluations": 26, "cost": 0.33647509492730654, "incumbent": ["isomap_n_components='4'", "isomap_n_neighbors='7'", "svm_C='1.8677294773225348'", "svm_gamma='4.312429056225628'"]}
{"cpu_time": 273.71596598625183, "total_cpu_time": null, "wallclock_time": 285.6846926212311, "evaluations": 40, "cost": 0.33126512664733204, "incumbent": ["isomap_n_components='4'", "isomap_n_neighbors='7'", "svm_C='1.2804984120674165'", "svm_gamma='3.683849533163161'"]}
{"cpu_time": 402.0836284160614, "total_cpu_time": null, "wallclock_time": 421.67416524887085, "evaluations": 58, "cost": 0.3284193676798481, "incumbent": ["isomap_n_components='4'", "isomap_n_neighbors='3'", "svm_C='0.584314518839776'", "svm_gamma='1.6596905621989533'"]}
{"cpu_time": 446.126647233963, "total_cpu_time": null, "wallclock_time": 468.4475243091583, "evaluations": 64, "cost": 0.32804210515799265, "incumbent": ["isomap_n_components='4'", "isomap_n_neighbors='3'", "svm_C='1.7495235113800127'", "svm_gamma='0.8336962202365642'"]}
{"cpu_time": 472.5093104839325, "total_cpu_time": null, "wallclock_time": 496.65147066116333, "evaluations": 68, "cost": 0.3269177007805551, "incumbent": ["isomap_n_components='4'", "isomap_n_neighbors='3'", "svm_C='0.9714405120361159'", "svm_gamma='0.8336962202365642'"]}
{"cpu_time": 597.7011187076569, "total_cpu_time": null, "wallclock_time": 629.587274312973, "evaluations": 87, "cost": 0.326558725392539, "incumbent": ["isomap_n_components='4'", "isomap_n_neighbors='3'", "svm_C='0.584314518839776'", "svm_gamma='1.1751334024205136'"]}
