{"cpu_time": 0, "total_cpu_time": null, "wallclock_time": 9.131431579589844e-05, "evaluations": 0, "cost": 2147483648, "incumbent": ["isomap_n_components='2'", "isomap_n_neighbors='5'"]}
{"cpu_time": 0.6850571632385254, "total_cpu_time": null, "wallclock_time": 0.6946330070495605, "evaluations": 1, "cost": 6.9381514616252895, "incumbent": ["isomap_n_components='2'", "isomap_n_neighbors='5'"]}
{"cpu_time": 2.0920779705047607, "total_cpu_time": null, "wallclock_time": 2.138019323348999, "evaluations": 3, "cost": 5.804977812273861, "incumbent": ["isomap_n_components='4'", "isomap_n_neighbors='7'"]}
{"cpu_time": 4.833710193634033, "total_cpu_time": null, "wallclock_time": 4.9675445556640625, "evaluations": 7, "cost": 5.503986296849803, "incumbent": ["isomap_n_components='4'", "isomap_n_neighbors='6'"]}
