{"cpu_time": 0, "total_cpu_time": null, "wallclock_time": 0.0001220703125, "evaluations": 0, "cost": 2147483648, "incumbent": ["pca_whiten=''true''", "rf_max_features='0.5'", "rf_n_estimators='10'"]}
{"cpu_time": 0.6076152324676514, "total_cpu_time": null, "wallclock_time": 0.6501226425170898, "evaluations": 1, "cost": 1.461412892960154, "incumbent": ["pca_whiten=''true''", "rf_max_features='0.5'", "rf_n_estimators='10'"]}
{"cpu_time": 2.30656099319458, "total_cpu_time": null, "wallclock_time": 2.430184841156006, "evaluations": 2, "cost": 0.5416277474104917, "incumbent": ["pca_whiten=''true''", "rf_max_features='0.6263875900678313'", "rf_n_estimators='178'"]}
{"cpu_time": 4.192898273468018, "total_cpu_time": null, "wallclock_time": 4.3449342250823975, "evaluations": 3, "cost": 0.5114401073482789, "incumbent": ["pca_whiten=''false''", "rf_max_features='0.3021465708060675'", "rf_n_estimators='203'"]}
{"cpu_time": 38.778478384017944, "total_cpu_time": null, "wallclock_time": 40.30113673210144, "evaluations": 24, "cost": 0.4749054625586641, "incumbent": ["pca_whiten=''true''", "rf_max_features='0.35531061347881193'", "rf_n_estimators='68'"]}
{"cpu_time": 152.41769337654114, "total_cpu_time": null, "wallclock_time": 159.6840078830719, "evaluations": 118, "cost": 0.4587165915897991, "incumbent": ["pca_whiten=''false''", "rf_max_features='0.3354765496197501'", "rf_n_estimators='43'"]}
