{"cpu_time": 0, "total_cpu_time": null, "wallclock_time": 0.00011944770812988281, "evaluations": 0, "cost": 2147483648, "incumbent": ["haralick_distance='1'", "isomap_n_components='2'", "isomap_n_neighbors='5'", "svm_C='1.0'", "svm_gamma='1.0'"]}
{"cpu_time": 90.39061236381531, "total_cpu_time": null, "wallclock_time": 90.45665740966797, "evaluations": 1, "cost": 0.5547085631430612, "incumbent": ["haralick_distance='1'", "isomap_n_components='2'", "isomap_n_neighbors='5'", "svm_C='1.0'", "svm_gamma='1.0'"]}
{"cpu_time": 183.17011332511902, "total_cpu_time": null, "wallclock_time": 183.40387272834778, "evaluations": 2, "cost": 0.5543903612576758, "incumbent": ["haralick_distance='1'", "isomap_n_components='4'", "isomap_n_neighbors='7'", "svm_C='72.54534814538891'", "svm_gamma='4.489288587472055'"]}
{"cpu_time": 276.0210084915161, "total_cpu_time": null, "wallclock_time": 276.3273661136627, "evaluations": 3, "cost": 0.48072940870050723, "incumbent": ["haralick_distance='2'", "isomap_n_components='2'", "isomap_n_neighbors='6'", "svm_C='78.990011851405'", "svm_gamma='6.602930247746782'"]}
{"cpu_time": 1507.8309268951416, "total_cpu_time": null, "wallclock_time": 1510.3460149765015, "evaluations": 17, "cost": 0.47375490867571385, "incumbent": ["haralick_distance='3'", "isomap_n_components='4'", "isomap_n_neighbors='6'", "svm_C='18.253089843996378'", "svm_gamma='6.675583330720798'"]}
{"cpu_time": 1938.5303387641907, "total_cpu_time": null, "wallclock_time": 1941.8286972045898, "evaluations": 23, "cost": 0.4625423927720486, "incumbent": ["haralick_distance='3'", "isomap_n_components='2'", "isomap_n_neighbors='7'", "svm_C='30.036388361509584'", "svm_gamma='2.866003042075578'"]}
{"cpu_time": 2448.2863347530365, "total_cpu_time": null, "wallclock_time": 2452.6679360866547, "evaluations": 30, "cost": 0.4625348642834343, "incumbent": ["haralick_distance='3'", "isomap_n_components='2'", "isomap_n_neighbors='7'", "svm_C='38.29422971668946'", "svm_gamma='4.211119445388482'"]}
{"cpu_time": 2872.208524465561, "total_cpu_time": null, "wallclock_time": 2877.5419039726257, "evaluations": 36, "cost": 0.4596584554629959, "incumbent": ["haralick_distance='3'", "isomap_n_components='2'", "isomap_n_neighbors='5'", "svm_C='72.20490751002833'", "svm_gamma='3.9252182288485'"]}
{"cpu_time": 3157.7996623516083, "total_cpu_time": null, "wallclock_time": 3163.737570285797, "evaluations": 40, "cost": 0.45879977632854113, "incumbent": ["haralick_distance='3'", "isomap_n_components='2'", "isomap_n_neighbors='5'", "svm_C='74.9997295351236'", "svm_gamma='3.624674137526'"]}
{"cpu_time": 4817.615211725235, "total_cpu_time": null, "wallclock_time": 4826.958697557449, "evaluations": 63, "cost": 0.4442513550035732, "incumbent": ["haralick_distance='3'", "isomap_n_components='3'", "isomap_n_neighbors='6'", "svm_C='36.350555232741804'", "svm_gamma='2.493080816981032'"]}
{"cpu_time": 5036.583651304245, "total_cpu_time": null, "wallclock_time": 5046.627339601517, "evaluations": 66, "cost": 0.4277235837867626, "incumbent": ["haralick_distance='3'", "isomap_n_components='2'", "isomap_n_neighbors='6'", "svm_C='6.264035952044992'", "svm_gamma='1.0618530616839312'"]}
{"cpu_time": 7471.212739229202, "total_cpu_time": null, "wallclock_time": 7486.540009021759, "evaluations": 100, "cost": 0.42380792086303626, "incumbent": ["haralick_distance='3'", "isomap_n_components='2'", "isomap_n_neighbors='7'", "svm_C='0.4491084791608211'", "svm_gamma='0.4329124642235839'"]}
{"cpu_time": 7611.14443564415, "total_cpu_time": null, "wallclock_time": 7626.768094062805, "evaluations": 102, "cost": 0.4217978497392721, "incumbent": ["haralick_distance='3'", "isomap_n_components='2'", "isomap_n_neighbors='7'", "svm_C='7.346857368414327'", "svm_gamma='0.5760540999728614'"]}
