{"cpu_time": 0, "total_cpu_time": null, "wallclock_time": 0.00015306472778320312, "evaluations": 0, "cost": 2147483648, "incumbent": ["haralick_distance='1'", "pca_whiten=''true''", "rf_max_features='0.5'", "rf_n_estimators='10'"]}
{"cpu_time": 45.77296161651611, "total_cpu_time": null, "wallclock_time": 45.808959007263184, "evaluations": 1, "cost": 8.273918881179656, "incumbent": ["haralick_distance='1'", "pca_whiten=''true''", "rf_max_features='0.5'", "rf_n_estimators='10'"]}
{"cpu_time": 92.43386578559875, "total_cpu_time": null, "wallclock_time": 92.5073447227478, "evaluations": 2, "cost": 4.007532453560679, "incumbent": ["haralick_distance='1'", "pca_whiten=''true''", "rf_max_features='0.5914675755540864'", "rf_n_estimators='259'"]}
{"cpu_time": 138.83214378356934, "total_cpu_time": null, "wallclock_time": 138.92357325553894, "evaluations": 3, "cost": 1.5094609792287226, "incumbent": ["haralick_distance='2'", "pca_whiten=''true''", "rf_max_features='0.49829813910866494'", "rf_n_estimators='39'"]}
{"cpu_time": 185.63661432266235, "total_cpu_time": null, "wallclock_time": 185.7811632156372, "evaluations": 4, "cost": 1.3515035933781867, "incumbent": ["haralick_distance='2'", "pca_whiten=''false''", "rf_max_features='0.7749277535405971'", "rf_n_estimators='140'"]}
{"cpu_time": 232.90049123764038, "total_cpu_time": null, "wallclock_time": 233.06344413757324, "evaluations": 5, "cost": 1.264741466808237, "incumbent": ["haralick_distance='2'", "pca_whiten=''true''", "rf_max_features='0.36113899979178665'", "rf_n_estimators='248'"]}
{"cpu_time": 699.1646976470947, "total_cpu_time": null, "wallclock_time": 699.7157964706421, "evaluations": 16, "cost": 1.1801979125104765, "incumbent": ["haralick_distance='2'", "pca_whiten=''true''", "rf_max_features='0.33259034695880085'", "rf_n_estimators='246'"]}
{"cpu_time": 1325.3506972789764, "total_cpu_time": null, "wallclock_time": 1326.4294803142548, "evaluations": 31, "cost": 1.1072369731969012, "incumbent": ["haralick_distance='3'", "pca_whiten=''true''", "rf_max_features='0.33816921928226995'", "rf_n_estimators='276'"]}
{"cpu_time": 2539.69353890419, "total_cpu_time": null, "wallclock_time": 2541.9292397499084, "evaluations": 60, "cost": 1.1027125698741076, "incumbent": ["haralick_distance='2'", "pca_whiten=''true''", "rf_max_features='0.33259034695880085'", "rf_n_estimators='278'"]}
{"cpu_time": 2960.9398517608643, "total_cpu_time": null, "wallclock_time": 2963.5657243728638, "evaluations": 70, "cost": 1.0983403208212026, "incumbent": ["haralick_distance='3'", "pca_whiten=''false''", "rf_max_features='0.30933333951936903'", "rf_n_estimators='276'"]}
{"cpu_time": 3003.18617105484, "total_cpu_time": null, "wallclock_time": 3005.8295726776123, "evaluations": 71, "cost": 1.0951871238608477, "incumbent": ["haralick_distance='3'", "pca_whiten=''false''", "rf_max_features='0.6102158742419963'", "rf_n_estimators='291'"]}
{"cpu_time": 3298.8549790382385, "total_cpu_time": null, "wallclock_time": 3301.8065299987793, "evaluations": 78, "cost": 1.0245397122734414, "incumbent": ["haralick_distance='3'", "pca_whiten=''false''", "rf_max_features='0.5975545875216631'", "rf_n_estimators='289'"]}
{"cpu_time": 7538.836391210556, "total_cpu_time": null, "wallclock_time": 7546.046914339066, "evaluations": 179, "cost": 1.0203620416652517, "incumbent": ["haralick_distance='3'", "pca_whiten=''false''", "rf_max_features='0.7061992938718531'", "rf_n_estimators='293'"]}
