"CPU Time Used","Estimated Training Performance","Wallclock Time","Incumbent ID","Automatic Configurator (CPU) Time","Configuration..."
0.000000, 2147483648.000000, 0.000152, 1, 0.000152, isomap_n_components='2', isomap_n_neighbors='5', svm_C='1.0', svm_gamma='1.0'
4.300704, 0.187951, 4.347852, 1, 0.047148, isomap_n_components='2', isomap_n_neighbors='5', svm_C='1.0', svm_gamma='1.0'
50.747968, 0.186671, 54.473148, 2, 3.725179, isomap_n_components='2', isomap_n_neighbors='3', svm_C='28.415579056218117', svm_gamma='0.16886219158782942'
64.160035, 0.175867, 68.825477, 3, 4.665442, isomap_n_components='2', isomap_n_neighbors='7', svm_C='10.239900293223153', svm_gamma='0.10055512241494766'
85.342643, 0.158646, 91.145564, 4, 5.802921, isomap_n_components='3', isomap_n_neighbors='3', svm_C='5.895235096574143', svm_gamma='0.10071678288208126'
238.935448, 0.157239, 257.730756, 5, 18.795308, isomap_n_components='3', isomap_n_neighbors='5', svm_C='41.98926960269709', svm_gamma='0.011085086819838651'
400.591031, 0.154516, 432.521976, 6, 31.930945, isomap_n_components='3', isomap_n_neighbors='4', svm_C='6.228177443676033', svm_gamma='0.14729816144124463'
409.839893, 0.151285, 442.816321, 7, 32.976429, isomap_n_components='3', isomap_n_neighbors='4', svm_C='6.228177443676033', svm_gamma='0.18105836168369568'
500.687630, 0.150130, 540.706886, 8, 40.019256, isomap_n_components='3', isomap_n_neighbors='4', svm_C='1.3682413644703892', svm_gamma='0.07779484728457015'
