{"cpu_time": 0, "total_cpu_time": null, "wallclock_time": 0.00015211105346679688, "evaluations": 0, "cost": 2147483648, "incumbent": ["isomap_n_components='2'", "isomap_n_neighbors='5'", "svm_C='1.0'", "svm_gamma='1.0'"]}
{"cpu_time": 4.30070424079895, "total_cpu_time": null, "wallclock_time": 4.347851753234863, "evaluations": 1, "cost": 0.18795098834144497, "incumbent": ["isomap_n_components='2'", "isomap_n_neighbors='5'", "svm_C='1.0'", "svm_gamma='1.0'"]}
{"cpu_time": 50.747968435287476, "total_cpu_time": null, "wallclock_time": 54.47314786911011, "evaluations": 16, "cost": 0.18667130026748024, "incumbent": ["isomap_n_components='2'", "isomap_n_neighbors='3'", "svm_C='28.415579056218117'", "svm_gamma='0.16886219158782942'"]}
{"cpu_time": 64.16003513336182, "total_cpu_time": null, "wallclock_time": 68.82547736167908, "evaluations": 20, "cost": 0.17586678975353376, "incumbent": ["isomap_n_components='2'", "isomap_n_neighbors='7'", "svm_C='10.239900293223153'", "svm_gamma='0.10055512241494766'"]}
{"cpu_time": 85.34264302253723, "total_cpu_time": null, "wallclock_time": 91.14556384086609, "evaluations": 26, "cost": 0.15864554726284583, "incumbent": ["isomap_n_components='3'", "isomap_n_neighbors='3'", "svm_C='5.895235096574143'", "svm_gamma='0.10071678288208126'"]}
{"cpu_time": 238.93544816970825, "total_cpu_time": null, "wallclock_time": 257.7307562828064, "evaluations": 72, "cost": 0.1572394241756648, "incumbent": ["isomap_n_components='3'", "isomap_n_neighbors='5'", "svm_C='41.98926960269709'", "svm_gamma='0.011085086819838651'"]}
{"cpu_time": 400.59103083610535, "total_cpu_time": null, "wallclock_time": 432.5219762325287, "evaluations": 148, "cost": 0.15451632922675534, "incumbent": ["isomap_n_components='3'", "isomap_n_neighbors='4'", "svm_C='6.228177443676033'", "svm_gamma='0.14729816144124463'"]}
{"cpu_time": 409.8398926258087, "total_cpu_time": null, "wallclock_time": 442.81632137298584, "evaluations": 154, "cost": 0.1512849451977006, "incumbent": ["isomap_n_components='3'", "isomap_n_neighbors='4'", "svm_C='6.228177443676033'", "svm_gamma='0.18105836168369568'"]}
{"cpu_time": 500.6876299381256, "total_cpu_time": null, "wallclock_time": 540.7068860530853, "evaluations": 242, "cost": 0.15013046294787832, "incumbent": ["isomap_n_components='3'", "isomap_n_neighbors='4'", "svm_C='1.3682413644703892'", "svm_gamma='0.07779484728457015'"]}
