{"cpu_time": 0, "total_cpu_time": null, "wallclock_time": 0.00015544891357421875, "evaluations": 0, "cost": 2147483648, "incumbent": []}
{"cpu_time": 0.8141779899597168, "total_cpu_time": null, "wallclock_time": 0.8439626693725586, "evaluations": 1, "cost": 9.602235151221638, "incumbent": []}
