{"cpu_time": 0, "total_cpu_time": null, "wallclock_time": 5.269050598144531e-05, "evaluations": 0, "cost": 2147483648, "incumbent": ["pca_whiten=''true''"]}
{"cpu_time": 2.3089230060577393, "total_cpu_time": null, "wallclock_time": 2.3869709968566895, "evaluations": 1, "cost": 20.57528897009439, "incumbent": ["pca_whiten=''true''"]}
