{"cpu_time": 0, "total_cpu_time": null, "wallclock_time": 0.00012803077697753906, "evaluations": 0, "cost": 2147483648, "incumbent": ["pca_whiten=''true''", "rf_max_features='0.5'", "rf_n_estimators='10'"]}
{"cpu_time": 4550.939788103104, "total_cpu_time": null, "wallclock_time": 4551.4195165634155, "evaluations": 1, "cost": 0.6913399095182743, "incumbent": ["pca_whiten=''true''", "rf_max_features='0.5'", "rf_n_estimators='10'"]}
{"cpu_time": 4566.953560590744, "total_cpu_time": null, "wallclock_time": 4567.725686311722, "evaluations": 2, "cost": 0.28512988382025395, "incumbent": ["pca_whiten=''true''", "rf_max_features='0.6263875900678313'", "rf_n_estimators='178'"]}
{"cpu_time": 4584.186815261841, "total_cpu_time": null, "wallclock_time": 4585.0569541454315, "evaluations": 3, "cost": 0.2788277584959388, "incumbent": ["pca_whiten=''false''", "rf_max_features='0.3021465708060675'", "rf_n_estimators='203'"]}
{"cpu_time": 4670.795334815979, "total_cpu_time": null, "wallclock_time": 4672.511853456497, "evaluations": 7, "cost": 0.2778274570117741, "incumbent": ["pca_whiten=''false''", "rf_max_features='0.5169655679501186'", "rf_n_estimators='270'"]}
{"cpu_time": 4766.251038789749, "total_cpu_time": null, "wallclock_time": 4769.281443357468, "evaluations": 15, "cost": 0.27741484409575606, "incumbent": ["pca_whiten=''true''", "rf_max_features='0.44928842014179576'", "rf_n_estimators='216'"]}
{"cpu_time": 4801.970532417297, "total_cpu_time": null, "wallclock_time": 4805.575105905533, "evaluations": 18, "cost": 0.27233477969712744, "incumbent": ["pca_whiten=''false''", "rf_max_features='0.3002897060606824'", "rf_n_estimators='89'"]}
