{"cpu_time": 0, "total_cpu_time": null, "wallclock_time": 9.417533874511719e-05, "evaluations": 0, "cost": 2147483648, "incumbent": ["pca_whiten=''true''", "svm_C='1.0'", "svm_gamma='1.0'"]}
{"cpu_time": 2.11051082611084, "total_cpu_time": null, "wallclock_time": 2.1461033821105957, "evaluations": 1, "cost": 0.8995355174460018, "incumbent": ["pca_whiten=''true''", "svm_C='1.0'", "svm_gamma='1.0'"]}
{"cpu_time": 20.84094214439392, "total_cpu_time": null, "wallclock_time": 21.35183048248291, "evaluations": 10, "cost": 0.8828777348999747, "incumbent": ["pca_whiten=''true''", "svm_C='28.47602111141865'", "svm_gamma='0.8905090834586253'"]}
{"cpu_time": 41.16548538208008, "total_cpu_time": null, "wallclock_time": 42.28124189376831, "evaluations": 21, "cost": 0.7413585729876759, "incumbent": ["pca_whiten=''true''", "svm_C='41.75157244126928'", "svm_gamma='0.12822978501372634'"]}
{"cpu_time": 55.473708152770996, "total_cpu_time": null, "wallclock_time": 57.11355662345886, "evaluations": 28, "cost": 0.6881004071697179, "incumbent": ["pca_whiten=''false''", "svm_C='62.50814177672008'", "svm_gamma='0.028977341676197955'"]}
{"cpu_time": 97.46010112762451, "total_cpu_time": null, "wallclock_time": 100.4695737361908, "evaluations": 48, "cost": 0.6819278242026745, "incumbent": ["pca_whiten=''true''", "svm_C='15.966508477374138'", "svm_gamma='0.028183045649441442'"]}
