{"cpu_time": 0, "total_cpu_time": null, "wallclock_time": 0.00013947486877441406, "evaluations": 0, "cost": 2147483648, "incumbent": ["haralick_distance='1'", "isomap_n_components='2'", "isomap_n_neighbors='5'", "svm_C='1.0'", "svm_gamma='1.0'"]}
{"cpu_time": 228.5050389766693, "total_cpu_time": null, "wallclock_time": 228.61325907707214, "evaluations": 1, "cost": 0.4484737747045086, "incumbent": ["haralick_distance='1'", "isomap_n_components='2'", "isomap_n_neighbors='5'", "svm_C='1.0'", "svm_gamma='1.0'"]}
{"cpu_time": 454.0879385471344, "total_cpu_time": null, "wallclock_time": 454.4883236885071, "evaluations": 2, "cost": 0.43673173939879817, "incumbent": ["haralick_distance='1'", "isomap_n_components='4'", "isomap_n_neighbors='7'", "svm_C='72.54534814538891'", "svm_gamma='4.489288587472055'"]}
{"cpu_time": 715.1277074813843, "total_cpu_time": null, "wallclock_time": 715.8164494037628, "evaluations": 4, "cost": 0.41928377579996523, "incumbent": ["haralick_distance='1'", "isomap_n_components='3'", "isomap_n_neighbors='4'", "svm_C='60.41725723603728'", "svm_gamma='4.023397704614242'"]}
{"cpu_time": 960.5415253639221, "total_cpu_time": null, "wallclock_time": 961.4415428638458, "evaluations": 7, "cost": 0.4149506654493435, "incumbent": ["haralick_distance='1'", "isomap_n_components='2'", "isomap_n_neighbors='6'", "svm_C='74.03895323452416'", "svm_gamma='1.9822428937900223'"]}
{"cpu_time": 1125.7161281108856, "total_cpu_time": null, "wallclock_time": 1126.7656235694885, "evaluations": 9, "cost": 0.4048149342031142, "incumbent": ["haralick_distance='1'", "isomap_n_components='4'", "isomap_n_neighbors='5'", "svm_C='90.54227226407072'", "svm_gamma='3.6001724529254275'"]}
{"cpu_time": 1299.3523843288422, "total_cpu_time": null, "wallclock_time": 1300.6428158283234, "evaluations": 11, "cost": 0.37082478063563057, "incumbent": ["haralick_distance='1'", "isomap_n_components='4'", "isomap_n_neighbors='6'", "svm_C='27.77333326847623'", "svm_gamma='1.3375897829228132'"]}
{"cpu_time": 4034.1634106636047, "total_cpu_time": null, "wallclock_time": 4040.2644412517548, "evaluations": 44, "cost": 0.37029594077257855, "incumbent": ["haralick_distance='1'", "isomap_n_components='4'", "isomap_n_neighbors='6'", "svm_C='26.36193856592222'", "svm_gamma='1.4483611733624235'"]}
{"cpu_time": 4196.010890960693, "total_cpu_time": null, "wallclock_time": 4202.5208904743195, "evaluations": 46, "cost": 0.3649277765156014, "incumbent": ["haralick_distance='1'", "isomap_n_components='3'", "isomap_n_neighbors='6'", "svm_C='79.89888445550618'", "svm_gamma='1.3468441959370914'"]}
{"cpu_time": 4533.306670427322, "total_cpu_time": null, "wallclock_time": 4540.369518280029, "evaluations": 50, "cost": 0.3597996905404699, "incumbent": ["haralick_distance='1'", "isomap_n_components='3'", "isomap_n_neighbors='6'", "svm_C='19.210084046989074'", "svm_gamma='1.3831175380984448'"]}
{"cpu_time": 6688.3429119586945, "total_cpu_time": null, "wallclock_time": 6698.908819675446, "evaluations": 76, "cost": 0.35827441045746816, "incumbent": ["haralick_distance='1'", "isomap_n_components='3'", "isomap_n_neighbors='6'", "svm_C='20.4275294669001'", "svm_gamma='1.149418096391711'"]}
{"cpu_time": 10623.488077402115, "total_cpu_time": null, "wallclock_time": 10640.79235625267, "evaluations": 124, "cost": 0.3568986118679633, "incumbent": ["haralick_distance='1'", "isomap_n_components='3'", "isomap_n_neighbors='6'", "svm_C='21.636369925417053'", "svm_gamma='1.882458373455529'"]}
{"cpu_time": 12759.109364032745, "total_cpu_time": null, "wallclock_time": 12780.375833749771, "evaluations": 150, "cost": 0.3537870654031899, "incumbent": ["haralick_distance='1'", "isomap_n_components='3'", "isomap_n_neighbors='6'", "svm_C='22.340654566851658'", "svm_gamma='1.4379447984014584'"]}
