{"cpu_time": 0, "total_cpu_time": null, "wallclock_time": 0.000118255615234375, "evaluations": 0, "cost": 2147483648, "incumbent": ["pca_whiten=''true''", "rf_max_features='0.5'", "rf_n_estimators='10'"]}
{"cpu_time": 5.864614725112915, "total_cpu_time": null, "wallclock_time": 5.99744725227356, "evaluations": 1, "cost": 1.020362408877965, "incumbent": ["pca_whiten=''true''", "rf_max_features='0.5'", "rf_n_estimators='10'"]}
{"cpu_time": 11.96439814567566, "total_cpu_time": null, "wallclock_time": 12.252456903457642, "evaluations": 2, "cost": 0.4130679434148748, "incumbent": ["pca_whiten=''true''", "rf_max_features='0.6263875900678313'", "rf_n_estimators='178'"]}
{"cpu_time": 58.116265296936035, "total_cpu_time": null, "wallclock_time": 58.91180896759033, "evaluations": 7, "cost": 0.4057513943009798, "incumbent": ["pca_whiten=''false''", "rf_max_features='0.5169655679501186'", "rf_n_estimators='270'"]}
{"cpu_time": 183.32337307929993, "total_cpu_time": null, "wallclock_time": 185.7496280670166, "evaluations": 25, "cost": 0.40516069539634975, "incumbent": ["pca_whiten=''true''", "rf_max_features='0.6475433734008502'", "rf_n_estimators='211'"]}
{"cpu_time": 516.0212249755859, "total_cpu_time": null, "wallclock_time": 524.1719808578491, "evaluations": 74, "cost": 0.40243922276499206, "incumbent": ["pca_whiten=''false''", "rf_max_features='0.6137007001747574'", "rf_n_estimators='254'"]}
