{"cpu_time": 0, "total_cpu_time": null, "wallclock_time": 7.891654968261719e-05, "evaluations": 0, "cost": 2147483648, "incumbent": []}
{"cpu_time": 0.9028089046478271, "total_cpu_time": null, "wallclock_time": 0.9612176418304443, "evaluations": 1, "cost": 4.523783664383298, "incumbent": []}
