{"cpu_time": 0, "total_cpu_time": null, "wallclock_time": 0.00011205673217773438, "evaluations": 0, "cost": 2147483648, "incumbent": ["isomap_n_components='2'", "isomap_n_neighbors='5'", "svm_C='1.0'", "svm_gamma='1.0'"]}
{"cpu_time": 0.816535234451294, "total_cpu_time": null, "wallclock_time": 0.83235764503479, "evaluations": 1, "cost": 0.5263756610927098, "incumbent": ["isomap_n_components='2'", "isomap_n_neighbors='5'", "svm_C='1.0'", "svm_gamma='1.0'"]}
{"cpu_time": 3.2426629066467285, "total_cpu_time": null, "wallclock_time": 3.361849784851074, "evaluations": 4, "cost": 0.5221379901086808, "incumbent": ["isomap_n_components='3'", "isomap_n_neighbors='3'", "svm_C='47.63256038084591'", "svm_gamma='4.369503763577128'"]}
{"cpu_time": 6.440659999847412, "total_cpu_time": null, "wallclock_time": 6.713451385498047, "evaluations": 8, "cost": 0.5160011424123722, "incumbent": ["isomap_n_components='3'", "isomap_n_neighbors='7'", "svm_C='28.434172277564443'", "svm_gamma='6.16372404970847'"]}
{"cpu_time": 10.44630765914917, "total_cpu_time": null, "wallclock_time": 10.892842769622803, "evaluations": 13, "cost": 0.5131204106132349, "incumbent": ["isomap_n_components='3'", "isomap_n_neighbors='7'", "svm_C='82.10845963513053'", "svm_gamma='2.675788752665743'"]}
{"cpu_time": 16.27696180343628, "total_cpu_time": null, "wallclock_time": 16.999236822128296, "evaluations": 20, "cost": 0.5106077457757432, "incumbent": ["isomap_n_components='3'", "isomap_n_neighbors='7'", "svm_C='92.3464098810854'", "svm_gamma='6.551621831245489'"]}
{"cpu_time": 18.810641527175903, "total_cpu_time": null, "wallclock_time": 19.616922855377197, "evaluations": 23, "cost": 0.5104745752701286, "incumbent": ["isomap_n_components='4'", "isomap_n_neighbors='7'", "svm_C='66.89946072184424'", "svm_gamma='7.876862576395569'"]}
{"cpu_time": 31.463368892669678, "total_cpu_time": null, "wallclock_time": 32.8920419216156, "evaluations": 38, "cost": 0.5094102690188059, "incumbent": ["isomap_n_components='4'", "isomap_n_neighbors='7'", "svm_C='97.92442631414514'", "svm_gamma='7.021271491936493'"]}
{"cpu_time": 34.802318811416626, "total_cpu_time": null, "wallclock_time": 36.458898067474365, "evaluations": 42, "cost": 0.5090683872047596, "incumbent": ["isomap_n_components='4'", "isomap_n_neighbors='7'", "svm_C='68.39151087990992'", "svm_gamma='6.744363982106472'"]}
