{"cpu_time": 0, "total_cpu_time": null, "wallclock_time": 0.0001163482666015625, "evaluations": 0, "cost": 2147483648, "incumbent": ["pca_whiten=''true''", "rf_max_features='0.5'", "rf_n_estimators='10'"]}
{"cpu_time": 1.727264165878296, "total_cpu_time": null, "wallclock_time": 1.7876625061035156, "evaluations": 1, "cost": 1.724772500664665, "incumbent": ["pca_whiten=''true''", "rf_max_features='0.5'", "rf_n_estimators='10'"]}
{"cpu_time": 5.382103204727173, "total_cpu_time": null, "wallclock_time": 5.507162094116211, "evaluations": 2, "cost": 0.7190841258010847, "incumbent": ["pca_whiten=''true''", "rf_max_features='0.6263875900678313'", "rf_n_estimators='178'"]}
{"cpu_time": 10.649364948272705, "total_cpu_time": null, "wallclock_time": 10.837020874023438, "evaluations": 4, "cost": 0.7181003605590349, "incumbent": ["pca_whiten=''true''", "rf_max_features='0.30586418148323496'", "rf_n_estimators='221'"]}
{"cpu_time": 13.7486572265625, "total_cpu_time": null, "wallclock_time": 13.958069086074829, "evaluations": 5, "cost": 0.7129712021542058, "incumbent": ["pca_whiten=''true''", "rf_max_features='0.6948449041611862'", "rf_n_estimators='249'"]}
{"cpu_time": 17.409974098205566, "total_cpu_time": null, "wallclock_time": 17.661916732788086, "evaluations": 6, "cost": 0.7097362937874493, "incumbent": ["pca_whiten=''true''", "rf_max_features='0.6483339395381182'", "rf_n_estimators='285'"]}
{"cpu_time": 20.875816106796265, "total_cpu_time": null, "wallclock_time": 21.144969940185547, "evaluations": 7, "cost": 0.7070846088456685, "incumbent": ["pca_whiten=''false''", "rf_max_features='0.5169655679501186'", "rf_n_estimators='270'"]}
{"cpu_time": 24.191581964492798, "total_cpu_time": null, "wallclock_time": 24.50551438331604, "evaluations": 8, "cost": 0.7059343274035088, "incumbent": ["pca_whiten=''false''", "rf_max_features='0.5825957699430724'", "rf_n_estimators='204'"]}
