{"cpu_time": 0, "total_cpu_time": null, "wallclock_time": 0.00011777877807617188, "evaluations": 0, "cost": 2147483648, "incumbent": []}
{"cpu_time": 0.9487771987915039, "total_cpu_time": null, "wallclock_time": 0.9995517730712891, "evaluations": 1, "cost": 9.602235151221638, "incumbent": []}
