{"cpu_time": 0, "total_cpu_time": null, "wallclock_time": 0.0001304149627685547, "evaluations": 0, "cost": 2147483648, "incumbent": ["isomap_n_components='2'", "isomap_n_neighbors='5'", "rf_max_features='0.5'", "rf_n_estimators='10'"]}
{"cpu_time": 2.0964014530181885, "total_cpu_time": null, "wallclock_time": 2.149291753768921, "evaluations": 1, "cost": 4.528028369564079, "incumbent": ["isomap_n_components='2'", "isomap_n_neighbors='5'", "rf_max_features='0.5'", "rf_n_estimators='10'"]}
{"cpu_time": 6.920187950134277, "total_cpu_time": null, "wallclock_time": 7.0917088985443115, "evaluations": 2, "cost": 1.63215005174, "incumbent": ["isomap_n_components='2'", "isomap_n_neighbors='7'", "rf_max_features='0.7705914184339647'", "rf_n_estimators='220'"]}
{"cpu_time": 10.186214208602905, "total_cpu_time": null, "wallclock_time": 10.42504596710205, "evaluations": 3, "cost": 1.329050038545671, "incumbent": ["isomap_n_components='4'", "isomap_n_neighbors='5'", "rf_max_features='0.42825496760388254'", "rf_n_estimators='109'"]}
{"cpu_time": 43.33623766899109, "total_cpu_time": null, "wallclock_time": 44.85520696640015, "evaluations": 13, "cost": 1.181834640939847, "incumbent": ["isomap_n_components='3'", "isomap_n_neighbors='7'", "rf_max_features='0.7104527509265792'", "rf_n_estimators='105'"]}
{"cpu_time": 69.03005385398865, "total_cpu_time": null, "wallclock_time": 71.59530544281006, "evaluations": 21, "cost": 0.9520231942166894, "incumbent": ["isomap_n_components='4'", "isomap_n_neighbors='6'", "rf_max_features='0.3908563055255074'", "rf_n_estimators='252'"]}
{"cpu_time": 118.02571249008179, "total_cpu_time": null, "wallclock_time": 123.2432188987732, "evaluations": 37, "cost": 0.9388160208794076, "incumbent": ["isomap_n_components='4'", "isomap_n_neighbors='7'", "rf_max_features='0.46859709749464196'", "rf_n_estimators='281'"]}
{"cpu_time": 384.32169365882874, "total_cpu_time": null, "wallclock_time": 402.55067229270935, "evaluations": 138, "cost": 0.9356369329310178, "incumbent": ["isomap_n_components='4'", "isomap_n_neighbors='7'", "rf_max_features='0.30821956572830994'", "rf_n_estimators='278'"]}
{"cpu_time": 542.8173985481262, "total_cpu_time": null, "wallclock_time": 568.9116327762604, "evaluations": 214, "cost": 0.935608270449317, "incumbent": ["isomap_n_components='4'", "isomap_n_neighbors='7'", "rf_max_features='0.3794461373048104'", "rf_n_estimators='214'"]}
{"cpu_time": 572.5714571475983, "total_cpu_time": null, "wallclock_time": 600.0747351646423, "evaluations": 232, "cost": 0.9353981787399204, "incumbent": ["isomap_n_components='4'", "isomap_n_neighbors='7'", "rf_max_features='0.4352785669315353'", "rf_n_estimators='270'"]}
{"cpu_time": 612.4357175827026, "total_cpu_time": null, "wallclock_time": 642.1896352767944, "evaluations": 260, "cost": 0.9350139833258021, "incumbent": ["isomap_n_components='4'", "isomap_n_neighbors='7'", "rf_max_features='0.31356977228235566'", "rf_n_estimators='262'"]}
{"cpu_time": 644.4026935100555, "total_cpu_time": null, "wallclock_time": 676.1036067008972, "evaluations": 284, "cost": 0.9307967419029878, "incumbent": ["isomap_n_components='4'", "isomap_n_neighbors='7'", "rf_max_features='0.30821956572830994'", "rf_n_estimators='233'"]}
