{"cpu_time": 0, "total_cpu_time": null, "wallclock_time": 0.00014090538024902344, "evaluations": 0, "cost": 2147483648, "incumbent": ["haralick_distance='1'", "pca_whiten=''true''", "rf_max_features='0.5'", "rf_n_estimators='10'"]}
{"cpu_time": 121.3967707157135, "total_cpu_time": null, "wallclock_time": 121.4578595161438, "evaluations": 1, "cost": 3.009001817625531, "incumbent": ["haralick_distance='1'", "pca_whiten=''true''", "rf_max_features='0.5'", "rf_n_estimators='10'"]}
{"cpu_time": 253.3541157245636, "total_cpu_time": null, "wallclock_time": 253.58067750930786, "evaluations": 2, "cost": 1.3446970393470241, "incumbent": ["haralick_distance='1'", "pca_whiten=''true''", "rf_max_features='0.5914675755540864'", "rf_n_estimators='259'"]}
{"cpu_time": 372.6392254829407, "total_cpu_time": null, "wallclock_time": 372.91003942489624, "evaluations": 3, "cost": 1.104582642276866, "incumbent": ["haralick_distance='2'", "pca_whiten=''true''", "rf_max_features='0.49829813910866494'", "rf_n_estimators='39'"]}
{"cpu_time": 492.4709634780884, "total_cpu_time": null, "wallclock_time": 492.9008550643921, "evaluations": 4, "cost": 0.7736783454869549, "incumbent": ["haralick_distance='2'", "pca_whiten=''false''", "rf_max_features='0.7749277535405971'", "rf_n_estimators='140'"]}
{"cpu_time": 631.9799377918243, "total_cpu_time": null, "wallclock_time": 632.4853761196136, "evaluations": 5, "cost": 0.7721736008907468, "incumbent": ["haralick_distance='2'", "pca_whiten=''true''", "rf_max_features='0.36113899979178665'", "rf_n_estimators='248'"]}
{"cpu_time": 754.3333911895752, "total_cpu_time": null, "wallclock_time": 754.9725465774536, "evaluations": 6, "cost": 0.574713532016585, "incumbent": ["haralick_distance='3'", "pca_whiten=''true''", "rf_max_features='0.5831730167358328'", "rf_n_estimators='256'"]}
{"cpu_time": 2248.661637544632, "total_cpu_time": null, "wallclock_time": 2251.138106107712, "evaluations": 25, "cost": 0.5255194729464217, "incumbent": ["haralick_distance='3'", "pca_whiten=''true''", "rf_max_features='0.7238864987193799'", "rf_n_estimators='299'"]}
{"cpu_time": 2694.0133571624756, "total_cpu_time": null, "wallclock_time": 2696.9923207759857, "evaluations": 31, "cost": 0.46030839763604564, "incumbent": ["haralick_distance='3'", "pca_whiten=''true''", "rf_max_features='0.33816921928226995'", "rf_n_estimators='276'"]}
{"cpu_time": 4456.763042449951, "total_cpu_time": null, "wallclock_time": 4462.082857847214, "evaluations": 54, "cost": 0.45921892984931406, "incumbent": ["haralick_distance='3'", "pca_whiten=''true''", "rf_max_features='0.6524710990889182'", "rf_n_estimators='278'"]}
{"cpu_time": 7046.04762172699, "total_cpu_time": null, "wallclock_time": 7054.707327127457, "evaluations": 88, "cost": 0.458561527176167, "incumbent": ["haralick_distance='3'", "pca_whiten=''false''", "rf_max_features='0.38451205058431404'", "rf_n_estimators='291'"]}
