{"cpu_time": 0, "total_cpu_time": null, "wallclock_time": 0.00011372566223144531, "evaluations": 0, "cost": 2147483648, "incumbent": ["pca_whiten=''true''"]}
{"cpu_time": 5.0094218254089355, "total_cpu_time": null, "wallclock_time": 5.303963661193848, "evaluations": 1, "cost": 13.189454582821119, "incumbent": ["pca_whiten=''true''"]}
