{"cpu_time": 0, "total_cpu_time": null, "wallclock_time": 0.00012683868408203125, "evaluations": 0, "cost": 2147483648, "incumbent": ["pca_whiten=''true''", "rf_max_features='0.5'", "rf_n_estimators='10'"]}
{"cpu_time": 0.37068700790405273, "total_cpu_time": null, "wallclock_time": 0.4059290885925293, "evaluations": 1, "cost": 1.9295268767442912, "incumbent": ["pca_whiten=''true''", "rf_max_features='0.5'", "rf_n_estimators='10'"]}
{"cpu_time": 3.436553716659546, "total_cpu_time": null, "wallclock_time": 3.5999929904937744, "evaluations": 2, "cost": 0.44505102863174867, "incumbent": ["pca_whiten=''true''", "rf_max_features='0.6263875900678313'", "rf_n_estimators='178'"]}
{"cpu_time": 6.43760871887207, "total_cpu_time": null, "wallclock_time": 6.643971681594849, "evaluations": 3, "cost": 0.43320618919784853, "incumbent": ["pca_whiten=''false''", "rf_max_features='0.3021465708060675'", "rf_n_estimators='203'"]}
{"cpu_time": 9.39725375175476, "total_cpu_time": null, "wallclock_time": 9.748015642166138, "evaluations": 4, "cost": 0.42888349582904733, "incumbent": ["pca_whiten=''true''", "rf_max_features='0.30586418148323496'", "rf_n_estimators='221'"]}
{"cpu_time": 17.217485904693604, "total_cpu_time": null, "wallclock_time": 17.849388360977173, "evaluations": 6, "cost": 0.4284930465784702, "incumbent": ["pca_whiten=''true''", "rf_max_features='0.6483339395381182'", "rf_n_estimators='285'"]}
{"cpu_time": 21.38064980506897, "total_cpu_time": null, "wallclock_time": 22.05008864402771, "evaluations": 7, "cost": 0.4190297528807784, "incumbent": ["pca_whiten=''false''", "rf_max_features='0.5169655679501186'", "rf_n_estimators='270'"]}
{"cpu_time": 26.59583282470703, "total_cpu_time": null, "wallclock_time": 27.62423324584961, "evaluations": 10, "cost": 0.4073009911972804, "incumbent": ["pca_whiten=''false''", "rf_max_features='0.5005156676459398'", "rf_n_estimators='84'"]}
{"cpu_time": 93.86739611625671, "total_cpu_time": null, "wallclock_time": 98.76210379600525, "evaluations": 52, "cost": 0.4055878052548582, "incumbent": ["pca_whiten=''false''", "rf_max_features='0.6225942571097871'", "rf_n_estimators='224'"]}
{"cpu_time": 101.1518669128418, "total_cpu_time": null, "wallclock_time": 106.45583844184875, "evaluations": 60, "cost": 0.3692306496656042, "incumbent": ["pca_whiten=''true''", "rf_max_features='0.5891010424559964'", "rf_n_estimators='19'"]}
