{"cpu_time": 0, "total_cpu_time": null, "wallclock_time": 7.224082946777344e-05, "evaluations": 0, "cost": 2147483648, "incumbent": ["rf_max_features='0.5'", "rf_n_estimators='81'"]}
{"cpu_time": 10.667580604553223, "total_cpu_time": null, "wallclock_time": 10.701239585876465, "evaluations": 1, "cost": 0.5501349775833965, "incumbent": ["rf_max_features='0.5'", "rf_n_estimators='81'"]}
{"cpu_time": 24.842427730560303, "total_cpu_time": null, "wallclock_time": 24.939011335372925, "evaluations": 3, "cost": 0.5450191562396528, "incumbent": ["rf_max_features='0.5'", "rf_n_estimators='154'"]}
{"cpu_time": 52.42537879943848, "total_cpu_time": null, "wallclock_time": 52.58162498474121, "evaluations": 4, "cost": 0.5436971755567429, "incumbent": ["rf_max_features='0.7'", "rf_n_estimators='227'"]}
{"cpu_time": 139.1975622177124, "total_cpu_time": null, "wallclock_time": 139.506432056427, "evaluations": 9, "cost": 0.5415088835012679, "incumbent": ["rf_max_features='0.3'", "rf_n_estimators='154'"]}
