{"cpu_time": 0, "total_cpu_time": null, "wallclock_time": 0.0005323886871337891, "evaluations": 0, "cost": 2147483648, "incumbent": ["pca_whiten=''true''"]}
{"cpu_time": 5.0539844036102295, "total_cpu_time": null, "wallclock_time": 5.221468210220337, "evaluations": 1, "cost": 13.189454582821119, "incumbent": ["pca_whiten=''true''"]}
