{"cpu_time": 0, "total_cpu_time": null, "wallclock_time": 0.0001366138458251953, "evaluations": 0, "cost": 2147483648, "incumbent": ["haralick_distance='1'", "pca_whiten=''true''", "svm_C='1.0'", "svm_gamma='1.0'"]}
{"cpu_time": 47.63686728477478, "total_cpu_time": null, "wallclock_time": 47.654590368270874, "evaluations": 1, "cost": 0.920980506300503, "incumbent": ["haralick_distance='1'", "pca_whiten=''true''", "svm_C='1.0'", "svm_gamma='1.0'"]}
{"cpu_time": 145.34471535682678, "total_cpu_time": null, "wallclock_time": 145.4380784034729, "evaluations": 3, "cost": 0.7975210470681616, "incumbent": ["haralick_distance='2'", "pca_whiten=''true''", "svm_C='39.719968193911264'", "svm_gamma='0.8615789437416754'"]}
{"cpu_time": 667.3980667591095, "total_cpu_time": null, "wallclock_time": 667.9788429737091, "evaluations": 14, "cost": 0.773271853625651, "incumbent": ["haralick_distance='2'", "pca_whiten=''true''", "svm_C='63.348137061638326'", "svm_gamma='0.14837670746229692'"]}
{"cpu_time": 757.8774914741516, "total_cpu_time": null, "wallclock_time": 758.5363028049469, "evaluations": 16, "cost": 0.7462189721859036, "incumbent": ["haralick_distance='3'", "pca_whiten=''true''", "svm_C='8.066509633641726'", "svm_gamma='0.4627448917623896'"]}
{"cpu_time": 2637.4473583698273, "total_cpu_time": null, "wallclock_time": 2639.8309836387634, "evaluations": 58, "cost": 0.7458698240769169, "incumbent": ["haralick_distance='3'", "pca_whiten=''true''", "svm_C='89.23542883868417'", "svm_gamma='0.27664962321662456'"]}
