{"cpu_time": 0, "total_cpu_time": null, "wallclock_time": 0.00011968612670898438, "evaluations": 0, "cost": 2147483648, "incumbent": ["isomap_n_components='2'", "isomap_n_neighbors='5'", "rf_max_features='0.5'", "rf_n_estimators='10'"]}
{"cpu_time": 0.5723388195037842, "total_cpu_time": null, "wallclock_time": 0.588280200958252, "evaluations": 1, "cost": 4.983840144048073, "incumbent": ["isomap_n_components='2'", "isomap_n_neighbors='5'", "rf_max_features='0.5'", "rf_n_estimators='10'"]}
{"cpu_time": 1.8744313716888428, "total_cpu_time": null, "wallclock_time": 1.934584379196167, "evaluations": 2, "cost": 1.2159121982144372, "incumbent": ["isomap_n_components='2'", "isomap_n_neighbors='7'", "rf_max_features='0.7705914184339647'", "rf_n_estimators='220'"]}
{"cpu_time": 11.53074860572815, "total_cpu_time": null, "wallclock_time": 12.005487203598022, "evaluations": 13, "cost": 1.1761237687101054, "incumbent": ["isomap_n_components='3'", "isomap_n_neighbors='7'", "rf_max_features='0.7104527509265792'", "rf_n_estimators='105'"]}
{"cpu_time": 14.321468114852905, "total_cpu_time": null, "wallclock_time": 14.95072054862976, "evaluations": 16, "cost": 1.0739329768766221, "incumbent": ["isomap_n_components='4'", "isomap_n_neighbors='7'", "rf_max_features='0.7591626774204424'", "rf_n_estimators='94'"]}
{"cpu_time": 16.114729404449463, "total_cpu_time": null, "wallclock_time": 16.81951403617859, "evaluations": 18, "cost": 1.0379460098542572, "incumbent": ["isomap_n_components='4'", "isomap_n_neighbors='7'", "rf_max_features='0.4740198685521403'", "rf_n_estimators='93'"]}
{"cpu_time": 21.34516191482544, "total_cpu_time": null, "wallclock_time": 22.240918159484863, "evaluations": 23, "cost": 0.9674166939694905, "incumbent": ["isomap_n_components='4'", "isomap_n_neighbors='7'", "rf_max_features='0.6343316352444657'", "rf_n_estimators='296'"]}
{"cpu_time": 31.585626125335693, "total_cpu_time": null, "wallclock_time": 33.0365686416626, "evaluations": 34, "cost": 0.9634844237788244, "incumbent": ["isomap_n_components='4'", "isomap_n_neighbors='7'", "rf_max_features='0.5106151622360977'", "rf_n_estimators='189'"]}
{"cpu_time": 35.487767934799194, "total_cpu_time": null, "wallclock_time": 37.08431553840637, "evaluations": 37, "cost": 0.9377359870859246, "incumbent": ["isomap_n_components='4'", "isomap_n_neighbors='7'", "rf_max_features='0.46859709749464196'", "rf_n_estimators='281'"]}
