{"cpu_time": 0, "total_cpu_time": null, "wallclock_time": 0.00011920928955078125, "evaluations": 0, "cost": 2147483648, "incumbent": ["isomap_n_components='2'", "isomap_n_neighbors='5'", "rf_max_features='0.5'", "rf_n_estimators='10'"]}
{"cpu_time": 0.6690013408660889, "total_cpu_time": null, "wallclock_time": 0.6870179176330566, "evaluations": 1, "cost": 5.635024008588444, "incumbent": ["isomap_n_components='2'", "isomap_n_neighbors='5'", "rf_max_features='0.5'", "rf_n_estimators='10'"]}
{"cpu_time": 2.0925700664520264, "total_cpu_time": null, "wallclock_time": 2.1659095287323, "evaluations": 2, "cost": 2.0875350877328747, "incumbent": ["isomap_n_components='2'", "isomap_n_neighbors='7'", "rf_max_features='0.7705914184339647'", "rf_n_estimators='220'"]}
{"cpu_time": 2.949007749557495, "total_cpu_time": null, "wallclock_time": 3.041316509246826, "evaluations": 3, "cost": 1.9080379707315078, "incumbent": ["isomap_n_components='4'", "isomap_n_neighbors='5'", "rf_max_features='0.42825496760388254'", "rf_n_estimators='109'"]}
{"cpu_time": 9.409122943878174, "total_cpu_time": null, "wallclock_time": 9.819111108779907, "evaluations": 10, "cost": 1.8466167793850674, "incumbent": ["isomap_n_components='3'", "isomap_n_neighbors='5'", "rf_max_features='0.5183552375890672'", "rf_n_estimators='108'"]}
{"cpu_time": 10.81454849243164, "total_cpu_time": null, "wallclock_time": 11.242738962173462, "evaluations": 11, "cost": 1.7954116420623514, "incumbent": ["isomap_n_components='4'", "isomap_n_neighbors='5'", "rf_max_features='0.7526640253456993'", "rf_n_estimators='139'"]}
{"cpu_time": 17.036609411239624, "total_cpu_time": null, "wallclock_time": 17.79418635368347, "evaluations": 17, "cost": 1.7253376250819061, "incumbent": ["isomap_n_components='2'", "isomap_n_neighbors='5'", "rf_max_features='0.6716910931771886'", "rf_n_estimators='143'"]}
{"cpu_time": 22.168301105499268, "total_cpu_time": null, "wallclock_time": 23.09872531890869, "evaluations": 21, "cost": 1.3723263209583685, "incumbent": ["isomap_n_components='4'", "isomap_n_neighbors='6'", "rf_max_features='0.3908563055255074'", "rf_n_estimators='252'"]}
