{"cpu_time": 0, "total_cpu_time": null, "wallclock_time": 0.00024056434631347656, "evaluations": 0, "cost": 2147483648, "incumbent": ["haralick_distance='1'", "pca_whiten=''true''", "svm_C='1.0'", "svm_gamma='1.0'"]}
{"cpu_time": 37.52095413208008, "total_cpu_time": null, "wallclock_time": 37.544893741607666, "evaluations": 1, "cost": 0.9472529700133183, "incumbent": ["haralick_distance='1'", "pca_whiten=''true''", "svm_C='1.0'", "svm_gamma='1.0'"]}
{"cpu_time": 75.21578741073608, "total_cpu_time": null, "wallclock_time": 75.30726766586304, "evaluations": 2, "cost": 0.9466285974305783, "incumbent": ["haralick_distance='1'", "pca_whiten=''true''", "svm_C='58.33522159570645'", "svm_gamma='6.857609839424436'"]}
{"cpu_time": 113.54052686691284, "total_cpu_time": null, "wallclock_time": 113.65747714042664, "evaluations": 3, "cost": 0.8003427096923966, "incumbent": ["haralick_distance='2'", "pca_whiten=''true''", "svm_C='39.719968193911264'", "svm_gamma='0.8615789437416754'"]}
{"cpu_time": 531.4122929573059, "total_cpu_time": null, "wallclock_time": 532.2138576507568, "evaluations": 14, "cost": 0.7949375241232678, "incumbent": ["haralick_distance='3'", "pca_whiten=''true''", "svm_C='37.694357510091514'", "svm_gamma='0.80733444931765'"]}
{"cpu_time": 759.3767185211182, "total_cpu_time": null, "wallclock_time": 760.5210340023041, "evaluations": 20, "cost": 0.7908147548212355, "incumbent": ["haralick_distance='3'", "pca_whiten=''true''", "svm_C='51.21977012344922'", "svm_gamma='0.9376582247413383'"]}
{"cpu_time": 2135.7620153427124, "total_cpu_time": null, "wallclock_time": 2139.077836751938, "evaluations": 56, "cost": 0.7894520385366842, "incumbent": ["haralick_distance='3'", "pca_whiten=''true''", "svm_C='21.356477586720956'", "svm_gamma='1.7233463452055204'"]}
