{"cpu_time": 0, "total_cpu_time": null, "wallclock_time": 0.0001373291015625, "evaluations": 0, "cost": 2147483648, "incumbent": ["haralick_distance='1'", "pca_whiten=''true''", "svm_C='1.0'", "svm_gamma='1.0'"]}
{"cpu_time": 18.254631519317627, "total_cpu_time": null, "wallclock_time": 18.296512126922607, "evaluations": 1, "cost": 0.4535834695249004, "incumbent": ["haralick_distance='1'", "pca_whiten=''true''", "svm_C='1.0'", "svm_gamma='1.0'"]}
{"cpu_time": 260.3108916282654, "total_cpu_time": null, "wallclock_time": 261.1671738624573, "evaluations": 19, "cost": 0.44889639308774604, "incumbent": ["haralick_distance='1'", "pca_whiten=''false''", "svm_C='58.69127924476219'", "svm_gamma='2.8874134165223175'"]}
{"cpu_time": 437.79017448425293, "total_cpu_time": null, "wallclock_time": 439.3476126194, "evaluations": 35, "cost": 0.44477252918368854, "incumbent": ["haralick_distance='1'", "pca_whiten=''false''", "svm_C='23.82098608681257'", "svm_gamma='3.0017574087762253'"]}
{"cpu_time": 1140.5429451465607, "total_cpu_time": null, "wallclock_time": 1145.1104867458344, "evaluations": 99, "cost": 0.44417977528384595, "incumbent": ["haralick_distance='2'", "pca_whiten=''false''", "svm_C='59.827867214323945'", "svm_gamma='7.189972791834024'"]}
{"cpu_time": 1574.8025827407837, "total_cpu_time": null, "wallclock_time": 1581.2753376960754, "evaluations": 138, "cost": 0.4415408703097537, "incumbent": ["haralick_distance='2'", "pca_whiten=''true''", "svm_C='65.73973486872941'", "svm_gamma='6.282659959957321'"]}
{"cpu_time": 1954.242718219757, "total_cpu_time": null, "wallclock_time": 1962.4579136371613, "evaluations": 176, "cost": 0.43792148509123435, "incumbent": ["haralick_distance='2'", "pca_whiten=''true''", "svm_C='71.77697617881293'", "svm_gamma='7.462087890488369'"]}
