{"cpu_time": 0, "total_cpu_time": null, "wallclock_time": 0.00014495849609375, "evaluations": 0, "cost": 2147483648, "incumbent": ["isomap_n_components='2'", "isomap_n_neighbors='5'", "rf_max_features='0.5'", "rf_n_estimators='10'"]}
{"cpu_time": 3.1455070972442627, "total_cpu_time": null, "wallclock_time": 3.217388868331909, "evaluations": 1, "cost": 1.0873531734793251, "incumbent": ["isomap_n_components='2'", "isomap_n_neighbors='5'", "rf_max_features='0.5'", "rf_n_estimators='10'"]}
{"cpu_time": 8.843099355697632, "total_cpu_time": null, "wallclock_time": 9.148939371109009, "evaluations": 2, "cost": 0.8950389235929154, "incumbent": ["isomap_n_components='2'", "isomap_n_neighbors='7'", "rf_max_features='0.7705914184339647'", "rf_n_estimators='220'"]}
{"cpu_time": 13.317779302597046, "total_cpu_time": null, "wallclock_time": 13.67693305015564, "evaluations": 3, "cost": 0.7898381108712407, "incumbent": ["isomap_n_components='4'", "isomap_n_neighbors='5'", "rf_max_features='0.42825496760388254'", "rf_n_estimators='109'"]}
{"cpu_time": 18.152695417404175, "total_cpu_time": null, "wallclock_time": 18.799896955490112, "evaluations": 4, "cost": 0.7573118750609186, "incumbent": ["isomap_n_components='3'", "isomap_n_neighbors='3'", "rf_max_features='0.5379007026068363'", "rf_n_estimators='167'"]}
{"cpu_time": 35.48064208030701, "total_cpu_time": null, "wallclock_time": 36.68155264854431, "evaluations": 8, "cost": 0.7171587041301318, "incumbent": ["isomap_n_components='3'", "isomap_n_neighbors='7'", "rf_max_features='0.44181267406188407'", "rf_n_estimators='233'"]}
{"cpu_time": 98.56127953529358, "total_cpu_time": null, "wallclock_time": 102.33944177627563, "evaluations": 22, "cost": 0.712283876825733, "incumbent": ["isomap_n_components='3'", "isomap_n_neighbors='5'", "rf_max_features='0.5379007026068363'", "rf_n_estimators='167'"]}
{"cpu_time": 144.57677292823792, "total_cpu_time": null, "wallclock_time": 150.78660655021667, "evaluations": 32, "cost": 0.6431009163065641, "incumbent": ["isomap_n_components='4'", "isomap_n_neighbors='7'", "rf_max_features='0.48651173064028347'", "rf_n_estimators='146'"]}
{"cpu_time": 341.13272309303284, "total_cpu_time": null, "wallclock_time": 356.92096853256226, "evaluations": 78, "cost": 0.6335455016634305, "incumbent": ["isomap_n_components='4'", "isomap_n_neighbors='7'", "rf_max_features='0.3269243699668236'", "rf_n_estimators='155'"]}
