{"cpu_time": 0, "total_cpu_time": null, "wallclock_time": 0.00014543533325195312, "evaluations": 0, "cost": 2147483648, "incumbent": ["isomap_n_components='2'", "isomap_n_neighbors='5'", "rf_max_features='0.5'", "rf_n_estimators='10'"]}
{"cpu_time": 0.16876220703125, "total_cpu_time": null, "wallclock_time": 0.22002482414245605, "evaluations": 1, "cost": 1.4113890812316747, "incumbent": ["isomap_n_components='2'", "isomap_n_neighbors='5'", "rf_max_features='0.5'", "rf_n_estimators='10'"]}
{"cpu_time": 1.9585161209106445, "total_cpu_time": null, "wallclock_time": 2.103389263153076, "evaluations": 2, "cost": 0.9362600441075136, "incumbent": ["isomap_n_components='2'", "isomap_n_neighbors='7'", "rf_max_features='0.7705914184339647'", "rf_n_estimators='220'"]}
{"cpu_time": 2.8777389526367188, "total_cpu_time": null, "wallclock_time": 3.0549046993255615, "evaluations": 3, "cost": 0.4678941136734342, "incumbent": ["isomap_n_components='4'", "isomap_n_neighbors='5'", "rf_max_features='0.42825496760388254'", "rf_n_estimators='109'"]}
{"cpu_time": 9.278471946716309, "total_cpu_time": null, "wallclock_time": 9.838671207427979, "evaluations": 8, "cost": 0.4626903342602306, "incumbent": ["isomap_n_components='3'", "isomap_n_neighbors='7'", "rf_max_features='0.44181267406188407'", "rf_n_estimators='233'"]}
{"cpu_time": 19.182559728622437, "total_cpu_time": null, "wallclock_time": 20.60404872894287, "evaluations": 20, "cost": 0.44990062732513286, "incumbent": ["isomap_n_components='4'", "isomap_n_neighbors='6'", "rf_max_features='0.4337291705110136'", "rf_n_estimators='19'"]}
{"cpu_time": 20.8581600189209, "total_cpu_time": null, "wallclock_time": 22.30271291732788, "evaluations": 21, "cost": 0.4317138798029993, "incumbent": ["isomap_n_components='4'", "isomap_n_neighbors='6'", "rf_max_features='0.3908563055255074'", "rf_n_estimators='252'"]}
{"cpu_time": 36.3178346157074, "total_cpu_time": null, "wallclock_time": 39.35508131980896, "evaluations": 36, "cost": 0.424291291354801, "incumbent": ["isomap_n_components='4'", "isomap_n_neighbors='7'", "rf_max_features='0.4962676012695882'", "rf_n_estimators='88'"]}
{"cpu_time": 74.5538079738617, "total_cpu_time": null, "wallclock_time": 81.19791579246521, "evaluations": 80, "cost": 0.4223327451156404, "incumbent": ["isomap_n_components='4'", "isomap_n_neighbors='7'", "rf_max_features='0.30196624616899986'", "rf_n_estimators='112'"]}
{"cpu_time": 76.01500225067139, "total_cpu_time": null, "wallclock_time": 82.83678889274597, "evaluations": 82, "cost": 0.4184543049280776, "incumbent": ["isomap_n_components='4'", "isomap_n_neighbors='7'", "rf_max_features='0.4337291705110136'", "rf_n_estimators='31'"]}
