{"cpu_time": 0, "total_cpu_time": null, "wallclock_time": 0.00011014938354492188, "evaluations": 0, "cost": 2147483648, "incumbent": ["isomap_n_components='2'", "isomap_n_neighbors='5'", "rf_max_features='0.5'", "rf_n_estimators='10'"]}
{"cpu_time": 0.3684048652648926, "total_cpu_time": null, "wallclock_time": 0.38323163986206055, "evaluations": 1, "cost": 6.473451738634613, "incumbent": ["isomap_n_components='2'", "isomap_n_neighbors='5'", "rf_max_features='0.5'", "rf_n_estimators='10'"]}
{"cpu_time": 1.4763154983520508, "total_cpu_time": null, "wallclock_time": 1.5308337211608887, "evaluations": 2, "cost": 3.2539563637958895, "incumbent": ["isomap_n_components='2'", "isomap_n_neighbors='7'", "rf_max_features='0.7705914184339647'", "rf_n_estimators='220'"]}
{"cpu_time": 2.1908938884735107, "total_cpu_time": null, "wallclock_time": 2.260315179824829, "evaluations": 3, "cost": 1.9932791916530366, "incumbent": ["isomap_n_components='4'", "isomap_n_neighbors='5'", "rf_max_features='0.42825496760388254'", "rf_n_estimators='109'"]}
{"cpu_time": 9.221254110336304, "total_cpu_time": null, "wallclock_time": 9.619685173034668, "evaluations": 12, "cost": 1.8805188230921175, "incumbent": ["isomap_n_components='4'", "isomap_n_neighbors='6'", "rf_max_features='0.3830430643064061'", "rf_n_estimators='112'"]}
{"cpu_time": 15.970501899719238, "total_cpu_time": null, "wallclock_time": 16.711204767227173, "evaluations": 21, "cost": 1.7852940455227218, "incumbent": ["isomap_n_components='4'", "isomap_n_neighbors='6'", "rf_max_features='0.3908563055255074'", "rf_n_estimators='252'"]}
{"cpu_time": 17.883106231689453, "total_cpu_time": null, "wallclock_time": 18.705567121505737, "evaluations": 23, "cost": 1.678374508112362, "incumbent": ["isomap_n_components='4'", "isomap_n_neighbors='7'", "rf_max_features='0.6343316352444657'", "rf_n_estimators='296'"]}
{"cpu_time": 27.92361831665039, "total_cpu_time": null, "wallclock_time": 29.342047214508057, "evaluations": 36, "cost": 1.675360466436188, "incumbent": ["isomap_n_components='4'", "isomap_n_neighbors='7'", "rf_max_features='0.46859709749464196'", "rf_n_estimators='281'"]}
{"cpu_time": 38.579755544662476, "total_cpu_time": null, "wallclock_time": 40.63502287864685, "evaluations": 50, "cost": 1.6715961058392812, "incumbent": ["isomap_n_components='4'", "isomap_n_neighbors='7'", "rf_max_features='0.40338502255212305'", "rf_n_estimators='204'"]}
{"cpu_time": 65.65629863739014, "total_cpu_time": null, "wallclock_time": 69.1187047958374, "evaluations": 82, "cost": 1.6675832352292088, "incumbent": ["isomap_n_components='4'", "isomap_n_neighbors='7'", "rf_max_features='0.42974092301316796'", "rf_n_estimators='193'"]}
{"cpu_time": 69.80122399330139, "total_cpu_time": null, "wallclock_time": 73.44159507751465, "evaluations": 86, "cost": 1.609963094753641, "incumbent": ["isomap_n_components='4'", "isomap_n_neighbors='7'", "rf_max_features='0.6714633672587463'", "rf_n_estimators='253'"]}
{"cpu_time": 84.97319102287292, "total_cpu_time": null, "wallclock_time": 89.51075649261475, "evaluations": 104, "cost": 1.4205726728432708, "incumbent": ["isomap_n_components='4'", "isomap_n_neighbors='7'", "rf_max_features='0.3116651777220572'", "rf_n_estimators='200'"]}
