{"cpu_time": 0, "total_cpu_time": null, "wallclock_time": 5.078315734863281e-05, "evaluations": 0, "cost": 2147483648, "incumbent": ["pca_whiten=''true''"]}
{"cpu_time": 0.9894828796386719, "total_cpu_time": null, "wallclock_time": 1.057434320449829, "evaluations": 1, "cost": 10.140974116487195, "incumbent": ["pca_whiten=''true''"]}
