{"cpu_time": 0, "total_cpu_time": null, "wallclock_time": 6.890296936035156e-05, "evaluations": 0, "cost": 2147483648, "incumbent": ["isomap_n_components='2'", "isomap_n_neighbors='5'"]}
{"cpu_time": 0.7089884281158447, "total_cpu_time": null, "wallclock_time": 0.7251501083374023, "evaluations": 1, "cost": 10.107968358434903, "incumbent": ["isomap_n_components='2'", "isomap_n_neighbors='5'"]}
{"cpu_time": 2.1859161853790283, "total_cpu_time": null, "wallclock_time": 2.2527167797088623, "evaluations": 3, "cost": 9.655986033464236, "incumbent": ["isomap_n_components='4'", "isomap_n_neighbors='7'"]}
{"cpu_time": 2.8971316814422607, "total_cpu_time": null, "wallclock_time": 3.002044439315796, "evaluations": 4, "cost": 9.352519258867284, "incumbent": ["isomap_n_components='3'", "isomap_n_neighbors='5'"]}
{"cpu_time": 6.995873689651489, "total_cpu_time": null, "wallclock_time": 7.288654327392578, "evaluations": 10, "cost": 8.974794709083474, "incumbent": ["isomap_n_components='3'", "isomap_n_neighbors='3'"]}
{"cpu_time": 8.383448600769043, "total_cpu_time": null, "wallclock_time": 8.776768684387207, "evaluations": 12, "cost": 8.89954683022746, "incumbent": ["isomap_n_components='2'", "isomap_n_neighbors='3'"]}
