{"cpu_time": 0, "total_cpu_time": null, "wallclock_time": 0.00011682510375976562, "evaluations": 0, "cost": 2147483648, "incumbent": ["pca_whiten=''true''", "rf_max_features='0.5'", "rf_n_estimators='10'"]}
{"cpu_time": 1.475212812423706, "total_cpu_time": null, "wallclock_time": 1.5080804824829102, "evaluations": 1, "cost": 1.6459411026181192, "incumbent": ["pca_whiten=''true''", "rf_max_features='0.5'", "rf_n_estimators='10'"]}
{"cpu_time": 3.3437745571136475, "total_cpu_time": null, "wallclock_time": 3.4112548828125, "evaluations": 2, "cost": 0.7141306600245398, "incumbent": ["pca_whiten=''true''", "rf_max_features='0.6263875900678313'", "rf_n_estimators='178'"]}
{"cpu_time": 5.846966028213501, "total_cpu_time": null, "wallclock_time": 5.93212890625, "evaluations": 3, "cost": 0.711287630840343, "incumbent": ["pca_whiten=''false''", "rf_max_features='0.3021465708060675'", "rf_n_estimators='203'"]}
{"cpu_time": 7.910867929458618, "total_cpu_time": null, "wallclock_time": 8.038147687911987, "evaluations": 4, "cost": 0.7105875005501826, "incumbent": ["pca_whiten=''true''", "rf_max_features='0.30586418148323496'", "rf_n_estimators='221'"]}
{"cpu_time": 12.629860877990723, "total_cpu_time": null, "wallclock_time": 12.817352294921875, "evaluations": 6, "cost": 0.710344270601567, "incumbent": ["pca_whiten=''true''", "rf_max_features='0.6483339395381182'", "rf_n_estimators='285'"]}
{"cpu_time": 15.189253807067871, "total_cpu_time": null, "wallclock_time": 15.395071029663086, "evaluations": 7, "cost": 0.7038490730627873, "incumbent": ["pca_whiten=''false''", "rf_max_features='0.5169655679501186'", "rf_n_estimators='270'"]}
{"cpu_time": 20.281488180160522, "total_cpu_time": null, "wallclock_time": 20.598177194595337, "evaluations": 10, "cost": 0.6961880858484716, "incumbent": ["pca_whiten=''false''", "rf_max_features='0.5005156676459398'", "rf_n_estimators='84'"]}
