{"cpu_time": 0, "total_cpu_time": null, "wallclock_time": 0.00011610984802246094, "evaluations": 0, "cost": 2147483648, "incumbent": ["pca_whiten=''true''", "rf_max_features='0.5'", "rf_n_estimators='10'"]}
{"cpu_time": 8.324274063110352, "total_cpu_time": null, "wallclock_time": 8.549028396606445, "evaluations": 1, "cost": 0.9002537656396497, "incumbent": ["pca_whiten=''true''", "rf_max_features='0.5'", "rf_n_estimators='10'"]}
{"cpu_time": 20.955135107040405, "total_cpu_time": null, "wallclock_time": 21.373552322387695, "evaluations": 2, "cost": 0.28378173699587655, "incumbent": ["pca_whiten=''true''", "rf_max_features='0.6263875900678313'", "rf_n_estimators='178'"]}
{"cpu_time": 32.02713966369629, "total_cpu_time": null, "wallclock_time": 32.488605260849, "evaluations": 3, "cost": 0.2773868675678518, "incumbent": ["pca_whiten=''false''", "rf_max_features='0.3021465708060675'", "rf_n_estimators='203'"]}
{"cpu_time": 121.51065683364868, "total_cpu_time": null, "wallclock_time": 123.31813621520996, "evaluations": 10, "cost": 0.2748940805549483, "incumbent": ["pca_whiten=''false''", "rf_max_features='0.3965149390185492'", "rf_n_estimators='123'"]}
{"cpu_time": 439.4231147766113, "total_cpu_time": null, "wallclock_time": 445.7590811252594, "evaluations": 42, "cost": 0.27385815727607826, "incumbent": ["pca_whiten=''true''", "rf_max_features='0.30628584316156976'", "rf_n_estimators='216'"]}
{"cpu_time": 497.30980038642883, "total_cpu_time": null, "wallclock_time": 504.93414330482483, "evaluations": 49, "cost": 0.27377712727866543, "incumbent": ["pca_whiten=''true''", "rf_max_features='0.3436665370411822'", "rf_n_estimators='215'"]}
