{"cpu_time": 0, "total_cpu_time": null, "wallclock_time": 6.341934204101562e-05, "evaluations": 0, "cost": 2147483648, "incumbent": ["haralick_distance='1'"]}
{"cpu_time": 100000.10074543953, "total_cpu_time": null, "wallclock_time": 100000.10328435898, "evaluations": 1, "cost": 2147483647.0, "incumbent": ["haralick_distance='1'"]}
