{"cpu_time": 0, "total_cpu_time": null, "wallclock_time": 0.00024175643920898438, "evaluations": 0, "cost": 2147483648, "incumbent": []}
{"cpu_time": 0.9615724086761475, "total_cpu_time": null, "wallclock_time": 1.0169339179992676, "evaluations": 1, "cost": 4.523783664383298, "incumbent": []}
