{"cpu_time": 0, "total_cpu_time": null, "wallclock_time": 0.0004642009735107422, "evaluations": 0, "cost": 2147483648, "incumbent": ["isomap_n_components='2'", "isomap_n_neighbors='5'", "svm_C='1.0'", "svm_gamma='1.0'"]}
{"cpu_time": 2.2572290897369385, "total_cpu_time": null, "wallclock_time": 2.360426902770996, "evaluations": 1, "cost": 0.9490210652728353, "incumbent": ["isomap_n_components='2'", "isomap_n_neighbors='5'", "svm_C='1.0'", "svm_gamma='1.0'"]}
{"cpu_time": 51.65348672866821, "total_cpu_time": null, "wallclock_time": 55.030203342437744, "evaluations": 24, "cost": 0.948378325721586, "incumbent": ["isomap_n_components='3'", "isomap_n_neighbors='4'", "svm_C='2.775935320445557'", "svm_gamma='0.19405303385075012'"]}
{"cpu_time": 63.028945446014404, "total_cpu_time": null, "wallclock_time": 67.37018060684204, "evaluations": 30, "cost": 0.9449820706875739, "incumbent": ["isomap_n_components='4'", "isomap_n_neighbors='3'", "svm_C='46.11648383825634'", "svm_gamma='0.3409103323580983'"]}
{"cpu_time": 67.00597143173218, "total_cpu_time": null, "wallclock_time": 71.56179666519165, "evaluations": 32, "cost": 0.9289446744972091, "incumbent": ["isomap_n_components='3'", "isomap_n_neighbors='4'", "svm_C='77.12239007481014'", "svm_gamma='0.14901032884382978'"]}
{"cpu_time": 75.56076097488403, "total_cpu_time": null, "wallclock_time": 80.70277500152588, "evaluations": 36, "cost": 0.9265473208934824, "incumbent": ["isomap_n_components='3'", "isomap_n_neighbors='4'", "svm_C='90.70694941192613'", "svm_gamma='0.15793718019372419'"]}
{"cpu_time": 137.81891298294067, "total_cpu_time": null, "wallclock_time": 147.63100004196167, "evaluations": 66, "cost": 0.9172061121134113, "incumbent": ["isomap_n_components='4'", "isomap_n_neighbors='3'", "svm_C='41.68363402589638'", "svm_gamma='0.10586868498237244'"]}
{"cpu_time": 186.2108497619629, "total_cpu_time": null, "wallclock_time": 199.62380027770996, "evaluations": 98, "cost": 0.9117640313588501, "incumbent": ["isomap_n_components='4'", "isomap_n_neighbors='3'", "svm_C='13.2527648744164'", "svm_gamma='0.10586868498237244'"]}
{"cpu_time": 282.5068783760071, "total_cpu_time": null, "wallclock_time": 303.90755891799927, "evaluations": 164, "cost": 0.9088001885023925, "incumbent": ["isomap_n_components='4'", "isomap_n_neighbors='3'", "svm_C='12.875467144022954'", "svm_gamma='0.13743318813878685'"]}
