{"cpu_time": 0, "total_cpu_time": null, "wallclock_time": 8.96453857421875e-05, "evaluations": 0, "cost": 2147483648, "incumbent": ["pca_whiten=''true''", "svm_C='1.0'", "svm_gamma='1.0'"]}
{"cpu_time": 148.8722279071808, "total_cpu_time": null, "wallclock_time": 148.96477246284485, "evaluations": 1, "cost": 1.010954013514479, "incumbent": ["pca_whiten=''true''", "svm_C='1.0'", "svm_gamma='1.0'"]}
{"cpu_time": 160.21320796012878, "total_cpu_time": null, "wallclock_time": 161.3590750694275, "evaluations": 28, "cost": 1.0026339652829501, "incumbent": ["pca_whiten=''false''", "svm_C='62.50814177672008'", "svm_gamma='0.028977341676197955'"]}
{"cpu_time": 164.76840925216675, "total_cpu_time": null, "wallclock_time": 166.30292296409607, "evaluations": 38, "cost": 1.001741316934455, "incumbent": ["pca_whiten=''false''", "svm_C='53.73916728653797'", "svm_gamma='0.03917360151637708'"]}
{"cpu_time": 177.00369811058044, "total_cpu_time": null, "wallclock_time": 179.73170137405396, "evaluations": 66, "cost": 0.9976625128813317, "incumbent": ["pca_whiten=''true''", "svm_C='94.88136170116235'", "svm_gamma='0.019474077347745984'"]}
