{"cpu_time": 0, "total_cpu_time": null, "wallclock_time": 0.00011587142944335938, "evaluations": 0, "cost": 2147483648, "incumbent": ["isomap_n_components='2'", "isomap_n_neighbors='5'", "svm_C='1.0'", "svm_gamma='1.0'"]}
{"cpu_time": 1.8348522186279297, "total_cpu_time": null, "wallclock_time": 1.8520121574401855, "evaluations": 1, "cost": 0.37223148530721056, "incumbent": ["isomap_n_components='2'", "isomap_n_neighbors='5'", "svm_C='1.0'", "svm_gamma='1.0'"]}
{"cpu_time": 11.104673862457275, "total_cpu_time": null, "wallclock_time": 11.360809564590454, "evaluations": 7, "cost": 0.37067745613660824, "incumbent": ["isomap_n_components='4'", "isomap_n_neighbors='3'", "svm_C='38.955212985979244'", "svm_gamma='2.443593951042488'"]}
{"cpu_time": 13.753876447677612, "total_cpu_time": null, "wallclock_time": 14.124558448791504, "evaluations": 9, "cost": 0.36916211305477464, "incumbent": ["isomap_n_components='3'", "isomap_n_neighbors='3'", "svm_C='18.112605923202754'", "svm_gamma='2.8833638525651795'"]}
{"cpu_time": 15.357430219650269, "total_cpu_time": null, "wallclock_time": 15.886902093887329, "evaluations": 10, "cost": 0.33988502794936415, "incumbent": ["isomap_n_components='3'", "isomap_n_neighbors='4'", "svm_C='7.7019636771111175'", "svm_gamma='2.8431152752227833'"]}
{"cpu_time": 53.50981307029724, "total_cpu_time": null, "wallclock_time": 55.672199964523315, "evaluations": 33, "cost": 0.33211555412923, "incumbent": ["isomap_n_components='3'", "isomap_n_neighbors='4'", "svm_C='2.097478616494258'", "svm_gamma='5.87356206890915'"]}
{"cpu_time": 118.86725854873657, "total_cpu_time": null, "wallclock_time": 124.45767331123352, "evaluations": 72, "cost": 0.32588786099316147, "incumbent": ["isomap_n_components='3'", "isomap_n_neighbors='4'", "svm_C='0.6852091681216335'", "svm_gamma='6.721561698730945'"]}
