{"cpu_time": 0, "total_cpu_time": null, "wallclock_time": 7.796287536621094e-05, "evaluations": 0, "cost": 2147483648, "incumbent": ["pca_whiten=''true''"]}
{"cpu_time": 1.8356456756591797, "total_cpu_time": null, "wallclock_time": 1.895063877105713, "evaluations": 1, "cost": 20.477721805137012, "incumbent": ["pca_whiten=''true''"]}
