{"cpu_time": 0, "total_cpu_time": null, "wallclock_time": 0.00013113021850585938, "evaluations": 0, "cost": 2147483648, "incumbent": ["isomap_n_components='2'", "isomap_n_neighbors='5'", "svm_C='1.0'", "svm_gamma='1.0'"]}
{"cpu_time": 3.298067569732666, "total_cpu_time": null, "wallclock_time": 3.316460132598877, "evaluations": 1, "cost": 0.18795098834144497, "incumbent": ["isomap_n_components='2'", "isomap_n_neighbors='5'", "svm_C='1.0'", "svm_gamma='1.0'"]}
{"cpu_time": 79.44310426712036, "total_cpu_time": null, "wallclock_time": 84.59207320213318, "evaluations": 24, "cost": 0.17907753739373744, "incumbent": ["isomap_n_components='4'", "isomap_n_neighbors='7'", "svm_C='0.42194964222332454'", "svm_gamma='0.885902373936549'"]}
{"cpu_time": 118.55422282218933, "total_cpu_time": null, "wallclock_time": 127.5111174583435, "evaluations": 36, "cost": 0.1777742094604262, "incumbent": ["isomap_n_components='4'", "isomap_n_neighbors='3'", "svm_C='2.2664549044864986'", "svm_gamma='0.980781992356866'"]}
{"cpu_time": 131.5930576324463, "total_cpu_time": null, "wallclock_time": 141.81136083602905, "evaluations": 40, "cost": 0.1625426217966489, "incumbent": ["isomap_n_components='4'", "isomap_n_neighbors='3'", "svm_C='14.554744358846131'", "svm_gamma='0.1318844020782152'"]}
{"cpu_time": 199.97834730148315, "total_cpu_time": null, "wallclock_time": 215.71923398971558, "evaluations": 60, "cost": 0.16110336149443397, "incumbent": ["isomap_n_components='4'", "isomap_n_neighbors='3'", "svm_C='41.68363402589638'", "svm_gamma='0.10586868498237244'"]}
{"cpu_time": 368.27320671081543, "total_cpu_time": null, "wallclock_time": 399.7258517742157, "evaluations": 115, "cost": 0.15699881141018163, "incumbent": ["isomap_n_components='4'", "isomap_n_neighbors='3'", "svm_C='10.803210332210423'", "svm_gamma='0.11247630917992943'"]}
