{"cpu_time": 0, "total_cpu_time": null, "wallclock_time": 0.0003104209899902344, "evaluations": 0, "cost": 2147483648, "incumbent": ["isomap_n_components='2'", "isomap_n_neighbors='5'", "rf_max_features='0.5'", "rf_n_estimators='10'"]}
{"cpu_time": 0.6977989673614502, "total_cpu_time": null, "wallclock_time": 0.7270634174346924, "evaluations": 1, "cost": 8.150646088091715, "incumbent": ["isomap_n_components='2'", "isomap_n_neighbors='5'", "rf_max_features='0.5'", "rf_n_estimators='10'"]}
{"cpu_time": 3.4666733741760254, "total_cpu_time": null, "wallclock_time": 3.576237440109253, "evaluations": 2, "cost": 3.0224612154692068, "incumbent": ["isomap_n_components='2'", "isomap_n_neighbors='7'", "rf_max_features='0.7705914184339647'", "rf_n_estimators='220'"]}
{"cpu_time": 5.126116991043091, "total_cpu_time": null, "wallclock_time": 5.265968084335327, "evaluations": 3, "cost": 1.1520139662141395, "incumbent": ["isomap_n_components='4'", "isomap_n_neighbors='5'", "rf_max_features='0.42825496760388254'", "rf_n_estimators='109'"]}
{"cpu_time": 13.01517629623413, "total_cpu_time": null, "wallclock_time": 13.4462251663208, "evaluations": 7, "cost": 1.1471709041496536, "incumbent": ["isomap_n_components='4'", "isomap_n_neighbors='3'", "rf_max_features='0.49447053546536157'", "rf_n_estimators='97'"]}
