{"cpu_time": 0, "total_cpu_time": null, "wallclock_time": 7.176399230957031e-05, "evaluations": 0, "cost": 2147483648, "incumbent": ["pca_whiten=''true''", "svm_C='0.1'", "svm_gamma='4.005'"]}
{"cpu_time": 1.8204898834228516, "total_cpu_time": null, "wallclock_time": 1.8950552940368652, "evaluations": 1, "cost": 1.0553606591239182, "incumbent": ["pca_whiten=''true''", "svm_C='0.1'", "svm_gamma='4.005'"]}
{"cpu_time": 2.8217451572418213, "total_cpu_time": null, "wallclock_time": 2.9617059230804443, "evaluations": 2, "cost": 1.0150142780748839, "incumbent": ["pca_whiten=''true''", "svm_C='100.0'", "svm_gamma='6.0024999999999995'"]}
{"cpu_time": 4.089360475540161, "total_cpu_time": null, "wallclock_time": 4.255396127700806, "evaluations": 3, "cost": 1.0089239183710952, "incumbent": ["pca_whiten=''true''", "svm_C='25.075000000000003'", "svm_gamma='4.005'"]}
{"cpu_time": 6.57793664932251, "total_cpu_time": null, "wallclock_time": 6.894270420074463, "evaluations": 5, "cost": 1.0011941818040528, "incumbent": ["pca_whiten=''false''", "svm_C='100.0'", "svm_gamma='2.0075'"]}
