{"cpu_time": 0, "total_cpu_time": null, "wallclock_time": 0.00016188621520996094, "evaluations": 0, "cost": 2147483648, "incumbent": ["isomap_n_components='2'", "isomap_n_neighbors='5'", "rf_max_features='0.5'", "rf_n_estimators='10'"]}
{"cpu_time": 3.689591407775879, "total_cpu_time": null, "wallclock_time": 3.710904836654663, "evaluations": 1, "cost": 2.047600927633717, "incumbent": ["isomap_n_components='2'", "isomap_n_neighbors='5'", "rf_max_features='0.5'", "rf_n_estimators='10'"]}
{"cpu_time": 10.569500207901001, "total_cpu_time": null, "wallclock_time": 10.745757341384888, "evaluations": 2, "cost": 0.8760320112180014, "incumbent": ["isomap_n_components='2'", "isomap_n_neighbors='7'", "rf_max_features='0.7705914184339647'", "rf_n_estimators='220'"]}
{"cpu_time": 16.14085078239441, "total_cpu_time": null, "wallclock_time": 16.38267707824707, "evaluations": 3, "cost": 0.7446518925188723, "incumbent": ["isomap_n_components='4'", "isomap_n_neighbors='5'", "rf_max_features='0.42825496760388254'", "rf_n_estimators='109'"]}
{"cpu_time": 91.47759938240051, "total_cpu_time": null, "wallclock_time": 94.01807594299316, "evaluations": 16, "cost": 0.5782813183629064, "incumbent": ["isomap_n_components='4'", "isomap_n_neighbors='6'", "rf_max_features='0.3833377102021316'", "rf_n_estimators='55'"]}
{"cpu_time": 120.57402729988098, "total_cpu_time": null, "wallclock_time": 123.81367254257202, "evaluations": 21, "cost": 0.5138091957082457, "incumbent": ["isomap_n_components='4'", "isomap_n_neighbors='6'", "rf_max_features='0.3908563055255074'", "rf_n_estimators='252'"]}
{"cpu_time": 134.57763695716858, "total_cpu_time": null, "wallclock_time": 138.2497010231018, "evaluations": 23, "cost": 0.4421922841891634, "incumbent": ["isomap_n_components='4'", "isomap_n_neighbors='7'", "rf_max_features='0.6343316352444657'", "rf_n_estimators='296'"]}
