{"cpu_time": 0, "total_cpu_time": null, "wallclock_time": 0.00010466575622558594, "evaluations": 0, "cost": 2147483648, "incumbent": ["isomap_n_components='2'", "isomap_n_neighbors='5'", "rf_max_features='0.5'", "rf_n_estimators='10'"]}
{"cpu_time": 0.4750404357910156, "total_cpu_time": null, "wallclock_time": 0.4912245273590088, "evaluations": 1, "cost": 6.76388709947884, "incumbent": ["isomap_n_components='2'", "isomap_n_neighbors='5'", "rf_max_features='0.5'", "rf_n_estimators='10'"]}
{"cpu_time": 1.6827738285064697, "total_cpu_time": null, "wallclock_time": 1.7439587116241455, "evaluations": 2, "cost": 2.9129610829054573, "incumbent": ["isomap_n_components='2'", "isomap_n_neighbors='7'", "rf_max_features='0.7705914184339647'", "rf_n_estimators='220'"]}
{"cpu_time": 2.507094383239746, "total_cpu_time": null, "wallclock_time": 2.5850977897644043, "evaluations": 3, "cost": 1.2711665842780806, "incumbent": ["isomap_n_components='4'", "isomap_n_neighbors='5'", "rf_max_features='0.42825496760388254'", "rf_n_estimators='109'"]}
{"cpu_time": 3.5035746097564697, "total_cpu_time": null, "wallclock_time": 3.635024070739746, "evaluations": 4, "cost": 1.2562057579824613, "incumbent": ["isomap_n_components='3'", "isomap_n_neighbors='3'", "rf_max_features='0.5379007026068363'", "rf_n_estimators='167'"]}
{"cpu_time": 6.186510324478149, "total_cpu_time": null, "wallclock_time": 6.40394139289856, "evaluations": 7, "cost": 1.0608666963957187, "incumbent": ["isomap_n_components='4'", "isomap_n_neighbors='3'", "rf_max_features='0.49447053546536157'", "rf_n_estimators='97'"]}
