{"cpu_time": 0, "total_cpu_time": null, "wallclock_time": 7.581710815429688e-05, "evaluations": 0, "cost": 2147483648, "incumbent": ["pca_whiten=''true''", "svm_C='0.1'", "svm_gamma='4.005'"]}
{"cpu_time": 2.682804822921753, "total_cpu_time": null, "wallclock_time": 2.6931068897247314, "evaluations": 1, "cost": 0.5276104078484231, "incumbent": ["pca_whiten=''true''", "svm_C='0.1'", "svm_gamma='4.005'"]}
{"cpu_time": 5.555394649505615, "total_cpu_time": null, "wallclock_time": 5.591654300689697, "evaluations": 2, "cost": 0.5186938710267754, "incumbent": ["pca_whiten=''true''", "svm_C='100.0'", "svm_gamma='6.0024999999999995'"]}
{"cpu_time": 8.311967611312866, "total_cpu_time": null, "wallclock_time": 8.359064102172852, "evaluations": 3, "cost": 0.5126320025591, "incumbent": ["pca_whiten=''true''", "svm_C='25.075000000000003'", "svm_gamma='4.005'"]}
{"cpu_time": 11.069661617279053, "total_cpu_time": null, "wallclock_time": 11.146718263626099, "evaluations": 4, "cost": 0.5116657775671613, "incumbent": ["pca_whiten=''true''", "svm_C='75.025'", "svm_gamma='0.01'"]}
{"cpu_time": 22.544758796691895, "total_cpu_time": null, "wallclock_time": 22.822702169418335, "evaluations": 9, "cost": 0.5103688415471463, "incumbent": ["pca_whiten=''true''", "svm_C='75.025'", "svm_gamma='2.0075'"]}
{"cpu_time": 29.65660285949707, "total_cpu_time": null, "wallclock_time": 30.066686391830444, "evaluations": 12, "cost": 0.5090646168567177, "incumbent": ["pca_whiten=''false''", "svm_C='25.075000000000003'", "svm_gamma='2.0075'"]}
{"cpu_time": 43.38477301597595, "total_cpu_time": null, "wallclock_time": 44.060073375701904, "evaluations": 18, "cost": 0.5085602358428352, "incumbent": ["pca_whiten=''true''", "svm_C='25.075000000000003'", "svm_gamma='2.0075'"]}
{"cpu_time": 98.51859712600708, "total_cpu_time": null, "wallclock_time": 100.17394590377808, "evaluations": 40, "cost": 0.5069503148983178, "incumbent": ["pca_whiten=''true''", "svm_C='100.0'", "svm_gamma='0.01'"]}
