{"cpu_time": 0, "total_cpu_time": null, "wallclock_time": 7.963180541992188e-05, "evaluations": 0, "cost": 2147483648, "incumbent": ["svm_C='0.1'", "svm_gamma='4.005'"]}
{"cpu_time": 2.605496406555176, "total_cpu_time": null, "wallclock_time": 2.6227879524230957, "evaluations": 1, "cost": 0.7972506065953606, "incumbent": ["svm_C='0.1'", "svm_gamma='4.005'"]}
{"cpu_time": 5.1263227462768555, "total_cpu_time": null, "wallclock_time": 5.177594900131226, "evaluations": 2, "cost": 0.6846609990816742, "incumbent": ["svm_C='100.0'", "svm_gamma='2.0075'"]}
{"cpu_time": 17.309139013290405, "total_cpu_time": null, "wallclock_time": 17.507853031158447, "evaluations": 7, "cost": 0.5604530357252291, "incumbent": ["svm_C='50.050000000000004'", "svm_gamma='0.01'"]}
{"cpu_time": 43.470664978027344, "total_cpu_time": null, "wallclock_time": 44.05857753753662, "evaluations": 18, "cost": 0.5593050484880525, "incumbent": ["svm_C='75.025'", "svm_gamma='0.01'"]}
