{"cpu_time": 0, "total_cpu_time": null, "wallclock_time": 3.528594970703125e-05, "evaluations": 0, "cost": 2147483648, "incumbent": []}
{"cpu_time": 0.3761472702026367, "total_cpu_time": null, "wallclock_time": 0.40161871910095215, "evaluations": 1, "cost": 7.845086422574098, "incumbent": []}
