{"cpu_time": 0, "total_cpu_time": null, "wallclock_time": 0.000522613525390625, "evaluations": 0, "cost": 2147483648, "incumbent": ["haralick_distance='1'", "pca_whiten=''true''", "svm_C='1.0'", "svm_gamma='1.0'"]}
{"cpu_time": 41.71865248680115, "total_cpu_time": null, "wallclock_time": 41.76264691352844, "evaluations": 1, "cost": 0.9465083262184512, "incumbent": ["haralick_distance='1'", "pca_whiten=''true''", "svm_C='1.0'", "svm_gamma='1.0'"]}
{"cpu_time": 125.62760305404663, "total_cpu_time": null, "wallclock_time": 125.81700801849365, "evaluations": 3, "cost": 0.7987912766084478, "incumbent": ["haralick_distance='2'", "pca_whiten=''true''", "svm_C='39.719968193911264'", "svm_gamma='0.8615789437416754'"]}
{"cpu_time": 601.0495026111603, "total_cpu_time": null, "wallclock_time": 602.4085397720337, "evaluations": 14, "cost": 0.7901530676368053, "incumbent": ["haralick_distance='3'", "pca_whiten=''false''", "svm_C='4.391849103127672'", "svm_gamma='1.1815155118778817'"]}
