{"cpu_time": 0, "total_cpu_time": null, "wallclock_time": 0.00010919570922851562, "evaluations": 0, "cost": 2147483648, "incumbent": ["pca_whiten=''true''", "rf_max_features='0.5'", "rf_n_estimators='10'"]}
{"cpu_time": 0.9897763729095459, "total_cpu_time": null, "wallclock_time": 1.0210578441619873, "evaluations": 1, "cost": 1.6240095015557061, "incumbent": ["pca_whiten=''true''", "rf_max_features='0.5'", "rf_n_estimators='10'"]}
{"cpu_time": 3.5023486614227295, "total_cpu_time": null, "wallclock_time": 3.567873001098633, "evaluations": 2, "cost": 0.5193924984768145, "incumbent": ["pca_whiten=''true''", "rf_max_features='0.6263875900678313'", "rf_n_estimators='178'"]}
{"cpu_time": 5.341450452804565, "total_cpu_time": null, "wallclock_time": 5.42483925819397, "evaluations": 3, "cost": 0.5185690244017728, "incumbent": ["pca_whiten=''false''", "rf_max_features='0.3021465708060675'", "rf_n_estimators='203'"]}
{"cpu_time": 25.31899857521057, "total_cpu_time": null, "wallclock_time": 25.65106225013733, "evaluations": 11, "cost": 0.5164795924783011, "incumbent": ["pca_whiten=''true''", "rf_max_features='0.7898269852068684'", "rf_n_estimators='295'"]}
{"cpu_time": 43.69805383682251, "total_cpu_time": null, "wallclock_time": 44.3548903465271, "evaluations": 20, "cost": 0.5161740652182075, "incumbent": ["pca_whiten=''false''", "rf_max_features='0.4819333334182508'", "rf_n_estimators='246'"]}
{"cpu_time": 88.21286869049072, "total_cpu_time": null, "wallclock_time": 89.74918293952942, "evaluations": 43, "cost": 0.512915772546709, "incumbent": ["pca_whiten=''true''", "rf_max_features='0.33816921928226995'", "rf_n_estimators='276'"]}
{"cpu_time": 100.40278553962708, "total_cpu_time": null, "wallclock_time": 102.21563792228699, "evaluations": 49, "cost": 0.5057489428017184, "incumbent": ["pca_whiten=''false''", "rf_max_features='0.675872780784449'", "rf_n_estimators='221'"]}
{"cpu_time": 161.88623118400574, "total_cpu_time": null, "wallclock_time": 164.80087447166443, "evaluations": 79, "cost": 0.5053090938225335, "incumbent": ["pca_whiten=''false''", "rf_max_features='0.5044287486760808'", "rf_n_estimators='265'"]}
