{"cpu_time": 0, "total_cpu_time": null, "wallclock_time": 0.00013399124145507812, "evaluations": 0, "cost": 2147483648, "incumbent": ["isomap_n_components='2'", "isomap_n_neighbors='5'", "rf_max_features='0.5'", "rf_n_estimators='10'"]}
{"cpu_time": 0.7412731647491455, "total_cpu_time": null, "wallclock_time": 0.7708733081817627, "evaluations": 1, "cost": 5.4698677045467745, "incumbent": ["isomap_n_components='2'", "isomap_n_neighbors='5'", "rf_max_features='0.5'", "rf_n_estimators='10'"]}
{"cpu_time": 2.3298377990722656, "total_cpu_time": null, "wallclock_time": 2.4302656650543213, "evaluations": 2, "cost": 2.3410430302837906, "incumbent": ["isomap_n_components='2'", "isomap_n_neighbors='7'", "rf_max_features='0.7705914184339647'", "rf_n_estimators='220'"]}
{"cpu_time": 3.4955151081085205, "total_cpu_time": null, "wallclock_time": 3.620419502258301, "evaluations": 3, "cost": 2.0232021601744754, "incumbent": ["isomap_n_components='4'", "isomap_n_neighbors='5'", "rf_max_features='0.42825496760388254'", "rf_n_estimators='109'"]}
{"cpu_time": 20.034498691558838, "total_cpu_time": null, "wallclock_time": 20.957301139831543, "evaluations": 17, "cost": 1.9129080086688968, "incumbent": ["isomap_n_components='2'", "isomap_n_neighbors='5'", "rf_max_features='0.6716910931771886'", "rf_n_estimators='143'"]}
{"cpu_time": 23.096481561660767, "total_cpu_time": null, "wallclock_time": 24.199952840805054, "evaluations": 20, "cost": 1.79423848805701, "incumbent": ["isomap_n_components='4'", "isomap_n_neighbors='7'", "rf_max_features='0.4673271559659551'", "rf_n_estimators='102'"]}
{"cpu_time": 24.898401498794556, "total_cpu_time": null, "wallclock_time": 26.02317714691162, "evaluations": 21, "cost": 1.6144561623370592, "incumbent": ["isomap_n_components='4'", "isomap_n_neighbors='6'", "rf_max_features='0.3908563055255074'", "rf_n_estimators='252'"]}
{"cpu_time": 45.640225410461426, "total_cpu_time": null, "wallclock_time": 47.68016743659973, "evaluations": 36, "cost": 1.6094935131496693, "incumbent": ["isomap_n_components='3'", "isomap_n_neighbors='6'", "rf_max_features='0.4306455944871305'", "rf_n_estimators='241'"]}
{"cpu_time": 98.9106855392456, "total_cpu_time": null, "wallclock_time": 103.59854102134705, "evaluations": 74, "cost": 1.525154099881665, "incumbent": ["isomap_n_components='3'", "isomap_n_neighbors='6'", "rf_max_features='0.4854729703718832'", "rf_n_estimators='268'"]}
{"cpu_time": 156.92599534988403, "total_cpu_time": null, "wallclock_time": 164.2904829978943, "evaluations": 114, "cost": 1.4763800158223477, "incumbent": ["isomap_n_components='4'", "isomap_n_neighbors='6'", "rf_max_features='0.48972463093834684'", "rf_n_estimators='143'"]}
{"cpu_time": 173.57437419891357, "total_cpu_time": null, "wallclock_time": 181.75357055664062, "evaluations": 124, "cost": 1.46039656300847, "incumbent": ["isomap_n_components='4'", "isomap_n_neighbors='6'", "rf_max_features='0.48235624491909157'", "rf_n_estimators='300'"]}
{"cpu_time": 228.04778742790222, "total_cpu_time": null, "wallclock_time": 238.98996472358704, "evaluations": 163, "cost": 1.4474560380250256, "incumbent": ["isomap_n_components='4'", "isomap_n_neighbors='6'", "rf_max_features='0.43486264735895014'", "rf_n_estimators='300'"]}
