{"cpu_time": 0, "total_cpu_time": null, "wallclock_time": 9.894371032714844e-05, "evaluations": 0, "cost": 2147483648, "incumbent": ["pca_whiten=''true''", "svm_C='0.1'", "svm_gamma='4.005'"]}
{"cpu_time": 1.825207233428955, "total_cpu_time": null, "wallclock_time": 1.8597779273986816, "evaluations": 1, "cost": 1.0513978723940873, "incumbent": ["pca_whiten=''true''", "svm_C='0.1'", "svm_gamma='4.005'"]}
{"cpu_time": 5.0954272747039795, "total_cpu_time": null, "wallclock_time": 5.264907121658325, "evaluations": 2, "cost": 1.0163650663804227, "incumbent": ["pca_whiten=''true''", "svm_C='100.0'", "svm_gamma='6.0024999999999995'"]}
{"cpu_time": 9.700637102127075, "total_cpu_time": null, "wallclock_time": 9.96167278289795, "evaluations": 3, "cost": 1.0126922552317421, "incumbent": ["pca_whiten=''true''", "svm_C='25.075000000000003'", "svm_gamma='4.005'"]}
{"cpu_time": 18.184717416763306, "total_cpu_time": null, "wallclock_time": 18.610185623168945, "evaluations": 5, "cost": 1.0069086113247554, "incumbent": ["pca_whiten=''false''", "svm_C='100.0'", "svm_gamma='2.0075'"]}
{"cpu_time": 64.46799302101135, "total_cpu_time": null, "wallclock_time": 67.12678265571594, "evaluations": 22, "cost": 1.0028467343959626, "incumbent": ["pca_whiten=''false''", "svm_C='50.050000000000004'", "svm_gamma='4.005'"]}
