{"cpu_time": 0, "total_cpu_time": null, "wallclock_time": 0.00013875961303710938, "evaluations": 0, "cost": 2147483648, "incumbent": ["haralick_distance='1'", "pca_whiten=''true''", "rf_max_features='0.5'", "rf_n_estimators='10'"]}
{"cpu_time": 55.68644666671753, "total_cpu_time": null, "wallclock_time": 55.71393060684204, "evaluations": 1, "cost": 4.223579053159298, "incumbent": ["haralick_distance='1'", "pca_whiten=''true''", "rf_max_features='0.5'", "rf_n_estimators='10'"]}
{"cpu_time": 110.86865139007568, "total_cpu_time": null, "wallclock_time": 110.97424221038818, "evaluations": 2, "cost": 2.210502623017495, "incumbent": ["haralick_distance='1'", "pca_whiten=''true''", "rf_max_features='0.5914675755540864'", "rf_n_estimators='259'"]}
{"cpu_time": 278.40026783943176, "total_cpu_time": null, "wallclock_time": 278.70895195007324, "evaluations": 5, "cost": 2.1092532669399637, "incumbent": ["haralick_distance='2'", "pca_whiten=''true''", "rf_max_features='0.36113899979178665'", "rf_n_estimators='248'"]}
{"cpu_time": 334.4962215423584, "total_cpu_time": null, "wallclock_time": 334.9004874229431, "evaluations": 6, "cost": 1.9404845068590264, "incumbent": ["haralick_distance='3'", "pca_whiten=''true''", "rf_max_features='0.5831730167358328'", "rf_n_estimators='256'"]}
{"cpu_time": 1861.862624168396, "total_cpu_time": null, "wallclock_time": 1864.0483129024506, "evaluations": 43, "cost": 1.9208818754002615, "incumbent": ["haralick_distance='3'", "pca_whiten=''true''", "rf_max_features='0.5326777043878922'", "rf_n_estimators='241'"]}
{"cpu_time": 3714.5033535957336, "total_cpu_time": null, "wallclock_time": 3719.210654735565, "evaluations": 90, "cost": 1.8119868659209033, "incumbent": ["haralick_distance='2'", "pca_whiten=''true''", "rf_max_features='0.30056022047278225'", "rf_n_estimators='258'"]}
{"cpu_time": 7277.136676311493, "total_cpu_time": null, "wallclock_time": 7286.701630353928, "evaluations": 179, "cost": 1.8082847252198373, "incumbent": ["haralick_distance='3'", "pca_whiten=''true''", "rf_max_features='0.4818281126016855'", "rf_n_estimators='284'"]}
