{"cpu_time": 0, "total_cpu_time": null, "wallclock_time": 8.0108642578125e-05, "evaluations": 0, "cost": 2147483648, "incumbent": ["pca_whiten=''true''", "svm_C='1.0'", "svm_gamma='1.0'"]}
{"cpu_time": 27.380135774612427, "total_cpu_time": null, "wallclock_time": 27.455932140350342, "evaluations": 1, "cost": 0.8915222644432733, "incumbent": ["pca_whiten=''true''", "svm_C='1.0'", "svm_gamma='1.0'"]}
{"cpu_time": 32.069475412368774, "total_cpu_time": null, "wallclock_time": 32.447319984436035, "evaluations": 10, "cost": 0.8795291292733959, "incumbent": ["pca_whiten=''true''", "svm_C='28.47602111141865'", "svm_gamma='0.8905090834586253'"]}
{"cpu_time": 34.59653067588806, "total_cpu_time": null, "wallclock_time": 35.17510914802551, "evaluations": 16, "cost": 0.8014452429379698, "incumbent": ["pca_whiten=''true''", "svm_C='51.38199332742368'", "svm_gamma='0.37036041643305667'"]}
{"cpu_time": 35.49525690078735, "total_cpu_time": null, "wallclock_time": 36.14207911491394, "evaluations": 18, "cost": 0.7058415382733392, "incumbent": ["pca_whiten=''true''", "svm_C='52.722695684648635'", "svm_gamma='0.05314718755476485'"]}
{"cpu_time": 36.214141607284546, "total_cpu_time": null, "wallclock_time": 36.912773847579956, "evaluations": 20, "cost": 0.7038035179556102, "incumbent": ["pca_whiten=''true''", "svm_C='54.44063471213326'", "svm_gamma='0.011006351229848612'"]}
{"cpu_time": 38.07038116455078, "total_cpu_time": null, "wallclock_time": 38.87775731086731, "evaluations": 24, "cost": 0.6999928184368421, "incumbent": ["pca_whiten=''true''", "svm_C='91.41861169414915'", "svm_gamma='0.01772800023380404'"]}
{"cpu_time": 45.71197843551636, "total_cpu_time": null, "wallclock_time": 46.990275859832764, "evaluations": 37, "cost": 0.6829848245696407, "incumbent": ["pca_whiten=''false''", "svm_C='2.758095777873674'", "svm_gamma='0.059812120267997954'"]}
{"cpu_time": 57.01577425003052, "total_cpu_time": null, "wallclock_time": 59.34291958808899, "evaluations": 66, "cost": 0.6813934894517661, "incumbent": ["pca_whiten=''true''", "svm_C='15.189010518190162'", "svm_gamma='0.03298221418121791'"]}
{"cpu_time": 59.177735328674316, "total_cpu_time": null, "wallclock_time": 61.6966712474823, "evaluations": 72, "cost": 0.6752057386154942, "incumbent": ["pca_whiten=''true''", "svm_C='9.203460044935685'", "svm_gamma='0.03561614545311759'"]}
