{"cpu_time": 0, "total_cpu_time": null, "wallclock_time": 0.00012564659118652344, "evaluations": 0, "cost": 2147483648, "incumbent": ["isomap_n_components='2'", "isomap_n_neighbors='5'", "svm_C='1.0'", "svm_gamma='1.0'"]}
{"cpu_time": 0.5527632236480713, "total_cpu_time": null, "wallclock_time": 0.5785140991210938, "evaluations": 1, "cost": 1.00878437670578, "incumbent": ["isomap_n_components='2'", "isomap_n_neighbors='5'", "svm_C='1.0'", "svm_gamma='1.0'"]}
{"cpu_time": 1.020665168762207, "total_cpu_time": null, "wallclock_time": 1.0902519226074219, "evaluations": 2, "cost": 1.006259380925601, "incumbent": ["isomap_n_components='2'", "isomap_n_neighbors='7'", "svm_C='94.12416540310615'", "svm_gamma='5.804177494310886'"]}
{"cpu_time": 2.427049398422241, "total_cpu_time": null, "wallclock_time": 2.6035451889038086, "evaluations": 5, "cost": 1.0047929996129377, "incumbent": ["isomap_n_components='2'", "isomap_n_neighbors='7'", "svm_C='60.43442092193185'", "svm_gamma='4.886273988478092'"]}
{"cpu_time": 5.679722309112549, "total_cpu_time": null, "wallclock_time": 6.184792995452881, "evaluations": 12, "cost": 1.0046421039803632, "incumbent": ["isomap_n_components='2'", "isomap_n_neighbors='5'", "svm_C='74.6449780648484'", "svm_gamma='1.8016895694961184'"]}
{"cpu_time": 8.00443434715271, "total_cpu_time": null, "wallclock_time": 8.700352191925049, "evaluations": 17, "cost": 1.0033337398263136, "incumbent": ["isomap_n_components='2'", "isomap_n_neighbors='5'", "svm_C='74.36388041680227'", "svm_gamma='3.6948910152072405'"]}
{"cpu_time": 18.726280212402344, "total_cpu_time": null, "wallclock_time": 20.466724634170532, "evaluations": 40, "cost": 1.0030115125714263, "incumbent": ["isomap_n_components='2'", "isomap_n_neighbors='5'", "svm_C='73.82934002233166'", "svm_gamma='1.8358724163195996'"]}
{"cpu_time": 23.28584098815918, "total_cpu_time": null, "wallclock_time": 25.42836594581604, "evaluations": 50, "cost": 1.0004629476467868, "incumbent": ["isomap_n_components='2'", "isomap_n_neighbors='5'", "svm_C='74.4040420965099'", "svm_gamma='0.2753899299417003'"]}
{"cpu_time": 24.169010162353516, "total_cpu_time": null, "wallclock_time": 26.43842124938965, "evaluations": 52, "cost": 0.9964488634852197, "incumbent": ["isomap_n_components='2'", "isomap_n_neighbors='5'", "svm_C='81.80389476014561'", "svm_gamma='0.9496085924472133'"]}
