{"cpu_time": 0, "total_cpu_time": null, "wallclock_time": 6.985664367675781e-05, "evaluations": 0, "cost": 2147483648, "incumbent": ["pca_whiten=''true''", "svm_C='0.1'", "svm_gamma='4.005'"]}
{"cpu_time": 29.22384238243103, "total_cpu_time": null, "wallclock_time": 29.290445804595947, "evaluations": 1, "cost": 1.0071889595331938, "incumbent": ["pca_whiten=''true''", "svm_C='0.1'", "svm_gamma='4.005'"]}
{"cpu_time": 29.848695993423462, "total_cpu_time": null, "wallclock_time": 29.94530963897705, "evaluations": 2, "cost": 0.7020076494801065, "incumbent": ["pca_whiten=''true''", "svm_C='100.0'", "svm_gamma='6.0024999999999995'"]}
{"cpu_time": 30.430883169174194, "total_cpu_time": null, "wallclock_time": 30.54389762878418, "evaluations": 3, "cost": 0.6408668595103729, "incumbent": ["pca_whiten=''true''", "svm_C='25.075000000000003'", "svm_gamma='4.005'"]}
{"cpu_time": 30.94095516204834, "total_cpu_time": null, "wallclock_time": 31.103708505630493, "evaluations": 4, "cost": 0.35972384955320563, "incumbent": ["pca_whiten=''true''", "svm_C='75.025'", "svm_gamma='0.01'"]}
{"cpu_time": 32.7321515083313, "total_cpu_time": null, "wallclock_time": 32.972965717315674, "evaluations": 7, "cost": 0.3526836483687224, "incumbent": ["pca_whiten=''false''", "svm_C='50.050000000000004'", "svm_gamma='0.01'"]}
{"cpu_time": 36.37249517440796, "total_cpu_time": null, "wallclock_time": 36.78872990608215, "evaluations": 13, "cost": 0.3525536029197121, "incumbent": ["pca_whiten=''true''", "svm_C='100.0'", "svm_gamma='0.01'"]}
{"cpu_time": 36.99110770225525, "total_cpu_time": null, "wallclock_time": 37.45397472381592, "evaluations": 14, "cost": 0.3495780083823048, "incumbent": ["pca_whiten=''true''", "svm_C='50.050000000000004'", "svm_gamma='0.01'"]}
{"cpu_time": 37.53791260719299, "total_cpu_time": null, "wallclock_time": 38.02711248397827, "evaluations": 15, "cost": 0.3493701374137374, "incumbent": ["pca_whiten=''false''", "svm_C='75.025'", "svm_gamma='0.01'"]}
