{"cpu_time": 0, "total_cpu_time": null, "wallclock_time": 8.988380432128906e-05, "evaluations": 0, "cost": 2147483648, "incumbent": ["isomap_n_components='2'", "isomap_n_neighbors='5'", "svm_C='0.1'", "svm_gamma='4.005'"]}
{"cpu_time": 0.692643404006958, "total_cpu_time": null, "wallclock_time": 0.7082645893096924, "evaluations": 1, "cost": 0.37476132611169266, "incumbent": ["isomap_n_components='2'", "isomap_n_neighbors='5'", "svm_C='0.1'", "svm_gamma='4.005'"]}
{"cpu_time": 2.841259002685547, "total_cpu_time": null, "wallclock_time": 2.9623756408691406, "evaluations": 4, "cost": 0.36437307072330977, "incumbent": ["isomap_n_components='4'", "isomap_n_neighbors='6'", "svm_C='75.025'", "svm_gamma='0.01'"]}
{"cpu_time": 5.657946586608887, "total_cpu_time": null, "wallclock_time": 5.9107043743133545, "evaluations": 8, "cost": 0.33796801841560065, "incumbent": ["isomap_n_components='3'", "isomap_n_neighbors='4'", "svm_C='0.1'", "svm_gamma='4.005'"]}
{"cpu_time": 8.372821807861328, "total_cpu_time": null, "wallclock_time": 8.785638809204102, "evaluations": 12, "cost": 0.33739324209123317, "incumbent": ["isomap_n_components='4'", "isomap_n_neighbors='7'", "svm_C='50.050000000000004'", "svm_gamma='0.01'"]}
{"cpu_time": 22.114866256713867, "total_cpu_time": null, "wallclock_time": 23.310747146606445, "evaluations": 32, "cost": 0.33626781662236843, "incumbent": ["isomap_n_components='2'", "isomap_n_neighbors='3'", "svm_C='0.1'", "svm_gamma='4.005'"]}
