{"cpu_time": 0, "total_cpu_time": null, "wallclock_time": 0.00016880035400390625, "evaluations": 0, "cost": 2147483648, "incumbent": ["haralick_distance='1'", "isomap_n_components='2'", "isomap_n_neighbors='5'", "svm_C='1.0'", "svm_gamma='1.0'"]}
{"cpu_time": 44.93935012817383, "total_cpu_time": null, "wallclock_time": 45.01848602294922, "evaluations": 1, "cost": 0.4766263723002151, "incumbent": ["haralick_distance='1'", "isomap_n_components='2'", "isomap_n_neighbors='5'", "svm_C='1.0'", "svm_gamma='1.0'"]}
{"cpu_time": 105.32263398170471, "total_cpu_time": null, "wallclock_time": 105.7513074874878, "evaluations": 3, "cost": 0.47642321218052913, "incumbent": ["haralick_distance='2'", "isomap_n_components='2'", "isomap_n_neighbors='6'", "svm_C='78.990011851405'", "svm_gamma='6.602930247746782'"]}
{"cpu_time": 423.20819759368896, "total_cpu_time": null, "wallclock_time": 425.9929211139679, "evaluations": 19, "cost": 0.46950869389727196, "incumbent": ["haralick_distance='1'", "isomap_n_components='3'", "isomap_n_neighbors='5'", "svm_C='61.98915050720065'", "svm_gamma='1.6708997913006134'"]}
{"cpu_time": 856.2743091583252, "total_cpu_time": null, "wallclock_time": 862.7176561355591, "evaluations": 41, "cost": 0.4607918788329606, "incumbent": ["haralick_distance='2'", "isomap_n_components='2'", "isomap_n_neighbors='5'", "svm_C='68.84716082050046'", "svm_gamma='2.1087808232323737'"]}
{"cpu_time": 1558.3000075817108, "total_cpu_time": null, "wallclock_time": 1570.729187965393, "evaluations": 76, "cost": 0.45187801868040783, "incumbent": ["haralick_distance='2'", "isomap_n_components='2'", "isomap_n_neighbors='3'", "svm_C='87.47959891693085'", "svm_gamma='0.14188166293454882'"]}
{"cpu_time": 1678.0737898349762, "total_cpu_time": null, "wallclock_time": 1691.5427391529083, "evaluations": 82, "cost": 0.4402097327061951, "incumbent": ["haralick_distance='2'", "isomap_n_components='2'", "isomap_n_neighbors='3'", "svm_C='97.17915499226744'", "svm_gamma='0.37979216576374286'"]}
{"cpu_time": 3101.450273036957, "total_cpu_time": null, "wallclock_time": 3126.6310620307922, "evaluations": 160, "cost": 0.4323312443567821, "incumbent": ["haralick_distance='2'", "isomap_n_components='2'", "isomap_n_neighbors='3'", "svm_C='97.17915499226744'", "svm_gamma='0.33128823831898985'"]}
