{"cpu_time": 0, "total_cpu_time": null, "wallclock_time": 2.6941299438476562e-05, "evaluations": 0, "cost": 2147483648, "incumbent": []}
{"cpu_time": 0.296001672744751, "total_cpu_time": null, "wallclock_time": 0.31350088119506836, "evaluations": 1, "cost": 9.602235151221638, "incumbent": []}
