"CPU Time Used","Estimated Training Performance","Wallclock Time","Incumbent ID","Automatic Configurator (CPU) Time","Configuration..."
0.000000, 2147483648.000000, 0.000103, 1, 0.000103, pca_whiten=''true'', svm_C='1.0', svm_gamma='1.0'
0.641462, 1.016875, 0.676398, 1, 0.034935, pca_whiten=''true'', svm_C='1.0', svm_gamma='1.0'
1.336257, 1.016269, 1.407835, 2, 0.071579, pca_whiten=''true'', svm_C='65.31224049555269', svm_gamma='4.667651857354299'
3.730827, 1.012872, 3.898863, 3, 0.168036, pca_whiten=''true'', svm_C='78.990011851405', svm_gamma='6.602930247746782'
6.856441, 1.008497, 7.158445, 4, 0.302004, pca_whiten=''true'', svm_C='25.833879111337303', svm_gamma='2.5925190439316834'
11.023983, 1.006256, 11.553472, 5, 0.529489, pca_whiten=''true'', svm_C='29.9278263443308', svm_gamma='5.6831442858984085'
16.406290, 1.005917, 17.232452, 6, 0.826162, pca_whiten=''false'', svm_C='22.531413413818807', svm_gamma='2.8381047094796186'
