{"cpu_time": 0, "total_cpu_time": null, "wallclock_time": 0.00010275840759277344, "evaluations": 0, "cost": 2147483648, "incumbent": ["pca_whiten=''true''", "svm_C='1.0'", "svm_gamma='1.0'"]}
{"cpu_time": 0.6414623260498047, "total_cpu_time": null, "wallclock_time": 0.6763978004455566, "evaluations": 1, "cost": 1.0168751660220872, "incumbent": ["pca_whiten=''true''", "svm_C='1.0'", "svm_gamma='1.0'"]}
{"cpu_time": 1.336256742477417, "total_cpu_time": null, "wallclock_time": 1.4078352451324463, "evaluations": 2, "cost": 1.0162689714869255, "incumbent": ["pca_whiten=''true''", "svm_C='65.31224049555269'", "svm_gamma='4.667651857354299'"]}
{"cpu_time": 3.7308273315429688, "total_cpu_time": null, "wallclock_time": 3.8988630771636963, "evaluations": 5, "cost": 1.012871986125856, "incumbent": ["pca_whiten=''true''", "svm_C='78.990011851405'", "svm_gamma='6.602930247746782'"]}
{"cpu_time": 6.856440782546997, "total_cpu_time": null, "wallclock_time": 7.15844464302063, "evaluations": 9, "cost": 1.0084967101300146, "incumbent": ["pca_whiten=''true''", "svm_C='25.833879111337303'", "svm_gamma='2.5925190439316834'"]}
{"cpu_time": 11.023982763290405, "total_cpu_time": null, "wallclock_time": 11.55347204208374, "evaluations": 15, "cost": 1.006255945913131, "incumbent": ["pca_whiten=''true''", "svm_C='29.9278263443308'", "svm_gamma='5.6831442858984085'"]}
{"cpu_time": 16.40628981590271, "total_cpu_time": null, "wallclock_time": 17.232451677322388, "evaluations": 22, "cost": 1.005916991327189, "incumbent": ["pca_whiten=''false''", "svm_C='22.531413413818807'", "svm_gamma='2.8381047094796186'"]}
