{"cpu_time": 0, "total_cpu_time": null, "wallclock_time": 0.0001239776611328125, "evaluations": 0, "cost": 2147483648, "incumbent": ["isomap_n_components='2'", "isomap_n_neighbors='5'", "rf_max_features='0.5'", "rf_n_estimators='10'"]}
{"cpu_time": 0.37404870986938477, "total_cpu_time": null, "wallclock_time": 0.38875842094421387, "evaluations": 1, "cost": 6.745981779597439, "incumbent": ["isomap_n_components='2'", "isomap_n_neighbors='5'", "rf_max_features='0.5'", "rf_n_estimators='10'"]}
{"cpu_time": 1.4835224151611328, "total_cpu_time": null, "wallclock_time": 1.536109447479248, "evaluations": 2, "cost": 3.3539633721061364, "incumbent": ["isomap_n_components='2'", "isomap_n_neighbors='7'", "rf_max_features='0.7705914184339647'", "rf_n_estimators='220'"]}
{"cpu_time": 2.196423053741455, "total_cpu_time": null, "wallclock_time": 2.2646188735961914, "evaluations": 3, "cost": 2.153727889021591, "incumbent": ["isomap_n_components='4'", "isomap_n_neighbors='5'", "rf_max_features='0.42825496760388254'", "rf_n_estimators='109'"]}
{"cpu_time": 9.248730182647705, "total_cpu_time": null, "wallclock_time": 9.66500186920166, "evaluations": 12, "cost": 2.1388746675604984, "incumbent": ["isomap_n_components='4'", "isomap_n_neighbors='6'", "rf_max_features='0.3830430643064061'", "rf_n_estimators='112'"]}
{"cpu_time": 9.985730648040771, "total_cpu_time": null, "wallclock_time": 10.417914867401123, "evaluations": 13, "cost": 2.0648219502001104, "incumbent": ["isomap_n_components='3'", "isomap_n_neighbors='7'", "rf_max_features='0.7104527509265792'", "rf_n_estimators='105'"]}
{"cpu_time": 14.429706335067749, "total_cpu_time": null, "wallclock_time": 15.154219627380371, "evaluations": 20, "cost": 2.023029039037645, "incumbent": ["isomap_n_components='4'", "isomap_n_neighbors='7'", "rf_max_features='0.5157712899794984'", "rf_n_estimators='70'"]}
{"cpu_time": 15.641479253768921, "total_cpu_time": null, "wallclock_time": 16.381361961364746, "evaluations": 21, "cost": 1.6191902656997286, "incumbent": ["isomap_n_components='4'", "isomap_n_neighbors='6'", "rf_max_features='0.3908563055255074'", "rf_n_estimators='252'"]}
{"cpu_time": 29.120075941085815, "total_cpu_time": null, "wallclock_time": 30.522083520889282, "evaluations": 37, "cost": 1.5031421781047787, "incumbent": ["isomap_n_components='4'", "isomap_n_neighbors='7'", "rf_max_features='0.46859709749464196'", "rf_n_estimators='281'"]}
