{"cpu_time": 0, "total_cpu_time": null, "wallclock_time": 2.6226043701171875e-05, "evaluations": 0, "cost": 2147483648, "incumbent": []}
{"cpu_time": 0.24878334999084473, "total_cpu_time": null, "wallclock_time": 0.26375651359558105, "evaluations": 1, "cost": 7.845086422574098, "incumbent": []}
