{"cpu_time": 0, "total_cpu_time": null, "wallclock_time": 0.0001480579376220703, "evaluations": 0, "cost": 2147483648, "incumbent": ["isomap_n_components='2'", "isomap_n_neighbors='5'", "rf_max_features='0.5'", "rf_n_estimators='10'"]}
{"cpu_time": 0.40507006645202637, "total_cpu_time": null, "wallclock_time": 0.4635508060455322, "evaluations": 1, "cost": 1.4113890812316747, "incumbent": ["isomap_n_components='2'", "isomap_n_neighbors='5'", "rf_max_features='0.5'", "rf_n_estimators='10'"]}
{"cpu_time": 1.78873610496521, "total_cpu_time": null, "wallclock_time": 1.891834020614624, "evaluations": 2, "cost": 0.9258940228075483, "incumbent": ["isomap_n_components='2'", "isomap_n_neighbors='7'", "rf_max_features='0.7705914184339647'", "rf_n_estimators='220'"]}
{"cpu_time": 2.7094733715057373, "total_cpu_time": null, "wallclock_time": 2.8631441593170166, "evaluations": 3, "cost": 0.45965613633281893, "incumbent": ["isomap_n_components='4'", "isomap_n_neighbors='5'", "rf_max_features='0.42825496760388254'", "rf_n_estimators='109'"]}
{"cpu_time": 19.424572229385376, "total_cpu_time": null, "wallclock_time": 20.749720811843872, "evaluations": 21, "cost": 0.4472255622839856, "incumbent": ["isomap_n_components='4'", "isomap_n_neighbors='6'", "rf_max_features='0.3908563055255074'", "rf_n_estimators='252'"]}
{"cpu_time": 21.830392360687256, "total_cpu_time": null, "wallclock_time": 23.33109211921692, "evaluations": 23, "cost": 0.4455579522640589, "incumbent": ["isomap_n_components='4'", "isomap_n_neighbors='7'", "rf_max_features='0.6343316352444657'", "rf_n_estimators='296'"]}
{"cpu_time": 31.53985834121704, "total_cpu_time": null, "wallclock_time": 34.12868547439575, "evaluations": 32, "cost": 0.4417261491177366, "incumbent": ["isomap_n_components='4'", "isomap_n_neighbors='6'", "rf_max_features='0.3712685646230553'", "rf_n_estimators='41'"]}
{"cpu_time": 35.02502799034119, "total_cpu_time": null, "wallclock_time": 37.817437171936035, "evaluations": 36, "cost": 0.4377505947238787, "incumbent": ["isomap_n_components='4'", "isomap_n_neighbors='7'", "rf_max_features='0.3996523146834192'", "rf_n_estimators='138'"]}
{"cpu_time": 36.55287837982178, "total_cpu_time": null, "wallclock_time": 39.37104153633118, "evaluations": 37, "cost": 0.429830853641032, "incumbent": ["isomap_n_components='4'", "isomap_n_neighbors='7'", "rf_max_features='0.46859709749464196'", "rf_n_estimators='281'"]}
{"cpu_time": 44.0817289352417, "total_cpu_time": null, "wallclock_time": 47.68027377128601, "evaluations": 46, "cost": 0.41872796917290134, "incumbent": ["isomap_n_components='4'", "isomap_n_neighbors='7'", "rf_max_features='0.35391450670795793'", "rf_n_estimators='38'"]}
