{"cpu_time": 0, "total_cpu_time": null, "wallclock_time": 9.655952453613281e-05, "evaluations": 0, "cost": 2147483648, "incumbent": ["pca_whiten=''true''", "svm_C='1.0'", "svm_gamma='1.0'"]}
{"cpu_time": 0.7826242446899414, "total_cpu_time": null, "wallclock_time": 0.8201053142547607, "evaluations": 1, "cost": 0.3136579487657214, "incumbent": ["pca_whiten=''true''", "svm_C='1.0'", "svm_gamma='1.0'"]}
{"cpu_time": 2.645463228225708, "total_cpu_time": null, "wallclock_time": 2.7560548782348633, "evaluations": 3, "cost": 0.30139956381793626, "incumbent": ["pca_whiten=''false''", "svm_C='0.5288848470522874'", "svm_gamma='5.340336437146089'"]}
