{"cpu_time": 0, "total_cpu_time": null, "wallclock_time": 4.744529724121094e-05, "evaluations": 0, "cost": 2147483648, "incumbent": ["pca_whiten=''true''"]}
{"cpu_time": 28.72028422355652, "total_cpu_time": null, "wallclock_time": 29.111589908599854, "evaluations": 1, "cost": 6.8738072548388045, "incumbent": ["pca_whiten=''true''"]}
