{"cpu_time": 0, "total_cpu_time": null, "wallclock_time": 0.00012087821960449219, "evaluations": 0, "cost": 2147483648, "incumbent": ["isomap_n_components='2'", "isomap_n_neighbors='5'", "svm_C='1.0'", "svm_gamma='1.0'"]}
{"cpu_time": 0.4710261821746826, "total_cpu_time": null, "wallclock_time": 0.4892549514770508, "evaluations": 1, "cost": 1.0091703606849427, "incumbent": ["isomap_n_components='2'", "isomap_n_neighbors='5'", "svm_C='1.0'", "svm_gamma='1.0'"]}
{"cpu_time": 0.8871493339538574, "total_cpu_time": null, "wallclock_time": 0.9515132904052734, "evaluations": 2, "cost": 1.0048175651923483, "incumbent": ["isomap_n_components='2'", "isomap_n_neighbors='7'", "svm_C='94.12416540310615'", "svm_gamma='5.804177494310886'"]}
{"cpu_time": 4.433700799942017, "total_cpu_time": null, "wallclock_time": 4.807478666305542, "evaluations": 10, "cost": 0.9999051078480475, "incumbent": ["isomap_n_components='2'", "isomap_n_neighbors='7'", "svm_C='75.75145783375181'", "svm_gamma='4.853854664586503'"]}
{"cpu_time": 23.091150522232056, "total_cpu_time": null, "wallclock_time": 25.19724941253662, "evaluations": 50, "cost": 0.998444216039811, "incumbent": ["isomap_n_components='2'", "isomap_n_neighbors='5'", "svm_C='68.84716082050046'", "svm_gamma='2.1087808232323737'"]}
