{"cpu_time": 0, "total_cpu_time": null, "wallclock_time": 0.00014853477478027344, "evaluations": 0, "cost": 2147483648, "incumbent": ["isomap_n_components='2'", "isomap_n_neighbors='5'", "rf_max_features='0.5'", "rf_n_estimators='10'"]}
{"cpu_time": 1.0470874309539795, "total_cpu_time": null, "wallclock_time": 1.079573392868042, "evaluations": 1, "cost": 1.7193391254134631, "incumbent": ["isomap_n_components='2'", "isomap_n_neighbors='5'", "rf_max_features='0.5'", "rf_n_estimators='10'"]}
{"cpu_time": 3.290647268295288, "total_cpu_time": null, "wallclock_time": 3.3695292472839355, "evaluations": 2, "cost": 1.1504108616821813, "incumbent": ["isomap_n_components='2'", "isomap_n_neighbors='7'", "rf_max_features='0.7705914184339647'", "rf_n_estimators='220'"]}
{"cpu_time": 4.943686246871948, "total_cpu_time": null, "wallclock_time": 5.0406880378723145, "evaluations": 3, "cost": 0.7967553362012012, "incumbent": ["isomap_n_components='4'", "isomap_n_neighbors='5'", "rf_max_features='0.42825496760388254'", "rf_n_estimators='109'"]}
{"cpu_time": 11.708262920379639, "total_cpu_time": null, "wallclock_time": 11.98821234703064, "evaluations": 7, "cost": 0.7617557740100968, "incumbent": ["isomap_n_components='4'", "isomap_n_neighbors='3'", "rf_max_features='0.49447053546536157'", "rf_n_estimators='97'"]}
{"cpu_time": 54.21635675430298, "total_cpu_time": null, "wallclock_time": 56.14726901054382, "evaluations": 33, "cost": 0.7586501755779919, "incumbent": ["isomap_n_components='4'", "isomap_n_neighbors='5'", "rf_max_features='0.49974052749752684'", "rf_n_estimators='96'"]}
{"cpu_time": 86.71902775764465, "total_cpu_time": null, "wallclock_time": 89.99381613731384, "evaluations": 52, "cost": 0.7568749792524851, "incumbent": ["isomap_n_components='3'", "isomap_n_neighbors='5'", "rf_max_features='0.5567331459105945'", "rf_n_estimators='237'"]}
{"cpu_time": 114.0412609577179, "total_cpu_time": null, "wallclock_time": 118.15196514129639, "evaluations": 68, "cost": 0.7002749308861477, "incumbent": ["isomap_n_components='4'", "isomap_n_neighbors='3'", "rf_max_features='0.3229093235493478'", "rf_n_estimators='293'"]}
{"cpu_time": 131.7172496318817, "total_cpu_time": null, "wallclock_time": 136.51300835609436, "evaluations": 78, "cost": 0.6973538776209209, "incumbent": ["isomap_n_components='3'", "isomap_n_neighbors='3'", "rf_max_features='0.39197768045465403'", "rf_n_estimators='297'"]}
{"cpu_time": 203.85836625099182, "total_cpu_time": null, "wallclock_time": 210.90300250053406, "evaluations": 115, "cost": 0.6963026118635357, "incumbent": ["isomap_n_components='4'", "isomap_n_neighbors='3'", "rf_max_features='0.3407377477955601'", "rf_n_estimators='300'"]}
{"cpu_time": 252.15555143356323, "total_cpu_time": null, "wallclock_time": 260.7672166824341, "evaluations": 144, "cost": 0.6922947863595391, "incumbent": ["isomap_n_components='4'", "isomap_n_neighbors='3'", "rf_max_features='0.48078668812850367'", "rf_n_estimators='300'"]}
