{"cpu_time": 0, "total_cpu_time": null, "wallclock_time": 0.00012063980102539062, "evaluations": 0, "cost": 2147483648, "incumbent": ["isomap_n_components='2'", "isomap_n_neighbors='5'", "svm_C='0.1'", "svm_gamma='4.005'"]}
{"cpu_time": 0.8508882522583008, "total_cpu_time": null, "wallclock_time": 0.8813304901123047, "evaluations": 1, "cost": 0.3169144853379083, "incumbent": ["isomap_n_components='2'", "isomap_n_neighbors='5'", "svm_C='0.1'", "svm_gamma='4.005'"]}
{"cpu_time": 2.5713775157928467, "total_cpu_time": null, "wallclock_time": 2.6922948360443115, "evaluations": 3, "cost": 0.31681479554520675, "incumbent": ["isomap_n_components='2'", "isomap_n_neighbors='5'", "svm_C='50.050000000000004'", "svm_gamma='8.0'"]}
{"cpu_time": 3.547687292098999, "total_cpu_time": null, "wallclock_time": 3.7663443088531494, "evaluations": 4, "cost": 0.3166875697737961, "incumbent": ["isomap_n_components='4'", "isomap_n_neighbors='6'", "svm_C='75.025'", "svm_gamma='0.01'"]}
{"cpu_time": 4.317206859588623, "total_cpu_time": null, "wallclock_time": 4.550326347351074, "evaluations": 5, "cost": 0.3065500677480426, "incumbent": ["isomap_n_components='2'", "isomap_n_neighbors='7'", "svm_C='75.025'", "svm_gamma='8.0'"]}
{"cpu_time": 5.032541513442993, "total_cpu_time": null, "wallclock_time": 5.364716053009033, "evaluations": 6, "cost": 0.3009949666585586, "incumbent": ["isomap_n_components='4'", "isomap_n_neighbors='5'", "svm_C='100.0'", "svm_gamma='6.0024999999999995'"]}
{"cpu_time": 15.542121887207031, "total_cpu_time": null, "wallclock_time": 16.475788831710815, "evaluations": 18, "cost": 0.2992722798614818, "incumbent": ["isomap_n_components='4'", "isomap_n_neighbors='5'", "svm_C='25.075000000000003'", "svm_gamma='6.0024999999999995'"]}
{"cpu_time": 47.459521532058716, "total_cpu_time": null, "wallclock_time": 50.4460015296936, "evaluations": 56, "cost": 0.29894341323432644, "incumbent": ["isomap_n_components='4'", "isomap_n_neighbors='7'", "svm_C='75.025'", "svm_gamma='2.0075'"]}
{"cpu_time": 52.33234119415283, "total_cpu_time": null, "wallclock_time": 55.65398454666138, "evaluations": 62, "cost": 0.29753500947283756, "incumbent": ["isomap_n_components='4'", "isomap_n_neighbors='6'", "svm_C='75.025'", "svm_gamma='2.0075'"]}
{"cpu_time": 70.78436875343323, "total_cpu_time": null, "wallclock_time": 75.44699621200562, "evaluations": 84, "cost": 0.2955595926064929, "incumbent": ["isomap_n_components='4'", "isomap_n_neighbors='6'", "svm_C='100.0'", "svm_gamma='2.0075'"]}
