{"cpu_time": 0, "total_cpu_time": null, "wallclock_time": 0.00010704994201660156, "evaluations": 0, "cost": 2147483648, "incumbent": ["pca_whiten=''true''", "rf_max_features='0.5'", "rf_n_estimators='10'"]}
{"cpu_time": 137.7219944000244, "total_cpu_time": null, "wallclock_time": 138.23546051979065, "evaluations": 1, "cost": 1.7371034730845671, "incumbent": ["pca_whiten=''true''", "rf_max_features='0.5'", "rf_n_estimators='10'"]}
{"cpu_time": 153.35569500923157, "total_cpu_time": null, "wallclock_time": 154.1037414073944, "evaluations": 2, "cost": 0.7233170511823284, "incumbent": ["pca_whiten=''true''", "rf_max_features='0.6263875900678313'", "rf_n_estimators='178'"]}
{"cpu_time": 163.28199195861816, "total_cpu_time": null, "wallclock_time": 164.04700326919556, "evaluations": 3, "cost": 0.7152280299418496, "incumbent": ["pca_whiten=''false''", "rf_max_features='0.3021465708060675'", "rf_n_estimators='203'"]}
{"cpu_time": 193.8768653869629, "total_cpu_time": null, "wallclock_time": 207.25682306289673, "evaluations": 5, "cost": 0.7078127137195228, "incumbent": ["pca_whiten=''true''", "rf_max_features='0.6948449041611862'", "rf_n_estimators='249'"]}
{"cpu_time": 286.4639356136322, "total_cpu_time": null, "wallclock_time": 301.3586115837097, "evaluations": 11, "cost": 0.7066259804902004, "incumbent": ["pca_whiten=''true''", "rf_max_features='0.7898269852068684'", "rf_n_estimators='295'"]}
{"cpu_time": 457.07055830955505, "total_cpu_time": null, "wallclock_time": 474.84526896476746, "evaluations": 25, "cost": 0.7058386202676418, "incumbent": ["pca_whiten=''true''", "rf_max_features='0.6475433734008502'", "rf_n_estimators='211'"]}
{"cpu_time": 571.5252656936646, "total_cpu_time": null, "wallclock_time": 592.372282743454, "evaluations": 37, "cost": 0.7053345391241107, "incumbent": ["pca_whiten=''false''", "rf_max_features='0.6097555080440473'", "rf_n_estimators='68'"]}
{"cpu_time": 1052.3442299365997, "total_cpu_time": null, "wallclock_time": 1082.3981149196625, "evaluations": 87, "cost": 0.7031382300695465, "incumbent": ["pca_whiten=''true''", "rf_max_features='0.4570222124185385'", "rf_n_estimators='272'"]}
{"cpu_time": 1155.754135131836, "total_cpu_time": null, "wallclock_time": 1187.3063111305237, "evaluations": 107, "cost": 0.7030600581105801, "incumbent": ["pca_whiten=''false''", "rf_max_features='0.7271629852631247'", "rf_n_estimators='269'"]}
{"cpu_time": 1413.6533272266388, "total_cpu_time": null, "wallclock_time": 1448.9031233787537, "evaluations": 155, "cost": 0.6993250537239372, "incumbent": ["pca_whiten=''true''", "rf_max_features='0.4998677370561949'", "rf_n_estimators='256'"]}
{"cpu_time": 1896.4067828655243, "total_cpu_time": null, "wallclock_time": 1938.2546887397766, "evaluations": 247, "cost": 0.688523617483007, "incumbent": ["pca_whiten=''false''", "rf_max_features='0.6561219762752013'", "rf_n_estimators='25'"]}
