{"cpu_time": 0, "total_cpu_time": null, "wallclock_time": 8.702278137207031e-05, "evaluations": 0, "cost": 2147483648, "incumbent": ["isomap_n_components='2'", "isomap_n_neighbors='5'", "svm_C='0.1'", "svm_gamma='4.005'"]}
{"cpu_time": 0.42415547370910645, "total_cpu_time": null, "wallclock_time": 0.4398024082183838, "evaluations": 1, "cost": 0.18121819747497434, "incumbent": ["isomap_n_components='2'", "isomap_n_neighbors='5'", "svm_C='0.1'", "svm_gamma='4.005'"]}
{"cpu_time": 3.021651029586792, "total_cpu_time": null, "wallclock_time": 3.220079183578491, "evaluations": 7, "cost": 0.15688217380727273, "incumbent": ["isomap_n_components='3'", "isomap_n_neighbors='5'", "svm_C='50.050000000000004'", "svm_gamma='0.01'"]}
