{"cpu_time": 0, "total_cpu_time": null, "wallclock_time": 0.00014495849609375, "evaluations": 0, "cost": 2147483648, "incumbent": ["isomap_n_components='2'", "isomap_n_neighbors='5'", "svm_C='1.0'", "svm_gamma='1.0'"]}
{"cpu_time": 4.464437246322632, "total_cpu_time": null, "wallclock_time": 4.501674652099609, "evaluations": 1, "cost": 0.6856679428045314, "incumbent": ["isomap_n_components='2'", "isomap_n_neighbors='5'", "svm_C='1.0'", "svm_gamma='1.0'"]}
{"cpu_time": 11.264403581619263, "total_cpu_time": null, "wallclock_time": 11.558569192886353, "evaluations": 3, "cost": 0.6696646817686144, "incumbent": ["isomap_n_components='4'", "isomap_n_neighbors='5'", "svm_C='25.725342527255737'", "svm_gamma='2.7907769724696707'"]}
{"cpu_time": 70.77445721626282, "total_cpu_time": null, "wallclock_time": 73.93723678588867, "evaluations": 22, "cost": 0.6569502693542199, "incumbent": ["isomap_n_components='2'", "isomap_n_neighbors='7'", "svm_C='2.8043793128646834'", "svm_gamma='2.8130020614484113'"]}
{"cpu_time": 174.7261860370636, "total_cpu_time": null, "wallclock_time": 183.9334807395935, "evaluations": 51, "cost": 0.6542674185638359, "incumbent": ["isomap_n_components='2'", "isomap_n_neighbors='7'", "svm_C='1.5955296609796572'", "svm_gamma='6.699399562342694'"]}
{"cpu_time": 178.26985144615173, "total_cpu_time": null, "wallclock_time": 187.7607319355011, "evaluations": 52, "cost": 0.6506769943503968, "incumbent": ["isomap_n_components='4'", "isomap_n_neighbors='5'", "svm_C='0.7234119280151846'", "svm_gamma='6.881261590023265'"]}
{"cpu_time": 244.4288787841797, "total_cpu_time": null, "wallclock_time": 257.13637113571167, "evaluations": 72, "cost": 0.6467641399283327, "incumbent": ["isomap_n_components='2'", "isomap_n_neighbors='7'", "svm_C='0.7234119280151846'", "svm_gamma='7.950901373906962'"]}
{"cpu_time": 302.75889825820923, "total_cpu_time": null, "wallclock_time": 318.32047390937805, "evaluations": 89, "cost": 0.6307872858050478, "incumbent": ["isomap_n_components='4'", "isomap_n_neighbors='7'", "svm_C='25.61047704126865'", "svm_gamma='0.07152696385076526'"]}
{"cpu_time": 417.3284707069397, "total_cpu_time": null, "wallclock_time": 438.7432367801666, "evaluations": 122, "cost": 0.6272527136527418, "incumbent": ["isomap_n_components='2'", "isomap_n_neighbors='7'", "svm_C='37.7554181148166'", "svm_gamma='0.0329964983037049'"]}
{"cpu_time": 424.4130699634552, "total_cpu_time": null, "wallclock_time": 446.1212389469147, "evaluations": 124, "cost": 0.627179995083908, "incumbent": ["isomap_n_components='2'", "isomap_n_neighbors='7'", "svm_C='35.70795192620047'", "svm_gamma='0.0329964983037049'"]}
{"cpu_time": 448.7138719558716, "total_cpu_time": null, "wallclock_time": 471.72423124313354, "evaluations": 131, "cost": 0.6268461434014213, "incumbent": ["isomap_n_components='2'", "isomap_n_neighbors='7'", "svm_C='35.92409595651699'", "svm_gamma='0.0329964983037049'"]}
{"cpu_time": 594.4792380332947, "total_cpu_time": null, "wallclock_time": 625.188606262207, "evaluations": 174, "cost": 0.6262899479016523, "incumbent": ["isomap_n_components='2'", "isomap_n_neighbors='7'", "svm_C='45.81536614563742'", "svm_gamma='0.0329964983037049'"]}
