{"cpu_time": 0, "total_cpu_time": null, "wallclock_time": 6.175041198730469e-05, "evaluations": 0, "cost": 2147483648, "incumbent": ["haralick_distance='1'"]}
{"cpu_time": 100000.10018515587, "total_cpu_time": null, "wallclock_time": 100000.10249209404, "evaluations": 1, "cost": 2147483647.0, "incumbent": ["haralick_distance='1'"]}
