{"cpu_time": 0, "total_cpu_time": null, "wallclock_time": 9.894371032714844e-05, "evaluations": 0, "cost": 2147483648, "incumbent": ["pca_whiten=''true''", "rf_max_features='0.5'", "rf_n_estimators='10'"]}
{"cpu_time": 0.959688663482666, "total_cpu_time": null, "wallclock_time": 0.9874720573425293, "evaluations": 1, "cost": 1.6240095015557061, "incumbent": ["pca_whiten=''true''", "rf_max_features='0.5'", "rf_n_estimators='10'"]}
{"cpu_time": 3.142197370529175, "total_cpu_time": null, "wallclock_time": 3.2041890621185303, "evaluations": 2, "cost": 0.5167429525110393, "incumbent": ["pca_whiten=''true''", "rf_max_features='0.6263875900678313'", "rf_n_estimators='178'"]}
{"cpu_time": 4.9831626415252686, "total_cpu_time": null, "wallclock_time": 5.096695184707642, "evaluations": 3, "cost": 0.5112055264603708, "incumbent": ["pca_whiten=''false''", "rf_max_features='0.3021465708060675'", "rf_n_estimators='203'"]}
