{"cpu_time": 0, "total_cpu_time": null, "wallclock_time": 0.00024700164794921875, "evaluations": 0, "cost": 2147483648, "incumbent": ["isomap_n_components='2'", "isomap_n_neighbors='5'", "svm_C='1.0'", "svm_gamma='1.0'"]}
{"cpu_time": 0.4862041473388672, "total_cpu_time": null, "wallclock_time": 0.5113799571990967, "evaluations": 1, "cost": 1.0093489198425352, "incumbent": ["isomap_n_components='2'", "isomap_n_neighbors='5'", "svm_C='1.0'", "svm_gamma='1.0'"]}
{"cpu_time": 1.0039842128753662, "total_cpu_time": null, "wallclock_time": 1.095343828201294, "evaluations": 2, "cost": 1.0068792696570477, "incumbent": ["isomap_n_components='2'", "isomap_n_neighbors='7'", "svm_C='94.12416540310615'", "svm_gamma='5.804177494310886'"]}
{"cpu_time": 1.4993083477020264, "total_cpu_time": null, "wallclock_time": 1.6178653240203857, "evaluations": 3, "cost": 1.0053049960618277, "incumbent": ["isomap_n_components='4'", "isomap_n_neighbors='5'", "svm_C='25.725342527255737'", "svm_gamma='2.7907769724696707'"]}
{"cpu_time": 5.421961545944214, "total_cpu_time": null, "wallclock_time": 6.023916721343994, "evaluations": 11, "cost": 1.0043718902509597, "incumbent": ["isomap_n_components='4'", "isomap_n_neighbors='5'", "svm_C='90.54227226407072'", "svm_gamma='3.6001724529254275'"]}
{"cpu_time": 9.483245611190796, "total_cpu_time": null, "wallclock_time": 10.606590509414673, "evaluations": 19, "cost": 0.9998669352675079, "incumbent": ["isomap_n_components='3'", "isomap_n_neighbors='5'", "svm_C='44.70426151766206'", "svm_gamma='3.3211973801263546'"]}
{"cpu_time": 13.544702529907227, "total_cpu_time": null, "wallclock_time": 15.23890733718872, "evaluations": 27, "cost": 0.999782865331798, "incumbent": ["isomap_n_components='4'", "isomap_n_neighbors='7'", "svm_C='4.276488422228812'", "svm_gamma='1.9701559174126142'"]}
{"cpu_time": 16.595258712768555, "total_cpu_time": null, "wallclock_time": 18.653987646102905, "evaluations": 33, "cost": 0.9995237443936841, "incumbent": ["isomap_n_components='3'", "isomap_n_neighbors='7'", "svm_C='93.71884818797504'", "svm_gamma='2.115457129688539'"]}
{"cpu_time": 18.06507158279419, "total_cpu_time": null, "wallclock_time": 20.344951152801514, "evaluations": 36, "cost": 0.9941274712075404, "incumbent": ["isomap_n_components='3'", "isomap_n_neighbors='4'", "svm_C='53.04885660859465'", "svm_gamma='1.0805707104822995'"]}
{"cpu_time": 35.41834545135498, "total_cpu_time": null, "wallclock_time": 39.99968886375427, "evaluations": 71, "cost": 0.9901685535173231, "incumbent": ["isomap_n_components='3'", "isomap_n_neighbors='5'", "svm_C='8.328573970897613'", "svm_gamma='1.2586890367429375'"]}
{"cpu_time": 43.352954626083374, "total_cpu_time": null, "wallclock_time": 48.981942892074585, "evaluations": 87, "cost": 0.9892862119885133, "incumbent": ["isomap_n_components='3'", "isomap_n_neighbors='6'", "svm_C='63.02938630646394'", "svm_gamma='1.2658067561694406'"]}
{"cpu_time": 45.84645342826843, "total_cpu_time": null, "wallclock_time": 51.83240294456482, "evaluations": 92, "cost": 0.9858714564433221, "incumbent": ["isomap_n_components='3'", "isomap_n_neighbors='6'", "svm_C='63.4240632807491'", "svm_gamma='1.0805707104822995'"]}
{"cpu_time": 55.879359006881714, "total_cpu_time": null, "wallclock_time": 63.32800030708313, "evaluations": 112, "cost": 0.9855008087105861, "incumbent": ["isomap_n_components='3'", "isomap_n_neighbors='6'", "svm_C='84.26487950015841'", "svm_gamma='1.0712443610450537'"]}
{"cpu_time": 57.86329793930054, "total_cpu_time": null, "wallclock_time": 65.59306764602661, "evaluations": 116, "cost": 0.9853297218360727, "incumbent": ["isomap_n_components='4'", "isomap_n_neighbors='5'", "svm_C='75.2076078884191'", "svm_gamma='1.0805707104822995'"]}
{"cpu_time": 58.89803147315979, "total_cpu_time": null, "wallclock_time": 66.76045179367065, "evaluations": 118, "cost": 0.9814777463036738, "incumbent": ["isomap_n_components='3'", "isomap_n_neighbors='6'", "svm_C='96.14643651809361'", "svm_gamma='0.5873369768230238'"]}
{"cpu_time": 59.908751010894775, "total_cpu_time": null, "wallclock_time": 67.95234513282776, "evaluations": 120, "cost": 0.9773490072822225, "incumbent": ["isomap_n_components='4'", "isomap_n_neighbors='6'", "svm_C='77.48967497664844'", "svm_gamma='0.5770238894489828'"]}
{"cpu_time": 60.92350912094116, "total_cpu_time": null, "wallclock_time": 69.1077208518982, "evaluations": 122, "cost": 0.9758215495695111, "incumbent": ["isomap_n_components='4'", "isomap_n_neighbors='6'", "svm_C='75.3038762988252'", "svm_gamma='0.6120551010343935'"]}
