{"cpu_time": 0, "total_cpu_time": null, "wallclock_time": 0.00015687942504882812, "evaluations": 0, "cost": 2147483648, "incumbent": ["haralick_distance='1'", "pca_whiten=''true''", "svm_C='1.0'", "svm_gamma='1.0'"]}
{"cpu_time": 28.806739807128906, "total_cpu_time": null, "wallclock_time": 28.86387801170349, "evaluations": 1, "cost": 0.4535834695249004, "incumbent": ["haralick_distance='1'", "pca_whiten=''true''", "svm_C='1.0'", "svm_gamma='1.0'"]}
{"cpu_time": 458.455584526062, "total_cpu_time": null, "wallclock_time": 460.1647446155548, "evaluations": 20, "cost": 0.4508043454509287, "incumbent": ["haralick_distance='1'", "pca_whiten=''false''", "svm_C='30.99640262923804'", "svm_gamma='1.0443871654109584'"]}
{"cpu_time": 855.6259534358978, "total_cpu_time": null, "wallclock_time": 859.2011806964874, "evaluations": 40, "cost": 0.4443384873252687, "incumbent": ["haralick_distance='1'", "pca_whiten=''true''", "svm_C='3.494561173914665'", "svm_gamma='1.0441333354374196'"]}
{"cpu_time": 1789.361482143402, "total_cpu_time": null, "wallclock_time": 1797.42333817482, "evaluations": 88, "cost": 0.4441432162584275, "incumbent": ["haralick_distance='3'", "pca_whiten=''false''", "svm_C='0.6544511943625734'", "svm_gamma='7.325656403234683'"]}
{"cpu_time": 2112.9185972213745, "total_cpu_time": null, "wallclock_time": 2122.458020210266, "evaluations": 104, "cost": 0.4386286066568948, "incumbent": ["haralick_distance='3'", "pca_whiten=''false''", "svm_C='0.2914483924937594'", "svm_gamma='6.832813496517549'"]}
{"cpu_time": 2154.1426668167114, "total_cpu_time": null, "wallclock_time": 2164.004052877426, "evaluations": 106, "cost": 0.43791181868747325, "incumbent": ["haralick_distance='3'", "pca_whiten=''false''", "svm_C='0.2914483924937594'", "svm_gamma='6.722528603987288'"]}
{"cpu_time": 2468.624263525009, "total_cpu_time": null, "wallclock_time": 2480.042948484421, "evaluations": 122, "cost": 0.43788771696508455, "incumbent": ["haralick_distance='3'", "pca_whiten=''false''", "svm_C='0.32326678514605034'", "svm_gamma='5.241259849402418'"]}
{"cpu_time": 3445.8766763210297, "total_cpu_time": null, "wallclock_time": 3462.5021901130676, "evaluations": 206, "cost": 0.4336191941368332, "incumbent": ["haralick_distance='3'", "pca_whiten=''false''", "svm_C='0.4458091828901838'", "svm_gamma='7.444284736896563'"]}
{"cpu_time": 4386.83531999588, "total_cpu_time": null, "wallclock_time": 4408.376305818558, "evaluations": 298, "cost": 0.43263703701090894, "incumbent": ["haralick_distance='3'", "pca_whiten=''true''", "svm_C='0.43891124978830187'", "svm_gamma='4.868011862838319'"]}
{"cpu_time": 4899.726716518402, "total_cpu_time": null, "wallclock_time": 4924.152599573135, "evaluations": 348, "cost": 0.4297540409100269, "incumbent": ["haralick_distance='3'", "pca_whiten=''true''", "svm_C='0.4458091828901838'", "svm_gamma='7.061224837783862'"]}
