{"cpu_time": 0, "total_cpu_time": null, "wallclock_time": 0.0006482601165771484, "evaluations": 0, "cost": 2147483648, "incumbent": ["haralick_distance='1'", "pca_whiten=''true''", "rf_max_features='0.5'", "rf_n_estimators='10'"]}
{"cpu_time": 141.90722393989563, "total_cpu_time": null, "wallclock_time": 141.95633578300476, "evaluations": 1, "cost": 8.743970996271065, "incumbent": ["haralick_distance='1'", "pca_whiten=''true''", "rf_max_features='0.5'", "rf_n_estimators='10'"]}
{"cpu_time": 276.9489789009094, "total_cpu_time": null, "wallclock_time": 277.16846776008606, "evaluations": 2, "cost": 3.933715075374833, "incumbent": ["haralick_distance='1'", "pca_whiten=''true''", "rf_max_features='0.5914675755540864'", "rf_n_estimators='259'"]}
{"cpu_time": 420.8395655155182, "total_cpu_time": null, "wallclock_time": 421.10685420036316, "evaluations": 3, "cost": 1.6019669415054503, "incumbent": ["haralick_distance='2'", "pca_whiten=''true''", "rf_max_features='0.49829813910866494'", "rf_n_estimators='39'"]}
{"cpu_time": 555.1379454135895, "total_cpu_time": null, "wallclock_time": 555.5652439594269, "evaluations": 4, "cost": 1.2617771209223572, "incumbent": ["haralick_distance='2'", "pca_whiten=''false''", "rf_max_features='0.7749277535405971'", "rf_n_estimators='140'"]}
{"cpu_time": 692.7911283969879, "total_cpu_time": null, "wallclock_time": 693.2943344116211, "evaluations": 5, "cost": 1.181402661621885, "incumbent": ["haralick_distance='2'", "pca_whiten=''true''", "rf_max_features='0.36113899979178665'", "rf_n_estimators='248'"]}
{"cpu_time": 1555.3509995937347, "total_cpu_time": null, "wallclock_time": 1556.54452586174, "evaluations": 13, "cost": 1.1658187499451766, "incumbent": ["haralick_distance='2'", "pca_whiten=''false''", "rf_max_features='0.7295696968463088'", "rf_n_estimators='128'"]}
{"cpu_time": 3067.497866153717, "total_cpu_time": null, "wallclock_time": 3070.0652661323547, "evaluations": 29, "cost": 1.1070836275043145, "incumbent": ["haralick_distance='3'", "pca_whiten=''true''", "rf_max_features='0.49413803478057056'", "rf_n_estimators='245'"]}
{"cpu_time": 3356.973617553711, "total_cpu_time": null, "wallclock_time": 3359.9594781398773, "evaluations": 32, "cost": 1.1051536069363055, "incumbent": ["haralick_distance='3'", "pca_whiten=''false''", "rf_max_features='0.6557252651338952'", "rf_n_estimators='266'"]}
{"cpu_time": 6747.364776611328, "total_cpu_time": null, "wallclock_time": 6753.715665102005, "evaluations": 67, "cost": 1.1043797375189883, "incumbent": ["haralick_distance='2'", "pca_whiten=''false''", "rf_max_features='0.7855629732411549'", "rf_n_estimators='276'"]}
{"cpu_time": 7487.731817007065, "total_cpu_time": null, "wallclock_time": 7494.771030187607, "evaluations": 75, "cost": 1.1016973749543992, "incumbent": ["haralick_distance='2'", "pca_whiten=''false''", "rf_max_features='0.48252234593770243'", "rf_n_estimators='273'"]}
{"cpu_time": 11513.687460660934, "total_cpu_time": null, "wallclock_time": 11525.645469427109, "evaluations": 118, "cost": 1.0288413046221125, "incumbent": ["haralick_distance='3'", "pca_whiten=''false''", "rf_max_features='0.519844408803671'", "rf_n_estimators='294'"]}
{"cpu_time": 12463.669688463211, "total_cpu_time": null, "wallclock_time": 12476.52592253685, "evaluations": 128, "cost": 1.0045130037178447, "incumbent": ["haralick_distance='2'", "pca_whiten=''false''", "rf_max_features='0.5578154380038225'", "rf_n_estimators='294'"]}
