{"cpu_time": 0, "total_cpu_time": null, "wallclock_time": 0.0001251697540283203, "evaluations": 0, "cost": 2147483648, "incumbent": ["isomap_n_components='2'", "isomap_n_neighbors='5'", "rf_max_features='0.5'", "rf_n_estimators='10'"]}
{"cpu_time": 0.571305513381958, "total_cpu_time": null, "wallclock_time": 0.5881397724151611, "evaluations": 1, "cost": 5.635024008588444, "incumbent": ["isomap_n_components='2'", "isomap_n_neighbors='5'", "rf_max_features='0.5'", "rf_n_estimators='10'"]}
{"cpu_time": 2.142521858215332, "total_cpu_time": null, "wallclock_time": 2.199124574661255, "evaluations": 2, "cost": 2.0132733360972694, "incumbent": ["isomap_n_components='2'", "isomap_n_neighbors='7'", "rf_max_features='0.7705914184339647'", "rf_n_estimators='220'"]}
{"cpu_time": 3.0664350986480713, "total_cpu_time": null, "wallclock_time": 3.140913724899292, "evaluations": 3, "cost": 1.8458482830602232, "incumbent": ["isomap_n_components='4'", "isomap_n_neighbors='5'", "rf_max_features='0.42825496760388254'", "rf_n_estimators='109'"]}
{"cpu_time": 10.089053869247437, "total_cpu_time": null, "wallclock_time": 10.442789793014526, "evaluations": 10, "cost": 1.7622039826205131, "incumbent": ["isomap_n_components='4'", "isomap_n_neighbors='5'", "rf_max_features='0.6375496927616484'", "rf_n_estimators='109'"]}
{"cpu_time": 21.37455415725708, "total_cpu_time": null, "wallclock_time": 22.317395210266113, "evaluations": 21, "cost": 1.6997341299028792, "incumbent": ["isomap_n_components='4'", "isomap_n_neighbors='6'", "rf_max_features='0.3908563055255074'", "rf_n_estimators='252'"]}
{"cpu_time": 23.85562252998352, "total_cpu_time": null, "wallclock_time": 24.9100923538208, "evaluations": 23, "cost": 1.5739887486197495, "incumbent": ["isomap_n_components='4'", "isomap_n_neighbors='7'", "rf_max_features='0.6343316352444657'", "rf_n_estimators='296'"]}
{"cpu_time": 40.980541944503784, "total_cpu_time": null, "wallclock_time": 42.8765869140625, "evaluations": 37, "cost": 1.4722712144986378, "incumbent": ["isomap_n_components='4'", "isomap_n_neighbors='7'", "rf_max_features='0.46859709749464196'", "rf_n_estimators='281'"]}
{"cpu_time": 45.51165318489075, "total_cpu_time": null, "wallclock_time": 47.73378252983093, "evaluations": 41, "cost": 1.4535089263766678, "incumbent": ["isomap_n_components='3'", "isomap_n_neighbors='4'", "rf_max_features='0.5346840550934839'", "rf_n_estimators='241'"]}
