{"cpu_time": 0, "total_cpu_time": null, "wallclock_time": 0.0016474723815917969, "evaluations": 0, "cost": 2147483648, "incumbent": ["pca_whiten=''true''", "rf_max_features='0.5'", "rf_n_estimators='10'"]}
{"cpu_time": 0.5873677730560303, "total_cpu_time": null, "wallclock_time": 0.6330418586730957, "evaluations": 1, "cost": 1.9259745043047511, "incumbent": ["pca_whiten=''true''", "rf_max_features='0.5'", "rf_n_estimators='10'"]}
{"cpu_time": 4.389156103134155, "total_cpu_time": null, "wallclock_time": 4.5222814083099365, "evaluations": 2, "cost": 0.7089599089832098, "incumbent": ["pca_whiten=''true''", "rf_max_features='0.6263875900678313'", "rf_n_estimators='178'"]}
{"cpu_time": 18.389729976654053, "total_cpu_time": null, "wallclock_time": 18.707831144332886, "evaluations": 5, "cost": 0.7052011265330309, "incumbent": ["pca_whiten=''true''", "rf_max_features='0.6948449041611862'", "rf_n_estimators='249'"]}
{"cpu_time": 24.367438793182373, "total_cpu_time": null, "wallclock_time": 24.789026260375977, "evaluations": 6, "cost": 0.7033196344275892, "incumbent": ["pca_whiten=''true''", "rf_max_features='0.6483339395381182'", "rf_n_estimators='285'"]}
{"cpu_time": 30.07147192955017, "total_cpu_time": null, "wallclock_time": 30.535311222076416, "evaluations": 7, "cost": 0.6987755426853486, "incumbent": ["pca_whiten=''false''", "rf_max_features='0.5169655679501186'", "rf_n_estimators='270'"]}
{"cpu_time": 44.87044310569763, "total_cpu_time": null, "wallclock_time": 45.63474726676941, "evaluations": 11, "cost": 0.6980566186373621, "incumbent": ["pca_whiten=''true''", "rf_max_features='0.7898269852068684'", "rf_n_estimators='295'"]}
{"cpu_time": 70.12234044075012, "total_cpu_time": null, "wallclock_time": 71.67867851257324, "evaluations": 20, "cost": 0.695990934211316, "incumbent": ["pca_whiten=''false''", "rf_max_features='0.46668466439754264'", "rf_n_estimators='258'"]}
{"cpu_time": 87.70005702972412, "total_cpu_time": null, "wallclock_time": 89.77809524536133, "evaluations": 27, "cost": 0.6951748370383558, "incumbent": ["pca_whiten=''false''", "rf_max_features='0.47462449136627766'", "rf_n_estimators='69'"]}
{"cpu_time": 193.81464457511902, "total_cpu_time": null, "wallclock_time": 199.07227873802185, "evaluations": 65, "cost": 0.6945367308745206, "incumbent": ["pca_whiten=''true''", "rf_max_features='0.5346840550934839'", "rf_n_estimators='241'"]}
{"cpu_time": 225.0230975151062, "total_cpu_time": null, "wallclock_time": 231.13706803321838, "evaluations": 75, "cost": 0.6911679254070723, "incumbent": ["pca_whiten=''false''", "rf_max_features='0.781554189962814'", "rf_n_estimators='187'"]}
