{"cpu_time": 0, "total_cpu_time": null, "wallclock_time": 9.179115295410156e-05, "evaluations": 0, "cost": 2147483648, "incumbent": ["pca_whiten=''true''", "rf_max_features='0.5'", "rf_n_estimators='10'"]}
{"cpu_time": 0.4857344627380371, "total_cpu_time": null, "wallclock_time": 0.5108721256256104, "evaluations": 1, "cost": 1.9206190229172206, "incumbent": ["pca_whiten=''true''", "rf_max_features='0.5'", "rf_n_estimators='10'"]}
{"cpu_time": 1.6965441703796387, "total_cpu_time": null, "wallclock_time": 1.7526724338531494, "evaluations": 2, "cost": 0.6972066848592737, "incumbent": ["pca_whiten=''true''", "rf_max_features='0.6263875900678313'", "rf_n_estimators='178'"]}
{"cpu_time": 29.534899711608887, "total_cpu_time": null, "wallclock_time": 30.235493898391724, "evaluations": 25, "cost": 0.6941147890176053, "incumbent": ["pca_whiten=''true''", "rf_max_features='0.6475433734008502'", "rf_n_estimators='211'"]}
