{"cpu_time": 0, "total_cpu_time": null, "wallclock_time": 0.00024175643920898438, "evaluations": 0, "cost": 2147483648, "incumbent": ["svm_C='1.0'", "svm_gamma='1.0'"]}
{"cpu_time": 3.8969826698303223, "total_cpu_time": null, "wallclock_time": 3.931907892227173, "evaluations": 1, "cost": 0.5139971836595528, "incumbent": ["svm_C='1.0'", "svm_gamma='1.0'"]}
{"cpu_time": 59.36285614967346, "total_cpu_time": null, "wallclock_time": 60.40063548088074, "evaluations": 19, "cost": 0.5106111816657642, "incumbent": ["svm_C='8.782590000989163'", "svm_gamma='0.7972399206353589'"]}
{"cpu_time": 62.12666583061218, "total_cpu_time": null, "wallclock_time": 63.241212368011475, "evaluations": 20, "cost": 0.5075423636540907, "incumbent": ["svm_C='5.204598881547159'", "svm_gamma='0.32439856657700533'"]}
{"cpu_time": 96.65555834770203, "total_cpu_time": null, "wallclock_time": 98.46572232246399, "evaluations": 34, "cost": 0.5067618715793185, "incumbent": ["svm_C='14.60491094631461'", "svm_gamma='0.19126775750134556'"]}
{"cpu_time": 105.4011857509613, "total_cpu_time": null, "wallclock_time": 107.37555027008057, "evaluations": 38, "cost": 0.5067544757701792, "incumbent": ["svm_C='9.242585191626489'", "svm_gamma='0.04578173476599791'"]}
{"cpu_time": 127.97352623939514, "total_cpu_time": null, "wallclock_time": 130.33838367462158, "evaluations": 47, "cost": 0.503478916433589, "incumbent": ["svm_C='9.98277708017392'", "svm_gamma='0.23117231880234249'"]}
{"cpu_time": 150.3713195323944, "total_cpu_time": null, "wallclock_time": 153.20313835144043, "evaluations": 55, "cost": 0.5025237396917033, "incumbent": ["svm_C='16.280066756252424'", "svm_gamma='0.18907633349793868'"]}
{"cpu_time": 163.23920321464539, "total_cpu_time": null, "wallclock_time": 166.4005618095398, "evaluations": 60, "cost": 0.502130731354824, "incumbent": ["svm_C='15.80545890290211'", "svm_gamma='0.06555428358364027'"]}
{"cpu_time": 210.48649740219116, "total_cpu_time": null, "wallclock_time": 214.53803825378418, "evaluations": 77, "cost": 0.4745103546407592, "incumbent": ["svm_C='41.06003460236968'", "svm_gamma='0.011823934242050332'"]}
{"cpu_time": 376.46925377845764, "total_cpu_time": null, "wallclock_time": 383.8387920856476, "evaluations": 142, "cost": 0.46942091423483867, "incumbent": ["svm_C='11.090175791319837'", "svm_gamma='0.016463054371353765'"]}
{"cpu_time": 428.9399266242981, "total_cpu_time": null, "wallclock_time": 437.415962934494, "evaluations": 161, "cost": 0.46488568234969724, "incumbent": ["svm_C='88.91955134615759'", "svm_gamma='0.010581690396649066'"]}
{"cpu_time": 440.09342765808105, "total_cpu_time": null, "wallclock_time": 448.8937919139862, "evaluations": 165, "cost": 0.4483276804743393, "incumbent": ["svm_C='27.82395357370212'", "svm_gamma='0.010577512705467015'"]}
{"cpu_time": 556.3350045681, "total_cpu_time": null, "wallclock_time": 567.839314699173, "evaluations": 207, "cost": 0.4422352561768152, "incumbent": ["svm_C='87.69285814817376'", "svm_gamma='0.010581690396649066'"]}
