{"cpu_time": 0, "total_cpu_time": null, "wallclock_time": 0.00011706352233886719, "evaluations": 0, "cost": 2147483648, "incumbent": ["pca_whiten=''true''", "svm_C='1.0'", "svm_gamma='1.0'"]}
{"cpu_time": 1.3379623889923096, "total_cpu_time": null, "wallclock_time": 1.3808212280273438, "evaluations": 1, "cost": 0.8956703846125577, "incumbent": ["pca_whiten=''true''", "svm_C='1.0'", "svm_gamma='1.0'"]}
{"cpu_time": 14.351701259613037, "total_cpu_time": null, "wallclock_time": 15.018664836883545, "evaluations": 10, "cost": 0.879572769453762, "incumbent": ["pca_whiten=''true''", "svm_C='28.47602111141865'", "svm_gamma='0.8905090834586253'"]}
{"cpu_time": 23.59315776824951, "total_cpu_time": null, "wallclock_time": 24.640966176986694, "evaluations": 16, "cost": 0.7603370022819478, "incumbent": ["pca_whiten=''false''", "svm_C='96.57050164881632'", "svm_gamma='0.16294281940752972'"]}
{"cpu_time": 30.153671741485596, "total_cpu_time": null, "wallclock_time": 31.46355962753296, "evaluations": 20, "cost": 0.7394277832028685, "incumbent": ["pca_whiten=''true''", "svm_C='94.33098207960246'", "svm_gamma='0.11168777361183017'"]}
{"cpu_time": 44.26717162132263, "total_cpu_time": null, "wallclock_time": 46.02077627182007, "evaluations": 29, "cost": 0.7003091449153126, "incumbent": ["pca_whiten=''false''", "svm_C='62.50814177672008'", "svm_gamma='0.028977341676197955'"]}
{"cpu_time": 57.34799599647522, "total_cpu_time": null, "wallclock_time": 59.489447832107544, "evaluations": 38, "cost": 0.6945076658398803, "incumbent": ["pca_whiten=''true''", "svm_C='86.67473465805112'", "svm_gamma='0.025648320897559432'"]}
{"cpu_time": 62.670833587646484, "total_cpu_time": null, "wallclock_time": 65.02828931808472, "evaluations": 42, "cost": 0.6894854430818955, "incumbent": ["pca_whiten=''true''", "svm_C='49.756217706260564'", "svm_gamma='0.03505810769967766'"]}
{"cpu_time": 74.08106255531311, "total_cpu_time": null, "wallclock_time": 76.93152713775635, "evaluations": 50, "cost": 0.6849282585964117, "incumbent": ["pca_whiten=''true''", "svm_C='30.407786163581463'", "svm_gamma='0.04534454270755194'"]}
{"cpu_time": 76.78589653968811, "total_cpu_time": null, "wallclock_time": 79.71280121803284, "evaluations": 52, "cost": 0.6848868106158252, "incumbent": ["pca_whiten=''false''", "svm_C='16.425394382502834'", "svm_gamma='0.04948533159718488'"]}
{"cpu_time": 214.91004037857056, "total_cpu_time": null, "wallclock_time": 223.84063243865967, "evaluations": 142, "cost": 0.6827885108240674, "incumbent": ["pca_whiten=''true''", "svm_C='2.507559635127544'", "svm_gamma='0.09123811723490802'"]}
{"cpu_time": 334.43059730529785, "total_cpu_time": null, "wallclock_time": 347.97301292419434, "evaluations": 220, "cost": 0.6676422790651507, "incumbent": ["pca_whiten=''false''", "svm_C='4.0358917377973915'", "svm_gamma='0.06578559471328779'"]}
