{"cpu_time": 0, "total_cpu_time": null, "wallclock_time": 2.8133392333984375e-05, "evaluations": 0, "cost": 2147483648, "incumbent": []}
{"cpu_time": 0.3290579319000244, "total_cpu_time": null, "wallclock_time": 0.34319114685058594, "evaluations": 1, "cost": 8.270578491313731, "incumbent": []}
