{"cpu_time": 0, "total_cpu_time": null, "wallclock_time": 0.00012874603271484375, "evaluations": 0, "cost": 2147483648, "incumbent": ["isomap_n_components='2'", "isomap_n_neighbors='5'", "svm_C='0.1'", "svm_gamma='4.005'"]}
{"cpu_time": 0.6900539398193359, "total_cpu_time": null, "wallclock_time": 0.7055890560150146, "evaluations": 1, "cost": 0.37497285341025255, "incumbent": ["isomap_n_components='2'", "isomap_n_neighbors='5'", "svm_C='0.1'", "svm_gamma='4.005'"]}
{"cpu_time": 2.8399441242218018, "total_cpu_time": null, "wallclock_time": 2.9605019092559814, "evaluations": 4, "cost": 0.3659692884605845, "incumbent": ["isomap_n_components='4'", "isomap_n_neighbors='6'", "svm_C='75.025'", "svm_gamma='0.01'"]}
{"cpu_time": 9.137142419815063, "total_cpu_time": null, "wallclock_time": 9.548986434936523, "evaluations": 13, "cost": 0.34880230502214554, "incumbent": ["isomap_n_components='4'", "isomap_n_neighbors='5'", "svm_C='50.050000000000004'", "svm_gamma='0.01'"]}
{"cpu_time": 20.335875034332275, "total_cpu_time": null, "wallclock_time": 21.347368001937866, "evaluations": 29, "cost": 0.33806158816541415, "incumbent": ["isomap_n_components='2'", "isomap_n_neighbors='3'", "svm_C='0.1'", "svm_gamma='6.0024999999999995'"]}
{"cpu_time": 20.962223768234253, "total_cpu_time": null, "wallclock_time": 22.02328634262085, "evaluations": 30, "cost": 0.3359146405642926, "incumbent": ["isomap_n_components='2'", "isomap_n_neighbors='3'", "svm_C='0.1'", "svm_gamma='4.005'"]}
