{"cpu_time": 0, "total_cpu_time": null, "wallclock_time": 0.0005156993865966797, "evaluations": 0, "cost": 2147483648, "incumbent": ["haralick_distance='1'", "pca_whiten=''true''", "svm_C='1.0'", "svm_gamma='1.0'"]}
{"cpu_time": 134.43078875541687, "total_cpu_time": null, "wallclock_time": 134.47816371917725, "evaluations": 1, "cost": 0.921698399198874, "incumbent": ["haralick_distance='1'", "pca_whiten=''true''", "svm_C='1.0'", "svm_gamma='1.0'"]}
{"cpu_time": 411.4970211982727, "total_cpu_time": null, "wallclock_time": 411.7860589027405, "evaluations": 3, "cost": 0.7994507435169905, "incumbent": ["haralick_distance='2'", "pca_whiten=''true''", "svm_C='39.719968193911264'", "svm_gamma='0.8615789437416754'"]}
{"cpu_time": 1278.828758239746, "total_cpu_time": null, "wallclock_time": 1279.9443998336792, "evaluations": 10, "cost": 0.7939960904549669, "incumbent": ["haralick_distance='2'", "pca_whiten=''true''", "svm_C='38.38799284690124'", "svm_gamma='0.7476696977530946'"]}
{"cpu_time": 2293.282646179199, "total_cpu_time": null, "wallclock_time": 2295.1938815116882, "evaluations": 20, "cost": 0.7570619615969202, "incumbent": ["haralick_distance='3'", "pca_whiten=''true''", "svm_C='93.90142144395442'", "svm_gamma='0.12560780270475738'"]}
{"cpu_time": 2686.4272158145905, "total_cpu_time": null, "wallclock_time": 2688.604579925537, "evaluations": 24, "cost": 0.7494292420041916, "incumbent": ["haralick_distance='3'", "pca_whiten=''false''", "svm_C='94.64993142282923'", "svm_gamma='0.2902559072885291'"]}
{"cpu_time": 7518.353025197983, "total_cpu_time": null, "wallclock_time": 7525.224162578583, "evaluations": 76, "cost": 0.748478865624778, "incumbent": ["haralick_distance='3'", "pca_whiten=''false''", "svm_C='40.254957627713466'", "svm_gamma='0.5368403437218331'"]}
{"cpu_time": 7711.0013422966, "total_cpu_time": null, "wallclock_time": 7718.07633972168, "evaluations": 78, "cost": 0.7428358127913645, "incumbent": ["haralick_distance='3'", "pca_whiten=''false''", "svm_C='18.26457628189871'", "svm_gamma='0.3392847066920601'"]}
