{"cpu_time": 0, "total_cpu_time": null, "wallclock_time": 0.0001690387725830078, "evaluations": 0, "cost": 2147483648, "incumbent": ["haralick_distance='1'", "pca_whiten=''true''", "rf_max_features='0.5'", "rf_n_estimators='10'"]}
{"cpu_time": 30.000323057174683, "total_cpu_time": null, "wallclock_time": 30.024292707443237, "evaluations": 1, "cost": 4.131613504278392, "incumbent": ["haralick_distance='1'", "pca_whiten=''true''", "rf_max_features='0.5'", "rf_n_estimators='10'"]}
{"cpu_time": 60.85158729553223, "total_cpu_time": null, "wallclock_time": 61.04633021354675, "evaluations": 2, "cost": 2.1933272008900473, "incumbent": ["haralick_distance='1'", "pca_whiten=''true''", "rf_max_features='0.5914675755540864'", "rf_n_estimators='259'"]}
{"cpu_time": 90.34320449829102, "total_cpu_time": null, "wallclock_time": 90.5837619304657, "evaluations": 3, "cost": 2.0706005785575394, "incumbent": ["haralick_distance='2'", "pca_whiten=''true''", "rf_max_features='0.49829813910866494'", "rf_n_estimators='39'"]}
{"cpu_time": 156.50969314575195, "total_cpu_time": null, "wallclock_time": 157.0065062046051, "evaluations": 5, "cost": 1.6456375024699434, "incumbent": ["haralick_distance='2'", "pca_whiten=''true''", "rf_max_features='0.36113899979178665'", "rf_n_estimators='248'"]}
{"cpu_time": 190.61943650245667, "total_cpu_time": null, "wallclock_time": 191.30192112922668, "evaluations": 6, "cost": 0.34743923321426456, "incumbent": ["haralick_distance='3'", "pca_whiten=''true''", "rf_max_features='0.5831730167358328'", "rf_n_estimators='256'"]}
{"cpu_time": 432.14665484428406, "total_cpu_time": null, "wallclock_time": 433.5800461769104, "evaluations": 16, "cost": 0.3471023770977635, "incumbent": ["haralick_distance='3'", "pca_whiten=''true''", "rf_max_features='0.7353863744728925'", "rf_n_estimators='264'"]}
{"cpu_time": 628.5549039840698, "total_cpu_time": null, "wallclock_time": 630.8859272003174, "evaluations": 26, "cost": 0.3217953857147699, "incumbent": ["haralick_distance='3'", "pca_whiten=''true''", "rf_max_features='0.7878433775098695'", "rf_n_estimators='51'"]}
