{"cpu_time": 0, "total_cpu_time": null, "wallclock_time": 0.00010180473327636719, "evaluations": 0, "cost": 2147483648, "incumbent": ["pca_whiten=''true''", "rf_max_features='0.5'", "rf_n_estimators='10'"]}
{"cpu_time": 0.5096118450164795, "total_cpu_time": null, "wallclock_time": 0.5266819000244141, "evaluations": 1, "cost": 4.5373399694079115, "incumbent": ["pca_whiten=''true''", "rf_max_features='0.5'", "rf_n_estimators='10'"]}
{"cpu_time": 1.9307358264923096, "total_cpu_time": null, "wallclock_time": 1.9822077751159668, "evaluations": 2, "cost": 1.73158050896686, "incumbent": ["pca_whiten=''true''", "rf_max_features='0.6263875900678313'", "rf_n_estimators='178'"]}
{"cpu_time": 3.275796413421631, "total_cpu_time": null, "wallclock_time": 3.344676971435547, "evaluations": 3, "cost": 1.4552643564115246, "incumbent": ["pca_whiten=''false''", "rf_max_features='0.3021465708060675'", "rf_n_estimators='203'"]}
{"cpu_time": 8.075841903686523, "total_cpu_time": null, "wallclock_time": 8.25013256072998, "evaluations": 6, "cost": 1.3714717391616718, "incumbent": ["pca_whiten=''true''", "rf_max_features='0.6483339395381182'", "rf_n_estimators='285'"]}
{"cpu_time": 16.48924469947815, "total_cpu_time": null, "wallclock_time": 16.886853456497192, "evaluations": 12, "cost": 1.2938957272410745, "incumbent": ["pca_whiten=''false''", "rf_max_features='0.5529909606500523'", "rf_n_estimators='195'"]}
{"cpu_time": 60.73078489303589, "total_cpu_time": null, "wallclock_time": 62.59739351272583, "evaluations": 50, "cost": 1.2224154684978774, "incumbent": ["pca_whiten=''true''", "rf_max_features='0.5843522289969734'", "rf_n_estimators='300'"]}
