{"cpu_time": 0, "total_cpu_time": null, "wallclock_time": 2.6464462280273438e-05, "evaluations": 0, "cost": 2147483648, "incumbent": []}
{"cpu_time": 0.36725521087646484, "total_cpu_time": null, "wallclock_time": 0.38343214988708496, "evaluations": 1, "cost": 4.523783664383298, "incumbent": []}
