{"cpu_time": 0, "total_cpu_time": null, "wallclock_time": 0.00010371208190917969, "evaluations": 0, "cost": 2147483648, "incumbent": ["isomap_n_components='2'", "isomap_n_neighbors='5'", "svm_C='1.0'", "svm_gamma='1.0'"]}
{"cpu_time": 0.6648313999176025, "total_cpu_time": null, "wallclock_time": 0.6808934211730957, "evaluations": 1, "cost": 0.9475946883939915, "incumbent": ["isomap_n_components='2'", "isomap_n_neighbors='5'", "svm_C='1.0'", "svm_gamma='1.0'"]}
{"cpu_time": 11.358954191207886, "total_cpu_time": null, "wallclock_time": 12.11112380027771, "evaluations": 18, "cost": 0.9451400964175907, "incumbent": ["isomap_n_components='4'", "isomap_n_neighbors='3'", "svm_C='12.947154247140407'", "svm_gamma='0.47902329084249995'"]}
{"cpu_time": 14.918172836303711, "total_cpu_time": null, "wallclock_time": 15.962944507598877, "evaluations": 24, "cost": 0.9421962291354103, "incumbent": ["isomap_n_components='4'", "isomap_n_neighbors='6'", "svm_C='2.737041847679218'", "svm_gamma='1.026626851143717'"]}
{"cpu_time": 29.499298095703125, "total_cpu_time": null, "wallclock_time": 31.695903301239014, "evaluations": 47, "cost": 0.9328013877575075, "incumbent": ["isomap_n_components='4'", "isomap_n_neighbors='5'", "svm_C='12.947154247140407'", "svm_gamma='0.47902329084249995'"]}
{"cpu_time": 41.898775577545166, "total_cpu_time": null, "wallclock_time": 45.17026925086975, "evaluations": 66, "cost": 0.9274475753071174, "incumbent": ["isomap_n_components='4'", "isomap_n_neighbors='7'", "svm_C='66.63865114982391'", "svm_gamma='0.07103999053931757'"]}
{"cpu_time": 52.2675302028656, "total_cpu_time": null, "wallclock_time": 56.48005747795105, "evaluations": 82, "cost": 0.9171152450506725, "incumbent": ["isomap_n_components='4'", "isomap_n_neighbors='7'", "svm_C='27.82395357370212'", "svm_gamma='0.010577512705467015'"]}
