{"cpu_time": 0, "total_cpu_time": null, "wallclock_time": 0.0003097057342529297, "evaluations": 0, "cost": 2147483648, "incumbent": ["pca_whiten=''true''", "svm_C='1.0'", "svm_gamma='1.0'"]}
{"cpu_time": 5.660590648651123, "total_cpu_time": null, "wallclock_time": 5.817256927490234, "evaluations": 1, "cost": 0.894845543858461, "incumbent": ["pca_whiten=''true''", "svm_C='1.0'", "svm_gamma='1.0'"]}
{"cpu_time": 41.768325090408325, "total_cpu_time": null, "wallclock_time": 43.04102873802185, "evaluations": 10, "cost": 0.8849709107888132, "incumbent": ["pca_whiten=''true''", "svm_C='28.47602111141865'", "svm_gamma='0.8905090834586253'"]}
{"cpu_time": 57.4949746131897, "total_cpu_time": null, "wallclock_time": 59.14116668701172, "evaluations": 14, "cost": 0.8500030630652224, "incumbent": ["pca_whiten=''false''", "svm_C='35.6177788970462'", "svm_gamma='0.6139953250167454'"]}
{"cpu_time": 64.99859642982483, "total_cpu_time": null, "wallclock_time": 66.85238766670227, "evaluations": 16, "cost": 0.7159076469693516, "incumbent": ["pca_whiten=''true''", "svm_C='28.231962841315056'", "svm_gamma='0.0912300913367171'"]}
{"cpu_time": 95.15634441375732, "total_cpu_time": null, "wallclock_time": 97.86147737503052, "evaluations": 24, "cost": 0.7089356889960232, "incumbent": ["pca_whiten=''true''", "svm_C='42.07900162883704'", "svm_gamma='0.06356594009480018'"]}
{"cpu_time": 109.28102946281433, "total_cpu_time": null, "wallclock_time": 112.8784351348877, "evaluations": 29, "cost": 0.6896128355547942, "incumbent": ["pca_whiten=''false''", "svm_C='62.50814177672008'", "svm_gamma='0.028977341676197955'"]}
{"cpu_time": 127.35474300384521, "total_cpu_time": null, "wallclock_time": 131.74669122695923, "evaluations": 34, "cost": 0.686583693084927, "incumbent": ["pca_whiten=''false''", "svm_C='3.624881556188423'", "svm_gamma='0.048648183648603835'"]}
{"cpu_time": 152.77717757225037, "total_cpu_time": null, "wallclock_time": 157.9358458518982, "evaluations": 40, "cost": 0.6760010236688391, "incumbent": ["pca_whiten=''false''", "svm_C='14.167313261295256'", "svm_gamma='0.03607685347522955'"]}
{"cpu_time": 258.9695653915405, "total_cpu_time": null, "wallclock_time": 268.0291302204132, "evaluations": 70, "cost": 0.6731679047627637, "incumbent": ["pca_whiten=''true''", "svm_C='12.201828227218376'", "svm_gamma='0.048648183648603835'"]}
{"cpu_time": 381.3096969127655, "total_cpu_time": null, "wallclock_time": 394.36461448669434, "evaluations": 104, "cost": 0.6712730366421481, "incumbent": ["pca_whiten=''false''", "svm_C='12.201828227218376'", "svm_gamma='0.048648183648603835'"]}
{"cpu_time": 401.929443359375, "total_cpu_time": null, "wallclock_time": 415.49973726272583, "evaluations": 110, "cost": 0.6708608841440001, "incumbent": ["pca_whiten=''false''", "svm_C='7.28568441462666'", "svm_gamma='0.048648183648603835'"]}
{"cpu_time": 476.3477976322174, "total_cpu_time": null, "wallclock_time": 492.1244218349457, "evaluations": 131, "cost": 0.6701384754455372, "incumbent": ["pca_whiten=''false''", "svm_C='6.090481090620175'", "svm_gamma='0.046136432603175646'"]}
{"cpu_time": 747.4324028491974, "total_cpu_time": null, "wallclock_time": 771.9464402198792, "evaluations": 212, "cost": 0.6642381600553868, "incumbent": ["pca_whiten=''true''", "svm_C='7.28568441462666'", "svm_gamma='0.048648183648603835'"]}
