{"cpu_time": 0, "total_cpu_time": null, "wallclock_time": 0.00010585784912109375, "evaluations": 0, "cost": 2147483648, "incumbent": ["pca_whiten=''true''", "svm_C='1.0'", "svm_gamma='1.0'"]}
{"cpu_time": 29.786078453063965, "total_cpu_time": null, "wallclock_time": 29.858642578125, "evaluations": 1, "cost": 0.9005387848234706, "incumbent": ["pca_whiten=''true''", "svm_C='1.0'", "svm_gamma='1.0'"]}
{"cpu_time": 40.24358367919922, "total_cpu_time": null, "wallclock_time": 40.599924087524414, "evaluations": 10, "cost": 0.8822566438881815, "incumbent": ["pca_whiten=''true''", "svm_C='28.47602111141865'", "svm_gamma='0.8905090834586253'"]}
{"cpu_time": 46.85032916069031, "total_cpu_time": null, "wallclock_time": 47.39948511123657, "evaluations": 16, "cost": 0.7266286444880934, "incumbent": ["pca_whiten=''false''", "svm_C='13.125856607977637'", "svm_gamma='0.13372063084608543'"]}
{"cpu_time": 61.77568078041077, "total_cpu_time": null, "wallclock_time": 62.76947259902954, "evaluations": 29, "cost": 0.6994748788478699, "incumbent": ["pca_whiten=''false''", "svm_C='62.50814177672008'", "svm_gamma='0.028977341676197955'"]}
{"cpu_time": 77.9276819229126, "total_cpu_time": null, "wallclock_time": 79.36509656906128, "evaluations": 42, "cost": 0.6877961339258029, "incumbent": ["pca_whiten=''true''", "svm_C='49.756217706260564'", "svm_gamma='0.03505810769967766'"]}
{"cpu_time": 80.32960653305054, "total_cpu_time": null, "wallclock_time": 81.83483529090881, "evaluations": 44, "cost": 0.6834255728876938, "incumbent": ["pca_whiten=''false''", "svm_C='34.79919676283667'", "svm_gamma='0.02789671978652806'"]}
{"cpu_time": 145.74585342407227, "total_cpu_time": null, "wallclock_time": 148.92371773719788, "evaluations": 83, "cost": 0.6811613146786261, "incumbent": ["pca_whiten=''true''", "svm_C='1.247020441892029'", "svm_gamma='0.062095883768791854'"]}
{"cpu_time": 159.28479981422424, "total_cpu_time": null, "wallclock_time": 162.88613605499268, "evaluations": 90, "cost": 0.6799031536492759, "incumbent": ["pca_whiten=''true''", "svm_C='42.41431326889638'", "svm_gamma='0.02789671978652806'"]}
{"cpu_time": 212.27440094947815, "total_cpu_time": null, "wallclock_time": 217.68646383285522, "evaluations": 119, "cost": 0.6746343650251146, "incumbent": ["pca_whiten=''true''", "svm_C='7.24282086008111'", "svm_gamma='0.03698077559934359'"]}
{"cpu_time": 274.51476669311523, "total_cpu_time": null, "wallclock_time": 281.78773832321167, "evaluations": 141, "cost": 0.6743371981248986, "incumbent": ["pca_whiten=''true''", "svm_C='22.962565423128634'", "svm_gamma='0.04113507915870673'"]}
