{"cpu_time": 0, "total_cpu_time": null, "wallclock_time": 0.00012612342834472656, "evaluations": 0, "cost": 2147483648, "incumbent": ["isomap_n_components='2'", "isomap_n_neighbors='5'", "svm_C='1.0'", "svm_gamma='1.0'"]}
{"cpu_time": 6.461627721786499, "total_cpu_time": null, "wallclock_time": 6.5320000648498535, "evaluations": 1, "cost": 0.6844098242167914, "incumbent": ["isomap_n_components='2'", "isomap_n_neighbors='5'", "svm_C='1.0'", "svm_gamma='1.0'"]}
{"cpu_time": 17.894092798233032, "total_cpu_time": null, "wallclock_time": 18.341795921325684, "evaluations": 3, "cost": 0.6755544411005845, "incumbent": ["isomap_n_components='4'", "isomap_n_neighbors='5'", "svm_C='25.725342527255737'", "svm_gamma='2.7907769724696707'"]}
{"cpu_time": 58.79813861846924, "total_cpu_time": null, "wallclock_time": 61.264063596725464, "evaluations": 12, "cost": 0.6672478564310823, "incumbent": ["isomap_n_components='2'", "isomap_n_neighbors='7'", "svm_C='15.850564151859531'", "svm_gamma='2.045080622334761'"]}
{"cpu_time": 86.70989203453064, "total_cpu_time": null, "wallclock_time": 90.78579115867615, "evaluations": 18, "cost": 0.6323136013866587, "incumbent": ["isomap_n_components='2'", "isomap_n_neighbors='7'", "svm_C='26.909683005008645'", "svm_gamma='0.04152040235982606'"]}
{"cpu_time": 295.4091217517853, "total_cpu_time": null, "wallclock_time": 309.24980449676514, "evaluations": 58, "cost": 0.627494513820214, "incumbent": ["isomap_n_components='2'", "isomap_n_neighbors='7'", "svm_C='69.72272363270736'", "svm_gamma='0.14578317012421502'"]}
{"cpu_time": 467.9391484260559, "total_cpu_time": null, "wallclock_time": 490.1161890029907, "evaluations": 90, "cost": 0.6261817514339748, "incumbent": ["isomap_n_components='2'", "isomap_n_neighbors='7'", "svm_C='50.52288777999286'", "svm_gamma='0.04152040235982606'"]}
{"cpu_time": 801.6610350608826, "total_cpu_time": null, "wallclock_time": 841.5838816165924, "evaluations": 154, "cost": 0.6255601880598411, "incumbent": ["isomap_n_components='2'", "isomap_n_neighbors='7'", "svm_C='63.63913563588427'", "svm_gamma='0.024290443224771183'"]}
{"cpu_time": 825.2848002910614, "total_cpu_time": null, "wallclock_time": 866.5386805534363, "evaluations": 158, "cost": 0.6226262654675767, "incumbent": ["isomap_n_components='2'", "isomap_n_neighbors='7'", "svm_C='45.032244143870734'", "svm_gamma='0.02005596065834471'"]}
{"cpu_time": 987.9980466365814, "total_cpu_time": null, "wallclock_time": 1039.2111976146698, "evaluations": 190, "cost": 0.6074474062061502, "incumbent": ["isomap_n_components='4'", "isomap_n_neighbors='7'", "svm_C='34.450676820000496'", "svm_gamma='0.02005596065834471'"]}
{"cpu_time": 1068.0370962619781, "total_cpu_time": null, "wallclock_time": 1123.822739124298, "evaluations": 205, "cost": 0.6067780208157835, "incumbent": ["isomap_n_components='4'", "isomap_n_neighbors='7'", "svm_C='66.83830983434883'", "svm_gamma='0.02005596065834471'"]}
{"cpu_time": 1127.274632692337, "total_cpu_time": null, "wallclock_time": 1187.1975011825562, "evaluations": 217, "cost": 0.6046730141822433, "incumbent": ["isomap_n_components='4'", "isomap_n_neighbors='7'", "svm_C='60.28265693300334'", "svm_gamma='0.02005596065834471'"]}
{"cpu_time": 1256.0685484409332, "total_cpu_time": null, "wallclock_time": 1323.083885192871, "evaluations": 242, "cost": 0.6034772544782058, "incumbent": ["isomap_n_components='4'", "isomap_n_neighbors='7'", "svm_C='50.35431357832576'", "svm_gamma='0.02005596065834471'"]}
