{"cpu_time": 0, "total_cpu_time": null, "wallclock_time": 0.00012540817260742188, "evaluations": 0, "cost": 2147483648, "incumbent": ["isomap_n_components='2'", "isomap_n_neighbors='5'", "rf_max_features='0.5'", "rf_n_estimators='10'"]}
{"cpu_time": 0.49979567527770996, "total_cpu_time": null, "wallclock_time": 0.5174262523651123, "evaluations": 1, "cost": 4.2864810021930175, "incumbent": ["isomap_n_components='2'", "isomap_n_neighbors='5'", "rf_max_features='0.5'", "rf_n_estimators='10'"]}
{"cpu_time": 1.778231143951416, "total_cpu_time": null, "wallclock_time": 1.8346850872039795, "evaluations": 2, "cost": 1.2023101099589673, "incumbent": ["isomap_n_components='2'", "isomap_n_neighbors='7'", "rf_max_features='0.7705914184339647'", "rf_n_estimators='220'"]}
{"cpu_time": 12.642823457717896, "total_cpu_time": null, "wallclock_time": 13.189369440078735, "evaluations": 14, "cost": 1.0885495392439106, "incumbent": ["isomap_n_components='3'", "isomap_n_neighbors='5'", "rf_max_features='0.38686245123025925'", "rf_n_estimators='137'"]}
{"cpu_time": 19.555601835250854, "total_cpu_time": null, "wallclock_time": 20.421295166015625, "evaluations": 21, "cost": 1.0473992535882342, "incumbent": ["isomap_n_components='4'", "isomap_n_neighbors='6'", "rf_max_features='0.3908563055255074'", "rf_n_estimators='252'"]}
{"cpu_time": 21.956667184829712, "total_cpu_time": null, "wallclock_time": 22.93103051185608, "evaluations": 23, "cost": 0.96427227225063, "incumbent": ["isomap_n_components='4'", "isomap_n_neighbors='7'", "rf_max_features='0.6343316352444657'", "rf_n_estimators='296'"]}
{"cpu_time": 25.026177883148193, "total_cpu_time": null, "wallclock_time": 26.16899871826172, "evaluations": 26, "cost": 0.9537092849279688, "incumbent": ["isomap_n_components='4'", "isomap_n_neighbors='7'", "rf_max_features='0.33602884356029206'", "rf_n_estimators='81'"]}
{"cpu_time": 34.88965368270874, "total_cpu_time": null, "wallclock_time": 36.4927761554718, "evaluations": 37, "cost": 0.9437626756189285, "incumbent": ["isomap_n_components='4'", "isomap_n_neighbors='7'", "rf_max_features='0.46859709749464196'", "rf_n_estimators='281'"]}
