{"cpu_time": 0, "total_cpu_time": null, "wallclock_time": 2.8133392333984375e-05, "evaluations": 0, "cost": 2147483648, "incumbent": []}
{"cpu_time": 0.21801304817199707, "total_cpu_time": null, "wallclock_time": 0.23448824882507324, "evaluations": 1, "cost": 17.74909342516243, "incumbent": []}
