{"cpu_time": 0, "total_cpu_time": null, "wallclock_time": 0.00014710426330566406, "evaluations": 0, "cost": 2147483648, "incumbent": ["haralick_distance='1'", "pca_whiten=''true''", "svm_C='1.0'", "svm_gamma='1.0'"]}
{"cpu_time": 114.41100764274597, "total_cpu_time": null, "wallclock_time": 114.45529270172119, "evaluations": 1, "cost": 0.4430147333647982, "incumbent": ["haralick_distance='1'", "pca_whiten=''true''", "svm_C='1.0'", "svm_gamma='1.0'"]}
{"cpu_time": 343.7072756290436, "total_cpu_time": null, "wallclock_time": 343.91626739501953, "evaluations": 3, "cost": 0.42418055959696344, "incumbent": ["haralick_distance='2'", "pca_whiten=''true''", "svm_C='39.719968193911264'", "svm_gamma='0.8615789437416754'"]}
{"cpu_time": 456.79394340515137, "total_cpu_time": null, "wallclock_time": 457.1818616390228, "evaluations": 4, "cost": 0.4178898082899489, "incumbent": ["haralick_distance='2'", "pca_whiten=''false''", "svm_C='94.9905651574113'", "svm_gamma='3.631679204640188'"]}
{"cpu_time": 573.7696220874786, "total_cpu_time": null, "wallclock_time": 574.2167041301727, "evaluations": 5, "cost": 0.4046006443366359, "incumbent": ["haralick_distance='2'", "pca_whiten=''true''", "svm_C='12.315572158398975'", "svm_gamma='6.564879332003558'"]}
{"cpu_time": 2571.3616094589233, "total_cpu_time": null, "wallclock_time": 2574.08403468132, "evaluations": 30, "cost": 0.40219088442835677, "incumbent": ["haralick_distance='2'", "pca_whiten=''false''", "svm_C='10.548695744356696'", "svm_gamma='6.4511404175591025'"]}
{"cpu_time": 2853.6007301807404, "total_cpu_time": null, "wallclock_time": 2856.6890490055084, "evaluations": 34, "cost": 0.39781718449364817, "incumbent": ["haralick_distance='2'", "pca_whiten=''true''", "svm_C='11.717026051654326'", "svm_gamma='7.880009738867564'"]}
{"cpu_time": 4055.0150306224823, "total_cpu_time": null, "wallclock_time": 4059.738766670227, "evaluations": 50, "cost": 0.3900237761016265, "incumbent": ["haralick_distance='2'", "pca_whiten=''true''", "svm_C='9.852947007936624'", "svm_gamma='6.037594124038445'"]}
{"cpu_time": 6965.576107978821, "total_cpu_time": null, "wallclock_time": 6973.889692783356, "evaluations": 89, "cost": 0.38384625440605363, "incumbent": ["haralick_distance='2'", "pca_whiten=''true''", "svm_C='68.7851831343852'", "svm_gamma='0.17726910633571713'"]}
{"cpu_time": 8526.440701007843, "total_cpu_time": null, "wallclock_time": 8536.810470581055, "evaluations": 110, "cost": 0.3836164146016841, "incumbent": ["haralick_distance='2'", "pca_whiten=''false''", "svm_C='68.7851831343852'", "svm_gamma='0.17726910633571713'"]}
{"cpu_time": 9877.45011138916, "total_cpu_time": null, "wallclock_time": 9889.52248620987, "evaluations": 128, "cost": 0.3793188039710523, "incumbent": ["haralick_distance='2'", "pca_whiten=''true''", "svm_C='38.24769894080739'", "svm_gamma='0.18098901708328116'"]}
