{"cpu_time": 0, "total_cpu_time": null, "wallclock_time": 9.632110595703125e-05, "evaluations": 0, "cost": 2147483648, "incumbent": ["pca_whiten=''true''", "svm_C='1.0'", "svm_gamma='1.0'"]}
{"cpu_time": 0.40651416778564453, "total_cpu_time": null, "wallclock_time": 0.43803882598876953, "evaluations": 1, "cost": 1.0136426059379282, "incumbent": ["pca_whiten=''true''", "svm_C='1.0'", "svm_gamma='1.0'"]}
{"cpu_time": 3.5590097904205322, "total_cpu_time": null, "wallclock_time": 3.854505777359009, "evaluations": 8, "cost": 1.0127024024766766, "incumbent": ["pca_whiten=''false''", "svm_C='17.249249400610193'", "svm_gamma='5.504842089943571'"]}
{"cpu_time": 5.282827615737915, "total_cpu_time": null, "wallclock_time": 5.737203598022461, "evaluations": 12, "cost": 1.0116787327431613, "incumbent": ["pca_whiten=''true''", "svm_C='12.299809904852426'", "svm_gamma='7.33615142840613'"]}
{"cpu_time": 12.42433786392212, "total_cpu_time": null, "wallclock_time": 13.535675287246704, "evaluations": 28, "cost": 1.010472049467939, "incumbent": ["pca_whiten=''true''", "svm_C='10.59302261812691'", "svm_gamma='7.993700636424069'"]}
{"cpu_time": 12.829787015914917, "total_cpu_time": null, "wallclock_time": 13.96781325340271, "evaluations": 29, "cost": 1.0055781215206647, "incumbent": ["pca_whiten=''false''", "svm_C='62.50814177672008'", "svm_gamma='0.028977341676197955'"]}
{"cpu_time": 21.6356041431427, "total_cpu_time": null, "wallclock_time": 23.7251136302948, "evaluations": 50, "cost": 1.0039131474923877, "incumbent": ["pca_whiten=''false''", "svm_C='11.308510312696896'", "svm_gamma='0.032342007336355255'"]}
{"cpu_time": 24.794381380081177, "total_cpu_time": null, "wallclock_time": 27.160940885543823, "evaluations": 57, "cost": 1.0026775231601555, "incumbent": ["pca_whiten=''false''", "svm_C='13.237141350444261'", "svm_gamma='0.032342007336355255'"]}
{"cpu_time": 26.975932836532593, "total_cpu_time": null, "wallclock_time": 29.545544862747192, "evaluations": 62, "cost": 1.0005214717832558, "incumbent": ["pca_whiten=''false''", "svm_C='60.439968348745865'", "svm_gamma='0.07351786277524965'"]}
