{"cpu_time": 0, "total_cpu_time": null, "wallclock_time": 0.0004093647003173828, "evaluations": 0, "cost": 2147483648, "incumbent": ["pca_whiten=''true''", "rf_max_features='0.5'", "rf_n_estimators='10'"]}
{"cpu_time": 6.937403202056885, "total_cpu_time": null, "wallclock_time": 7.084082841873169, "evaluations": 1, "cost": 0.9002537656396497, "incumbent": ["pca_whiten=''true''", "rf_max_features='0.5'", "rf_n_estimators='10'"]}
{"cpu_time": 21.499841451644897, "total_cpu_time": null, "wallclock_time": 21.84116816520691, "evaluations": 2, "cost": 0.2837189853340126, "incumbent": ["pca_whiten=''true''", "rf_max_features='0.6263875900678313'", "rf_n_estimators='178'"]}
{"cpu_time": 32.67766833305359, "total_cpu_time": null, "wallclock_time": 33.108354330062866, "evaluations": 3, "cost": 0.27763399649694337, "incumbent": ["pca_whiten=''false''", "rf_max_features='0.3021465708060675'", "rf_n_estimators='203'"]}
{"cpu_time": 175.46885919570923, "total_cpu_time": null, "wallclock_time": 178.17335414886475, "evaluations": 14, "cost": 0.27733668108425874, "incumbent": ["pca_whiten=''false''", "rf_max_features='0.4281931413603867'", "rf_n_estimators='162'"]}
{"cpu_time": 190.2345883846283, "total_cpu_time": null, "wallclock_time": 192.97788286209106, "evaluations": 15, "cost": 0.2769748537932346, "incumbent": ["pca_whiten=''true''", "rf_max_features='0.44928842014179576'", "rf_n_estimators='216'"]}
{"cpu_time": 249.89602088928223, "total_cpu_time": null, "wallclock_time": 253.73425555229187, "evaluations": 22, "cost": 0.27352199963656015, "incumbent": ["pca_whiten=''true''", "rf_max_features='0.4574621652478083'", "rf_n_estimators='99'"]}
