{"cpu_time": 0, "total_cpu_time": null, "wallclock_time": 6.937980651855469e-05, "evaluations": 0, "cost": 2147483648, "incumbent": ["rf_max_features='0.5'", "rf_n_estimators='81'"]}
{"cpu_time": 6.070641994476318, "total_cpu_time": null, "wallclock_time": 6.087067127227783, "evaluations": 1, "cost": 0.5391692898776527, "incumbent": ["rf_max_features='0.5'", "rf_n_estimators='81'"]}
{"cpu_time": 122.54171323776245, "total_cpu_time": null, "wallclock_time": 122.8147382736206, "evaluations": 11, "cost": 0.5363154704812514, "incumbent": ["rf_max_features='0.3'", "rf_n_estimators='81'"]}
