{"cpu_time": 0, "total_cpu_time": null, "wallclock_time": 0.00015664100646972656, "evaluations": 0, "cost": 2147483648, "incumbent": ["svm_C='1.0'", "svm_gamma='1.0'"]}
{"cpu_time": 5.04226016998291, "total_cpu_time": null, "wallclock_time": 5.117391109466553, "evaluations": 1, "cost": 1.0517124606381594, "incumbent": ["svm_C='1.0'", "svm_gamma='1.0'"]}
{"cpu_time": 52.90977239608765, "total_cpu_time": null, "wallclock_time": 54.03166675567627, "evaluations": 16, "cost": 1.050040417063192, "incumbent": ["svm_C='4.801175107597434'", "svm_gamma='0.28819318254942516'"]}
{"cpu_time": 77.78976964950562, "total_cpu_time": null, "wallclock_time": 79.5370671749115, "evaluations": 26, "cost": 1.0313434927186467, "incumbent": ["svm_C='1.161741602913529'", "svm_gamma='0.15108271080077668'"]}
{"cpu_time": 82.94346594810486, "total_cpu_time": null, "wallclock_time": 84.81852149963379, "evaluations": 28, "cost": 1.0070762796289523, "incumbent": ["svm_C='0.5621730675883224'", "svm_gamma='0.03411364636665828'"]}
{"cpu_time": 122.20162343978882, "total_cpu_time": null, "wallclock_time": 125.10491418838501, "evaluations": 44, "cost": 0.9043597750099139, "incumbent": ["svm_C='1.1580047054145821'", "svm_gamma='0.014999801030211592'"]}
{"cpu_time": 200.10101914405823, "total_cpu_time": null, "wallclock_time": 204.9609832763672, "evaluations": 75, "cost": 0.9015231154505993, "incumbent": ["svm_C='1.5470203109676783'", "svm_gamma='0.014999801030211592'"]}
{"cpu_time": 362.8346416950226, "total_cpu_time": null, "wallclock_time": 371.9904761314392, "evaluations": 143, "cost": 0.8807772719809822, "incumbent": ["svm_C='50.94889030690716'", "svm_gamma='0.011653789562157025'"]}
{"cpu_time": 380.626229763031, "total_cpu_time": null, "wallclock_time": 390.2260754108429, "evaluations": 151, "cost": 0.8766649783478527, "incumbent": ["svm_C='91.20465988441372'", "svm_gamma='0.011653789562157025'"]}
{"cpu_time": 401.34796261787415, "total_cpu_time": null, "wallclock_time": 411.515643119812, "evaluations": 159, "cost": 0.8741571834889571, "incumbent": ["svm_C='53.11077549738887'", "svm_gamma='0.011653789562157025'"]}
{"cpu_time": 447.6253230571747, "total_cpu_time": null, "wallclock_time": 459.1876335144043, "evaluations": 178, "cost": 0.8721429574665219, "incumbent": ["svm_C='89.8181766263098'", "svm_gamma='0.011653789562157025'"]}
