{"cpu_time": 0, "total_cpu_time": null, "wallclock_time": 0.00011110305786132812, "evaluations": 0, "cost": 2147483648, "incumbent": ["pca_whiten=''true''", "rf_max_features='0.5'", "rf_n_estimators='10'"]}
{"cpu_time": 72.47733688354492, "total_cpu_time": null, "wallclock_time": 72.6981246471405, "evaluations": 1, "cost": 0.7751208424920558, "incumbent": ["pca_whiten=''true''", "rf_max_features='0.5'", "rf_n_estimators='10'"]}
{"cpu_time": 77.36046075820923, "total_cpu_time": null, "wallclock_time": 77.70621991157532, "evaluations": 2, "cost": 0.41345576864831335, "incumbent": ["pca_whiten=''true''", "rf_max_features='0.6263875900678313'", "rf_n_estimators='178'"]}
{"cpu_time": 103.28012585639954, "total_cpu_time": null, "wallclock_time": 104.26530194282532, "evaluations": 6, "cost": 0.4115568394198275, "incumbent": ["pca_whiten=''true''", "rf_max_features='0.6483339395381182'", "rf_n_estimators='285'"]}
{"cpu_time": 292.5798101425171, "total_cpu_time": null, "wallclock_time": 298.12882900238037, "evaluations": 34, "cost": 0.4069229460026735, "incumbent": ["pca_whiten=''false''", "rf_max_features='0.727410492678531'", "rf_n_estimators='191'"]}
{"cpu_time": 479.35591554641724, "total_cpu_time": null, "wallclock_time": 489.83782172203064, "evaluations": 65, "cost": 0.4065113008918612, "incumbent": ["pca_whiten=''true''", "rf_max_features='0.5346840550934839'", "rf_n_estimators='241'"]}
{"cpu_time": 488.13725662231445, "total_cpu_time": null, "wallclock_time": 498.9210240840912, "evaluations": 66, "cost": 0.40641200716300774, "incumbent": ["pca_whiten=''true''", "rf_max_features='0.5655102102079415'", "rf_n_estimators='202'"]}
{"cpu_time": 553.4924550056458, "total_cpu_time": null, "wallclock_time": 565.918288230896, "evaluations": 77, "cost": 0.4061199216616496, "incumbent": ["pca_whiten=''false''", "rf_max_features='0.6900984199746931'", "rf_n_estimators='225'"]}
{"cpu_time": 705.3812849521637, "total_cpu_time": null, "wallclock_time": 722.4885604381561, "evaluations": 100, "cost": 0.405592664925655, "incumbent": ["pca_whiten=''false''", "rf_max_features='0.6116927621835492'", "rf_n_estimators='187'"]}
