{"cpu_time": 0, "total_cpu_time": null, "wallclock_time": 0.00011467933654785156, "evaluations": 0, "cost": 2147483648, "incumbent": ["rf_max_features='0.5'", "rf_n_estimators='10'"]}
{"cpu_time": 3.0353100299835205, "total_cpu_time": null, "wallclock_time": 3.0888516902923584, "evaluations": 1, "cost": 0.557388002591031, "incumbent": ["rf_max_features='0.5'", "rf_n_estimators='10'"]}
{"cpu_time": 36.0157687664032, "total_cpu_time": null, "wallclock_time": 36.128517627716064, "evaluations": 2, "cost": 0.27098359030796315, "incumbent": ["rf_max_features='0.3066124236873286'", "rf_n_estimators='269'"]}
{"cpu_time": 124.09212708473206, "total_cpu_time": null, "wallclock_time": 124.31197619438171, "evaluations": 4, "cost": 0.26636991056415366, "incumbent": ["rf_max_features='0.5304593760783073'", "rf_n_estimators='160'"]}
{"cpu_time": 284.7773928642273, "total_cpu_time": null, "wallclock_time": 285.21728587150574, "evaluations": 9, "cost": 0.2659550187209085, "incumbent": ["rf_max_features='0.6019740786883476'", "rf_n_estimators='186'"]}
{"cpu_time": 368.12930178642273, "total_cpu_time": null, "wallclock_time": 368.9431142807007, "evaluations": 15, "cost": 0.26434850280549205, "incumbent": ["rf_max_features='0.6402609155307631'", "rf_n_estimators='86'"]}
{"cpu_time": 743.5048098564148, "total_cpu_time": null, "wallclock_time": 745.7103362083435, "evaluations": 51, "cost": 0.26311659907523466, "incumbent": ["rf_max_features='0.4991553898613552'", "rf_n_estimators='21'"]}
