{"cpu_time": 0, "total_cpu_time": null, "wallclock_time": 3.719329833984375e-05, "evaluations": 0, "cost": 2147483648, "incumbent": []}
{"cpu_time": 1.102771520614624, "total_cpu_time": null, "wallclock_time": 1.136570692062378, "evaluations": 1, "cost": 4.401688705780738, "incumbent": []}
