{"cpu_time": 0, "total_cpu_time": null, "wallclock_time": 0.00014638900756835938, "evaluations": 0, "cost": 2147483648, "incumbent": ["haralick_distance='1'", "pca_whiten=''true''", "rf_max_features='0.5'", "rf_n_estimators='10'"]}
{"cpu_time": 98.59464263916016, "total_cpu_time": null, "wallclock_time": 98.70890617370605, "evaluations": 1, "cost": 4.185983675810786, "incumbent": ["haralick_distance='1'", "pca_whiten=''true''", "rf_max_features='0.5'", "rf_n_estimators='10'"]}
{"cpu_time": 199.27771663665771, "total_cpu_time": null, "wallclock_time": 199.4952781200409, "evaluations": 2, "cost": 2.2154394806934783, "incumbent": ["haralick_distance='1'", "pca_whiten=''true''", "rf_max_features='0.5914675755540864'", "rf_n_estimators='259'"]}
{"cpu_time": 405.08514499664307, "total_cpu_time": null, "wallclock_time": 405.57779335975647, "evaluations": 4, "cost": 2.2118732085758586, "incumbent": ["haralick_distance='2'", "pca_whiten=''false''", "rf_max_features='0.7749277535405971'", "rf_n_estimators='140'"]}
{"cpu_time": 502.6055426597595, "total_cpu_time": null, "wallclock_time": 503.1200819015503, "evaluations": 5, "cost": 2.0532669450844465, "incumbent": ["haralick_distance='2'", "pca_whiten=''true''", "rf_max_features='0.36113899979178665'", "rf_n_estimators='248'"]}
{"cpu_time": 604.0669498443604, "total_cpu_time": null, "wallclock_time": 604.7437658309937, "evaluations": 6, "cost": 2.041169629325984, "incumbent": ["haralick_distance='3'", "pca_whiten=''true''", "rf_max_features='0.5831730167358328'", "rf_n_estimators='256'"]}
{"cpu_time": 2464.707329273224, "total_cpu_time": null, "wallclock_time": 2467.7825207710266, "evaluations": 29, "cost": 2.0370554696373007, "incumbent": ["haralick_distance='3'", "pca_whiten=''true''", "rf_max_features='0.49413803478057056'", "rf_n_estimators='245'"]}
{"cpu_time": 2615.660135746002, "total_cpu_time": null, "wallclock_time": 2618.955240249634, "evaluations": 31, "cost": 1.9357238625992725, "incumbent": ["haralick_distance='3'", "pca_whiten=''true''", "rf_max_features='0.33816921928226995'", "rf_n_estimators='276'"]}
{"cpu_time": 4435.772191762924, "total_cpu_time": null, "wallclock_time": 4442.043402671814, "evaluations": 56, "cost": 1.9297241336317175, "incumbent": ["haralick_distance='3'", "pca_whiten=''true''", "rf_max_features='0.3935650622906883'", "rf_n_estimators='277'"]}
{"cpu_time": 8361.978600740433, "total_cpu_time": null, "wallclock_time": 8374.5386800766, "evaluations": 102, "cost": 1.9263397549163346, "incumbent": ["haralick_distance='3'", "pca_whiten=''false''", "rf_max_features='0.6340547380143489'", "rf_n_estimators='280'"]}
{"cpu_time": 8744.5713493824, "total_cpu_time": null, "wallclock_time": 8757.913333892822, "evaluations": 106, "cost": 1.8643770336391883, "incumbent": ["haralick_distance='3'", "pca_whiten=''false''", "rf_max_features='0.301345273742624'", "rf_n_estimators='272'"]}
{"cpu_time": 17252.536684513092, "total_cpu_time": null, "wallclock_time": 17277.60524201393, "evaluations": 197, "cost": 1.8293273452072387, "incumbent": ["haralick_distance='3'", "pca_whiten=''true''", "rf_max_features='0.301345273742624'", "rf_n_estimators='272'"]}
{"cpu_time": 18277.495186567307, "total_cpu_time": null, "wallclock_time": 18304.32170534134, "evaluations": 208, "cost": 1.7820502931346087, "incumbent": ["haralick_distance='2'", "pca_whiten=''true''", "rf_max_features='0.301345273742624'", "rf_n_estimators='278'"]}
{"cpu_time": 22178.22061944008, "total_cpu_time": null, "wallclock_time": 22211.751226186752, "evaluations": 250, "cost": 1.7580008382506336, "incumbent": ["haralick_distance='3'", "pca_whiten=''true''", "rf_max_features='0.301345273742624'", "rf_n_estimators='277'"]}
