{"cpu_time": 0, "total_cpu_time": null, "wallclock_time": 0.0001506805419921875, "evaluations": 0, "cost": 2147483648, "incumbent": ["haralick_distance='1'", "pca_whiten=''true''", "rf_max_features='0.5'", "rf_n_estimators='10'"]}
{"cpu_time": 35.39276719093323, "total_cpu_time": null, "wallclock_time": 35.410526514053345, "evaluations": 1, "cost": 2.5158844239085694, "incumbent": ["haralick_distance='1'", "pca_whiten=''true''", "rf_max_features='0.5'", "rf_n_estimators='10'"]}
{"cpu_time": 71.7244393825531, "total_cpu_time": null, "wallclock_time": 71.79138708114624, "evaluations": 2, "cost": 1.4159286337981545, "incumbent": ["haralick_distance='1'", "pca_whiten=''true''", "rf_max_features='0.5914675755540864'", "rf_n_estimators='259'"]}
{"cpu_time": 107.98754215240479, "total_cpu_time": null, "wallclock_time": 108.07467079162598, "evaluations": 3, "cost": 0.701571311076488, "incumbent": ["haralick_distance='2'", "pca_whiten=''true''", "rf_max_features='0.49829813910866494'", "rf_n_estimators='39'"]}
{"cpu_time": 178.4133791923523, "total_cpu_time": null, "wallclock_time": 178.5692641735077, "evaluations": 5, "cost": 0.5917974932388317, "incumbent": ["haralick_distance='2'", "pca_whiten=''true''", "rf_max_features='0.36113899979178665'", "rf_n_estimators='248'"]}
{"cpu_time": 210.5674192905426, "total_cpu_time": null, "wallclock_time": 210.77126026153564, "evaluations": 6, "cost": 0.5199869759743448, "incumbent": ["haralick_distance='3'", "pca_whiten=''true''", "rf_max_features='0.5831730167358328'", "rf_n_estimators='256'"]}
{"cpu_time": 973.356516122818, "total_cpu_time": null, "wallclock_time": 974.4384241104126, "evaluations": 30, "cost": 0.4615598984787894, "incumbent": ["haralick_distance='3'", "pca_whiten=''true''", "rf_max_features='0.7341949136327697'", "rf_n_estimators='291'"]}
{"cpu_time": 1005.7410559654236, "total_cpu_time": null, "wallclock_time": 1006.8416483402252, "evaluations": 31, "cost": 0.45923339039770755, "incumbent": ["haralick_distance='3'", "pca_whiten=''true''", "rf_max_features='0.33816921928226995'", "rf_n_estimators='276'"]}
