{"cpu_time": 0, "total_cpu_time": null, "wallclock_time": 0.00011992454528808594, "evaluations": 0, "cost": 2147483648, "incumbent": ["isomap_n_components='2'", "isomap_n_neighbors='5'", "rf_max_features='0.5'", "rf_n_estimators='10'"]}
{"cpu_time": 0.7938439846038818, "total_cpu_time": null, "wallclock_time": 0.8092842102050781, "evaluations": 1, "cost": 2.515747088668263, "incumbent": ["isomap_n_components='2'", "isomap_n_neighbors='5'", "rf_max_features='0.5'", "rf_n_estimators='10'"]}
{"cpu_time": 2.376152753829956, "total_cpu_time": null, "wallclock_time": 2.428956985473633, "evaluations": 2, "cost": 1.2026314842223247, "incumbent": ["isomap_n_components='2'", "isomap_n_neighbors='7'", "rf_max_features='0.7705914184339647'", "rf_n_estimators='220'"]}
{"cpu_time": 3.5344905853271484, "total_cpu_time": null, "wallclock_time": 3.602938413619995, "evaluations": 3, "cost": 0.8243078765686503, "incumbent": ["isomap_n_components='4'", "isomap_n_neighbors='5'", "rf_max_features='0.42825496760388254'", "rf_n_estimators='109'"]}
{"cpu_time": 4.8416948318481445, "total_cpu_time": null, "wallclock_time": 4.973727226257324, "evaluations": 4, "cost": 0.6251631614333117, "incumbent": ["isomap_n_components='3'", "isomap_n_neighbors='3'", "rf_max_features='0.5379007026068363'", "rf_n_estimators='167'"]}
{"cpu_time": 23.98573637008667, "total_cpu_time": null, "wallclock_time": 24.7622389793396, "evaluations": 20, "cost": 0.6219009725709057, "incumbent": ["isomap_n_components='3'", "isomap_n_neighbors='3'", "rf_max_features='0.3724531102843233'", "rf_n_estimators='115'"]}
