{"cpu_time": 0, "total_cpu_time": null, "wallclock_time": 0.00010323524475097656, "evaluations": 0, "cost": 2147483648, "incumbent": ["pca_whiten=''true''", "svm_C='1.0'", "svm_gamma='1.0'"]}
{"cpu_time": 66.14564371109009, "total_cpu_time": null, "wallclock_time": 66.27359557151794, "evaluations": 1, "cost": 0.7864118608147317, "incumbent": ["pca_whiten=''true''", "svm_C='1.0'", "svm_gamma='1.0'"]}
{"cpu_time": 86.50550556182861, "total_cpu_time": null, "wallclock_time": 87.32544207572937, "evaluations": 9, "cost": 0.785304647705984, "incumbent": ["pca_whiten=''true''", "svm_C='25.833879111337303'", "svm_gamma='2.5925190439316834'"]}
{"cpu_time": 88.91366195678711, "total_cpu_time": null, "wallclock_time": 89.88810586929321, "evaluations": 10, "cost": 0.7336588083630744, "incumbent": ["pca_whiten=''true''", "svm_C='28.47602111141865'", "svm_gamma='0.8905090834586253'"]}
{"cpu_time": 101.25993537902832, "total_cpu_time": null, "wallclock_time": 102.68794560432434, "evaluations": 14, "cost": 0.7254936424204645, "incumbent": ["pca_whiten=''false''", "svm_C='56.64875278433076'", "svm_gamma='0.5793081895462031'"]}
{"cpu_time": 116.24064636230469, "total_cpu_time": null, "wallclock_time": 118.12497663497925, "evaluations": 20, "cost": 0.7053161828971847, "incumbent": ["pca_whiten=''true''", "svm_C='94.33098207960246'", "svm_gamma='0.11168777361183017'"]}
{"cpu_time": 135.70771884918213, "total_cpu_time": null, "wallclock_time": 138.30390548706055, "evaluations": 28, "cost": 0.7050666850833219, "incumbent": ["pca_whiten=''true''", "svm_C='99.84883866152984'", "svm_gamma='0.2937970507255281'"]}
{"cpu_time": 146.54099798202515, "total_cpu_time": null, "wallclock_time": 149.3796422481537, "evaluations": 32, "cost": 0.7012125635758806, "incumbent": ["pca_whiten=''true''", "svm_C='99.53557153702504'", "svm_gamma='0.26650807664250764'"]}
