{"cpu_time": 0, "total_cpu_time": null, "wallclock_time": 9.393692016601562e-05, "evaluations": 0, "cost": 2147483648, "incumbent": ["isomap_n_components='2'", "isomap_n_neighbors='5'"]}
{"cpu_time": 0.7091131210327148, "total_cpu_time": null, "wallclock_time": 0.7198843955993652, "evaluations": 1, "cost": 5.884309362429261, "incumbent": ["isomap_n_components='2'", "isomap_n_neighbors='5'"]}
{"cpu_time": 1.4380669593811035, "total_cpu_time": null, "wallclock_time": 1.4766712188720703, "evaluations": 2, "cost": 4.809388355398872, "incumbent": ["isomap_n_components='2'", "isomap_n_neighbors='7'"]}
{"cpu_time": 4.2710137367248535, "total_cpu_time": null, "wallclock_time": 4.420290231704712, "evaluations": 6, "cost": 4.615936217983388, "incumbent": ["isomap_n_components='4'", "isomap_n_neighbors='4'"]}
