{"cpu_time": 0, "total_cpu_time": null, "wallclock_time": 0.0001361370086669922, "evaluations": 0, "cost": 2147483648, "incumbent": ["haralick_distance='1'", "pca_whiten=''true''", "svm_C='1.0'", "svm_gamma='1.0'"]}
{"cpu_time": 93.78211665153503, "total_cpu_time": null, "wallclock_time": 93.84358263015747, "evaluations": 1, "cost": 0.4755502963052556, "incumbent": ["haralick_distance='1'", "pca_whiten=''true''", "svm_C='1.0'", "svm_gamma='1.0'"]}
{"cpu_time": 2577.384316921234, "total_cpu_time": null, "wallclock_time": 2580.9215109348297, "evaluations": 34, "cost": 0.4726830577217787, "incumbent": ["haralick_distance='3'", "pca_whiten=''true''", "svm_C='1.06503363003633'", "svm_gamma='2.170112798287545'"]}
{"cpu_time": 2716.0311377048492, "total_cpu_time": null, "wallclock_time": 2719.6939656734467, "evaluations": 36, "cost": 0.47240857766590927, "incumbent": ["haralick_distance='3'", "pca_whiten=''false''", "svm_C='1.06503363003633'", "svm_gamma='2.170112798287545'"]}
{"cpu_time": 6205.998821258545, "total_cpu_time": null, "wallclock_time": 6214.977709531784, "evaluations": 86, "cost": 0.47237177476115116, "incumbent": ["haralick_distance='3'", "pca_whiten=''true''", "svm_C='0.22688932840879641'", "svm_gamma='2.8848881052609565'"]}
{"cpu_time": 8580.801279783249, "total_cpu_time": null, "wallclock_time": 8593.455459356308, "evaluations": 120, "cost": 0.4707300156040748, "incumbent": ["haralick_distance='3'", "pca_whiten=''false''", "svm_C='1.06503363003633'", "svm_gamma='2.0568753407155773'"]}
{"cpu_time": 11219.422742843628, "total_cpu_time": null, "wallclock_time": 11235.720782518387, "evaluations": 170, "cost": 0.4697365462151161, "incumbent": ["haralick_distance='3'", "pca_whiten=''false''", "svm_C='0.7662791366816065'", "svm_gamma='1.95327555357879'"]}
{"cpu_time": 12595.853114366531, "total_cpu_time": null, "wallclock_time": 12614.1152176857, "evaluations": 208, "cost": 0.4693144284466039, "incumbent": ["haralick_distance='3'", "pca_whiten=''false''", "svm_C='0.7662791366816065'", "svm_gamma='1.864359292443848'"]}
