"CPU Time Used","Estimated Training Performance","Wallclock Time","Incumbent ID","Automatic Configurator (CPU) Time","Configuration..."
0.000000, 2147483648.000000, 0.000136, 1, 0.000136, haralick_distance='1', pca_whiten=''true'', svm_C='1.0', svm_gamma='1.0'
93.782117, 0.475550, 93.843583, 1, 0.061466, haralick_distance='1', pca_whiten=''true'', svm_C='1.0', svm_gamma='1.0'
2577.384317, 0.472683, 2580.921511, 2, 3.537194, haralick_distance='3', pca_whiten=''true'', svm_C='1.06503363003633', svm_gamma='2.170112798287545'
2716.031138, 0.472409, 2719.693966, 3, 3.662828, haralick_distance='3', pca_whiten=''false'', svm_C='1.06503363003633', svm_gamma='2.170112798287545'
6205.998821, 0.472372, 6214.977710, 4, 8.978888, haralick_distance='3', pca_whiten=''true'', svm_C='0.22688932840879641', svm_gamma='2.8848881052609565'
8580.801280, 0.470730, 8593.455459, 5, 12.654180, haralick_distance='3', pca_whiten=''false'', svm_C='1.06503363003633', svm_gamma='2.0568753407155773'
11219.422743, 0.469737, 11235.720783, 6, 16.298040, haralick_distance='3', pca_whiten=''false'', svm_C='0.7662791366816065', svm_gamma='1.95327555357879'
12595.853114, 0.469314, 12614.115218, 7, 18.262103, haralick_distance='3', pca_whiten=''false'', svm_C='0.7662791366816065', svm_gamma='1.864359292443848'
