{"cpu_time": 0, "total_cpu_time": null, "wallclock_time": 0.00012540817260742188, "evaluations": 0, "cost": 2147483648, "incumbent": ["pca_whiten=''true''", "rf_max_features='0.5'", "rf_n_estimators='10'"]}
{"cpu_time": 1.3165888786315918, "total_cpu_time": null, "wallclock_time": 1.3420119285583496, "evaluations": 1, "cost": 2.045451136439236, "incumbent": ["pca_whiten=''true''", "rf_max_features='0.5'", "rf_n_estimators='10'"]}
{"cpu_time": 3.1350514888763428, "total_cpu_time": null, "wallclock_time": 3.193033218383789, "evaluations": 2, "cost": 0.7017690512122657, "incumbent": ["pca_whiten=''true''", "rf_max_features='0.6263875900678313'", "rf_n_estimators='178'"]}
