{"cpu_time": 0, "total_cpu_time": null, "wallclock_time": 7.748603820800781e-05, "evaluations": 0, "cost": 2147483648, "incumbent": ["pca_whiten=''true''"]}
{"cpu_time": 81.83571410179138, "total_cpu_time": null, "wallclock_time": 82.21644830703735, "evaluations": 1, "cost": 13.189454582821119, "incumbent": ["pca_whiten=''true''"]}
