{"cpu_time": 0, "total_cpu_time": null, "wallclock_time": 9.036064147949219e-05, "evaluations": 0, "cost": 2147483648, "incumbent": ["isomap_n_components='2'", "isomap_n_neighbors='5'", "svm_C='0.1'", "svm_gamma='4.005'"]}
{"cpu_time": 0.9657058715820312, "total_cpu_time": null, "wallclock_time": 0.98146653175354, "evaluations": 1, "cost": 0.5353102950487533, "incumbent": ["isomap_n_components='2'", "isomap_n_neighbors='5'", "svm_C='0.1'", "svm_gamma='4.005'"]}
{"cpu_time": 3.8810060024261475, "total_cpu_time": null, "wallclock_time": 4.02017068862915, "evaluations": 4, "cost": 0.46210603166745284, "incumbent": ["isomap_n_components='4'", "isomap_n_neighbors='6'", "svm_C='75.025'", "svm_gamma='0.01'"]}
{"cpu_time": 13.604913234710693, "total_cpu_time": null, "wallclock_time": 14.101928949356079, "evaluations": 14, "cost": 0.46001537452349356, "incumbent": ["isomap_n_components='4'", "isomap_n_neighbors='7'", "svm_C='50.050000000000004'", "svm_gamma='0.01'"]}
{"cpu_time": 17.553693294525146, "total_cpu_time": null, "wallclock_time": 18.195196628570557, "evaluations": 18, "cost": 0.4532062542050364, "incumbent": ["isomap_n_components='4'", "isomap_n_neighbors='7'", "svm_C='100.0'", "svm_gamma='0.01'"]}
