{"cpu_time": 0, "total_cpu_time": null, "wallclock_time": 0.00013208389282226562, "evaluations": 0, "cost": 2147483648, "incumbent": ["isomap_n_components='2'", "isomap_n_neighbors='5'", "svm_C='1.0'", "svm_gamma='1.0'"]}
{"cpu_time": 3.4849183559417725, "total_cpu_time": null, "wallclock_time": 3.574594497680664, "evaluations": 1, "cost": 0.3106931107355972, "incumbent": ["isomap_n_components='2'", "isomap_n_neighbors='5'", "svm_C='1.0'", "svm_gamma='1.0'"]}
{"cpu_time": 7.506058692932129, "total_cpu_time": null, "wallclock_time": 7.802047967910767, "evaluations": 3, "cost": 0.30656999224241277, "incumbent": ["isomap_n_components='4'", "isomap_n_neighbors='5'", "svm_C='25.725342527255737'", "svm_gamma='2.7907769724696707'"]}
{"cpu_time": 25.32120108604431, "total_cpu_time": null, "wallclock_time": 26.95458197593689, "evaluations": 11, "cost": 0.3016974428616755, "incumbent": ["isomap_n_components='4'", "isomap_n_neighbors='5'", "svm_C='90.54227226407072'", "svm_gamma='3.6001724529254275'"]}
{"cpu_time": 33.998496294021606, "total_cpu_time": null, "wallclock_time": 36.140711545944214, "evaluations": 15, "cost": 0.3006488115191079, "incumbent": ["isomap_n_components='2'", "isomap_n_neighbors='6'", "svm_C='79.9317820116972'", "svm_gamma='3.6232786466854465'"]}
{"cpu_time": 51.42511034011841, "total_cpu_time": null, "wallclock_time": 54.79139041900635, "evaluations": 22, "cost": 0.30029740199363775, "incumbent": ["isomap_n_components='3'", "isomap_n_neighbors='6'", "svm_C='79.9317820116972'", "svm_gamma='3.6232786466854465'"]}
{"cpu_time": 70.23283743858337, "total_cpu_time": null, "wallclock_time": 74.88396310806274, "evaluations": 30, "cost": 0.30018010349323254, "incumbent": ["isomap_n_components='2'", "isomap_n_neighbors='6'", "svm_C='84.86384783243973'", "svm_gamma='2.8526466155344052'"]}
{"cpu_time": 108.79614162445068, "total_cpu_time": null, "wallclock_time": 116.33143091201782, "evaluations": 46, "cost": 0.29793918570377387, "incumbent": ["isomap_n_components='2'", "isomap_n_neighbors='6'", "svm_C='79.26406575683002'", "svm_gamma='3.6232786466854465'"]}
{"cpu_time": 273.50376558303833, "total_cpu_time": null, "wallclock_time": 295.293048620224, "evaluations": 116, "cost": 0.2942282092029808, "incumbent": ["isomap_n_components='4'", "isomap_n_neighbors='6'", "svm_C='94.20762865500554'", "svm_gamma='1.0655177273654908'"]}
{"cpu_time": 301.25907826423645, "total_cpu_time": null, "wallclock_time": 325.6501965522766, "evaluations": 128, "cost": 0.2938867730187887, "incumbent": ["isomap_n_components='4'", "isomap_n_neighbors='6'", "svm_C='95.09308133522866'", "svm_gamma='1.1027556866581356'"]}
{"cpu_time": 311.45989751815796, "total_cpu_time": null, "wallclock_time": 336.7336075305939, "evaluations": 132, "cost": 0.2929473701795218, "incumbent": ["isomap_n_components='4'", "isomap_n_neighbors='6'", "svm_C='94.20762865500554'", "svm_gamma='0.5321604861110735'"]}
{"cpu_time": 434.9419071674347, "total_cpu_time": null, "wallclock_time": 470.8145842552185, "evaluations": 186, "cost": 0.29177078212697166, "incumbent": ["isomap_n_components='4'", "isomap_n_neighbors='6'", "svm_C='94.20762865500554'", "svm_gamma='0.9694755096408496'"]}
