{"cpu_time": 0, "total_cpu_time": null, "wallclock_time": 0.00011539459228515625, "evaluations": 0, "cost": 2147483648, "incumbent": ["isomap_n_components='2'", "isomap_n_neighbors='5'", "svm_C='0.1'", "svm_gamma='4.005'"]}
{"cpu_time": 0.893104076385498, "total_cpu_time": null, "wallclock_time": 0.9153316020965576, "evaluations": 1, "cost": 0.3180946202779971, "incumbent": ["isomap_n_components='2'", "isomap_n_neighbors='5'", "svm_C='0.1'", "svm_gamma='4.005'"]}
{"cpu_time": 1.776299238204956, "total_cpu_time": null, "wallclock_time": 1.8517208099365234, "evaluations": 2, "cost": 0.3136450595982128, "incumbent": ["isomap_n_components='2'", "isomap_n_neighbors='7'", "svm_C='25.075000000000003'", "svm_gamma='4.005'"]}
{"cpu_time": 2.622410297393799, "total_cpu_time": null, "wallclock_time": 2.717965841293335, "evaluations": 3, "cost": 0.3101700012599094, "incumbent": ["isomap_n_components='2'", "isomap_n_neighbors='5'", "svm_C='50.050000000000004'", "svm_gamma='8.0'"]}
{"cpu_time": 5.319869518280029, "total_cpu_time": null, "wallclock_time": 5.545154333114624, "evaluations": 5, "cost": 0.3064654522721137, "incumbent": ["isomap_n_components='2'", "isomap_n_neighbors='7'", "svm_C='75.025'", "svm_gamma='8.0'"]}
{"cpu_time": 6.685122728347778, "total_cpu_time": null, "wallclock_time": 7.000006914138794, "evaluations": 6, "cost": 0.30244694733320593, "incumbent": ["isomap_n_components='4'", "isomap_n_neighbors='5'", "svm_C='100.0'", "svm_gamma='6.0024999999999995'"]}
{"cpu_time": 10.618161916732788, "total_cpu_time": null, "wallclock_time": 11.102086544036865, "evaluations": 9, "cost": 0.3003770221959339, "incumbent": ["isomap_n_components='4'", "isomap_n_neighbors='5'", "svm_C='25.075000000000003'", "svm_gamma='8.0'"]}
{"cpu_time": 47.71274018287659, "total_cpu_time": null, "wallclock_time": 50.645023345947266, "evaluations": 44, "cost": 0.2989246065920556, "incumbent": ["isomap_n_components='4'", "isomap_n_neighbors='5'", "svm_C='50.050000000000004'", "svm_gamma='6.0024999999999995'"]}
{"cpu_time": 73.5395667552948, "total_cpu_time": null, "wallclock_time": 78.20325255393982, "evaluations": 70, "cost": 0.2978695936139197, "incumbent": ["isomap_n_components='4'", "isomap_n_neighbors='5'", "svm_C='50.050000000000004'", "svm_gamma='8.0'"]}
