{"cpu_time": 0, "total_cpu_time": null, "wallclock_time": 0.0001614093780517578, "evaluations": 0, "cost": 2147483648, "incumbent": ["isomap_n_components='2'", "isomap_n_neighbors='5'", "svm_C='1.0'", "svm_gamma='1.0'"]}
{"cpu_time": 2.7443885803222656, "total_cpu_time": null, "wallclock_time": 2.8281993865966797, "evaluations": 1, "cost": 0.37227585802372004, "incumbent": ["isomap_n_components='2'", "isomap_n_neighbors='5'", "svm_C='1.0'", "svm_gamma='1.0'"]}
{"cpu_time": 23.306700944900513, "total_cpu_time": null, "wallclock_time": 24.32508134841919, "evaluations": 9, "cost": 0.36699920624643995, "incumbent": ["isomap_n_components='3'", "isomap_n_neighbors='3'", "svm_C='18.112605923202754'", "svm_gamma='2.8833638525651795'"]}
{"cpu_time": 25.61164164543152, "total_cpu_time": null, "wallclock_time": 26.78604507446289, "evaluations": 10, "cost": 0.33979370110784757, "incumbent": ["isomap_n_components='3'", "isomap_n_neighbors='4'", "svm_C='7.7019636771111175'", "svm_gamma='2.8431152752227833'"]}
{"cpu_time": 100.40444660186768, "total_cpu_time": null, "wallclock_time": 105.50377583503723, "evaluations": 40, "cost": 0.3299286011651952, "incumbent": ["isomap_n_components='3'", "isomap_n_neighbors='4'", "svm_C='3.8060124992882276'", "svm_gamma='2.1495820590028067'"]}
{"cpu_time": 276.4423017501831, "total_cpu_time": null, "wallclock_time": 291.8561270236969, "evaluations": 136, "cost": 0.32457140069376794, "incumbent": ["isomap_n_components='3'", "isomap_n_neighbors='4'", "svm_C='1.3103090582163495'", "svm_gamma='4.8972661689801615'"]}
