{"cpu_time": 0, "total_cpu_time": null, "wallclock_time": 5.936622619628906e-05, "evaluations": 0, "cost": 2147483648, "incumbent": ["svm_C='0.1'", "svm_gamma='4.005'"]}
{"cpu_time": 2.2721383571624756, "total_cpu_time": null, "wallclock_time": 2.2874317169189453, "evaluations": 1, "cost": 0.7965283276482179, "incumbent": ["svm_C='0.1'", "svm_gamma='4.005'"]}
{"cpu_time": 4.439630031585693, "total_cpu_time": null, "wallclock_time": 4.484302043914795, "evaluations": 2, "cost": 0.6844948205099075, "incumbent": ["svm_C='100.0'", "svm_gamma='2.0075'"]}
{"cpu_time": 15.102710008621216, "total_cpu_time": null, "wallclock_time": 15.263301849365234, "evaluations": 7, "cost": 0.5598293116399019, "incumbent": ["svm_C='50.050000000000004'", "svm_gamma='0.01'"]}
