{"cpu_time": 0, "total_cpu_time": null, "wallclock_time": 0.00012493133544921875, "evaluations": 0, "cost": 2147483648, "incumbent": ["isomap_n_components='2'", "isomap_n_neighbors='5'", "svm_C='1.0'", "svm_gamma='1.0'"]}
{"cpu_time": 2.0475263595581055, "total_cpu_time": null, "wallclock_time": 2.1578269004821777, "evaluations": 1, "cost": 0.6856679428045314, "incumbent": ["isomap_n_components='2'", "isomap_n_neighbors='5'", "svm_C='1.0'", "svm_gamma='1.0'"]}
{"cpu_time": 5.5989556312561035, "total_cpu_time": null, "wallclock_time": 5.806736469268799, "evaluations": 3, "cost": 0.6712480843694048, "incumbent": ["isomap_n_components='4'", "isomap_n_neighbors='5'", "svm_C='25.725342527255737'", "svm_gamma='2.7907769724696707'"]}
{"cpu_time": 29.89283847808838, "total_cpu_time": null, "wallclock_time": 31.077773571014404, "evaluations": 16, "cost": 0.6539992723747051, "incumbent": ["isomap_n_components='2'", "isomap_n_neighbors='7'", "svm_C='2.241702603747453'", "svm_gamma='2.787671611132629'"]}
{"cpu_time": 91.02687501907349, "total_cpu_time": null, "wallclock_time": 95.50616359710693, "evaluations": 46, "cost": 0.6534587526956418, "incumbent": ["isomap_n_components='2'", "isomap_n_neighbors='7'", "svm_C='32.506224261270745'", "svm_gamma='0.6250243372578372'"]}
{"cpu_time": 99.04043364524841, "total_cpu_time": null, "wallclock_time": 104.11170482635498, "evaluations": 50, "cost": 0.6427841207620268, "incumbent": ["isomap_n_components='2'", "isomap_n_neighbors='7'", "svm_C='23.49388243297434'", "svm_gamma='0.43667080872577224'"]}
{"cpu_time": 122.55872678756714, "total_cpu_time": null, "wallclock_time": 128.63204550743103, "evaluations": 62, "cost": 0.6361451950125786, "incumbent": ["isomap_n_components='2'", "isomap_n_neighbors='7'", "svm_C='20.273402614932785'", "svm_gamma='0.09058713621518148'"]}
{"cpu_time": 201.87780618667603, "total_cpu_time": null, "wallclock_time": 211.80568194389343, "evaluations": 103, "cost": 0.6275662627615969, "incumbent": ["isomap_n_components='2'", "isomap_n_neighbors='7'", "svm_C='72.77763018089574'", "svm_gamma='0.12213025933850022'"]}
{"cpu_time": 253.40835213661194, "total_cpu_time": null, "wallclock_time": 265.90266489982605, "evaluations": 129, "cost": 0.6123716734004873, "incumbent": ["isomap_n_components='4'", "isomap_n_neighbors='7'", "svm_C='26.67234291724361'", "svm_gamma='0.012078218931843894'"]}
{"cpu_time": 257.39950799942017, "total_cpu_time": null, "wallclock_time": 270.02682757377625, "evaluations": 131, "cost": 0.6123532111624467, "incumbent": ["isomap_n_components='4'", "isomap_n_neighbors='6'", "svm_C='26.67234291724361'", "svm_gamma='0.012078218931843894'"]}
{"cpu_time": 315.5414741039276, "total_cpu_time": null, "wallclock_time": 331.7972357273102, "evaluations": 162, "cost": 0.6107862296385522, "incumbent": ["isomap_n_components='4'", "isomap_n_neighbors='7'", "svm_C='30.27121015474813'", "svm_gamma='0.012078218931843894'"]}
{"cpu_time": 336.53916025161743, "total_cpu_time": null, "wallclock_time": 353.86409544944763, "evaluations": 173, "cost": 0.6094881698979692, "incumbent": ["isomap_n_components='4'", "isomap_n_neighbors='6'", "svm_C='12.230853851600166'", "svm_gamma='0.012078218931843894'"]}
{"cpu_time": 343.699636220932, "total_cpu_time": null, "wallclock_time": 361.53462433815, "evaluations": 177, "cost": 0.6082126778433913, "incumbent": ["isomap_n_components='4'", "isomap_n_neighbors='7'", "svm_C='44.19149098209591'", "svm_gamma='0.012078218931843894'"]}
{"cpu_time": 453.7471466064453, "total_cpu_time": null, "wallclock_time": 477.76901507377625, "evaluations": 276, "cost": 0.6061680198081593, "incumbent": ["isomap_n_components='4'", "isomap_n_neighbors='6'", "svm_C='30.814484367267603'", "svm_gamma='0.012078218931843894'"]}
{"cpu_time": 525.5602216720581, "total_cpu_time": null, "wallclock_time": 553.6005730628967, "evaluations": 342, "cost": 0.6061181798232347, "incumbent": ["isomap_n_components='4'", "isomap_n_neighbors='6'", "svm_C='39.86381592974201'", "svm_gamma='0.012078218931843894'"]}
