{"cpu_time": 0, "total_cpu_time": null, "wallclock_time": 4.649162292480469e-05, "evaluations": 0, "cost": 2147483648, "incumbent": ["pca_whiten=''true''"]}
{"cpu_time": 22.713310718536377, "total_cpu_time": null, "wallclock_time": 22.785661220550537, "evaluations": 1, "cost": 2.5485216363866017, "incumbent": ["pca_whiten=''true''"]}
