{"cpu_time": 0, "total_cpu_time": null, "wallclock_time": 0.00011968612670898438, "evaluations": 0, "cost": 2147483648, "incumbent": ["isomap_n_components='2'", "isomap_n_neighbors='5'", "rf_max_features='0.5'", "rf_n_estimators='10'"]}
{"cpu_time": 0.8175911903381348, "total_cpu_time": null, "wallclock_time": 0.8396368026733398, "evaluations": 1, "cost": 4.2864810021930175, "incumbent": ["isomap_n_components='2'", "isomap_n_neighbors='5'", "rf_max_features='0.5'", "rf_n_estimators='10'"]}
{"cpu_time": 2.6436233520507812, "total_cpu_time": null, "wallclock_time": 2.718463659286499, "evaluations": 2, "cost": 1.2879746342842608, "incumbent": ["isomap_n_components='2'", "isomap_n_neighbors='7'", "rf_max_features='0.7705914184339647'", "rf_n_estimators='220'"]}
{"cpu_time": 5.095259666442871, "total_cpu_time": null, "wallclock_time": 5.258466482162476, "evaluations": 4, "cost": 1.1905472915276822, "incumbent": ["isomap_n_components='3'", "isomap_n_neighbors='3'", "rf_max_features='0.5379007026068363'", "rf_n_estimators='167'"]}
{"cpu_time": 16.350318431854248, "total_cpu_time": null, "wallclock_time": 16.92944645881653, "evaluations": 13, "cost": 1.0790115219633827, "incumbent": ["isomap_n_components='3'", "isomap_n_neighbors='7'", "rf_max_features='0.7104527509265792'", "rf_n_estimators='105'"]}
{"cpu_time": 26.044722080230713, "total_cpu_time": null, "wallclock_time": 27.039515256881714, "evaluations": 21, "cost": 0.9527531333313206, "incumbent": ["isomap_n_components='4'", "isomap_n_neighbors='6'", "rf_max_features='0.3908563055255074'", "rf_n_estimators='252'"]}
{"cpu_time": 48.3777859210968, "total_cpu_time": null, "wallclock_time": 50.1722526550293, "evaluations": 37, "cost": 0.941890422517797, "incumbent": ["isomap_n_components='4'", "isomap_n_neighbors='7'", "rf_max_features='0.46859709749464196'", "rf_n_estimators='281'"]}
{"cpu_time": 119.66394424438477, "total_cpu_time": null, "wallclock_time": 124.83282327651978, "evaluations": 94, "cost": 0.93829027901247, "incumbent": ["isomap_n_components='4'", "isomap_n_neighbors='7'", "rf_max_features='0.31498497713557855'", "rf_n_estimators='264'"]}
{"cpu_time": 143.35719537734985, "total_cpu_time": null, "wallclock_time": 149.3449409008026, "evaluations": 108, "cost": 0.9293837465530576, "incumbent": ["isomap_n_components='4'", "isomap_n_neighbors='7'", "rf_max_features='0.32922143660221054'", "rf_n_estimators='282'"]}
