{"cpu_time": 0, "total_cpu_time": null, "wallclock_time": 0.0001456737518310547, "evaluations": 0, "cost": 2147483648, "incumbent": ["pca_whiten=''true''", "svm_C='1.0'", "svm_gamma='1.0'"]}
{"cpu_time": 1.3384501934051514, "total_cpu_time": null, "wallclock_time": 1.3652958869934082, "evaluations": 1, "cost": 0.5249991870396756, "incumbent": ["pca_whiten=''true''", "svm_C='1.0'", "svm_gamma='1.0'"]}
{"cpu_time": 2.3891806602478027, "total_cpu_time": null, "wallclock_time": 2.4557018280029297, "evaluations": 2, "cost": 0.5145262945340106, "incumbent": ["pca_whiten=''true''", "svm_C='65.31224049555269'", "svm_gamma='4.667651857354299'"]}
{"cpu_time": 10.4793381690979, "total_cpu_time": null, "wallclock_time": 10.73499870300293, "evaluations": 8, "cost": 0.5091583636472764, "incumbent": ["pca_whiten=''true''", "svm_C='62.33281468850071'", "svm_gamma='1.5144007304461375'"]}
{"cpu_time": 32.65764379501343, "total_cpu_time": null, "wallclock_time": 33.59163737297058, "evaluations": 26, "cost": 0.5088190194636727, "incumbent": ["pca_whiten=''true''", "svm_C='55.46741785635216'", "svm_gamma='1.4804448110024402'"]}
{"cpu_time": 33.84292006492615, "total_cpu_time": null, "wallclock_time": 34.81392550468445, "evaluations": 27, "cost": 0.5081410393661056, "incumbent": ["pca_whiten=''false''", "svm_C='34.989973374982284'", "svm_gamma='1.6890410632564805'"]}
{"cpu_time": 36.1203875541687, "total_cpu_time": null, "wallclock_time": 37.183714866638184, "evaluations": 29, "cost": 0.506035046427229, "incumbent": ["pca_whiten=''false''", "svm_C='62.50814177672008'", "svm_gamma='0.028977341676197955'"]}
{"cpu_time": 55.057353019714355, "total_cpu_time": null, "wallclock_time": 56.79113245010376, "evaluations": 45, "cost": 0.5035409180750968, "incumbent": ["pca_whiten=''false''", "svm_C='61.13073401526742'", "svm_gamma='0.15579333162120296'"]}
{"cpu_time": 118.21898460388184, "total_cpu_time": null, "wallclock_time": 122.02989745140076, "evaluations": 96, "cost": 0.5034132151525456, "incumbent": ["pca_whiten=''false''", "svm_C='84.79802297497547'", "svm_gamma='0.0330078992007208'"]}
{"cpu_time": 135.34480929374695, "total_cpu_time": null, "wallclock_time": 139.70324087142944, "evaluations": 110, "cost": 0.502574213966982, "incumbent": ["pca_whiten=''true''", "svm_C='99.49927537933601'", "svm_gamma='0.11624307469005046'"]}
{"cpu_time": 156.97525095939636, "total_cpu_time": null, "wallclock_time": 162.1374535560608, "evaluations": 128, "cost": 0.5022668836825708, "incumbent": ["pca_whiten=''true''", "svm_C='98.48961962592149'", "svm_gamma='0.11624307469005046'"]}
