{"cpu_time": 0, "total_cpu_time": null, "wallclock_time": 0.00012040138244628906, "evaluations": 0, "cost": 2147483648, "incumbent": ["pca_whiten=''true''", "svm_C='1.0'", "svm_gamma='1.0'"]}
{"cpu_time": 2.2610602378845215, "total_cpu_time": null, "wallclock_time": 2.336348056793213, "evaluations": 1, "cost": 0.31975717383494495, "incumbent": ["pca_whiten=''true''", "svm_C='1.0'", "svm_gamma='1.0'"]}
{"cpu_time": 4.301266193389893, "total_cpu_time": null, "wallclock_time": 4.478842258453369, "evaluations": 2, "cost": 0.30917198246355043, "incumbent": ["pca_whiten=''true''", "svm_C='65.31224049555269'", "svm_gamma='4.667651857354299'"]}
{"cpu_time": 13.281545877456665, "total_cpu_time": null, "wallclock_time": 13.862698316574097, "evaluations": 6, "cost": 0.3083931664007025, "incumbent": ["pca_whiten=''true''", "svm_C='69.69712111971603'", "svm_gamma='7.565840455614787'"]}
{"cpu_time": 15.62863802909851, "total_cpu_time": null, "wallclock_time": 16.290067672729492, "evaluations": 7, "cost": 0.3082984380193408, "incumbent": ["pca_whiten=''false''", "svm_C='43.44972047643372'", "svm_gamma='7.1582797874925035'"]}
{"cpu_time": 42.99821066856384, "total_cpu_time": null, "wallclock_time": 44.87291860580444, "evaluations": 19, "cost": 0.30778953121716945, "incumbent": ["pca_whiten=''false''", "svm_C='41.211025438337806'", "svm_gamma='6.735617243335283'"]}
{"cpu_time": 62.37281060218811, "total_cpu_time": null, "wallclock_time": 65.28320837020874, "evaluations": 28, "cost": 0.3075099897903368, "incumbent": ["pca_whiten=''false''", "svm_C='46.90027084576021'", "svm_gamma='6.694893725809514'"]}
{"cpu_time": 78.23753380775452, "total_cpu_time": null, "wallclock_time": 81.89947485923767, "evaluations": 34, "cost": 0.30706509071228605, "incumbent": ["pca_whiten=''false''", "svm_C='50.42719280757874'", "svm_gamma='6.979500502630802'"]}
{"cpu_time": 199.60768032073975, "total_cpu_time": null, "wallclock_time": 209.47600317001343, "evaluations": 88, "cost": 0.3063142043717504, "incumbent": ["pca_whiten=''false''", "svm_C='59.37539347960135'", "svm_gamma='6.963318126472535'"]}
{"cpu_time": 203.66649532318115, "total_cpu_time": null, "wallclock_time": 213.75187516212463, "evaluations": 90, "cost": 0.3062745750078957, "incumbent": ["pca_whiten=''true''", "svm_C='85.66592029545707'", "svm_gamma='0.08613856870701457'"]}
