{"cpu_time": 0, "total_cpu_time": null, "wallclock_time": 0.00015783309936523438, "evaluations": 0, "cost": 2147483648, "incumbent": ["isomap_n_components='2'", "isomap_n_neighbors='5'", "rf_max_features='0.5'", "rf_n_estimators='10'"]}
{"cpu_time": 0.4156303405761719, "total_cpu_time": null, "wallclock_time": 0.4287886619567871, "evaluations": 1, "cost": 5.390013773115995, "incumbent": ["isomap_n_components='2'", "isomap_n_neighbors='5'", "rf_max_features='0.5'", "rf_n_estimators='10'"]}
{"cpu_time": 1.6321561336517334, "total_cpu_time": null, "wallclock_time": 1.6873488426208496, "evaluations": 2, "cost": 1.9369334653733936, "incumbent": ["isomap_n_components='2'", "isomap_n_neighbors='7'", "rf_max_features='0.7705914184339647'", "rf_n_estimators='220'"]}
{"cpu_time": 4.41877293586731, "total_cpu_time": null, "wallclock_time": 4.5814783573150635, "evaluations": 5, "cost": 1.9271087762769386, "incumbent": ["isomap_n_components='2'", "isomap_n_neighbors='7'", "rf_max_features='0.6019740786883476'", "rf_n_estimators='186'"]}
{"cpu_time": 13.586685419082642, "total_cpu_time": null, "wallclock_time": 14.254226922988892, "evaluations": 16, "cost": 1.8948450698030659, "incumbent": ["isomap_n_components='3'", "isomap_n_neighbors='7'", "rf_max_features='0.5487334373488784'", "rf_n_estimators='105'"]}
{"cpu_time": 17.413575887680054, "total_cpu_time": null, "wallclock_time": 18.23406195640564, "evaluations": 20, "cost": 1.8414545535204274, "incumbent": ["isomap_n_components='2'", "isomap_n_neighbors='7'", "rf_max_features='0.5527100520692738'", "rf_n_estimators='299'"]}
{"cpu_time": 18.705749034881592, "total_cpu_time": null, "wallclock_time": 19.54292368888855, "evaluations": 21, "cost": 1.620427775470361, "incumbent": ["isomap_n_components='4'", "isomap_n_neighbors='6'", "rf_max_features='0.3908563055255074'", "rf_n_estimators='252'"]}
{"cpu_time": 23.51797342300415, "total_cpu_time": null, "wallclock_time": 24.542500972747803, "evaluations": 25, "cost": 1.5306978150720816, "incumbent": ["isomap_n_components='3'", "isomap_n_neighbors='5'", "rf_max_features='0.757940516037592'", "rf_n_estimators='295'"]}
