{"cpu_time": 0, "total_cpu_time": null, "wallclock_time": 0.0001327991485595703, "evaluations": 0, "cost": 2147483648, "incumbent": ["pca_whiten=''true''", "svm_C='1.0'", "svm_gamma='1.0'"]}
{"cpu_time": 0.4457814693450928, "total_cpu_time": null, "wallclock_time": 0.562049388885498, "evaluations": 1, "cost": 0.5349966568551157, "incumbent": ["pca_whiten=''true''", "svm_C='1.0'", "svm_gamma='1.0'"]}
{"cpu_time": 0.7520089149475098, "total_cpu_time": null, "wallclock_time": 0.9725985527038574, "evaluations": 2, "cost": 0.5274035301252132, "incumbent": ["pca_whiten=''true''", "svm_C='65.31224049555269'", "svm_gamma='4.667651857354299'"]}
{"cpu_time": 1.3974642753601074, "total_cpu_time": null, "wallclock_time": 1.8081698417663574, "evaluations": 4, "cost": 0.5255914158528961, "incumbent": ["pca_whiten=''true''", "svm_C='1.2716634603503483'", "svm_gamma='5.837543753082359'"]}
{"cpu_time": 1.5963168144226074, "total_cpu_time": null, "wallclock_time": 2.0886425971984863, "evaluations": 5, "cost": 0.5253575965525362, "incumbent": ["pca_whiten=''true''", "svm_C='78.990011851405'", "svm_gamma='6.602930247746782'"]}
{"cpu_time": 3.5060322284698486, "total_cpu_time": null, "wallclock_time": 4.5295655727386475, "evaluations": 10, "cost": 0.5249859595244978, "incumbent": ["pca_whiten=''false''", "svm_C='8.525290132531467'", "svm_gamma='6.775398905803626'"]}
{"cpu_time": 7.5206897258758545, "total_cpu_time": null, "wallclock_time": 9.710870504379272, "evaluations": 22, "cost": 0.522403435307534, "incumbent": ["pca_whiten=''false''", "svm_C='5.453329549834046'", "svm_gamma='5.385956981211823'"]}
{"cpu_time": 9.896492958068848, "total_cpu_time": null, "wallclock_time": 12.885213851928711, "evaluations": 29, "cost": 0.5083268463673417, "incumbent": ["pca_whiten=''false''", "svm_C='62.50814177672008'", "svm_gamma='0.028977341676197955'"]}
{"cpu_time": 11.37466025352478, "total_cpu_time": null, "wallclock_time": 15.02150821685791, "evaluations": 34, "cost": 0.4976933672038835, "incumbent": ["pca_whiten=''false''", "svm_C='72.58424334271244'", "svm_gamma='0.27808064666612087'"]}
{"cpu_time": 12.7239089012146, "total_cpu_time": null, "wallclock_time": 16.853174686431885, "evaluations": 38, "cost": 0.4889699228865121, "incumbent": ["pca_whiten=''false''", "svm_C='53.73916728653797'", "svm_gamma='0.03917360151637708'"]}
{"cpu_time": 30.020113706588745, "total_cpu_time": null, "wallclock_time": 40.38791251182556, "evaluations": 92, "cost": 0.48354252248385654, "incumbent": ["pca_whiten=''true''", "svm_C='3.702482300519715'", "svm_gamma='0.02032466392585023'"]}
