{"cpu_time": 0, "total_cpu_time": null, "wallclock_time": 0.00015354156494140625, "evaluations": 0, "cost": 2147483648, "incumbent": ["isomap_n_components='2'", "isomap_n_neighbors='5'", "svm_C='1.0'", "svm_gamma='1.0'"]}
{"cpu_time": 0.3273310661315918, "total_cpu_time": null, "wallclock_time": 0.4968867301940918, "evaluations": 1, "cost": 0.4806783895561346, "incumbent": ["isomap_n_components='2'", "isomap_n_neighbors='5'", "svm_C='1.0'", "svm_gamma='1.0'"]}
{"cpu_time": 9.903815984725952, "total_cpu_time": null, "wallclock_time": 13.937232494354248, "evaluations": 18, "cost": 0.4514602599868625, "incumbent": ["isomap_n_components='2'", "isomap_n_neighbors='6'", "svm_C='12.050398239134134'", "svm_gamma='0.09684656437562793'"]}
{"cpu_time": 34.034747838974, "total_cpu_time": null, "wallclock_time": 51.36110329627991, "evaluations": 62, "cost": 0.440392076028787, "incumbent": ["isomap_n_components='2'", "isomap_n_neighbors='7'", "svm_C='10.687966487902901'", "svm_gamma='0.09684656437562793'"]}
{"cpu_time": 40.10829210281372, "total_cpu_time": null, "wallclock_time": 59.953453063964844, "evaluations": 73, "cost": 0.43978095603394013, "incumbent": ["isomap_n_components='2'", "isomap_n_neighbors='7'", "svm_C='9.871424615957835'", "svm_gamma='0.09684656437562793'"]}
