{"cpu_time": 0, "total_cpu_time": null, "wallclock_time": 6.461143493652344e-05, "evaluations": 0, "cost": 2147483648, "incumbent": ["pca_whiten=''true''"]}
{"cpu_time": 50.6499707698822, "total_cpu_time": null, "wallclock_time": 50.87251543998718, "evaluations": 1, "cost": 13.189454582821119, "incumbent": ["pca_whiten=''true''"]}
