{"cpu_time": 0, "total_cpu_time": null, "wallclock_time": 0.0001354217529296875, "evaluations": 0, "cost": 2147483648, "incumbent": ["haralick_distance='1'", "pca_whiten=''true''", "rf_max_features='0.5'", "rf_n_estimators='10'"]}
{"cpu_time": 91.17960548400879, "total_cpu_time": null, "wallclock_time": 91.24517226219177, "evaluations": 1, "cost": 4.223579053159298, "incumbent": ["haralick_distance='1'", "pca_whiten=''true''", "rf_max_features='0.5'", "rf_n_estimators='10'"]}
{"cpu_time": 186.93436527252197, "total_cpu_time": null, "wallclock_time": 187.20850014686584, "evaluations": 2, "cost": 2.211126194948749, "incumbent": ["haralick_distance='1'", "pca_whiten=''true''", "rf_max_features='0.5914675755540864'", "rf_n_estimators='259'"]}
{"cpu_time": 481.8807134628296, "total_cpu_time": null, "wallclock_time": 482.4573495388031, "evaluations": 5, "cost": 2.1639965348883, "incumbent": ["haralick_distance='2'", "pca_whiten=''true''", "rf_max_features='0.36113899979178665'", "rf_n_estimators='248'"]}
{"cpu_time": 584.1887404918671, "total_cpu_time": null, "wallclock_time": 584.923360824585, "evaluations": 6, "cost": 2.0572320660132872, "incumbent": ["haralick_distance='3'", "pca_whiten=''true''", "rf_max_features='0.5831730167358328'", "rf_n_estimators='256'"]}
{"cpu_time": 1983.7491567134857, "total_cpu_time": null, "wallclock_time": 1986.2344167232513, "evaluations": 25, "cost": 1.9907808246371286, "incumbent": ["haralick_distance='3'", "pca_whiten=''true''", "rf_max_features='0.7238864987193799'", "rf_n_estimators='299'"]}
{"cpu_time": 2901.205019712448, "total_cpu_time": null, "wallclock_time": 2905.1293835639954, "evaluations": 38, "cost": 1.8134512151384492, "incumbent": ["haralick_distance='3'", "pca_whiten=''true''", "rf_max_features='0.7405793487909968'", "rf_n_estimators='261'"]}
