{"cpu_time": 0, "total_cpu_time": null, "wallclock_time": 0.00012993812561035156, "evaluations": 0, "cost": 2147483648, "incumbent": ["pca_whiten=''true''", "rf_max_features='0.5'", "rf_n_estimators='10'"]}
{"cpu_time": 0.627859354019165, "total_cpu_time": null, "wallclock_time": 0.6670608520507812, "evaluations": 1, "cost": 4.470812606351524, "incumbent": ["pca_whiten=''true''", "rf_max_features='0.5'", "rf_n_estimators='10'"]}
{"cpu_time": 1.9922661781311035, "total_cpu_time": null, "wallclock_time": 2.0642147064208984, "evaluations": 2, "cost": 1.6430831908876085, "incumbent": ["pca_whiten=''true''", "rf_max_features='0.6263875900678313'", "rf_n_estimators='178'"]}
{"cpu_time": 3.295440435409546, "total_cpu_time": null, "wallclock_time": 3.3845221996307373, "evaluations": 3, "cost": 1.5318228871918016, "incumbent": ["pca_whiten=''false''", "rf_max_features='0.3021465708060675'", "rf_n_estimators='203'"]}
{"cpu_time": 4.799809694290161, "total_cpu_time": null, "wallclock_time": 4.926850080490112, "evaluations": 4, "cost": 1.4530599398668809, "incumbent": ["pca_whiten=''true''", "rf_max_features='0.30586418148323496'", "rf_n_estimators='221'"]}
{"cpu_time": 8.412452697753906, "total_cpu_time": null, "wallclock_time": 8.599606275558472, "evaluations": 6, "cost": 1.3845012494033562, "incumbent": ["pca_whiten=''true''", "rf_max_features='0.6483339395381182'", "rf_n_estimators='285'"]}
{"cpu_time": 10.148615837097168, "total_cpu_time": null, "wallclock_time": 10.353487014770508, "evaluations": 7, "cost": 1.3764517865142158, "incumbent": ["pca_whiten=''false''", "rf_max_features='0.5169655679501186'", "rf_n_estimators='270'"]}
{"cpu_time": 14.44875955581665, "total_cpu_time": null, "wallclock_time": 14.758963584899902, "evaluations": 10, "cost": 1.3606946844320873, "incumbent": ["pca_whiten=''false''", "rf_max_features='0.44830794380433353'", "rf_n_estimators='271'"]}
{"cpu_time": 16.17167615890503, "total_cpu_time": null, "wallclock_time": 16.5002703666687, "evaluations": 11, "cost": 1.2978716115327957, "incumbent": ["pca_whiten=''true''", "rf_max_features='0.7898269852068684'", "rf_n_estimators='295'"]}
{"cpu_time": 38.31641674041748, "total_cpu_time": null, "wallclock_time": 39.21048331260681, "evaluations": 28, "cost": 1.2748431692896771, "incumbent": ["pca_whiten=''true''", "rf_max_features='0.3208365346343538'", "rf_n_estimators='277'"]}
{"cpu_time": 41.177022218704224, "total_cpu_time": null, "wallclock_time": 42.16214847564697, "evaluations": 30, "cost": 1.203513479226755, "incumbent": ["pca_whiten=''false''", "rf_max_features='0.48869213406156453'", "rf_n_estimators='281'"]}
