{"cpu_time": 0, "total_cpu_time": null, "wallclock_time": 0.00011754035949707031, "evaluations": 0, "cost": 2147483648, "incumbent": ["pca_whiten=''true''", "svm_C='1.0'", "svm_gamma='1.0'"]}
{"cpu_time": 92.53825616836548, "total_cpu_time": null, "wallclock_time": 92.87585830688477, "evaluations": 1, "cost": 0.899479112096472, "incumbent": ["pca_whiten=''true''", "svm_C='1.0'", "svm_gamma='1.0'"]}
{"cpu_time": 127.38657188415527, "total_cpu_time": null, "wallclock_time": 128.9827516078949, "evaluations": 10, "cost": 0.8850302213275593, "incumbent": ["pca_whiten=''true''", "svm_C='28.47602111141865'", "svm_gamma='0.8905090834586253'"]}
{"cpu_time": 142.49190139770508, "total_cpu_time": null, "wallclock_time": 144.45383310317993, "evaluations": 14, "cost": 0.849740435329467, "incumbent": ["pca_whiten=''false''", "svm_C='35.6177788970462'", "svm_gamma='0.6139953250167454'"]}
{"cpu_time": 179.24061393737793, "total_cpu_time": null, "wallclock_time": 182.2597234249115, "evaluations": 24, "cost": 0.7986218587997915, "incumbent": ["pca_whiten=''true''", "svm_C='31.697930817700993'", "svm_gamma='0.33747247980255185'"]}
{"cpu_time": 198.577486038208, "total_cpu_time": null, "wallclock_time": 202.3293125629425, "evaluations": 29, "cost": 0.692013772656737, "incumbent": ["pca_whiten=''false''", "svm_C='62.50814177672008'", "svm_gamma='0.028977341676197955'"]}
{"cpu_time": 224.40150690078735, "total_cpu_time": null, "wallclock_time": 229.20809602737427, "evaluations": 36, "cost": 0.6805693889881224, "incumbent": ["pca_whiten=''false''", "svm_C='23.031408896054625'", "svm_gamma='0.03743717312918946'"]}
{"cpu_time": 311.83939242362976, "total_cpu_time": null, "wallclock_time": 320.67074751853943, "evaluations": 62, "cost": 0.6738576971909728, "incumbent": ["pca_whiten=''false''", "svm_C='10.444599604406115'", "svm_gamma='0.03891044832310457'"]}
{"cpu_time": 605.181040763855, "total_cpu_time": null, "wallclock_time": 624.3327388763428, "evaluations": 150, "cost": 0.6731640032668325, "incumbent": ["pca_whiten=''true''", "svm_C='17.315555771902748'", "svm_gamma='0.03813384050411257'"]}
{"cpu_time": 908.8656573295593, "total_cpu_time": null, "wallclock_time": 938.4877223968506, "evaluations": 242, "cost": 0.6721220239631888, "incumbent": ["pca_whiten=''false''", "svm_C='13.179085320733241'", "svm_gamma='0.03891044832310457'"]}
