{"cpu_time": 0, "total_cpu_time": null, "wallclock_time": 9.560585021972656e-05, "evaluations": 0, "cost": 2147483648, "incumbent": ["haralick_distance='1'", "pca_whiten=''true''", "svm_C='1.0'", "svm_gamma='1.0'"]}
{"cpu_time": 38.552395820617676, "total_cpu_time": null, "wallclock_time": 38.56712746620178, "evaluations": 1, "cost": 0.9466504492304176, "incumbent": ["haralick_distance='1'", "pca_whiten=''true''", "svm_C='1.0'", "svm_gamma='1.0'"]}
{"cpu_time": 77.34278678894043, "total_cpu_time": null, "wallclock_time": 77.39150834083557, "evaluations": 2, "cost": 0.945521074721694, "incumbent": ["haralick_distance='1'", "pca_whiten=''true''", "svm_C='58.33522159570645'", "svm_gamma='6.857609839424436'"]}
{"cpu_time": 116.9082682132721, "total_cpu_time": null, "wallclock_time": 116.97206950187683, "evaluations": 3, "cost": 0.7990337380528385, "incumbent": ["haralick_distance='2'", "pca_whiten=''true''", "svm_C='39.719968193911264'", "svm_gamma='0.8615789437416754'"]}
