{"cpu_time": 0, "total_cpu_time": null, "wallclock_time": 0.00011968612670898438, "evaluations": 0, "cost": 2147483648, "incumbent": ["pca_whiten=''true''", "rf_max_features='0.5'", "rf_n_estimators='10'"]}
{"cpu_time": 4.6325695514678955, "total_cpu_time": null, "wallclock_time": 4.778341054916382, "evaluations": 1, "cost": 0.9121732167969054, "incumbent": ["pca_whiten=''true''", "rf_max_features='0.5'", "rf_n_estimators='10'"]}
{"cpu_time": 16.23793363571167, "total_cpu_time": null, "wallclock_time": 16.52586269378662, "evaluations": 2, "cost": 0.28040009165901614, "incumbent": ["pca_whiten=''true''", "rf_max_features='0.6263875900678313'", "rf_n_estimators='178'"]}
{"cpu_time": 26.96533179283142, "total_cpu_time": null, "wallclock_time": 27.36297082901001, "evaluations": 3, "cost": 0.27695353998350924, "incumbent": ["pca_whiten=''false''", "rf_max_features='0.3021465708060675'", "rf_n_estimators='203'"]}
{"cpu_time": 399.24354338645935, "total_cpu_time": null, "wallclock_time": 406.0699272155762, "evaluations": 35, "cost": 0.2748600940092526, "incumbent": ["pca_whiten=''true''", "rf_max_features='0.33096646730267215'", "rf_n_estimators='111'"]}
{"cpu_time": 451.2989435195923, "total_cpu_time": null, "wallclock_time": 459.1319942474365, "evaluations": 40, "cost": 0.27483935009995236, "incumbent": ["pca_whiten=''false''", "rf_max_features='0.3300705367206009'", "rf_n_estimators='59'"]}
{"cpu_time": 1057.844831943512, "total_cpu_time": null, "wallclock_time": 1078.3088428974152, "evaluations": 103, "cost": 0.27230708043256785, "incumbent": ["pca_whiten=''true''", "rf_max_features='0.3614575156014818'", "rf_n_estimators='97'"]}
{"cpu_time": 1173.6806931495667, "total_cpu_time": null, "wallclock_time": 1195.950876235962, "evaluations": 128, "cost": 0.2717600887068006, "incumbent": ["pca_whiten=''true''", "rf_max_features='0.30003160152844716'", "rf_n_estimators='113'"]}
