{"cpu_time": 0, "total_cpu_time": null, "wallclock_time": 0.00015664100646972656, "evaluations": 0, "cost": 2147483648, "incumbent": ["haralick_distance='1'", "pca_whiten=''true''", "svm_C='1.0'", "svm_gamma='1.0'"]}
{"cpu_time": 43.44732594490051, "total_cpu_time": null, "wallclock_time": 43.46460700035095, "evaluations": 1, "cost": 0.4496012694571326, "incumbent": ["haralick_distance='1'", "pca_whiten=''true''", "svm_C='1.0'", "svm_gamma='1.0'"]}
{"cpu_time": 89.72080993652344, "total_cpu_time": null, "wallclock_time": 89.77881741523743, "evaluations": 2, "cost": 0.4496012694569938, "incumbent": ["haralick_distance='1'", "pca_whiten=''true''", "svm_C='58.33522159570645'", "svm_gamma='6.857609839424436'"]}
{"cpu_time": 547.0025632381439, "total_cpu_time": null, "wallclock_time": 547.4769220352173, "evaluations": 12, "cost": 0.4496012694569802, "incumbent": ["haralick_distance='1'", "pca_whiten=''false''", "svm_C='92.65900339996917'", "svm_gamma='4.194836973415491'"]}
{"cpu_time": 722.269321680069, "total_cpu_time": null, "wallclock_time": 722.9212419986725, "evaluations": 16, "cost": 0.449601269456878, "incumbent": ["haralick_distance='1'", "pca_whiten=''true''", "svm_C='90.45736157883717'", "svm_gamma='6.077139524061227'"]}
{"cpu_time": 948.4731755256653, "total_cpu_time": null, "wallclock_time": 949.3693017959595, "evaluations": 21, "cost": 0.44960126945671397, "incumbent": ["haralick_distance='1'", "pca_whiten=''false''", "svm_C='62.50814177672008'", "svm_gamma='0.028977341676197955'"]}
{"cpu_time": 1413.7936599254608, "total_cpu_time": null, "wallclock_time": 1415.1498959064484, "evaluations": 31, "cost": 0.44540097277848734, "incumbent": ["haralick_distance='3'", "pca_whiten=''true''", "svm_C='7.726210012597538'", "svm_gamma='7.325656403234683'"]}
{"cpu_time": 1986.9195828437805, "total_cpu_time": null, "wallclock_time": 1988.850869178772, "evaluations": 44, "cost": 0.4423402764210862, "incumbent": ["haralick_distance='3'", "pca_whiten=''false''", "svm_C='6.109110431119883'", "svm_gamma='7.784821245689097'"]}
{"cpu_time": 2621.3144960403442, "total_cpu_time": null, "wallclock_time": 2623.9489912986755, "evaluations": 58, "cost": 0.43731055150106185, "incumbent": ["haralick_distance='3'", "pca_whiten=''false''", "svm_C='4.340010685292817'", "svm_gamma='7.713622445934352'"]}
{"cpu_time": 3856.639408349991, "total_cpu_time": null, "wallclock_time": 3860.759711742401, "evaluations": 92, "cost": 0.43718724870844133, "incumbent": ["haralick_distance='3'", "pca_whiten=''false''", "svm_C='4.340010685292817'", "svm_gamma='6.124931325802186'"]}
{"cpu_time": 3917.753389596939, "total_cpu_time": null, "wallclock_time": 3921.9453127384186, "evaluations": 94, "cost": 0.4359290924376426, "incumbent": ["haralick_distance='3'", "pca_whiten=''false''", "svm_C='3.491385698243182'", "svm_gamma='7.109350239272826'"]}
