{"cpu_time": 0, "total_cpu_time": null, "wallclock_time": 0.00019240379333496094, "evaluations": 0, "cost": 2147483648, "incumbent": ["isomap_n_components='2'", "isomap_n_neighbors='5'", "svm_C='1.0'", "svm_gamma='1.0'"]}
{"cpu_time": 0.7124404907226562, "total_cpu_time": null, "wallclock_time": 0.8691389560699463, "evaluations": 1, "cost": 0.4806783895561346, "incumbent": ["isomap_n_components='2'", "isomap_n_neighbors='5'", "svm_C='1.0'", "svm_gamma='1.0'"]}
{"cpu_time": 11.341215372085571, "total_cpu_time": null, "wallclock_time": 16.264800548553467, "evaluations": 22, "cost": 0.47296424289174394, "incumbent": ["isomap_n_components='2'", "isomap_n_neighbors='7'", "svm_C='76.19661390417602'", "svm_gamma='6.855896622748955'"]}
