{"cpu_time": 0, "total_cpu_time": null, "wallclock_time": 8.893013000488281e-05, "evaluations": 0, "cost": 2147483648, "incumbent": ["pca_whiten=''true''", "rf_max_features='0.5'", "rf_n_estimators='10'"]}
{"cpu_time": 0.2856569290161133, "total_cpu_time": null, "wallclock_time": 0.30152010917663574, "evaluations": 1, "cost": 1.5575114795347371, "incumbent": ["pca_whiten=''true''", "rf_max_features='0.5'", "rf_n_estimators='10'"]}
{"cpu_time": 1.415478229522705, "total_cpu_time": null, "wallclock_time": 1.4631197452545166, "evaluations": 2, "cost": 0.7137930054746665, "incumbent": ["pca_whiten=''true''", "rf_max_features='0.6263875900678313'", "rf_n_estimators='178'"]}
{"cpu_time": 3.5601181983947754, "total_cpu_time": null, "wallclock_time": 3.6611058712005615, "evaluations": 4, "cost": 0.7125875910168684, "incumbent": ["pca_whiten=''true''", "rf_max_features='0.30586418148323496'", "rf_n_estimators='221'"]}
{"cpu_time": 5.135905981063843, "total_cpu_time": null, "wallclock_time": 5.254161596298218, "evaluations": 5, "cost": 0.7118367815948217, "incumbent": ["pca_whiten=''true''", "rf_max_features='0.6948449041611862'", "rf_n_estimators='249'"]}
{"cpu_time": 9.824896335601807, "total_cpu_time": null, "wallclock_time": 10.039230108261108, "evaluations": 8, "cost": 0.7110098177746119, "incumbent": ["pca_whiten=''false''", "rf_max_features='0.5825957699430724'", "rf_n_estimators='204'"]}
{"cpu_time": 14.051061153411865, "total_cpu_time": null, "wallclock_time": 14.37795877456665, "evaluations": 12, "cost": 0.7090715084949043, "incumbent": ["pca_whiten=''false''", "rf_max_features='0.4310838464758446'", "rf_n_estimators='228'"]}
{"cpu_time": 17.307769298553467, "total_cpu_time": null, "wallclock_time": 17.714799880981445, "evaluations": 15, "cost": 0.7077524411882544, "incumbent": ["pca_whiten=''true''", "rf_max_features='0.44928842014179576'", "rf_n_estimators='216'"]}
{"cpu_time": 27.69226884841919, "total_cpu_time": null, "wallclock_time": 28.386863470077515, "evaluations": 25, "cost": 0.7038427466719219, "incumbent": ["pca_whiten=''true''", "rf_max_features='0.6475433734008502'", "rf_n_estimators='211'"]}
{"cpu_time": 59.86895513534546, "total_cpu_time": null, "wallclock_time": 61.652082204818726, "evaluations": 59, "cost": 0.7034067324773736, "incumbent": ["pca_whiten=''false''", "rf_max_features='0.37641221258407753'", "rf_n_estimators='42'"]}
{"cpu_time": 67.63706564903259, "total_cpu_time": null, "wallclock_time": 69.63879013061523, "evaluations": 65, "cost": 0.7033046670719454, "incumbent": ["pca_whiten=''true''", "rf_max_features='0.5346840550934839'", "rf_n_estimators='241'"]}
{"cpu_time": 96.42580080032349, "total_cpu_time": null, "wallclock_time": 99.17328596115112, "evaluations": 86, "cost": 0.7032617438681491, "incumbent": ["pca_whiten=''true''", "rf_max_features='0.6141291799311814'", "rf_n_estimators='249'"]}
