{"cpu_time": 0, "total_cpu_time": null, "wallclock_time": 0.00010824203491210938, "evaluations": 0, "cost": 2147483648, "incumbent": ["pca_whiten=''true''", "rf_max_features='0.5'", "rf_n_estimators='10'"]}
{"cpu_time": 1.7848615646362305, "total_cpu_time": null, "wallclock_time": 1.8521571159362793, "evaluations": 1, "cost": 0.9121732167969054, "incumbent": ["pca_whiten=''true''", "rf_max_features='0.5'", "rf_n_estimators='10'"]}
{"cpu_time": 5.152649641036987, "total_cpu_time": null, "wallclock_time": 5.270189523696899, "evaluations": 2, "cost": 0.2816531946758734, "incumbent": ["pca_whiten=''true''", "rf_max_features='0.6263875900678313'", "rf_n_estimators='178'"]}
{"cpu_time": 8.518122911453247, "total_cpu_time": null, "wallclock_time": 8.672684907913208, "evaluations": 3, "cost": 0.2795414151215407, "incumbent": ["pca_whiten=''false''", "rf_max_features='0.3021465708060675'", "rf_n_estimators='203'"]}
{"cpu_time": 12.1221022605896, "total_cpu_time": null, "wallclock_time": 12.32493281364441, "evaluations": 4, "cost": 0.2761670876432007, "incumbent": ["pca_whiten=''true''", "rf_max_features='0.30586418148323496'", "rf_n_estimators='221'"]}
{"cpu_time": 33.15589952468872, "total_cpu_time": null, "wallclock_time": 33.61813139915466, "evaluations": 10, "cost": 0.2745172843189524, "incumbent": ["pca_whiten=''false''", "rf_max_features='0.4634922220884108'", "rf_n_estimators='19'"]}
{"cpu_time": 184.58231449127197, "total_cpu_time": null, "wallclock_time": 188.05006194114685, "evaluations": 61, "cost": 0.2739380794080243, "incumbent": ["pca_whiten=''true''", "rf_max_features='0.4881891528990991'", "rf_n_estimators='275'"]}
