{"cpu_time": 0, "total_cpu_time": null, "wallclock_time": 0.0001347064971923828, "evaluations": 0, "cost": 2147483648, "incumbent": ["haralick_distance='1'", "pca_whiten=''true''", "rf_max_features='0.5'", "rf_n_estimators='10'"]}
{"cpu_time": 30.199275970458984, "total_cpu_time": null, "wallclock_time": 30.240973949432373, "evaluations": 1, "cost": 4.131613504278392, "incumbent": ["haralick_distance='1'", "pca_whiten=''true''", "rf_max_features='0.5'", "rf_n_estimators='10'"]}
{"cpu_time": 61.867947578430176, "total_cpu_time": null, "wallclock_time": 62.02399396896362, "evaluations": 2, "cost": 2.1870604303436485, "incumbent": ["haralick_distance='1'", "pca_whiten=''true''", "rf_max_features='0.5914675755540864'", "rf_n_estimators='259'"]}
{"cpu_time": 95.72452330589294, "total_cpu_time": null, "wallclock_time": 95.94839549064636, "evaluations": 3, "cost": 2.114889512754365, "incumbent": ["haralick_distance='2'", "pca_whiten=''true''", "rf_max_features='0.49829813910866494'", "rf_n_estimators='39'"]}
{"cpu_time": 161.1927149295807, "total_cpu_time": null, "wallclock_time": 161.5954463481903, "evaluations": 5, "cost": 1.6349889991674351, "incumbent": ["haralick_distance='2'", "pca_whiten=''true''", "rf_max_features='0.36113899979178665'", "rf_n_estimators='248'"]}
{"cpu_time": 196.21126794815063, "total_cpu_time": null, "wallclock_time": 196.7078502178192, "evaluations": 6, "cost": 0.3492568792338208, "incumbent": ["haralick_distance='3'", "pca_whiten=''true''", "rf_max_features='0.5831730167358328'", "rf_n_estimators='256'"]}
{"cpu_time": 573.5933606624603, "total_cpu_time": null, "wallclock_time": 575.7567915916443, "evaluations": 24, "cost": 0.2927304295426812, "incumbent": ["haralick_distance='3'", "pca_whiten=''false''", "rf_max_features='0.7732228799941403'", "rf_n_estimators='18'"]}
