{"cpu_time": 0, "total_cpu_time": null, "wallclock_time": 5.936622619628906e-05, "evaluations": 0, "cost": 2147483648, "incumbent": ["svm_C='0.1'", "svm_gamma='4.005'"]}
{"cpu_time": 0.8681237697601318, "total_cpu_time": null, "wallclock_time": 0.8830950260162354, "evaluations": 1, "cost": 0.32936945226955444, "incumbent": ["svm_C='0.1'", "svm_gamma='4.005'"]}
{"cpu_time": 1.7205946445465088, "total_cpu_time": null, "wallclock_time": 1.7643210887908936, "evaluations": 2, "cost": 0.32184642406923686, "incumbent": ["svm_C='100.0'", "svm_gamma='2.0075'"]}
{"cpu_time": 3.440720558166504, "total_cpu_time": null, "wallclock_time": 3.532363176345825, "evaluations": 4, "cost": 0.3100810225027956, "incumbent": ["svm_C='0.1'", "svm_gamma='0.01'"]}
{"cpu_time": 10.134419441223145, "total_cpu_time": null, "wallclock_time": 10.42094111442566, "evaluations": 12, "cost": 0.29338716109073065, "incumbent": ["svm_C='75.025'", "svm_gamma='0.01'"]}
