{"cpu_time": 0, "total_cpu_time": null, "wallclock_time": 5.6743621826171875e-05, "evaluations": 0, "cost": 2147483648, "incumbent": ["pca_whiten=''true''"]}
{"cpu_time": 0.9481451511383057, "total_cpu_time": null, "wallclock_time": 0.9628965854644775, "evaluations": 1, "cost": 10.077129500579415, "incumbent": ["pca_whiten=''true''"]}
{"cpu_time": 2.094254493713379, "total_cpu_time": null, "wallclock_time": 2.219055652618408, "evaluations": 2, "cost": 10.073647066984444, "incumbent": ["pca_whiten=''false''"]}
