{"cpu_time": 0, "total_cpu_time": null, "wallclock_time": 0.00014019012451171875, "evaluations": 0, "cost": 2147483648, "incumbent": ["pca_whiten=''true''", "svm_C='1.0'", "svm_gamma='1.0'"]}
{"cpu_time": 2.2496275901794434, "total_cpu_time": null, "wallclock_time": 2.3319098949432373, "evaluations": 1, "cost": 0.31975717383494495, "incumbent": ["pca_whiten=''true''", "svm_C='1.0'", "svm_gamma='1.0'"]}
{"cpu_time": 4.646533727645874, "total_cpu_time": null, "wallclock_time": 4.843743324279785, "evaluations": 2, "cost": 0.31096821164603566, "incumbent": ["pca_whiten=''true''", "svm_C='65.31224049555269'", "svm_gamma='4.667651857354299'"]}
{"cpu_time": 11.181499242782593, "total_cpu_time": null, "wallclock_time": 11.678029775619507, "evaluations": 5, "cost": 0.31046122358166417, "incumbent": ["pca_whiten=''true''", "svm_C='78.990011851405'", "svm_gamma='6.602930247746782'"]}
{"cpu_time": 22.899149656295776, "total_cpu_time": null, "wallclock_time": 23.91012167930603, "evaluations": 10, "cost": 0.30954916030316776, "incumbent": ["pca_whiten=''false''", "svm_C='91.22255039686794'", "svm_gamma='6.426205845996825'"]}
{"cpu_time": 25.218689680099487, "total_cpu_time": null, "wallclock_time": 26.30188751220703, "evaluations": 11, "cost": 0.30868593848917364, "incumbent": ["pca_whiten=''true''", "svm_C='97.96743164433231'", "svm_gamma='7.845924299570545'"]}
{"cpu_time": 59.065285444259644, "total_cpu_time": null, "wallclock_time": 61.647387742996216, "evaluations": 25, "cost": 0.30864340410388347, "incumbent": ["pca_whiten=''true''", "svm_C='69.53916600548988'", "svm_gamma='5.553156282264063'"]}
{"cpu_time": 113.78836154937744, "total_cpu_time": null, "wallclock_time": 119.14997291564941, "evaluations": 52, "cost": 0.3075422686837648, "incumbent": ["pca_whiten=''true''", "svm_C='64.36584084975713'", "svm_gamma='6.337663327320101'"]}
{"cpu_time": 240.17923998832703, "total_cpu_time": null, "wallclock_time": 251.42302441596985, "evaluations": 108, "cost": 0.3071715604335174, "incumbent": ["pca_whiten=''false''", "svm_C='39.15634869622126'", "svm_gamma='5.788821264971241'"]}
