"CPU Time Used","Estimated Training Performance","Wallclock Time","Incumbent ID","Automatic Configurator (CPU) Time","Configuration..."
0.000000, 2147483648.000000, 0.000140, 1, 0.000140, pca_whiten=''true'', svm_C='1.0', svm_gamma='1.0'
2.249628, 0.319757, 2.331910, 1, 0.082282, pca_whiten=''true'', svm_C='1.0', svm_gamma='1.0'
4.646534, 0.310968, 4.843743, 2, 0.197210, pca_whiten=''true'', svm_C='65.31224049555269', svm_gamma='4.667651857354299'
11.181499, 0.310461, 11.678030, 3, 0.496531, pca_whiten=''true'', svm_C='78.990011851405', svm_gamma='6.602930247746782'
22.899150, 0.309549, 23.910122, 4, 1.010972, pca_whiten=''false'', svm_C='91.22255039686794', svm_gamma='6.426205845996825'
25.218690, 0.308686, 26.301888, 5, 1.083198, pca_whiten=''true'', svm_C='97.96743164433231', svm_gamma='7.845924299570545'
59.065285, 0.308643, 61.647388, 6, 2.582102, pca_whiten=''true'', svm_C='69.53916600548988', svm_gamma='5.553156282264063'
113.788362, 0.307542, 119.149973, 7, 5.361611, pca_whiten=''true'', svm_C='64.36584084975713', svm_gamma='6.337663327320101'
240.179240, 0.307172, 251.423024, 8, 11.243784, pca_whiten=''false'', svm_C='39.15634869622126', svm_gamma='5.788821264971241'
