{"cpu_time": 0, "total_cpu_time": null, "wallclock_time": 0.00019240379333496094, "evaluations": 0, "cost": 2147483648, "incumbent": ["rf_max_features='0.5'", "rf_n_estimators='10'"]}
{"cpu_time": 2.417212963104248, "total_cpu_time": null, "wallclock_time": 2.4780352115631104, "evaluations": 1, "cost": 1.236995423287552, "incumbent": ["rf_max_features='0.5'", "rf_n_estimators='10'"]}
{"cpu_time": 36.331090450286865, "total_cpu_time": null, "wallclock_time": 36.480915546417236, "evaluations": 2, "cost": 0.5521361818053148, "incumbent": ["rf_max_features='0.3066124236873286'", "rf_n_estimators='269'"]}
{"cpu_time": 91.31669974327087, "total_cpu_time": null, "wallclock_time": 91.5056984424591, "evaluations": 3, "cost": 0.5508481992694843, "incumbent": ["rf_max_features='0.7073591865573197'", "rf_n_estimators='284'"]}
{"cpu_time": 117.49702882766724, "total_cpu_time": null, "wallclock_time": 117.78411555290222, "evaluations": 4, "cost": 0.5405583028296396, "incumbent": ["rf_max_features='0.5304593760783073'", "rf_n_estimators='160'"]}
{"cpu_time": 142.21324348449707, "total_cpu_time": null, "wallclock_time": 142.59330534934998, "evaluations": 6, "cost": 0.5360909460013695, "incumbent": ["rf_max_features='0.4037466328474999'", "rf_n_estimators='96'"]}
{"cpu_time": 934.1706070899963, "total_cpu_time": null, "wallclock_time": 936.8756949901581, "evaluations": 63, "cost": 0.5357524122445887, "incumbent": ["rf_max_features='0.7211543128506039'", "rf_n_estimators='217'"]}
