{"cpu_time": 0, "total_cpu_time": null, "wallclock_time": 0.00012683868408203125, "evaluations": 0, "cost": 2147483648, "incumbent": ["haralick_distance='1'", "pca_whiten=''true''", "svm_C='1.0'", "svm_gamma='1.0'"]}
{"cpu_time": 119.72140598297119, "total_cpu_time": null, "wallclock_time": 119.77967572212219, "evaluations": 1, "cost": 0.4430147333647982, "incumbent": ["haralick_distance='1'", "pca_whiten=''true''", "svm_C='1.0'", "svm_gamma='1.0'"]}
{"cpu_time": 365.640175819397, "total_cpu_time": null, "wallclock_time": 365.8718328475952, "evaluations": 3, "cost": 0.41993418697996665, "incumbent": ["haralick_distance='2'", "pca_whiten=''true''", "svm_C='39.719968193911264'", "svm_gamma='0.8615789437416754'"]}
{"cpu_time": 491.59749245643616, "total_cpu_time": null, "wallclock_time": 491.9786169528961, "evaluations": 4, "cost": 0.4109098788904591, "incumbent": ["haralick_distance='2'", "pca_whiten=''false''", "svm_C='94.9905651574113'", "svm_gamma='3.631679204640188'"]}
{"cpu_time": 606.7111926078796, "total_cpu_time": null, "wallclock_time": 607.1661629676819, "evaluations": 5, "cost": 0.39665351494215734, "incumbent": ["haralick_distance='2'", "pca_whiten=''true''", "svm_C='12.315572158398975'", "svm_gamma='6.564879332003558'"]}
{"cpu_time": 3324.7337267398834, "total_cpu_time": null, "wallclock_time": 3328.2786586284637, "evaluations": 40, "cost": 0.3907780345455815, "incumbent": ["haralick_distance='2'", "pca_whiten=''false''", "svm_C='3.7335997488861783'", "svm_gamma='7.482979394803977'"]}
{"cpu_time": 3998.103377342224, "total_cpu_time": null, "wallclock_time": 4002.4916648864746, "evaluations": 49, "cost": 0.38954862930092654, "incumbent": ["haralick_distance='2'", "pca_whiten=''true''", "svm_C='11.502813027055451'", "svm_gamma='7.075684101971151'"]}
{"cpu_time": 7918.253507614136, "total_cpu_time": null, "wallclock_time": 7927.810808420181, "evaluations": 102, "cost": 0.3890309890092534, "incumbent": ["haralick_distance='2'", "pca_whiten=''true''", "svm_C='3.599164623317234'", "svm_gamma='7.407472050756823'"]}
