{"cpu_time": 0, "total_cpu_time": null, "wallclock_time": 2.5272369384765625e-05, "evaluations": 0, "cost": 2147483648, "incumbent": []}
{"cpu_time": 0.20594453811645508, "total_cpu_time": null, "wallclock_time": 0.221726655960083, "evaluations": 1, "cost": 2.2575023340137417, "incumbent": []}
