{"cpu_time": 0, "total_cpu_time": null, "wallclock_time": 3.0040740966796875e-05, "evaluations": 0, "cost": 2147483648, "incumbent": []}
{"cpu_time": 0.3915863037109375, "total_cpu_time": null, "wallclock_time": 0.4011075496673584, "evaluations": 1, "cost": 4.523783664383298, "incumbent": []}
