{"cpu_time": 0, "total_cpu_time": null, "wallclock_time": 0.00011658668518066406, "evaluations": 0, "cost": 2147483648, "incumbent": ["pca_whiten=''true''", "rf_max_features='0.5'", "rf_n_estimators='10'"]}
{"cpu_time": 1.7585704326629639, "total_cpu_time": null, "wallclock_time": 1.8184361457824707, "evaluations": 1, "cost": 1.0347450858833824, "incumbent": ["pca_whiten=''true''", "rf_max_features='0.5'", "rf_n_estimators='10'"]}
{"cpu_time": 6.662245512008667, "total_cpu_time": null, "wallclock_time": 6.831305742263794, "evaluations": 2, "cost": 0.5791306955314363, "incumbent": ["pca_whiten=''true''", "rf_max_features='0.6263875900678313'", "rf_n_estimators='178'"]}
{"cpu_time": 12.143163681030273, "total_cpu_time": null, "wallclock_time": 12.386362314224243, "evaluations": 3, "cost": 0.4903209223585576, "incumbent": ["pca_whiten=''false''", "rf_max_features='0.3021465708060675'", "rf_n_estimators='203'"]}
{"cpu_time": 65.21905493736267, "total_cpu_time": null, "wallclock_time": 66.57415437698364, "evaluations": 14, "cost": 0.48832090816059237, "incumbent": ["pca_whiten=''true''", "rf_max_features='0.36164417813328426'", "rf_n_estimators='149'"]}
{"cpu_time": 134.32704901695251, "total_cpu_time": null, "wallclock_time": 137.82425618171692, "evaluations": 32, "cost": 0.4818958510634029, "incumbent": ["pca_whiten=''false''", "rf_max_features='0.3255518486778368'", "rf_n_estimators='73'"]}
