{"cpu_time": 0, "total_cpu_time": null, "wallclock_time": 0.0001232624053955078, "evaluations": 0, "cost": 2147483648, "incumbent": ["haralick_distance='1'", "pca_whiten=''true''", "svm_C='1.0'", "svm_gamma='1.0'"]}
{"cpu_time": 36.01985955238342, "total_cpu_time": null, "wallclock_time": 36.037410736083984, "evaluations": 1, "cost": 0.4411982466956006, "incumbent": ["haralick_distance='1'", "pca_whiten=''true''", "svm_C='1.0'", "svm_gamma='1.0'"]}
{"cpu_time": 107.93039989471436, "total_cpu_time": null, "wallclock_time": 108.0057520866394, "evaluations": 3, "cost": 0.4350849154234475, "incumbent": ["haralick_distance='2'", "pca_whiten=''true''", "svm_C='39.719968193911264'", "svm_gamma='0.8615789437416754'"]}
{"cpu_time": 145.07551550865173, "total_cpu_time": null, "wallclock_time": 145.19810438156128, "evaluations": 4, "cost": 0.4196014270119628, "incumbent": ["haralick_distance='2'", "pca_whiten=''false''", "svm_C='94.9905651574113'", "svm_gamma='3.631679204640188'"]}
{"cpu_time": 181.3010218143463, "total_cpu_time": null, "wallclock_time": 181.44244122505188, "evaluations": 5, "cost": 0.39847190813591676, "incumbent": ["haralick_distance='2'", "pca_whiten=''true''", "svm_C='12.315572158398975'", "svm_gamma='6.564879332003558'"]}
{"cpu_time": 358.98971676826477, "total_cpu_time": null, "wallclock_time": 359.3228642940521, "evaluations": 10, "cost": 0.38991987867322564, "incumbent": ["haralick_distance='2'", "pca_whiten=''false''", "svm_C='8.21064732064458'", "svm_gamma='7.931137221459935'"]}
{"cpu_time": 1769.8440780639648, "total_cpu_time": null, "wallclock_time": 1771.8543918132782, "evaluations": 55, "cost": 0.38797206690259073, "incumbent": ["haralick_distance='2'", "pca_whiten=''true''", "svm_C='9.501277875539683'", "svm_gamma='6.336577555560298'"]}
