{"cpu_time": 0, "total_cpu_time": null, "wallclock_time": 0.00011968612670898438, "evaluations": 0, "cost": 2147483648, "incumbent": ["isomap_n_components='2'", "isomap_n_neighbors='5'", "rf_max_features='0.5'", "rf_n_estimators='10'"]}
{"cpu_time": 2.1650516986846924, "total_cpu_time": null, "wallclock_time": 2.228044271469116, "evaluations": 1, "cost": 0.5202280280736775, "incumbent": ["isomap_n_components='2'", "isomap_n_neighbors='5'", "rf_max_features='0.5'", "rf_n_estimators='10'"]}
{"cpu_time": 6.756471157073975, "total_cpu_time": null, "wallclock_time": 6.9382405281066895, "evaluations": 2, "cost": 0.3044469297549641, "incumbent": ["isomap_n_components='2'", "isomap_n_neighbors='7'", "rf_max_features='0.7705914184339647'", "rf_n_estimators='220'"]}
{"cpu_time": 9.309848546981812, "total_cpu_time": null, "wallclock_time": 9.51566457748413, "evaluations": 3, "cost": 0.1361166492935905, "incumbent": ["isomap_n_components='4'", "isomap_n_neighbors='5'", "rf_max_features='0.42825496760388254'", "rf_n_estimators='109'"]}
{"cpu_time": 176.5735137462616, "total_cpu_time": null, "wallclock_time": 184.06365251541138, "evaluations": 49, "cost": 0.1359433606313308, "incumbent": ["isomap_n_components='4'", "isomap_n_neighbors='4'", "rf_max_features='0.6670481380610844'", "rf_n_estimators='134'"]}
{"cpu_time": 192.88544297218323, "total_cpu_time": null, "wallclock_time": 201.43605971336365, "evaluations": 54, "cost": 0.13580400832558817, "incumbent": ["isomap_n_components='4'", "isomap_n_neighbors='5'", "rf_max_features='0.33632091585979923'", "rf_n_estimators='81'"]}
{"cpu_time": 227.9985818862915, "total_cpu_time": null, "wallclock_time": 238.09935665130615, "evaluations": 63, "cost": 0.13542315827203555, "incumbent": ["isomap_n_components='4'", "isomap_n_neighbors='5'", "rf_max_features='0.4927977304614916'", "rf_n_estimators='196'"]}
{"cpu_time": 305.46694922447205, "total_cpu_time": null, "wallclock_time": 319.7602195739746, "evaluations": 88, "cost": 0.1337179041634846, "incumbent": ["isomap_n_components='3'", "isomap_n_neighbors='4'", "rf_max_features='0.6071996130054436'", "rf_n_estimators='156'"]}
{"cpu_time": 622.0950357913971, "total_cpu_time": null, "wallclock_time": 654.1998498439789, "evaluations": 184, "cost": 0.13285460906860946, "incumbent": ["isomap_n_components='4'", "isomap_n_neighbors='5'", "rf_max_features='0.30843266908269334'", "rf_n_estimators='104'"]}
