{"cpu_time": 0, "total_cpu_time": null, "wallclock_time": 0.000110626220703125, "evaluations": 0, "cost": 2147483648, "incumbent": ["pca_whiten=''true''", "rf_max_features='0.5'", "rf_n_estimators='10'"]}
{"cpu_time": 0.7358510494232178, "total_cpu_time": null, "wallclock_time": 0.7758653163909912, "evaluations": 1, "cost": 4.5373399694079115, "incumbent": ["pca_whiten=''true''", "rf_max_features='0.5'", "rf_n_estimators='10'"]}
{"cpu_time": 2.4195101261138916, "total_cpu_time": null, "wallclock_time": 2.5325748920440674, "evaluations": 2, "cost": 1.481419656939142, "incumbent": ["pca_whiten=''true''", "rf_max_features='0.6263875900678313'", "rf_n_estimators='178'"]}
{"cpu_time": 4.229185104370117, "total_cpu_time": null, "wallclock_time": 4.38625693321228, "evaluations": 3, "cost": 1.4496568736867015, "incumbent": ["pca_whiten=''false''", "rf_max_features='0.3021465708060675'", "rf_n_estimators='203'"]}
{"cpu_time": 10.874301195144653, "total_cpu_time": null, "wallclock_time": 11.182402849197388, "evaluations": 6, "cost": 1.2918978216192427, "incumbent": ["pca_whiten=''true''", "rf_max_features='0.6483339395381182'", "rf_n_estimators='285'"]}
{"cpu_time": 53.09276795387268, "total_cpu_time": null, "wallclock_time": 54.679463148117065, "evaluations": 33, "cost": 1.2812389247171083, "incumbent": ["pca_whiten=''true''", "rf_max_features='0.3908563055255074'", "rf_n_estimators='252'"]}
{"cpu_time": 86.65975451469421, "total_cpu_time": null, "wallclock_time": 89.31938123703003, "evaluations": 55, "cost": 1.2040147915367125, "incumbent": ["pca_whiten=''true''", "rf_max_features='0.5355804413001668'", "rf_n_estimators='288'"]}
