{"cpu_time": 0, "total_cpu_time": null, "wallclock_time": 0.0025701522827148438, "evaluations": 0, "cost": 2147483648, "incumbent": ["rf_max_features='0.5'", "rf_n_estimators='10'"]}
{"cpu_time": 2.859511137008667, "total_cpu_time": null, "wallclock_time": 2.9225404262542725, "evaluations": 1, "cost": 0.557388002591031, "incumbent": ["rf_max_features='0.5'", "rf_n_estimators='10'"]}
{"cpu_time": 37.754509925842285, "total_cpu_time": null, "wallclock_time": 37.88317608833313, "evaluations": 2, "cost": 0.27064961256115766, "incumbent": ["rf_max_features='0.3066124236873286'", "rf_n_estimators='269'"]}
{"cpu_time": 120.46416926383972, "total_cpu_time": null, "wallclock_time": 120.7217652797699, "evaluations": 4, "cost": 0.2688941010205559, "incumbent": ["rf_max_features='0.5304593760783073'", "rf_n_estimators='160'"]}
{"cpu_time": 197.65868616104126, "total_cpu_time": null, "wallclock_time": 198.0384702682495, "evaluations": 7, "cost": 0.26799659910013424, "incumbent": ["rf_max_features='0.7029475185793573'", "rf_n_estimators='275'"]}
{"cpu_time": 281.53451132774353, "total_cpu_time": null, "wallclock_time": 282.0434865951538, "evaluations": 9, "cost": 0.26552654168985784, "incumbent": ["rf_max_features='0.6019740786883476'", "rf_n_estimators='186'"]}
{"cpu_time": 352.1464521884918, "total_cpu_time": null, "wallclock_time": 353.0352187156677, "evaluations": 15, "cost": 0.2607855573491535, "incumbent": ["rf_max_features='0.6402609155307631'", "rf_n_estimators='86'"]}
