{"cpu_time": 0, "total_cpu_time": null, "wallclock_time": 0.00015211105346679688, "evaluations": 0, "cost": 2147483648, "incumbent": ["haralick_distance='1'", "isomap_n_components='2'", "isomap_n_neighbors='5'", "svm_C='1.0'", "svm_gamma='1.0'"]}
{"cpu_time": 83.33247780799866, "total_cpu_time": null, "wallclock_time": 83.38477683067322, "evaluations": 1, "cost": 0.83235560039713, "incumbent": ["haralick_distance='1'", "isomap_n_components='2'", "isomap_n_neighbors='5'", "svm_C='1.0'", "svm_gamma='1.0'"]}
{"cpu_time": 390.516161441803, "total_cpu_time": null, "wallclock_time": 390.8221523761749, "evaluations": 6, "cost": 0.8254817919235999, "incumbent": ["haralick_distance='2'", "isomap_n_components='2'", "isomap_n_neighbors='4'", "svm_C='24.661941005117924'", "svm_gamma='0.43558917449642676'"]}
{"cpu_time": 859.3946440219879, "total_cpu_time": null, "wallclock_time": 860.2124435901642, "evaluations": 16, "cost": 0.7854072599109482, "incumbent": ["haralick_distance='3'", "isomap_n_components='2'", "isomap_n_neighbors='4'", "svm_C='57.416026075640275'", "svm_gamma='1.1856539545632585'"]}
{"cpu_time": 1235.914438009262, "total_cpu_time": null, "wallclock_time": 1237.2603785991669, "evaluations": 24, "cost": 0.7696883866520637, "incumbent": ["haralick_distance='3'", "isomap_n_components='2'", "isomap_n_neighbors='6'", "svm_C='96.36435227229613'", "svm_gamma='0.9527349483898937'"]}
{"cpu_time": 3109.158842563629, "total_cpu_time": null, "wallclock_time": 3112.7563812732697, "evaluations": 64, "cost": 0.7618639062360343, "incumbent": ["haralick_distance='3'", "isomap_n_components='2'", "isomap_n_neighbors='6'", "svm_C='96.36435227229613'", "svm_gamma='0.42199354103715375'"]}
{"cpu_time": 4913.145748138428, "total_cpu_time": null, "wallclock_time": 4919.114404439926, "evaluations": 103, "cost": 0.7582858170591714, "incumbent": ["haralick_distance='3'", "isomap_n_components='2'", "isomap_n_neighbors='6'", "svm_C='96.36435227229613'", "svm_gamma='0.5729238014534198'"]}
