{"cpu_time": 0, "total_cpu_time": null, "wallclock_time": 2.7179718017578125e-05, "evaluations": 0, "cost": 2147483648, "incumbent": []}
{"cpu_time": 0.47801876068115234, "total_cpu_time": null, "wallclock_time": 0.48833346366882324, "evaluations": 1, "cost": 4.401688705780738, "incumbent": []}
