{"cpu_time": 0, "total_cpu_time": null, "wallclock_time": 0.00011563301086425781, "evaluations": 0, "cost": 2147483648, "incumbent": ["pca_whiten=''true''", "svm_C='1.0'", "svm_gamma='1.0'"]}
{"cpu_time": 4.368715286254883, "total_cpu_time": null, "wallclock_time": 4.412136077880859, "evaluations": 1, "cost": 0.5249991870396756, "incumbent": ["pca_whiten=''true''", "svm_C='1.0'", "svm_gamma='1.0'"]}
{"cpu_time": 10.411319017410278, "total_cpu_time": null, "wallclock_time": 10.584718704223633, "evaluations": 2, "cost": 0.5146095613977355, "incumbent": ["pca_whiten=''true''", "svm_C='65.31224049555269'", "svm_gamma='4.667651857354299'"]}
{"cpu_time": 35.13388991355896, "total_cpu_time": null, "wallclock_time": 35.84960699081421, "evaluations": 8, "cost": 0.5094417388298446, "incumbent": ["pca_whiten=''true''", "svm_C='62.33281468850071'", "svm_gamma='1.5144007304461375'"]}
{"cpu_time": 112.68929362297058, "total_cpu_time": null, "wallclock_time": 115.37446665763855, "evaluations": 26, "cost": 0.5058780033099901, "incumbent": ["pca_whiten=''true''", "svm_C='57.67322325366572'", "svm_gamma='0.21987881172086612'"]}
{"cpu_time": 124.91972732543945, "total_cpu_time": null, "wallclock_time": 127.86457800865173, "evaluations": 29, "cost": 0.5049224126890478, "incumbent": ["pca_whiten=''false''", "svm_C='62.50814177672008'", "svm_gamma='0.028977341676197955'"]}
{"cpu_time": 184.4239799976349, "total_cpu_time": null, "wallclock_time": 189.2530026435852, "evaluations": 44, "cost": 0.5041880121835692, "incumbent": ["pca_whiten=''false''", "svm_C='89.9480222648067'", "svm_gamma='0.06087476302321115'"]}
{"cpu_time": 198.32538866996765, "total_cpu_time": null, "wallclock_time": 203.41237711906433, "evaluations": 47, "cost": 0.5041709819913485, "incumbent": ["pca_whiten=''false''", "svm_C='72.82167271069956'", "svm_gamma='0.019474077347745984'"]}
{"cpu_time": 360.6788704395294, "total_cpu_time": null, "wallclock_time": 370.31796193122864, "evaluations": 87, "cost": 0.5038718493441022, "incumbent": ["pca_whiten=''false''", "svm_C='87.47592590055574'", "svm_gamma='0.045337139905074895'"]}
{"cpu_time": 372.86097621917725, "total_cpu_time": null, "wallclock_time": 383.0083382129669, "evaluations": 90, "cost": 0.5026618988354571, "incumbent": ["pca_whiten=''true''", "svm_C='85.66592029545707'", "svm_gamma='0.08613856870701457'"]}
{"cpu_time": 673.0115478038788, "total_cpu_time": null, "wallclock_time": 691.9202733039856, "evaluations": 161, "cost": 0.5025314583636673, "incumbent": ["pca_whiten=''false''", "svm_C='90.26166319348235'", "svm_gamma='0.01893250381730671'"]}
