{"cpu_time": 0, "total_cpu_time": null, "wallclock_time": 0.00014853477478027344, "evaluations": 0, "cost": 2147483648, "incumbent": ["isomap_n_components='2'", "isomap_n_neighbors='5'", "rf_max_features='0.5'", "rf_n_estimators='10'"]}
{"cpu_time": 0.4511713981628418, "total_cpu_time": null, "wallclock_time": 0.47728991508483887, "evaluations": 1, "cost": 1.5198717159338049, "incumbent": ["isomap_n_components='2'", "isomap_n_neighbors='5'", "rf_max_features='0.5'", "rf_n_estimators='10'"]}
{"cpu_time": 2.1779744625091553, "total_cpu_time": null, "wallclock_time": 2.2506110668182373, "evaluations": 2, "cost": 0.687997764027572, "incumbent": ["isomap_n_components='2'", "isomap_n_neighbors='7'", "rf_max_features='0.7705914184339647'", "rf_n_estimators='220'"]}
{"cpu_time": 11.527088403701782, "total_cpu_time": null, "wallclock_time": 12.053327798843384, "evaluations": 8, "cost": 0.5665892626351796, "incumbent": ["isomap_n_components='2'", "isomap_n_neighbors='4'", "rf_max_features='0.6776752889588842'", "rf_n_estimators='213'"]}
{"cpu_time": 48.678502798080444, "total_cpu_time": null, "wallclock_time": 51.40654635429382, "evaluations": 28, "cost": 0.5630713937609688, "incumbent": ["isomap_n_components='2'", "isomap_n_neighbors='4'", "rf_max_features='0.506081709944369'", "rf_n_estimators='244'"]}
{"cpu_time": 51.00043177604675, "total_cpu_time": null, "wallclock_time": 53.910008907318115, "evaluations": 30, "cost": 0.5569315485556805, "incumbent": ["isomap_n_components='2'", "isomap_n_neighbors='4'", "rf_max_features='0.3498002378821398'", "rf_n_estimators='212'"]}
{"cpu_time": 55.81666398048401, "total_cpu_time": null, "wallclock_time": 59.1301589012146, "evaluations": 32, "cost": 0.5528667407280428, "incumbent": ["isomap_n_components='4'", "isomap_n_neighbors='4'", "rf_max_features='0.4782336314117541'", "rf_n_estimators='200'"]}
{"cpu_time": 74.37689423561096, "total_cpu_time": null, "wallclock_time": 78.94551730155945, "evaluations": 42, "cost": 0.548806645983014, "incumbent": ["isomap_n_components='2'", "isomap_n_neighbors='4'", "rf_max_features='0.5229452078647593'", "rf_n_estimators='198'"]}
{"cpu_time": 128.67032623291016, "total_cpu_time": null, "wallclock_time": 137.02393746376038, "evaluations": 75, "cost": 0.5410490862353887, "incumbent": ["isomap_n_components='2'", "isomap_n_neighbors='4'", "rf_max_features='0.5576251788896671'", "rf_n_estimators='171'"]}
{"cpu_time": 187.5816867351532, "total_cpu_time": null, "wallclock_time": 200.7093288898468, "evaluations": 124, "cost": 0.5210833079537117, "incumbent": ["isomap_n_components='3'", "isomap_n_neighbors='4'", "rf_max_features='0.3777945206632237'", "rf_n_estimators='19'"]}
