{"cpu_time": 0, "total_cpu_time": null, "wallclock_time": 0.00011801719665527344, "evaluations": 0, "cost": 2147483648, "incumbent": ["pca_whiten=''true''", "rf_max_features='0.5'", "rf_n_estimators='10'"]}
{"cpu_time": 2.318013906478882, "total_cpu_time": null, "wallclock_time": 2.396101474761963, "evaluations": 1, "cost": 0.6141153797910711, "incumbent": ["pca_whiten=''true''", "rf_max_features='0.5'", "rf_n_estimators='10'"]}
{"cpu_time": 9.500416994094849, "total_cpu_time": null, "wallclock_time": 9.766489744186401, "evaluations": 2, "cost": 0.24451788278002118, "incumbent": ["pca_whiten=''true''", "rf_max_features='0.6263875900678313'", "rf_n_estimators='178'"]}
{"cpu_time": 17.058509826660156, "total_cpu_time": null, "wallclock_time": 17.478870630264282, "evaluations": 3, "cost": 0.24128837610607232, "incumbent": ["pca_whiten=''false''", "rf_max_features='0.3021465708060675'", "rf_n_estimators='203'"]}
{"cpu_time": 23.658594608306885, "total_cpu_time": null, "wallclock_time": 24.51346206665039, "evaluations": 4, "cost": 0.15429870541167212, "incumbent": ["pca_whiten=''true''", "rf_max_features='0.30586418148323496'", "rf_n_estimators='221'"]}
{"cpu_time": 83.98237752914429, "total_cpu_time": null, "wallclock_time": 86.32627749443054, "evaluations": 14, "cost": 0.1487880199955887, "incumbent": ["pca_whiten=''false''", "rf_max_features='0.3202247342337583'", "rf_n_estimators='55'"]}
