{"cpu_time": 0, "total_cpu_time": null, "wallclock_time": 6.771087646484375e-05, "evaluations": 0, "cost": 2147483648, "incumbent": ["pca_whiten=''true''", "rf_max_features='0.5'", "rf_n_estimators='81'"]}
{"cpu_time": 0.636411190032959, "total_cpu_time": null, "wallclock_time": 0.6513831615447998, "evaluations": 1, "cost": 0.2897290727529381, "incumbent": ["pca_whiten=''true''", "rf_max_features='0.5'", "rf_n_estimators='81'"]}
{"cpu_time": 1.8484516143798828, "total_cpu_time": null, "wallclock_time": 1.8920226097106934, "evaluations": 2, "cost": 0.2835410746610396, "incumbent": ["pca_whiten=''true''", "rf_max_features='0.3'", "rf_n_estimators='227'"]}
{"cpu_time": 5.359948635101318, "total_cpu_time": null, "wallclock_time": 5.554729223251343, "evaluations": 7, "cost": 0.2823367996651306, "incumbent": ["pca_whiten=''true''", "rf_max_features='0.5'", "rf_n_estimators='300'"]}
{"cpu_time": 9.288472652435303, "total_cpu_time": null, "wallclock_time": 9.586572647094727, "evaluations": 10, "cost": 0.2810869086021716, "incumbent": ["pca_whiten=''true''", "rf_max_features='0.7'", "rf_n_estimators='227'"]}
{"cpu_time": 14.644341945648193, "total_cpu_time": null, "wallclock_time": 15.00932002067566, "evaluations": 13, "cost": 0.2799715955669301, "incumbent": ["pca_whiten=''true''", "rf_max_features='0.3'", "rf_n_estimators='300'"]}
{"cpu_time": 19.464721202850342, "total_cpu_time": null, "wallclock_time": 19.99187159538269, "evaluations": 18, "cost": 0.2794093661367098, "incumbent": ["pca_whiten=''true''", "rf_max_features='0.3'", "rf_n_estimators='154'"]}
{"cpu_time": 27.599502086639404, "total_cpu_time": null, "wallclock_time": 28.23901629447937, "evaluations": 22, "cost": 0.2775854978867032, "incumbent": ["pca_whiten=''false''", "rf_max_features='0.3'", "rf_n_estimators='300'"]}
{"cpu_time": 31.60593342781067, "total_cpu_time": null, "wallclock_time": 32.38113617897034, "evaluations": 27, "cost": 0.2770650043491231, "incumbent": ["pca_whiten=''false''", "rf_max_features='0.3'", "rf_n_estimators='81'"]}
