{"cpu_time": 0, "total_cpu_time": null, "wallclock_time": 0.00010800361633300781, "evaluations": 0, "cost": 2147483648, "incumbent": ["pca_whiten=''true''", "rf_max_features='0.5'", "rf_n_estimators='10'"]}
{"cpu_time": 0.8139326572418213, "total_cpu_time": null, "wallclock_time": 0.8419010639190674, "evaluations": 1, "cost": 4.446663894412486, "incumbent": ["pca_whiten=''true''", "rf_max_features='0.5'", "rf_n_estimators='10'"]}
{"cpu_time": 2.585209369659424, "total_cpu_time": null, "wallclock_time": 2.6585988998413086, "evaluations": 2, "cost": 1.5510596169801618, "incumbent": ["pca_whiten=''true''", "rf_max_features='0.6263875900678313'", "rf_n_estimators='178'"]}
{"cpu_time": 4.776225805282593, "total_cpu_time": null, "wallclock_time": 4.86699366569519, "evaluations": 3, "cost": 1.3518996589882353, "incumbent": ["pca_whiten=''false''", "rf_max_features='0.3021465708060675'", "rf_n_estimators='203'"]}
{"cpu_time": 8.760099172592163, "total_cpu_time": null, "wallclock_time": 8.909080028533936, "evaluations": 5, "cost": 1.2940368318973436, "incumbent": ["pca_whiten=''true''", "rf_max_features='0.6948449041611862'", "rf_n_estimators='249'"]}
{"cpu_time": 15.88462495803833, "total_cpu_time": null, "wallclock_time": 16.13363242149353, "evaluations": 8, "cost": 1.2865247093933718, "incumbent": ["pca_whiten=''false''", "rf_max_features='0.5825957699430724'", "rf_n_estimators='204'"]}
{"cpu_time": 19.35949969291687, "total_cpu_time": null, "wallclock_time": 19.71399211883545, "evaluations": 10, "cost": 1.2764643787827659, "incumbent": ["pca_whiten=''false''", "rf_max_features='0.35982023324748863'", "rf_n_estimators='197'"]}
{"cpu_time": 23.43865728378296, "total_cpu_time": null, "wallclock_time": 23.883136987686157, "evaluations": 12, "cost": 1.2762546554476641, "incumbent": ["pca_whiten=''false''", "rf_max_features='0.31940329370685544'", "rf_n_estimators='195'"]}
{"cpu_time": 52.371721029281616, "total_cpu_time": null, "wallclock_time": 53.615235805511475, "evaluations": 29, "cost": 1.2080250687141751, "incumbent": ["pca_whiten=''false''", "rf_max_features='0.3050502086630419'", "rf_n_estimators='280'"]}
{"cpu_time": 80.12926411628723, "total_cpu_time": null, "wallclock_time": 82.2189130783081, "evaluations": 46, "cost": 1.1917240011485521, "incumbent": ["pca_whiten=''false''", "rf_max_features='0.30172288508323536'", "rf_n_estimators='278'"]}
