{"cpu_time": 0, "total_cpu_time": null, "wallclock_time": 0.00013518333435058594, "evaluations": 0, "cost": 2147483648, "incumbent": ["pca_whiten=''true''", "rf_max_features='0.5'", "rf_n_estimators='10'"]}
{"cpu_time": 1.7207841873168945, "total_cpu_time": null, "wallclock_time": 1.7681667804718018, "evaluations": 1, "cost": 1.0347450858833824, "incumbent": ["pca_whiten=''true''", "rf_max_features='0.5'", "rf_n_estimators='10'"]}
{"cpu_time": 7.605759620666504, "total_cpu_time": null, "wallclock_time": 7.716736078262329, "evaluations": 2, "cost": 0.4920132018506536, "incumbent": ["pca_whiten=''true''", "rf_max_features='0.6263875900678313'", "rf_n_estimators='178'"]}
{"cpu_time": 37.01194500923157, "total_cpu_time": null, "wallclock_time": 37.50667452812195, "evaluations": 7, "cost": 0.4872013891891529, "incumbent": ["pca_whiten=''false''", "rf_max_features='0.5169655679501186'", "rf_n_estimators='270'"]}
{"cpu_time": 408.8127021789551, "total_cpu_time": null, "wallclock_time": 418.8297519683838, "evaluations": 89, "cost": 0.4854959321459565, "incumbent": ["pca_whiten=''true''", "rf_max_features='0.3037131962602737'", "rf_n_estimators='47'"]}
{"cpu_time": 484.8208804130554, "total_cpu_time": null, "wallclock_time": 497.45872497558594, "evaluations": 111, "cost": 0.48411834053181774, "incumbent": ["pca_whiten=''true''", "rf_max_features='0.5272897695999208'", "rf_n_estimators='197'"]}
{"cpu_time": 703.7110652923584, "total_cpu_time": null, "wallclock_time": 720.5671753883362, "evaluations": 211, "cost": 0.48331972474681334, "incumbent": ["pca_whiten=''false''", "rf_max_features='0.3125258653690729'", "rf_n_estimators='274'"]}
