{"cpu_time": 0, "total_cpu_time": null, "wallclock_time": 0.00015878677368164062, "evaluations": 0, "cost": 2147483648, "incumbent": ["isomap_n_components='2'", "isomap_n_neighbors='5'", "rf_max_features='0.5'", "rf_n_estimators='10'"]}
{"cpu_time": 0.6013362407684326, "total_cpu_time": null, "wallclock_time": 0.6702570915222168, "evaluations": 1, "cost": 1.4113890812316747, "incumbent": ["isomap_n_components='2'", "isomap_n_neighbors='5'", "rf_max_features='0.5'", "rf_n_estimators='10'"]}
{"cpu_time": 2.4528398513793945, "total_cpu_time": null, "wallclock_time": 2.6724343299865723, "evaluations": 2, "cost": 0.9324356262759234, "incumbent": ["isomap_n_components='2'", "isomap_n_neighbors='7'", "rf_max_features='0.7705914184339647'", "rf_n_estimators='220'"]}
{"cpu_time": 4.216816663742065, "total_cpu_time": null, "wallclock_time": 4.5230982303619385, "evaluations": 3, "cost": 0.471369252440119, "incumbent": ["isomap_n_components='4'", "isomap_n_neighbors='5'", "rf_max_features='0.42825496760388254'", "rf_n_estimators='109'"]}
{"cpu_time": 15.863770008087158, "total_cpu_time": null, "wallclock_time": 16.83538269996643, "evaluations": 8, "cost": 0.46009195745654274, "incumbent": ["isomap_n_components='3'", "isomap_n_neighbors='7'", "rf_max_features='0.44181267406188407'", "rf_n_estimators='233'"]}
{"cpu_time": 24.991374492645264, "total_cpu_time": null, "wallclock_time": 26.902709484100342, "evaluations": 14, "cost": 0.4174017942461896, "incumbent": ["isomap_n_components='4'", "isomap_n_neighbors='7'", "rf_max_features='0.4891490699495064'", "rf_n_estimators='47'"]}
{"cpu_time": 66.80542087554932, "total_cpu_time": null, "wallclock_time": 72.2712254524231, "evaluations": 38, "cost": 0.4168441186000152, "incumbent": ["isomap_n_components='4'", "isomap_n_neighbors='7'", "rf_max_features='0.3453707130819823'", "rf_n_estimators='80'"]}
