{"cpu_time": 0, "total_cpu_time": null, "wallclock_time": 9.72747802734375e-05, "evaluations": 0, "cost": 2147483648, "incumbent": ["pca_whiten=''true''", "svm_C='1.0'", "svm_gamma='1.0'"]}
{"cpu_time": 0.4508075714111328, "total_cpu_time": null, "wallclock_time": 0.4917747974395752, "evaluations": 1, "cost": 1.0255835563871833, "incumbent": ["pca_whiten=''true''", "svm_C='1.0'", "svm_gamma='1.0'"]}
{"cpu_time": 0.999622106552124, "total_cpu_time": null, "wallclock_time": 1.0933215618133545, "evaluations": 2, "cost": 1.0213587549558636, "incumbent": ["pca_whiten=''true''", "svm_C='65.31224049555269'", "svm_gamma='4.667651857354299'"]}
{"cpu_time": 2.213898181915283, "total_cpu_time": null, "wallclock_time": 2.3969571590423584, "evaluations": 4, "cost": 1.0171103199173117, "incumbent": ["pca_whiten=''true''", "svm_C='1.2716634603503483'", "svm_gamma='5.837543753082359'"]}
{"cpu_time": 2.7570080757141113, "total_cpu_time": null, "wallclock_time": 2.9797449111938477, "evaluations": 5, "cost": 1.0104731173428443, "incumbent": ["pca_whiten=''true''", "svm_C='78.990011851405'", "svm_gamma='6.602930247746782'"]}
{"cpu_time": 7.824530363082886, "total_cpu_time": null, "wallclock_time": 8.459776163101196, "evaluations": 14, "cost": 1.0048680930079164, "incumbent": ["pca_whiten=''false''", "svm_C='18.194996077977805'", "svm_gamma='4.340943511001986'"]}
{"cpu_time": 8.376863479614258, "total_cpu_time": null, "wallclock_time": 9.047708511352539, "evaluations": 15, "cost": 1.004326810648702, "incumbent": ["pca_whiten=''true''", "svm_C='29.9278263443308'", "svm_gamma='5.6831442858984085'"]}
{"cpu_time": 38.49755501747131, "total_cpu_time": null, "wallclock_time": 41.475991010665894, "evaluations": 65, "cost": 1.0024221918657623, "incumbent": ["pca_whiten=''false''", "svm_C='35.29342641938982'", "svm_gamma='2.6205572790656793'"]}
{"cpu_time": 70.10993361473083, "total_cpu_time": null, "wallclock_time": 75.51262187957764, "evaluations": 118, "cost": 1.001626593591754, "incumbent": ["pca_whiten=''false''", "svm_C='63.59496917379144'", "svm_gamma='2.4605250844858277'"]}
