{"cpu_time": 0, "total_cpu_time": null, "wallclock_time": 0.00011968612670898438, "evaluations": 0, "cost": 2147483648, "incumbent": ["isomap_n_components='2'", "isomap_n_neighbors='5'", "rf_max_features='0.5'", "rf_n_estimators='10'"]}
{"cpu_time": 0.7533533573150635, "total_cpu_time": null, "wallclock_time": 0.7697577476501465, "evaluations": 1, "cost": 7.821081700803409, "incumbent": ["isomap_n_components='2'", "isomap_n_neighbors='5'", "rf_max_features='0.5'", "rf_n_estimators='10'"]}
{"cpu_time": 2.357745885848999, "total_cpu_time": null, "wallclock_time": 2.430929183959961, "evaluations": 2, "cost": 3.2552029020730853, "incumbent": ["isomap_n_components='2'", "isomap_n_neighbors='7'", "rf_max_features='0.7705914184339647'", "rf_n_estimators='220'"]}
{"cpu_time": 3.6224939823150635, "total_cpu_time": null, "wallclock_time": 3.720059871673584, "evaluations": 3, "cost": 1.0717846293851065, "incumbent": ["isomap_n_components='4'", "isomap_n_neighbors='5'", "rf_max_features='0.42825496760388254'", "rf_n_estimators='109'"]}
{"cpu_time": 31.902910232543945, "total_cpu_time": null, "wallclock_time": 33.10003876686096, "evaluations": 21, "cost": 1.0289928612133146, "incumbent": ["isomap_n_components='4'", "isomap_n_neighbors='6'", "rf_max_features='0.3908563055255074'", "rf_n_estimators='252'"]}
{"cpu_time": 35.621718406677246, "total_cpu_time": null, "wallclock_time": 36.944500207901, "evaluations": 23, "cost": 0.9940876322110913, "incumbent": ["isomap_n_components='4'", "isomap_n_neighbors='7'", "rf_max_features='0.6343316352444657'", "rf_n_estimators='296'"]}
