{"cpu_time": 0, "total_cpu_time": null, "wallclock_time": 0.00012874603271484375, "evaluations": 0, "cost": 2147483648, "incumbent": ["isomap_n_components='2'", "isomap_n_neighbors='5'", "svm_C='1.0'", "svm_gamma='1.0'"]}
{"cpu_time": 1.2707884311676025, "total_cpu_time": null, "wallclock_time": 1.3277194499969482, "evaluations": 1, "cost": 0.3745850467051572, "incumbent": ["isomap_n_components='2'", "isomap_n_neighbors='5'", "svm_C='1.0'", "svm_gamma='1.0'"]}
{"cpu_time": 3.325171709060669, "total_cpu_time": null, "wallclock_time": 3.496889114379883, "evaluations": 2, "cost": 0.3689524694715258, "incumbent": ["isomap_n_components='2'", "isomap_n_neighbors='7'", "svm_C='94.12416540310615'", "svm_gamma='5.804177494310886'"]}
{"cpu_time": 4.9866859912872314, "total_cpu_time": null, "wallclock_time": 5.188799858093262, "evaluations": 3, "cost": 0.35481048903493356, "incumbent": ["isomap_n_components='4'", "isomap_n_neighbors='5'", "svm_C='25.725342527255737'", "svm_gamma='2.7907769724696707'"]}
{"cpu_time": 17.708207845687866, "total_cpu_time": null, "wallclock_time": 18.4356529712677, "evaluations": 12, "cost": 0.3478987074664661, "incumbent": ["isomap_n_components='4'", "isomap_n_neighbors='3'", "svm_C='14.281082604187544'", "svm_gamma='2.092069934230994'"]}
{"cpu_time": 28.790645837783813, "total_cpu_time": null, "wallclock_time": 30.194172382354736, "evaluations": 21, "cost": 0.3411684808021287, "incumbent": ["isomap_n_components='4'", "isomap_n_neighbors='6'", "svm_C='18.253089843996378'", "svm_gamma='6.675583330720798'"]}
{"cpu_time": 33.49687910079956, "total_cpu_time": null, "wallclock_time": 35.07467007637024, "evaluations": 25, "cost": 0.3327833470533274, "incumbent": ["isomap_n_components='4'", "isomap_n_neighbors='5'", "svm_C='3.2265691546838955'", "svm_gamma='7.866116244869427'"]}
{"cpu_time": 36.054044008255005, "total_cpu_time": null, "wallclock_time": 37.713982582092285, "evaluations": 27, "cost": 0.33108429087679747, "incumbent": ["isomap_n_components='4'", "isomap_n_neighbors='7'", "svm_C='4.276488422228812'", "svm_gamma='1.9701559174126142'"]}
{"cpu_time": 37.23953175544739, "total_cpu_time": null, "wallclock_time": 38.9742431640625, "evaluations": 28, "cost": 0.3177608377588051, "incumbent": ["isomap_n_components='4'", "isomap_n_neighbors='6'", "svm_C='3.5102508785794075'", "svm_gamma='3.365013847020392'"]}
{"cpu_time": 54.69878435134888, "total_cpu_time": null, "wallclock_time": 57.17412614822388, "evaluations": 42, "cost": 0.30642249618980005, "incumbent": ["isomap_n_components='4'", "isomap_n_neighbors='6'", "svm_C='1.1344563138314863'", "svm_gamma='7.489390567098858'"]}
