{"cpu_time": 0, "total_cpu_time": null, "wallclock_time": 0.00011444091796875, "evaluations": 0, "cost": 2147483648, "incumbent": ["isomap_n_components='2'", "isomap_n_neighbors='5'", "svm_C='1.0'", "svm_gamma='1.0'"]}
{"cpu_time": 0.5540885925292969, "total_cpu_time": null, "wallclock_time": 0.5698416233062744, "evaluations": 1, "cost": 0.9458689531271194, "incumbent": ["isomap_n_components='2'", "isomap_n_neighbors='5'", "svm_C='1.0'", "svm_gamma='1.0'"]}
{"cpu_time": 9.047892332077026, "total_cpu_time": null, "wallclock_time": 9.669539213180542, "evaluations": 16, "cost": 0.9387632601178469, "incumbent": ["isomap_n_components='4'", "isomap_n_neighbors='3'", "svm_C='4.775324850304033'", "svm_gamma='0.5827251498922457'"]}
{"cpu_time": 24.798015117645264, "total_cpu_time": null, "wallclock_time": 26.64461612701416, "evaluations": 43, "cost": 0.9196208991281108, "incumbent": ["isomap_n_components='4'", "isomap_n_neighbors='3'", "svm_C='2.273129814665926'", "svm_gamma='0.47902329084249995'"]}
{"cpu_time": 38.6477689743042, "total_cpu_time": null, "wallclock_time": 41.671854734420776, "evaluations": 68, "cost": 0.9100702528750401, "incumbent": ["isomap_n_components='4'", "isomap_n_neighbors='7'", "svm_C='7.82176779465182'", "svm_gamma='0.15310377180145546'"]}
{"cpu_time": 39.72989749908447, "total_cpu_time": null, "wallclock_time": 42.864402294158936, "evaluations": 70, "cost": 0.9092075591777652, "incumbent": ["isomap_n_components='4'", "isomap_n_neighbors='7'", "svm_C='2.587352075905775'", "svm_gamma='0.13127913055847426'"]}
{"cpu_time": 63.082188844680786, "total_cpu_time": null, "wallclock_time": 68.06824278831482, "evaluations": 110, "cost": 0.9076911279504678, "incumbent": ["isomap_n_components='4'", "isomap_n_neighbors='7'", "svm_C='3.9877026824473294'", "svm_gamma='0.1762198769759388'"]}
