{"cpu_time": 0, "total_cpu_time": null, "wallclock_time": 2.8133392333984375e-05, "evaluations": 0, "cost": 2147483648, "incumbent": []}
{"cpu_time": 0.25002098083496094, "total_cpu_time": null, "wallclock_time": 0.2589573860168457, "evaluations": 1, "cost": 7.845086422574098, "incumbent": []}
