{"cpu_time": 0, "total_cpu_time": null, "wallclock_time": 8.845329284667969e-05, "evaluations": 0, "cost": 2147483648, "incumbent": ["pca_whiten=''true''", "svm_C='0.1'", "svm_gamma='4.005'"]}
{"cpu_time": 3.7455098628997803, "total_cpu_time": null, "wallclock_time": 3.7969353199005127, "evaluations": 1, "cost": 0.7113915857300559, "incumbent": ["pca_whiten=''true''", "svm_C='0.1'", "svm_gamma='4.005'"]}
{"cpu_time": 6.629207134246826, "total_cpu_time": null, "wallclock_time": 6.737834215164185, "evaluations": 2, "cost": 0.6063582536734351, "incumbent": ["pca_whiten=''true''", "svm_C='100.0'", "svm_gamma='6.0024999999999995'"]}
{"cpu_time": 8.199567079544067, "total_cpu_time": null, "wallclock_time": 8.329002380371094, "evaluations": 3, "cost": 0.5968234629479818, "incumbent": ["pca_whiten=''true''", "svm_C='25.075000000000003'", "svm_gamma='4.005'"]}
{"cpu_time": 52.958343744277954, "total_cpu_time": null, "wallclock_time": 54.26089358329773, "evaluations": 21, "cost": 0.5869841243436519, "incumbent": ["pca_whiten=''true''", "svm_C='25.075000000000003'", "svm_gamma='0.01'"]}
{"cpu_time": 56.92460894584656, "total_cpu_time": null, "wallclock_time": 58.37532091140747, "evaluations": 23, "cost": 0.5850434661885632, "incumbent": ["pca_whiten=''false''", "svm_C='25.075000000000003'", "svm_gamma='0.01'"]}
