{"cpu_time": 0, "total_cpu_time": null, "wallclock_time": 0.00011467933654785156, "evaluations": 0, "cost": 2147483648, "incumbent": ["isomap_n_components='2'", "isomap_n_neighbors='5'", "svm_C='1.0'", "svm_gamma='1.0'"]}
{"cpu_time": 7.104357481002808, "total_cpu_time": null, "wallclock_time": 7.271369218826294, "evaluations": 1, "cost": 0.5073796121512638, "incumbent": ["isomap_n_components='2'", "isomap_n_neighbors='5'", "svm_C='1.0'", "svm_gamma='1.0'"]}
{"cpu_time": 121.0890805721283, "total_cpu_time": null, "wallclock_time": 125.64995241165161, "evaluations": 24, "cost": 0.5021490774637833, "incumbent": ["isomap_n_components='2'", "isomap_n_neighbors='5'", "svm_C='82.01662764904904'", "svm_gamma='0.3226736832307638'"]}
{"cpu_time": 137.17790746688843, "total_cpu_time": null, "wallclock_time": 142.11402297019958, "evaluations": 27, "cost": 0.47140075061452524, "incumbent": ["isomap_n_components='4'", "isomap_n_neighbors='7'", "svm_C='4.276488422228812'", "svm_gamma='1.9701559174126142'"]}
{"cpu_time": 142.98372101783752, "total_cpu_time": null, "wallclock_time": 148.35735845565796, "evaluations": 28, "cost": 0.45323248640272573, "incumbent": ["isomap_n_components='4'", "isomap_n_neighbors='7'", "svm_C='4.490068562893651'", "svm_gamma='0.7855272900813135'"]}
{"cpu_time": 469.35071992874146, "total_cpu_time": null, "wallclock_time": 487.29733180999756, "evaluations": 89, "cost": 0.42446318943191214, "incumbent": ["isomap_n_components='4'", "isomap_n_neighbors='7'", "svm_C='25.61047704126865'", "svm_gamma='0.07152696385076526'"]}
{"cpu_time": 646.4489152431488, "total_cpu_time": null, "wallclock_time": 670.8894770145416, "evaluations": 123, "cost": 0.4237745876479642, "incumbent": ["isomap_n_components='4'", "isomap_n_neighbors='7'", "svm_C='12.516335452329619'", "svm_gamma='0.07152696385076526'"]}
{"cpu_time": 756.5766620635986, "total_cpu_time": null, "wallclock_time": 785.8838555812836, "evaluations": 144, "cost": 0.42099614159727444, "incumbent": ["isomap_n_components='4'", "isomap_n_neighbors='7'", "svm_C='71.62751607799599'", "svm_gamma='0.04015065415709187'"]}
{"cpu_time": 1229.3086285591125, "total_cpu_time": null, "wallclock_time": 1278.447761774063, "evaluations": 235, "cost": 0.4197907430901588, "incumbent": ["isomap_n_components='4'", "isomap_n_neighbors='7'", "svm_C='86.18376547319842'", "svm_gamma='0.04015065415709187'"]}
{"cpu_time": 1260.08341050148, "total_cpu_time": null, "wallclock_time": 1310.630940914154, "evaluations": 252, "cost": 0.41775032654838545, "incumbent": ["isomap_n_components='4'", "isomap_n_neighbors='7'", "svm_C='94.64770771770112'", "svm_gamma='0.04015065415709187'"]}
