{"cpu_time": 0, "total_cpu_time": null, "wallclock_time": 0.00012421607971191406, "evaluations": 0, "cost": 2147483648, "incumbent": ["isomap_n_components='2'", "isomap_n_neighbors='5'", "svm_C='1.0'", "svm_gamma='1.0'"]}
{"cpu_time": 1.5517261028289795, "total_cpu_time": null, "wallclock_time": 1.5679609775543213, "evaluations": 1, "cost": 0.5252448697468016, "incumbent": ["isomap_n_components='2'", "isomap_n_neighbors='5'", "svm_C='1.0'", "svm_gamma='1.0'"]}
{"cpu_time": 5.759679079055786, "total_cpu_time": null, "wallclock_time": 5.921561002731323, "evaluations": 4, "cost": 0.5224239123089881, "incumbent": ["isomap_n_components='3'", "isomap_n_neighbors='3'", "svm_C='47.63256038084591'", "svm_gamma='4.369503763577128'"]}
{"cpu_time": 14.602123737335205, "total_cpu_time": null, "wallclock_time": 15.085185050964355, "evaluations": 10, "cost": 0.5158897578122427, "incumbent": ["isomap_n_components='4'", "isomap_n_neighbors='3'", "svm_C='42.921935174384245'", "svm_gamma='6.169053238837898'"]}
{"cpu_time": 18.986356735229492, "total_cpu_time": null, "wallclock_time": 19.66689705848694, "evaluations": 13, "cost": 0.5123011109595695, "incumbent": ["isomap_n_components='3'", "isomap_n_neighbors='7'", "svm_C='82.10845963513053'", "svm_gamma='2.675788752665743'"]}
{"cpu_time": 35.56517052650452, "total_cpu_time": null, "wallclock_time": 37.03402400016785, "evaluations": 23, "cost": 0.5110979613972363, "incumbent": ["isomap_n_components='4'", "isomap_n_neighbors='7'", "svm_C='66.89946072184424'", "svm_gamma='7.876862576395569'"]}
{"cpu_time": 36.91073966026306, "total_cpu_time": null, "wallclock_time": 38.44809365272522, "evaluations": 24, "cost": 0.5102069132926038, "incumbent": ["isomap_n_components='4'", "isomap_n_neighbors='7'", "svm_C='73.3869697385701'", "svm_gamma='6.250679323146258'"]}
{"cpu_time": 43.538108825683594, "total_cpu_time": null, "wallclock_time": 45.418017864227295, "evaluations": 28, "cost": 0.5096575323792409, "incumbent": ["isomap_n_components='4'", "isomap_n_neighbors='7'", "svm_C='85.96745572920351'", "svm_gamma='6.791753864237024'"]}
{"cpu_time": 59.09850811958313, "total_cpu_time": null, "wallclock_time": 61.72946047782898, "evaluations": 38, "cost": 0.5095585018938379, "incumbent": ["isomap_n_components='4'", "isomap_n_neighbors='7'", "svm_C='92.95519189677783'", "svm_gamma='5.747325286813508'"]}
{"cpu_time": 74.2271933555603, "total_cpu_time": null, "wallclock_time": 77.60719013214111, "evaluations": 48, "cost": 0.5095075662791241, "incumbent": ["isomap_n_components='4'", "isomap_n_neighbors='7'", "svm_C='69.04963153668444'", "svm_gamma='4.485226917480803'"]}
{"cpu_time": 96.58534407615662, "total_cpu_time": null, "wallclock_time": 101.22718334197998, "evaluations": 62, "cost": 0.5091101181477519, "incumbent": ["isomap_n_components='4'", "isomap_n_neighbors='7'", "svm_C='97.54619609642863'", "svm_gamma='6.615263346935675'"]}
{"cpu_time": 112.49960851669312, "total_cpu_time": null, "wallclock_time": 117.96818590164185, "evaluations": 72, "cost": 0.5089091424889229, "incumbent": ["isomap_n_components='4'", "isomap_n_neighbors='7'", "svm_C='86.6159215223967'", "svm_gamma='6.3899376511496415'"]}
{"cpu_time": 115.7252550125122, "total_cpu_time": null, "wallclock_time": 121.34694504737854, "evaluations": 74, "cost": 0.508812096763991, "incumbent": ["isomap_n_components='4'", "isomap_n_neighbors='7'", "svm_C='97.63806116013527'", "svm_gamma='5.80853860095564'"]}
{"cpu_time": 171.44603776931763, "total_cpu_time": null, "wallclock_time": 179.8032522201538, "evaluations": 111, "cost": 0.5087657035922563, "incumbent": ["isomap_n_components='4'", "isomap_n_neighbors='7'", "svm_C='98.36692030276137'", "svm_gamma='6.122622670800982'"]}
