{"cpu_time": 0, "total_cpu_time": null, "wallclock_time": 0.00012922286987304688, "evaluations": 0, "cost": 2147483648, "incumbent": ["pca_whiten=''true''", "rf_max_features='0.5'", "rf_n_estimators='10'"]}
{"cpu_time": 1.877291202545166, "total_cpu_time": null, "wallclock_time": 1.9310309886932373, "evaluations": 1, "cost": 1.0831693022361029, "incumbent": ["pca_whiten=''true''", "rf_max_features='0.5'", "rf_n_estimators='10'"]}
{"cpu_time": 6.283682584762573, "total_cpu_time": null, "wallclock_time": 6.442766427993774, "evaluations": 2, "cost": 0.5955053233962859, "incumbent": ["pca_whiten=''true''", "rf_max_features='0.6263875900678313'", "rf_n_estimators='178'"]}
{"cpu_time": 12.461474418640137, "total_cpu_time": null, "wallclock_time": 12.716293573379517, "evaluations": 3, "cost": 0.5924963175433587, "incumbent": ["pca_whiten=''false''", "rf_max_features='0.3021465708060675'", "rf_n_estimators='203'"]}
{"cpu_time": 33.75648617744446, "total_cpu_time": null, "wallclock_time": 34.35953950881958, "evaluations": 6, "cost": 0.5915809630000629, "incumbent": ["pca_whiten=''true''", "rf_max_features='0.6483339395381182'", "rf_n_estimators='285'"]}
{"cpu_time": 48.53920912742615, "total_cpu_time": null, "wallclock_time": 49.4892418384552, "evaluations": 9, "cost": 0.5891648300698779, "incumbent": ["pca_whiten=''true''", "rf_max_features='0.42879819375043693'", "rf_n_estimators='102'"]}
{"cpu_time": 86.01357960700989, "total_cpu_time": null, "wallclock_time": 87.78434443473816, "evaluations": 16, "cost": 0.5840947430293492, "incumbent": ["pca_whiten=''false''", "rf_max_features='0.3757622291526248'", "rf_n_estimators='190'"]}
{"cpu_time": 151.7805881500244, "total_cpu_time": null, "wallclock_time": 155.11791110038757, "evaluations": 28, "cost": 0.5321523795260189, "incumbent": ["pca_whiten=''true''", "rf_max_features='0.5081614628782827'", "rf_n_estimators='169'"]}
