{"cpu_time": 0, "total_cpu_time": null, "wallclock_time": 0.00011181831359863281, "evaluations": 0, "cost": 2147483648, "incumbent": ["isomap_n_components='2'", "isomap_n_neighbors='5'", "rf_max_features='0.5'", "rf_n_estimators='10'"]}
{"cpu_time": 0.5390596389770508, "total_cpu_time": null, "wallclock_time": 0.5562987327575684, "evaluations": 1, "cost": 5.012367500527813, "incumbent": ["isomap_n_components='2'", "isomap_n_neighbors='5'", "rf_max_features='0.5'", "rf_n_estimators='10'"]}
{"cpu_time": 1.714996576309204, "total_cpu_time": null, "wallclock_time": 1.7745912075042725, "evaluations": 2, "cost": 2.014902208478978, "incumbent": ["isomap_n_components='2'", "isomap_n_neighbors='7'", "rf_max_features='0.7705914184339647'", "rf_n_estimators='220'"]}
{"cpu_time": 2.4554028511047363, "total_cpu_time": null, "wallclock_time": 2.532963514328003, "evaluations": 3, "cost": 1.8451421174365035, "incumbent": ["isomap_n_components='4'", "isomap_n_neighbors='5'", "rf_max_features='0.42825496760388254'", "rf_n_estimators='109'"]}
{"cpu_time": 17.108412265777588, "total_cpu_time": null, "wallclock_time": 17.948387145996094, "evaluations": 21, "cost": 1.6198295022587583, "incumbent": ["isomap_n_components='4'", "isomap_n_neighbors='6'", "rf_max_features='0.3908563055255074'", "rf_n_estimators='252'"]}
{"cpu_time": 19.844180822372437, "total_cpu_time": null, "wallclock_time": 20.784085035324097, "evaluations": 23, "cost": 1.4883479585992527, "incumbent": ["isomap_n_components='4'", "isomap_n_neighbors='7'", "rf_max_features='0.6343316352444657'", "rf_n_estimators='296'"]}
{"cpu_time": 48.35321640968323, "total_cpu_time": null, "wallclock_time": 50.602081537246704, "evaluations": 50, "cost": 1.4635257111680566, "incumbent": ["isomap_n_components='4'", "isomap_n_neighbors='6'", "rf_max_features='0.48287198227760825'", "rf_n_estimators='294'"]}
{"cpu_time": 87.85906553268433, "total_cpu_time": null, "wallclock_time": 91.8987774848938, "evaluations": 86, "cost": 1.462772712102747, "incumbent": ["isomap_n_components='3'", "isomap_n_neighbors='4'", "rf_max_features='0.48287198227760825'", "rf_n_estimators='300'"]}
{"cpu_time": 111.80496668815613, "total_cpu_time": null, "wallclock_time": 117.03243684768677, "evaluations": 110, "cost": 1.4556447458310453, "incumbent": ["isomap_n_components='4'", "isomap_n_neighbors='6'", "rf_max_features='0.36395426616701965'", "rf_n_estimators='253'"]}
{"cpu_time": 139.59577655792236, "total_cpu_time": null, "wallclock_time": 146.17871713638306, "evaluations": 136, "cost": 1.4495344455101427, "incumbent": ["isomap_n_components='4'", "isomap_n_neighbors='6'", "rf_max_features='0.30482425109756783'", "rf_n_estimators='253'"]}
