{"cpu_time": 0, "total_cpu_time": null, "wallclock_time": 8.845329284667969e-05, "evaluations": 0, "cost": 2147483648, "incumbent": ["pca_whiten=''true''", "svm_C='1.0'", "svm_gamma='1.0'"]}
{"cpu_time": 0.8254194259643555, "total_cpu_time": null, "wallclock_time": 0.8544092178344727, "evaluations": 1, "cost": 0.3125983719220292, "incumbent": ["pca_whiten=''true''", "svm_C='1.0'", "svm_gamma='1.0'"]}
{"cpu_time": 2.9257967472076416, "total_cpu_time": null, "wallclock_time": 3.0279159545898438, "evaluations": 3, "cost": 0.30138699930222024, "incumbent": ["pca_whiten=''false''", "svm_C='0.5288848470522874'", "svm_gamma='5.340336437146089'"]}
