{"cpu_time": 0, "total_cpu_time": null, "wallclock_time": 0.0005185604095458984, "evaluations": 0, "cost": 2147483648, "incumbent": ["pca_whiten=''true''"]}
{"cpu_time": 6.0911641120910645, "total_cpu_time": null, "wallclock_time": 6.235682487487793, "evaluations": 1, "cost": 13.189454582821119, "incumbent": ["pca_whiten=''true''"]}
