{"cpu_time": 0, "total_cpu_time": null, "wallclock_time": 8.511543273925781e-05, "evaluations": 0, "cost": 2147483648, "incumbent": ["rf_max_features='0.5'", "rf_n_estimators='81'"]}
{"cpu_time": 5.69694447517395, "total_cpu_time": null, "wallclock_time": 5.728495121002197, "evaluations": 1, "cost": 0.4663225854724386, "incumbent": ["rf_max_features='0.5'", "rf_n_estimators='81'"]}
{"cpu_time": 32.12282133102417, "total_cpu_time": null, "wallclock_time": 32.27732515335083, "evaluations": 4, "cost": 0.4623438870857867, "incumbent": ["rf_max_features='0.7'", "rf_n_estimators='227'"]}
{"cpu_time": 43.98618793487549, "total_cpu_time": null, "wallclock_time": 44.17522478103638, "evaluations": 5, "cost": 0.39461244869181994, "incumbent": ["rf_max_features='0.5'", "rf_n_estimators='227'"]}
