{"cpu_time": 0, "total_cpu_time": null, "wallclock_time": 0.0001361370086669922, "evaluations": 0, "cost": 2147483648, "incumbent": ["pca_whiten=''true''", "svm_C='1.0'", "svm_gamma='1.0'"]}
{"cpu_time": 0.3682844638824463, "total_cpu_time": null, "wallclock_time": 0.4517097473144531, "evaluations": 1, "cost": 0.7316168996444037, "incumbent": ["pca_whiten=''true''", "svm_C='1.0'", "svm_gamma='1.0'"]}
{"cpu_time": 0.5986614227294922, "total_cpu_time": null, "wallclock_time": 0.7688465118408203, "evaluations": 2, "cost": 0.5526978212863264, "incumbent": ["pca_whiten=''true''", "svm_C='65.31224049555269'", "svm_gamma='4.667651857354299'"]}
{"cpu_time": 1.1638998985290527, "total_cpu_time": null, "wallclock_time": 1.5278613567352295, "evaluations": 4, "cost": 0.5495386098890659, "incumbent": ["pca_whiten=''true''", "svm_C='1.2716634603503483'", "svm_gamma='5.837543753082359'"]}
{"cpu_time": 4.2149810791015625, "total_cpu_time": null, "wallclock_time": 5.527399301528931, "evaluations": 13, "cost": 0.5365768607318105, "incumbent": ["pca_whiten=''true''", "svm_C='74.03895323452416'", "svm_gamma='1.9822428937900223'"]}
{"cpu_time": 4.707779884338379, "total_cpu_time": null, "wallclock_time": 6.136807441711426, "evaluations": 14, "cost": 0.5318966425570485, "incumbent": ["pca_whiten=''true''", "svm_C='29.9278263443308'", "svm_gamma='5.6831442858984085'"]}
{"cpu_time": 5.49123740196228, "total_cpu_time": null, "wallclock_time": 7.182963132858276, "evaluations": 17, "cost": 0.5279415387616483, "incumbent": ["pca_whiten=''false''", "svm_C='90.54227226407072'", "svm_gamma='3.6001724529254275'"]}
{"cpu_time": 10.297232627868652, "total_cpu_time": null, "wallclock_time": 13.627319812774658, "evaluations": 32, "cost": 0.524320860170799, "incumbent": ["pca_whiten=''false''", "svm_C='66.88827267610928'", "svm_gamma='6.811960509934139'"]}
{"cpu_time": 22.76546573638916, "total_cpu_time": null, "wallclock_time": 30.767794609069824, "evaluations": 76, "cost": 0.5236397555733513, "incumbent": ["pca_whiten=''true''", "svm_C='39.69681426073353'", "svm_gamma='5.259531681167262'"]}
{"cpu_time": 28.048436880111694, "total_cpu_time": null, "wallclock_time": 37.9529914855957, "evaluations": 94, "cost": 0.520944666149644, "incumbent": ["pca_whiten=''true''", "svm_C='39.624839080015995'", "svm_gamma='6.742604999749396'"]}
