{"cpu_time": 0, "total_cpu_time": null, "wallclock_time": 0.00011134147644042969, "evaluations": 0, "cost": 2147483648, "incumbent": ["isomap_n_components='2'", "isomap_n_neighbors='5'", "rf_max_features='0.5'", "rf_n_estimators='10'"]}
{"cpu_time": 0.9374253749847412, "total_cpu_time": null, "wallclock_time": 0.9706826210021973, "evaluations": 1, "cost": 2.911657144456017, "incumbent": ["isomap_n_components='2'", "isomap_n_neighbors='5'", "rf_max_features='0.5'", "rf_n_estimators='10'"]}
{"cpu_time": 2.9993114471435547, "total_cpu_time": null, "wallclock_time": 3.101278781890869, "evaluations": 2, "cost": 0.9716171684468726, "incumbent": ["isomap_n_components='2'", "isomap_n_neighbors='7'", "rf_max_features='0.7705914184339647'", "rf_n_estimators='220'"]}
{"cpu_time": 4.252055644989014, "total_cpu_time": null, "wallclock_time": 4.371576547622681, "evaluations": 3, "cost": 0.3973888798039633, "incumbent": ["isomap_n_components='4'", "isomap_n_neighbors='5'", "rf_max_features='0.42825496760388254'", "rf_n_estimators='109'"]}
{"cpu_time": 37.952330350875854, "total_cpu_time": null, "wallclock_time": 39.57745289802551, "evaluations": 21, "cost": 0.38094751043444636, "incumbent": ["isomap_n_components='4'", "isomap_n_neighbors='6'", "rf_max_features='0.3908563055255074'", "rf_n_estimators='252'"]}
{"cpu_time": 66.97736835479736, "total_cpu_time": null, "wallclock_time": 69.58148860931396, "evaluations": 37, "cost": 0.379335802688389, "incumbent": ["isomap_n_components='4'", "isomap_n_neighbors='7'", "rf_max_features='0.46859709749464196'", "rf_n_estimators='281'"]}
{"cpu_time": 130.85928010940552, "total_cpu_time": null, "wallclock_time": 135.81577253341675, "evaluations": 69, "cost": 0.37849838304224753, "incumbent": ["isomap_n_components='4'", "isomap_n_neighbors='4'", "rf_max_features='0.34897455065520244'", "rf_n_estimators='280'"]}
{"cpu_time": 142.43959164619446, "total_cpu_time": null, "wallclock_time": 147.87238454818726, "evaluations": 75, "cost": 0.37675423694465976, "incumbent": ["isomap_n_components='4'", "isomap_n_neighbors='6'", "rf_max_features='0.4005666770007672'", "rf_n_estimators='239'"]}
