{"cpu_time": 0, "total_cpu_time": null, "wallclock_time": 0.0002617835998535156, "evaluations": 0, "cost": 2147483648, "incumbent": ["haralick_distance='1'", "pca_whiten=''true''", "svm_C='1.0'", "svm_gamma='1.0'"]}
{"cpu_time": 42.27215361595154, "total_cpu_time": null, "wallclock_time": 42.300273418426514, "evaluations": 1, "cost": 0.9462380314664774, "incumbent": ["haralick_distance='1'", "pca_whiten=''true''", "svm_C='1.0'", "svm_gamma='1.0'"]}
{"cpu_time": 133.82478761672974, "total_cpu_time": null, "wallclock_time": 133.95871114730835, "evaluations": 3, "cost": 0.799826134193661, "incumbent": ["haralick_distance='2'", "pca_whiten=''true''", "svm_C='39.719968193911264'", "svm_gamma='0.8615789437416754'"]}
{"cpu_time": 551.0107529163361, "total_cpu_time": null, "wallclock_time": 551.783022403717, "evaluations": 12, "cost": 0.7980150103366861, "incumbent": ["haralick_distance='3'", "pca_whiten=''false''", "svm_C='79.78829705482808'", "svm_gamma='1.780259385226829'"]}
{"cpu_time": 643.6304910182953, "total_cpu_time": null, "wallclock_time": 644.5272393226624, "evaluations": 14, "cost": 0.7968355504651146, "incumbent": ["haralick_distance='3'", "pca_whiten=''false''", "svm_C='4.391849103127672'", "svm_gamma='1.1815155118778817'"]}
{"cpu_time": 828.4721114635468, "total_cpu_time": null, "wallclock_time": 829.6550748348236, "evaluations": 18, "cost": 0.7904024867019429, "incumbent": ["haralick_distance='3'", "pca_whiten=''true''", "svm_C='1.3820419299109241'", "svm_gamma='2.782879096164368'"]}
