{"cpu_time": 0, "total_cpu_time": null, "wallclock_time": 0.000141143798828125, "evaluations": 0, "cost": 2147483648, "incumbent": ["isomap_n_components='2'", "isomap_n_neighbors='5'", "svm_C='1.0'", "svm_gamma='1.0'"]}
{"cpu_time": 0.8679170608520508, "total_cpu_time": null, "wallclock_time": 0.8892672061920166, "evaluations": 1, "cost": 1.00707281314174, "incumbent": ["isomap_n_components='2'", "isomap_n_neighbors='5'", "svm_C='1.0'", "svm_gamma='1.0'"]}
{"cpu_time": 12.753437757492065, "total_cpu_time": null, "wallclock_time": 13.663990497589111, "evaluations": 17, "cost": 1.0046412611030826, "incumbent": ["isomap_n_components='2'", "isomap_n_neighbors='5'", "svm_C='74.36388041680227'", "svm_gamma='3.6948910152072405'"]}
{"cpu_time": 13.407715559005737, "total_cpu_time": null, "wallclock_time": 14.438104391098022, "evaluations": 18, "cost": 1.0020580417579399, "incumbent": ["isomap_n_components='2'", "isomap_n_neighbors='5'", "svm_C='43.46639930999423'", "svm_gamma='2.965516111345029'"]}
{"cpu_time": 33.76609706878662, "total_cpu_time": null, "wallclock_time": 36.207454204559326, "evaluations": 45, "cost": 0.9981750800705415, "incumbent": ["isomap_n_components='4'", "isomap_n_neighbors='6'", "svm_C='74.17288583692681'", "svm_gamma='0.2974366920971121'"]}
{"cpu_time": 52.153868436813354, "total_cpu_time": null, "wallclock_time": 56.162209033966064, "evaluations": 70, "cost": 0.9966522441151376, "incumbent": ["isomap_n_components='4'", "isomap_n_neighbors='6'", "svm_C='68.213600790137'", "svm_gamma='0.2974366920971121'"]}
{"cpu_time": 68.637122631073, "total_cpu_time": null, "wallclock_time": 74.02557158470154, "evaluations": 92, "cost": 0.9878864429771728, "incumbent": ["isomap_n_components='4'", "isomap_n_neighbors='6'", "svm_C='73.00486601945528'", "svm_gamma='0.11222792165030451'"]}
