{"cpu_time": 0, "total_cpu_time": null, "wallclock_time": 2.5987625122070312e-05, "evaluations": 0, "cost": 2147483648, "incumbent": []}
{"cpu_time": 0.181243896484375, "total_cpu_time": null, "wallclock_time": 0.19586968421936035, "evaluations": 1, "cost": 17.74909342516243, "incumbent": []}
