{"cpu_time": 0, "total_cpu_time": null, "wallclock_time": 0.00014495849609375, "evaluations": 0, "cost": 2147483648, "incumbent": ["isomap_n_components='2'", "isomap_n_neighbors='5'", "rf_max_features='0.5'", "rf_n_estimators='10'"]}
{"cpu_time": 4.3853936195373535, "total_cpu_time": null, "wallclock_time": 4.4503936767578125, "evaluations": 1, "cost": 3.1010436522591522, "incumbent": ["isomap_n_components='2'", "isomap_n_neighbors='5'", "rf_max_features='0.5'", "rf_n_estimators='10'"]}
{"cpu_time": 10.993718385696411, "total_cpu_time": null, "wallclock_time": 11.234558582305908, "evaluations": 2, "cost": 1.0181536862590055, "incumbent": ["isomap_n_components='2'", "isomap_n_neighbors='7'", "rf_max_features='0.7705914184339647'", "rf_n_estimators='220'"]}
{"cpu_time": 58.18597149848938, "total_cpu_time": null, "wallclock_time": 59.89714574813843, "evaluations": 12, "cost": 0.9808593081053639, "incumbent": ["isomap_n_components='4'", "isomap_n_neighbors='5'", "rf_max_features='0.30124445214907136'", "rf_n_estimators='192'"]}
{"cpu_time": 90.71114373207092, "total_cpu_time": null, "wallclock_time": 93.91300129890442, "evaluations": 19, "cost": 0.9380735270853381, "incumbent": ["isomap_n_components='4'", "isomap_n_neighbors='6'", "rf_max_features='0.44665535885529994'", "rf_n_estimators='79'"]}
{"cpu_time": 103.03501534461975, "total_cpu_time": null, "wallclock_time": 106.54178309440613, "evaluations": 21, "cost": 0.816591334126976, "incumbent": ["isomap_n_components='4'", "isomap_n_neighbors='6'", "rf_max_features='0.3908563055255074'", "rf_n_estimators='252'"]}
{"cpu_time": 157.25826787948608, "total_cpu_time": null, "wallclock_time": 162.8364028930664, "evaluations": 30, "cost": 0.8084390431900385, "incumbent": ["isomap_n_components='4'", "isomap_n_neighbors='7'", "rf_max_features='0.5145922027523793'", "rf_n_estimators='220'"]}
{"cpu_time": 200.65854167938232, "total_cpu_time": null, "wallclock_time": 207.48945713043213, "evaluations": 37, "cost": 0.7436058947347371, "incumbent": ["isomap_n_components='4'", "isomap_n_neighbors='7'", "rf_max_features='0.46859709749464196'", "rf_n_estimators='281'"]}
