{"cpu_time": 0, "total_cpu_time": null, "wallclock_time": 0.001611948013305664, "evaluations": 0, "cost": 2147483648, "incumbent": ["pca_whiten=''true''", "svm_C='1.0'", "svm_gamma='1.0'"]}
{"cpu_time": 0.6653339862823486, "total_cpu_time": null, "wallclock_time": 0.6965301036834717, "evaluations": 1, "cost": 1.0242484049939098, "incumbent": ["pca_whiten=''true''", "svm_C='1.0'", "svm_gamma='1.0'"]}
{"cpu_time": 1.495560884475708, "total_cpu_time": null, "wallclock_time": 1.562743902206421, "evaluations": 2, "cost": 1.0130880394353687, "incumbent": ["pca_whiten=''true''", "svm_C='65.31224049555269'", "svm_gamma='4.667651857354299'"]}
{"cpu_time": 9.839990615844727, "total_cpu_time": null, "wallclock_time": 10.270566463470459, "evaluations": 13, "cost": 1.0110715878215497, "incumbent": ["pca_whiten=''true''", "svm_C='74.03895323452416'", "svm_gamma='1.9822428937900223'"]}
{"cpu_time": 12.289119243621826, "total_cpu_time": null, "wallclock_time": 12.819947004318237, "evaluations": 16, "cost": 1.008581192190168, "incumbent": ["pca_whiten=''true''", "svm_C='47.98180585489881'", "svm_gamma='5.523833608366502'"]}
{"cpu_time": 12.978469848632812, "total_cpu_time": null, "wallclock_time": 13.527137756347656, "evaluations": 17, "cost": 1.0077440257708588, "incumbent": ["pca_whiten=''false''", "svm_C='90.54227226407072'", "svm_gamma='3.6001724529254275'"]}
{"cpu_time": 17.930407762527466, "total_cpu_time": null, "wallclock_time": 18.743546724319458, "evaluations": 24, "cost": 1.0025808798603901, "incumbent": ["pca_whiten=''true''", "svm_C='55.4149552103802'", "svm_gamma='4.766655482557905'"]}
