{"cpu_time": 0, "total_cpu_time": null, "wallclock_time": 9.679794311523438e-05, "evaluations": 0, "cost": 2147483648, "incumbent": ["pca_whiten=''true''", "svm_C='1.0'", "svm_gamma='1.0'"]}
{"cpu_time": 52.67679524421692, "total_cpu_time": null, "wallclock_time": 52.756892919540405, "evaluations": 1, "cost": 0.3358600561643752, "incumbent": ["pca_whiten=''true''", "svm_C='1.0'", "svm_gamma='1.0'"]}
{"cpu_time": 82.63885402679443, "total_cpu_time": null, "wallclock_time": 83.54233169555664, "evaluations": 22, "cost": 0.33049176860161306, "incumbent": ["pca_whiten=''false''", "svm_C='1.822326065000656'", "svm_gamma='0.02163117111605692'"]}
{"cpu_time": 117.1100103855133, "total_cpu_time": null, "wallclock_time": 118.88954567909241, "evaluations": 44, "cost": 0.3295314666661093, "incumbent": ["pca_whiten=''false''", "svm_C='2.064198013669249'", "svm_gamma='0.3408743188986447'"]}
{"cpu_time": 184.90487670898438, "total_cpu_time": null, "wallclock_time": 188.64067912101746, "evaluations": 86, "cost": 0.3263755228050033, "incumbent": ["pca_whiten=''true''", "svm_C='0.4728993395905763'", "svm_gamma='0.01785377225952746'"]}
{"cpu_time": 219.40249252319336, "total_cpu_time": null, "wallclock_time": 224.17387175559998, "evaluations": 108, "cost": 0.3258912008582479, "incumbent": ["pca_whiten=''false''", "svm_C='0.4728993395905763'", "svm_gamma='0.01785377225952746'"]}
{"cpu_time": 323.80066537857056, "total_cpu_time": null, "wallclock_time": 332.14707684516907, "evaluations": 174, "cost": 0.32424615164525367, "incumbent": ["pca_whiten=''true''", "svm_C='0.4728993395905763'", "svm_gamma='0.49403167196357073'"]}
{"cpu_time": 448.89819502830505, "total_cpu_time": null, "wallclock_time": 461.3097321987152, "evaluations": 252, "cost": 0.3235155153991038, "incumbent": ["pca_whiten=''false''", "svm_C='0.46995950495546035'", "svm_gamma='0.5114118284418604'"]}
