"CPU Time Used","Estimated Training Performance","Wallclock Time","Incumbent ID","Automatic Configurator (CPU) Time","Configuration..."
0.000000, 2147483648.000000, 0.000097, 1, 0.000097, pca_whiten=''true'', svm_C='1.0', svm_gamma='1.0'
52.676795, 0.335860, 52.756893, 1, 0.080098, pca_whiten=''true'', svm_C='1.0', svm_gamma='1.0'
82.638854, 0.330492, 83.542332, 2, 0.903478, pca_whiten=''false'', svm_C='1.822326065000656', svm_gamma='0.02163117111605692'
117.110010, 0.329531, 118.889546, 3, 1.779535, pca_whiten=''false'', svm_C='2.064198013669249', svm_gamma='0.3408743188986447'
184.904877, 0.326376, 188.640679, 4, 3.735802, pca_whiten=''true'', svm_C='0.4728993395905763', svm_gamma='0.01785377225952746'
219.402493, 0.325891, 224.173872, 5, 4.771379, pca_whiten=''false'', svm_C='0.4728993395905763', svm_gamma='0.01785377225952746'
323.800665, 0.324246, 332.147077, 6, 8.346411, pca_whiten=''true'', svm_C='0.4728993395905763', svm_gamma='0.49403167196357073'
448.898195, 0.323516, 461.309732, 7, 12.411537, pca_whiten=''false'', svm_C='0.46995950495546035', svm_gamma='0.5114118284418604'
