{"cpu_time": 0, "total_cpu_time": null, "wallclock_time": 0.00013303756713867188, "evaluations": 0, "cost": 2147483648, "incumbent": ["pca_whiten=''true''", "svm_C='0.1'", "svm_gamma='4.005'"]}
{"cpu_time": 5.651692628860474, "total_cpu_time": null, "wallclock_time": 5.71762490272522, "evaluations": 1, "cost": 0.53137768964261, "incumbent": ["pca_whiten=''true''", "svm_C='0.1'", "svm_gamma='4.005'"]}
{"cpu_time": 10.354036808013916, "total_cpu_time": null, "wallclock_time": 10.495346784591675, "evaluations": 2, "cost": 0.519881594863777, "incumbent": ["pca_whiten=''true''", "svm_C='100.0'", "svm_gamma='6.0024999999999995'"]}
{"cpu_time": 14.834074258804321, "total_cpu_time": null, "wallclock_time": 15.027055501937866, "evaluations": 3, "cost": 0.5125439434059769, "incumbent": ["pca_whiten=''true''", "svm_C='25.075000000000003'", "svm_gamma='4.005'"]}
{"cpu_time": 20.634154081344604, "total_cpu_time": null, "wallclock_time": 20.930802583694458, "evaluations": 4, "cost": 0.5115179189339565, "incumbent": ["pca_whiten=''true''", "svm_C='75.025'", "svm_gamma='0.01'"]}
{"cpu_time": 27.15288996696472, "total_cpu_time": null, "wallclock_time": 27.523433446884155, "evaluations": 5, "cost": 0.5115076840049152, "incumbent": ["pca_whiten=''false''", "svm_C='100.0'", "svm_gamma='2.0075'"]}
{"cpu_time": 52.40897750854492, "total_cpu_time": null, "wallclock_time": 53.14453363418579, "evaluations": 9, "cost": 0.511485639394173, "incumbent": ["pca_whiten=''true''", "svm_C='75.025'", "svm_gamma='2.0075'"]}
{"cpu_time": 72.6437599658966, "total_cpu_time": null, "wallclock_time": 73.7501118183136, "evaluations": 13, "cost": 0.5063622557295517, "incumbent": ["pca_whiten=''true''", "svm_C='100.0'", "svm_gamma='0.01'"]}
