{"cpu_time": 0, "total_cpu_time": null, "wallclock_time": 0.0001347064971923828, "evaluations": 0, "cost": 2147483648, "incumbent": ["haralick_distance='1'", "isomap_n_components='2'", "isomap_n_neighbors='5'", "rf_max_features='0.5'", "rf_n_estimators='10'"]}
{"cpu_time": 162.63398480415344, "total_cpu_time": null, "wallclock_time": 162.74227952957153, "evaluations": 1, "cost": 0.933619389693404, "incumbent": ["haralick_distance='1'", "isomap_n_components='2'", "isomap_n_neighbors='5'", "rf_max_features='0.5'", "rf_n_estimators='10'"]}
{"cpu_time": 328.26679944992065, "total_cpu_time": null, "wallclock_time": 328.62247228622437, "evaluations": 2, "cost": 0.2607013154549307, "incumbent": ["haralick_distance='1'", "isomap_n_components='4'", "isomap_n_neighbors='7'", "rf_max_features='0.6625893300570016'", "rf_n_estimators='172'"]}
{"cpu_time": 3856.0419178009033, "total_cpu_time": null, "wallclock_time": 3863.9399406909943, "evaluations": 55, "cost": 0.17181588425425798, "incumbent": ["haralick_distance='1'", "isomap_n_components='4'", "isomap_n_neighbors='7'", "rf_max_features='0.4116129921961015'", "rf_n_estimators='179'"]}
{"cpu_time": 8012.435711145401, "total_cpu_time": null, "wallclock_time": 8029.558617353439, "evaluations": 120, "cost": 0.1671791981672576, "incumbent": ["haralick_distance='1'", "isomap_n_components='4'", "isomap_n_neighbors='7'", "rf_max_features='0.4404135634069603'", "rf_n_estimators='125'"]}
{"cpu_time": 11021.00773191452, "total_cpu_time": null, "wallclock_time": 11045.864640951157, "evaluations": 167, "cost": 0.16705504258430456, "incumbent": ["haralick_distance='1'", "isomap_n_components='4'", "isomap_n_neighbors='7'", "rf_max_features='0.3492971444543898'", "rf_n_estimators='107'"]}
{"cpu_time": 16921.404876232147, "total_cpu_time": null, "wallclock_time": 16961.68653321266, "evaluations": 260, "cost": 0.16554648949028553, "incumbent": ["haralick_distance='1'", "isomap_n_components='4'", "isomap_n_neighbors='7'", "rf_max_features='0.49706964001477183'", "rf_n_estimators='114'"]}
{"cpu_time": 19802.597471237183, "total_cpu_time": null, "wallclock_time": 19850.033108472824, "evaluations": 336, "cost": 0.16455329714817132, "incumbent": ["haralick_distance='1'", "isomap_n_components='4'", "isomap_n_neighbors='7'", "rf_max_features='0.48142036160756774'", "rf_n_estimators='115'"]}
