{"cpu_time": 0, "total_cpu_time": null, "wallclock_time": 0.00016498565673828125, "evaluations": 0, "cost": 2147483648, "incumbent": ["haralick_distance='1'", "pca_whiten=''true''", "svm_C='1.0'", "svm_gamma='1.0'"]}
{"cpu_time": 54.82624340057373, "total_cpu_time": null, "wallclock_time": 54.83872699737549, "evaluations": 1, "cost": 0.4755502963052556, "incumbent": ["haralick_distance='1'", "pca_whiten=''true''", "svm_C='1.0'", "svm_gamma='1.0'"]}
{"cpu_time": 1961.4166750907898, "total_cpu_time": null, "wallclock_time": 1963.9872417449951, "evaluations": 42, "cost": 0.47169493075568525, "incumbent": ["haralick_distance='3'", "pca_whiten=''true''", "svm_C='1.5525047308125532'", "svm_gamma='2.230537717730611'"]}
{"cpu_time": 2656.2884192466736, "total_cpu_time": null, "wallclock_time": 2659.722188949585, "evaluations": 60, "cost": 0.4701910837762284, "incumbent": ["haralick_distance='3'", "pca_whiten=''false''", "svm_C='0.7900180176414158'", "svm_gamma='2.022462657894447'"]}
