{"cpu_time": 0, "total_cpu_time": null, "wallclock_time": 0.00015354156494140625, "evaluations": 0, "cost": 2147483648, "incumbent": ["isomap_n_components='2'", "isomap_n_neighbors='5'", "rf_max_features='0.5'", "rf_n_estimators='10'"]}
{"cpu_time": 1.8189046382904053, "total_cpu_time": null, "wallclock_time": 1.8970303535461426, "evaluations": 1, "cost": 7.906480154110935, "incumbent": ["isomap_n_components='2'", "isomap_n_neighbors='5'", "rf_max_features='0.5'", "rf_n_estimators='10'"]}
{"cpu_time": 6.117401123046875, "total_cpu_time": null, "wallclock_time": 6.328754901885986, "evaluations": 2, "cost": 2.7523109124941665, "incumbent": ["isomap_n_components='2'", "isomap_n_neighbors='7'", "rf_max_features='0.7705914184339647'", "rf_n_estimators='220'"]}
{"cpu_time": 7.936729192733765, "total_cpu_time": null, "wallclock_time": 8.165870189666748, "evaluations": 3, "cost": 1.2436840225501593, "incumbent": ["isomap_n_components='4'", "isomap_n_neighbors='5'", "rf_max_features='0.42825496760388254'", "rf_n_estimators='109'"]}
{"cpu_time": 24.46335530281067, "total_cpu_time": null, "wallclock_time": 25.340214252471924, "evaluations": 7, "cost": 1.1729378777634565, "incumbent": ["isomap_n_components='4'", "isomap_n_neighbors='3'", "rf_max_features='0.49447053546536157'", "rf_n_estimators='97'"]}
{"cpu_time": 83.42594599723816, "total_cpu_time": null, "wallclock_time": 87.04221367835999, "evaluations": 21, "cost": 1.1142622998843144, "incumbent": ["isomap_n_components='4'", "isomap_n_neighbors='6'", "rf_max_features='0.3908563055255074'", "rf_n_estimators='252'"]}
{"cpu_time": 95.20354962348938, "total_cpu_time": null, "wallclock_time": 99.13008689880371, "evaluations": 23, "cost": 1.0820645206369865, "incumbent": ["isomap_n_components='4'", "isomap_n_neighbors='7'", "rf_max_features='0.6343316352444657'", "rf_n_estimators='296'"]}
{"cpu_time": 150.1981029510498, "total_cpu_time": null, "wallclock_time": 156.81873869895935, "evaluations": 36, "cost": 0.9775669090566249, "incumbent": ["isomap_n_components='4'", "isomap_n_neighbors='7'", "rf_max_features='0.36416568701334'", "rf_n_estimators='264'"]}
