{"cpu_time": 0, "total_cpu_time": null, "wallclock_time": 5.698204040527344e-05, "evaluations": 0, "cost": 2147483648, "incumbent": ["pca_whiten=''true''"]}
{"cpu_time": 0.9307258129119873, "total_cpu_time": null, "wallclock_time": 1.01405930519104, "evaluations": 1, "cost": 10.475287741604298, "incumbent": ["pca_whiten=''true''"]}
{"cpu_time": 1.8869588375091553, "total_cpu_time": null, "wallclock_time": 2.0459532737731934, "evaluations": 2, "cost": 10.142913275078614, "incumbent": ["pca_whiten=''false''"]}
