{"cpu_time": 0, "total_cpu_time": null, "wallclock_time": 7.176399230957031e-05, "evaluations": 0, "cost": 2147483648, "incumbent": ["rf_max_features='0.5'", "rf_n_estimators='81'"]}
{"cpu_time": 13.020948648452759, "total_cpu_time": null, "wallclock_time": 13.066767454147339, "evaluations": 1, "cost": 0.26734363135888367, "incumbent": ["rf_max_features='0.5'", "rf_n_estimators='81'"]}
