{"cpu_time": 0, "total_cpu_time": null, "wallclock_time": 0.0001087188720703125, "evaluations": 0, "cost": 2147483648, "incumbent": ["pca_whiten=''true''", "rf_max_features='0.5'", "rf_n_estimators='10'"]}
{"cpu_time": 1.0688209533691406, "total_cpu_time": null, "wallclock_time": 1.0971260070800781, "evaluations": 1, "cost": 1.6240095015557061, "incumbent": ["pca_whiten=''true''", "rf_max_features='0.5'", "rf_n_estimators='10'"]}
{"cpu_time": 3.2480337619781494, "total_cpu_time": null, "wallclock_time": 3.3105602264404297, "evaluations": 2, "cost": 0.5805513392001402, "incumbent": ["pca_whiten=''true''", "rf_max_features='0.6263875900678313'", "rf_n_estimators='178'"]}
{"cpu_time": 5.297807216644287, "total_cpu_time": null, "wallclock_time": 5.378829479217529, "evaluations": 3, "cost": 0.5146659428600144, "incumbent": ["pca_whiten=''false''", "rf_max_features='0.3021465708060675'", "rf_n_estimators='203'"]}
{"cpu_time": 40.361576080322266, "total_cpu_time": null, "wallclock_time": 41.00177621841431, "evaluations": 19, "cost": 0.5100544285164218, "incumbent": ["pca_whiten=''false''", "rf_max_features='0.5057608880797688'", "rf_n_estimators='254'"]}
{"cpu_time": 134.91549706459045, "total_cpu_time": null, "wallclock_time": 137.24647450447083, "evaluations": 66, "cost": 0.5097790390001357, "incumbent": ["pca_whiten=''false''", "rf_max_features='0.6141461990121979'", "rf_n_estimators='263'"]}
