"CPU Time Used","Estimated Training Performance","Wallclock Time","Incumbent ID","Automatic Configurator (CPU) Time","Configuration..."
0.000000, 2147483648.000000, 0.000117, 1, 0.000117, pca_whiten=''true'', svm_C='1.0', svm_gamma='1.0'
452.893089, 0.640587, 453.193565, 1, 0.300475, pca_whiten=''true'', svm_C='1.0', svm_gamma='1.0'
453.405193, 0.541847, 453.854125, 2, 0.448933, pca_whiten=''true'', svm_C='65.31224049555269', svm_gamma='4.667651857354299'
457.035836, 0.541276, 458.426763, 3, 1.390926, pca_whiten=''true'', svm_C='62.33281468850071', svm_gamma='1.5144007304461375'
457.538851, 0.535233, 459.071967, 4, 1.533116, pca_whiten=''true'', svm_C='25.833879111337303', svm_gamma='2.5925190439316834'
463.372988, 0.528090, 466.792212, 5, 3.419224, pca_whiten=''true'', svm_C='64.79293927274169', svm_gamma='7.134380211459788'
463.742202, 0.526646, 467.291099, 6, 3.548897, pca_whiten=''false'', svm_C='85.65154857518807', svm_gamma='5.882083392180158'
465.937233, 0.520286, 470.415921, 7, 4.478688, pca_whiten=''false'', svm_C='62.50814177672008', svm_gamma='0.028977341676197955'
