{"cpu_time": 0, "total_cpu_time": null, "wallclock_time": 0.00011682510375976562, "evaluations": 0, "cost": 2147483648, "incumbent": ["pca_whiten=''true''", "svm_C='1.0'", "svm_gamma='1.0'"]}
{"cpu_time": 452.8930892944336, "total_cpu_time": null, "wallclock_time": 453.1935646533966, "evaluations": 1, "cost": 0.640587177490129, "incumbent": ["pca_whiten=''true''", "svm_C='1.0'", "svm_gamma='1.0'"]}
{"cpu_time": 453.40519285202026, "total_cpu_time": null, "wallclock_time": 453.85412549972534, "evaluations": 2, "cost": 0.5418469128541225, "incumbent": ["pca_whiten=''true''", "svm_C='65.31224049555269'", "svm_gamma='4.667651857354299'"]}
{"cpu_time": 457.0358364582062, "total_cpu_time": null, "wallclock_time": 458.4267625808716, "evaluations": 8, "cost": 0.5412756310629504, "incumbent": ["pca_whiten=''true''", "svm_C='62.33281468850071'", "svm_gamma='1.5144007304461375'"]}
{"cpu_time": 457.53885102272034, "total_cpu_time": null, "wallclock_time": 459.0719666481018, "evaluations": 9, "cost": 0.5352329238097382, "incumbent": ["pca_whiten=''true''", "svm_C='25.833879111337303'", "svm_gamma='2.5925190439316834'"]}
{"cpu_time": 463.37298798561096, "total_cpu_time": null, "wallclock_time": 466.7922115325928, "evaluations": 22, "cost": 0.5280901993260052, "incumbent": ["pca_whiten=''true''", "svm_C='64.79293927274169'", "svm_gamma='7.134380211459788'"]}
{"cpu_time": 463.74220156669617, "total_cpu_time": null, "wallclock_time": 467.2910985946655, "evaluations": 23, "cost": 0.5266455483807683, "incumbent": ["pca_whiten=''false''", "svm_C='85.65154857518807'", "svm_gamma='5.882083392180158'"]}
{"cpu_time": 465.9372329711914, "total_cpu_time": null, "wallclock_time": 470.4159207344055, "evaluations": 29, "cost": 0.5202860687321089, "incumbent": ["pca_whiten=''false''", "svm_C='62.50814177672008'", "svm_gamma='0.028977341676197955'"]}
