{"cpu_time": 0, "total_cpu_time": null, "wallclock_time": 0.00010633468627929688, "evaluations": 0, "cost": 2147483648, "incumbent": ["haralick_distance='1'", "pca_whiten=''true''", "svm_C='1.0'", "svm_gamma='1.0'"]}
{"cpu_time": 45.113128900527954, "total_cpu_time": null, "wallclock_time": 45.12922477722168, "evaluations": 1, "cost": 0.9481012872940863, "incumbent": ["haralick_distance='1'", "pca_whiten=''true''", "svm_C='1.0'", "svm_gamma='1.0'"]}
{"cpu_time": 90.45631814002991, "total_cpu_time": null, "wallclock_time": 90.51527500152588, "evaluations": 2, "cost": 0.9457756532884156, "incumbent": ["haralick_distance='1'", "pca_whiten=''true''", "svm_C='58.33522159570645'", "svm_gamma='6.857609839424436'"]}
{"cpu_time": 138.98857307434082, "total_cpu_time": null, "wallclock_time": 139.06506538391113, "evaluations": 3, "cost": 0.8013508174156603, "incumbent": ["haralick_distance='2'", "pca_whiten=''true''", "svm_C='39.719968193911264'", "svm_gamma='0.8615789437416754'"]}
{"cpu_time": 282.47142457962036, "total_cpu_time": null, "wallclock_time": 282.67814540863037, "evaluations": 6, "cost": 0.8007115253774213, "incumbent": ["haralick_distance='3'", "pca_whiten=''true''", "svm_C='56.67796874381939'", "svm_gamma='6.784834661409352'"]}
{"cpu_time": 468.59278893470764, "total_cpu_time": null, "wallclock_time": 468.9395864009857, "evaluations": 10, "cost": 0.7945564537748898, "incumbent": ["haralick_distance='3'", "pca_whiten=''false''", "svm_C='22.12921607794151'", "svm_gamma='6.605076878953514'"]}
{"cpu_time": 665.411691904068, "total_cpu_time": null, "wallclock_time": 665.911169052124, "evaluations": 14, "cost": 0.7916002412604195, "incumbent": ["haralick_distance='3'", "pca_whiten=''false''", "svm_C='9.143620369354855'", "svm_gamma='6.699752341892955'"]}
