{"cpu_time": 0, "total_cpu_time": null, "wallclock_time": 0.0001537799835205078, "evaluations": 0, "cost": 2147483648, "incumbent": ["isomap_n_components='2'", "isomap_n_neighbors='5'", "svm_C='0.1'", "svm_gamma='4.005'"]}
{"cpu_time": 0.6881630420684814, "total_cpu_time": null, "wallclock_time": 0.7040750980377197, "evaluations": 1, "cost": 0.3752082116862045, "incumbent": ["isomap_n_components='2'", "isomap_n_neighbors='5'", "svm_C='0.1'", "svm_gamma='4.005'"]}
{"cpu_time": 2.831486940383911, "total_cpu_time": null, "wallclock_time": 2.953312873840332, "evaluations": 4, "cost": 0.3635666650075183, "incumbent": ["isomap_n_components='4'", "isomap_n_neighbors='6'", "svm_C='75.025'", "svm_gamma='0.01'"]}
{"cpu_time": 5.645194053649902, "total_cpu_time": null, "wallclock_time": 5.957595348358154, "evaluations": 8, "cost": 0.3370871591869387, "incumbent": ["isomap_n_components='3'", "isomap_n_neighbors='4'", "svm_C='0.1'", "svm_gamma='4.005'"]}
{"cpu_time": 70.45536088943481, "total_cpu_time": null, "wallclock_time": 74.39695382118225, "evaluations": 102, "cost": 0.3362982278693589, "incumbent": ["isomap_n_components='4'", "isomap_n_neighbors='7'", "svm_C='25.075000000000003'", "svm_gamma='0.01'"]}
