{"cpu_time": 0, "total_cpu_time": null, "wallclock_time": 0.00020647048950195312, "evaluations": 0, "cost": 2147483648, "incumbent": ["pca_whiten=''true''", "svm_C='1.0'", "svm_gamma='1.0'"]}
{"cpu_time": 34.157304763793945, "total_cpu_time": null, "wallclock_time": 34.24349761009216, "evaluations": 1, "cost": 0.7902355016156409, "incumbent": ["pca_whiten=''true''", "svm_C='1.0'", "svm_gamma='1.0'"]}
{"cpu_time": 41.68848514556885, "total_cpu_time": null, "wallclock_time": 42.462461948394775, "evaluations": 12, "cost": 0.7421226442402861, "incumbent": ["pca_whiten=''false''", "svm_C='6.520747512660422'", "svm_gamma='1.613818929194393'"]}
{"cpu_time": 43.01547288894653, "total_cpu_time": null, "wallclock_time": 43.92752432823181, "evaluations": 14, "cost": 0.7329978030267511, "incumbent": ["pca_whiten=''false''", "svm_C='4.140901899904911'", "svm_gamma='1.3139926902069325'"]}
{"cpu_time": 46.82480978965759, "total_cpu_time": null, "wallclock_time": 48.11997938156128, "evaluations": 20, "cost": 0.7324502869802556, "incumbent": ["pca_whiten=''false''", "svm_C='23.986735174699476'", "svm_gamma='0.9395116463757271'"]}
