{"cpu_time": 0, "total_cpu_time": null, "wallclock_time": 0.00016355514526367188, "evaluations": 0, "cost": 2147483648, "incumbent": ["isomap_n_components='2'", "isomap_n_neighbors='5'", "svm_C='1.0'", "svm_gamma='1.0'"]}
{"cpu_time": 0.6179718971252441, "total_cpu_time": null, "wallclock_time": 0.6362760066986084, "evaluations": 1, "cost": 1.007271057252327, "incumbent": ["isomap_n_components='2'", "isomap_n_neighbors='5'", "svm_C='1.0'", "svm_gamma='1.0'"]}
{"cpu_time": 1.1860876083374023, "total_cpu_time": null, "wallclock_time": 1.2468180656433105, "evaluations": 2, "cost": 1.006497409744089, "incumbent": ["isomap_n_components='2'", "isomap_n_neighbors='7'", "svm_C='94.12416540310615'", "svm_gamma='5.804177494310886'"]}
{"cpu_time": 1.9341106414794922, "total_cpu_time": null, "wallclock_time": 2.011613368988037, "evaluations": 3, "cost": 0.9993322003835722, "incumbent": ["isomap_n_components='4'", "isomap_n_neighbors='5'", "svm_C='25.725342527255737'", "svm_gamma='2.7907769724696707'"]}
{"cpu_time": 4.95447301864624, "total_cpu_time": null, "wallclock_time": 5.248047590255737, "evaluations": 8, "cost": 0.9852151129573938, "incumbent": ["isomap_n_components='3'", "isomap_n_neighbors='5'", "svm_C='69.02728843021396'", "svm_gamma='0.6751977358579749'"]}
{"cpu_time": 28.143696546554565, "total_cpu_time": null, "wallclock_time": 30.323723077774048, "evaluations": 43, "cost": 0.9777354882264425, "incumbent": ["isomap_n_components='3'", "isomap_n_neighbors='5'", "svm_C='74.82967771290562'", "svm_gamma='0.6346366317395742'"]}
