{"cpu_time": 0, "total_cpu_time": null, "wallclock_time": 8.821487426757812e-05, "evaluations": 0, "cost": 2147483648, "incumbent": ["rf_max_features='0.5'", "rf_n_estimators='81'"]}
{"cpu_time": 15.698363304138184, "total_cpu_time": null, "wallclock_time": 15.715728044509888, "evaluations": 1, "cost": 0.30315207931165705, "incumbent": ["rf_max_features='0.5'", "rf_n_estimators='81'"]}
