{"cpu_time": 0, "total_cpu_time": null, "wallclock_time": 0.00011777877807617188, "evaluations": 0, "cost": 2147483648, "incumbent": ["pca_whiten=''true''", "svm_C='1.0'", "svm_gamma='1.0'"]}
{"cpu_time": 36.17653727531433, "total_cpu_time": null, "wallclock_time": 36.324681758880615, "evaluations": 1, "cost": 0.8836708849396843, "incumbent": ["pca_whiten=''true''", "svm_C='1.0'", "svm_gamma='1.0'"]}
{"cpu_time": 83.91521501541138, "total_cpu_time": null, "wallclock_time": 85.34280467033386, "evaluations": 18, "cost": 0.8377660654684526, "incumbent": ["pca_whiten=''false''", "svm_C='50.65684604626759'", "svm_gamma='0.5587688725175817'"]}
{"cpu_time": 96.59484934806824, "total_cpu_time": null, "wallclock_time": 98.39936923980713, "evaluations": 22, "cost": 0.8315707001071688, "incumbent": ["pca_whiten=''false''", "svm_C='5.916803787241076'", "svm_gamma='0.5404032746536707'"]}
{"cpu_time": 109.46206426620483, "total_cpu_time": null, "wallclock_time": 111.56876969337463, "evaluations": 26, "cost": 0.7909912989831849, "incumbent": ["pca_whiten=''false''", "svm_C='79.05614959177805'", "svm_gamma='0.3062810455350955'"]}
{"cpu_time": 114.89779949188232, "total_cpu_time": null, "wallclock_time": 117.13242363929749, "evaluations": 28, "cost": 0.7867980534316117, "incumbent": ["pca_whiten=''true''", "svm_C='59.32908578272769'", "svm_gamma='0.3058596796900534'"]}
{"cpu_time": 117.53971338272095, "total_cpu_time": null, "wallclock_time": 119.83362436294556, "evaluations": 29, "cost": 0.6904629475818909, "incumbent": ["pca_whiten=''false''", "svm_C='62.50814177672008'", "svm_gamma='0.028977341676197955'"]}
{"cpu_time": 137.87487769126892, "total_cpu_time": null, "wallclock_time": 140.9148256778717, "evaluations": 36, "cost": 0.6727188200571942, "incumbent": ["pca_whiten=''true''", "svm_C='10.943832465895001'", "svm_gamma='0.05185013245213856'"]}
{"cpu_time": 307.06352376937866, "total_cpu_time": null, "wallclock_time": 315.2510690689087, "evaluations": 96, "cost": 0.6717916669710662, "incumbent": ["pca_whiten=''true''", "svm_C='11.18563755866965'", "svm_gamma='0.05909756944835437'"]}
{"cpu_time": 313.1354150772095, "total_cpu_time": null, "wallclock_time": 321.48472905158997, "evaluations": 98, "cost": 0.6693230235060411, "incumbent": ["pca_whiten=''true''", "svm_C='6.326792569544961'", "svm_gamma='0.05821555944438092'"]}
