{"cpu_time": 0, "total_cpu_time": null, "wallclock_time": 0.00011467933654785156, "evaluations": 0, "cost": 2147483648, "incumbent": ["isomap_n_components='2'", "isomap_n_neighbors='5'", "rf_max_features='0.5'", "rf_n_estimators='10'"]}
{"cpu_time": 0.36979079246520996, "total_cpu_time": null, "wallclock_time": 0.3855719566345215, "evaluations": 1, "cost": 6.566075307669814, "incumbent": ["isomap_n_components='2'", "isomap_n_neighbors='5'", "rf_max_features='0.5'", "rf_n_estimators='10'"]}
{"cpu_time": 1.4725372791290283, "total_cpu_time": null, "wallclock_time": 1.524507999420166, "evaluations": 2, "cost": 3.372529117518471, "incumbent": ["isomap_n_components='2'", "isomap_n_neighbors='7'", "rf_max_features='0.7705914184339647'", "rf_n_estimators='220'"]}
{"cpu_time": 2.1855428218841553, "total_cpu_time": null, "wallclock_time": 2.2529096603393555, "evaluations": 3, "cost": 2.149902438520987, "incumbent": ["isomap_n_components='4'", "isomap_n_neighbors='5'", "rf_max_features='0.42825496760388254'", "rf_n_estimators='109'"]}
{"cpu_time": 9.190959215164185, "total_cpu_time": null, "wallclock_time": 9.602161407470703, "evaluations": 12, "cost": 1.8575047351101424, "incumbent": ["isomap_n_components='4'", "isomap_n_neighbors='7'", "rf_max_features='0.6398646674317605'", "rf_n_estimators='105'"]}
{"cpu_time": 15.57031512260437, "total_cpu_time": null, "wallclock_time": 16.37150740623474, "evaluations": 21, "cost": 1.7224639844966712, "incumbent": ["isomap_n_components='4'", "isomap_n_neighbors='6'", "rf_max_features='0.3908563055255074'", "rf_n_estimators='252'"]}
{"cpu_time": 17.439276695251465, "total_cpu_time": null, "wallclock_time": 18.32479691505432, "evaluations": 23, "cost": 1.6869702768418258, "incumbent": ["isomap_n_components='4'", "isomap_n_neighbors='7'", "rf_max_features='0.6343316352444657'", "rf_n_estimators='296'"]}
{"cpu_time": 22.422065496444702, "total_cpu_time": null, "wallclock_time": 23.62656831741333, "evaluations": 30, "cost": 1.6598649243456693, "incumbent": ["isomap_n_components='4'", "isomap_n_neighbors='7'", "rf_max_features='0.3908563055255074'", "rf_n_estimators='252'"]}
{"cpu_time": 37.54694652557373, "total_cpu_time": null, "wallclock_time": 39.41342091560364, "evaluations": 44, "cost": 1.5846637956999565, "incumbent": ["isomap_n_components='4'", "isomap_n_neighbors='7'", "rf_max_features='0.36416568701334'", "rf_n_estimators='231'"]}
{"cpu_time": 46.20136737823486, "total_cpu_time": null, "wallclock_time": 48.52402663230896, "evaluations": 54, "cost": 1.5759799060908033, "incumbent": ["isomap_n_components='4'", "isomap_n_neighbors='7'", "rf_max_features='0.3226731026029736'", "rf_n_estimators='156'"]}
