{"cpu_time": 0, "total_cpu_time": null, "wallclock_time": 5.0067901611328125e-05, "evaluations": 0, "cost": 2147483648, "incumbent": ["pca_whiten=''true''"]}
{"cpu_time": 0.5119409561157227, "total_cpu_time": null, "wallclock_time": 0.5798566341400146, "evaluations": 1, "cost": 13.189454582821119, "incumbent": ["pca_whiten=''true''"]}
