"CPU Time Used","Estimated Training Performance","Wallclock Time","Incumbent ID","Automatic Configurator (CPU) Time","Configuration..."
0.000000, 2147483648.000000, 0.000118, 1, 0.000118, pca_whiten=''true'', svm_C='1.0', svm_gamma='1.0'
45.267880, 0.454490, 45.459168, 1, 0.191288, pca_whiten=''true'', svm_C='1.0', svm_gamma='1.0'
75.618699, 0.410211, 77.011583, 2, 1.392884, pca_whiten=''false'', svm_C='1.0864611661696078', svm_gamma='0.49194220585199805'
115.567760, 0.355369, 118.368411, 3, 2.800651, pca_whiten=''false'', svm_C='62.50814177672008', svm_gamma='0.028977341676197955'
179.789905, 0.351612, 184.981386, 4, 5.191481, pca_whiten=''false'', svm_C='14.897252298123004', svm_gamma='0.04199113589533449'
246.428436, 0.349220, 254.577315, 5, 8.148879, pca_whiten=''true'', svm_C='31.427949789636003', svm_gamma='0.04114408233732461'
261.725801, 0.346663, 270.325455, 6, 8.599654, pca_whiten=''false'', svm_C='8.139639956506315', svm_gamma='0.04099750183545994'
386.071912, 0.341594, 400.841385, 7, 14.769473, pca_whiten=''true'', svm_C='21.893275649826634', svm_gamma='0.04099750183545994'
