{"cpu_time": 0, "total_cpu_time": null, "wallclock_time": 0.00011801719665527344, "evaluations": 0, "cost": 2147483648, "incumbent": ["pca_whiten=''true''", "svm_C='1.0'", "svm_gamma='1.0'"]}
{"cpu_time": 45.26787996292114, "total_cpu_time": null, "wallclock_time": 45.45916795730591, "evaluations": 1, "cost": 0.4544901556017306, "incumbent": ["pca_whiten=''true''", "svm_C='1.0'", "svm_gamma='1.0'"]}
{"cpu_time": 75.6186990737915, "total_cpu_time": null, "wallclock_time": 77.01158285140991, "evaluations": 14, "cost": 0.41021105709576067, "incumbent": ["pca_whiten=''false''", "svm_C='1.0864611661696078'", "svm_gamma='0.49194220585199805'"]}
{"cpu_time": 115.56775999069214, "total_cpu_time": null, "wallclock_time": 118.36841082572937, "evaluations": 28, "cost": 0.3553690826941435, "incumbent": ["pca_whiten=''false''", "svm_C='62.50814177672008'", "svm_gamma='0.028977341676197955'"]}
{"cpu_time": 179.78990483283997, "total_cpu_time": null, "wallclock_time": 184.9813859462738, "evaluations": 50, "cost": 0.3516118472626469, "incumbent": ["pca_whiten=''false''", "svm_C='14.897252298123004'", "svm_gamma='0.04199113589533449'"]}
{"cpu_time": 246.4284360408783, "total_cpu_time": null, "wallclock_time": 254.57731461524963, "evaluations": 73, "cost": 0.3492197630210363, "incumbent": ["pca_whiten=''true''", "svm_C='31.427949789636003'", "svm_gamma='0.04114408233732461'"]}
{"cpu_time": 261.72580075263977, "total_cpu_time": null, "wallclock_time": 270.32545471191406, "evaluations": 78, "cost": 0.3466633171773959, "incumbent": ["pca_whiten=''false''", "svm_C='8.139639956506315'", "svm_gamma='0.04099750183545994'"]}
{"cpu_time": 386.07191228866577, "total_cpu_time": null, "wallclock_time": 400.84138536453247, "evaluations": 122, "cost": 0.3415941966455252, "incumbent": ["pca_whiten=''true''", "svm_C='21.893275649826634'", "svm_gamma='0.04099750183545994'"]}
