{"cpu_time": 0, "total_cpu_time": null, "wallclock_time": 6.008148193359375e-05, "evaluations": 0, "cost": 2147483648, "incumbent": ["svm_C='0.1'", "svm_gamma='4.005'"]}
{"cpu_time": 1.2440681457519531, "total_cpu_time": null, "wallclock_time": 1.259127140045166, "evaluations": 1, "cost": 1.0622592452572093, "incumbent": ["svm_C='0.1'", "svm_gamma='4.005'"]}
{"cpu_time": 2.423630475997925, "total_cpu_time": null, "wallclock_time": 2.4690163135528564, "evaluations": 2, "cost": 1.0291109053522256, "incumbent": ["svm_C='100.0'", "svm_gamma='2.0075'"]}
{"cpu_time": 3.613466262817383, "total_cpu_time": null, "wallclock_time": 3.671231746673584, "evaluations": 3, "cost": 1.0285015355644869, "incumbent": ["svm_C='75.025'", "svm_gamma='4.005'"]}
{"cpu_time": 6.0381879806518555, "total_cpu_time": null, "wallclock_time": 6.145982027053833, "evaluations": 5, "cost": 1.02555843920447, "incumbent": ["svm_C='75.025'", "svm_gamma='6.0024999999999995'"]}
{"cpu_time": 8.284453868865967, "total_cpu_time": null, "wallclock_time": 8.444114208221436, "evaluations": 7, "cost": 1.010238800955347, "incumbent": ["svm_C='50.050000000000004'", "svm_gamma='0.01'"]}
{"cpu_time": 15.199162006378174, "total_cpu_time": null, "wallclock_time": 15.511133670806885, "evaluations": 13, "cost": 1.0051157654564593, "incumbent": ["svm_C='25.075000000000003'", "svm_gamma='0.01'"]}
