{"cpu_time": 0, "total_cpu_time": null, "wallclock_time": 0.00016498565673828125, "evaluations": 0, "cost": 2147483648, "incumbent": ["isomap_n_components='2'", "isomap_n_neighbors='5'", "svm_C='1.0'", "svm_gamma='1.0'"]}
{"cpu_time": 0.8671658039093018, "total_cpu_time": null, "wallclock_time": 0.8844223022460938, "evaluations": 1, "cost": 0.9450118220088221, "incumbent": ["isomap_n_components='2'", "isomap_n_neighbors='5'", "svm_C='1.0'", "svm_gamma='1.0'"]}
{"cpu_time": 30.2930805683136, "total_cpu_time": null, "wallclock_time": 32.18788933753967, "evaluations": 28, "cost": 0.9428365530911386, "incumbent": ["isomap_n_components='2'", "isomap_n_neighbors='5'", "svm_C='55.8085615024293'", "svm_gamma='0.24657720949339437'"]}
{"cpu_time": 37.21957540512085, "total_cpu_time": null, "wallclock_time": 39.628095388412476, "evaluations": 34, "cost": 0.937468381954579, "incumbent": ["isomap_n_components='3'", "isomap_n_neighbors='5'", "svm_C='53.9894634440535'", "svm_gamma='0.1911242133992526'"]}
{"cpu_time": 39.25831627845764, "total_cpu_time": null, "wallclock_time": 41.88193964958191, "evaluations": 36, "cost": 0.9327413138913708, "incumbent": ["isomap_n_components='3'", "isomap_n_neighbors='4'", "svm_C='32.32710592738068'", "svm_gamma='0.17042029779019546'"]}
{"cpu_time": 53.02866721153259, "total_cpu_time": null, "wallclock_time": 56.484102964401245, "evaluations": 48, "cost": 0.9315388624681019, "incumbent": ["isomap_n_components='3'", "isomap_n_neighbors='5'", "svm_C='90.50941592949584'", "svm_gamma='0.04451847115251525'"]}
{"cpu_time": 55.72517538070679, "total_cpu_time": null, "wallclock_time": 59.44696664810181, "evaluations": 50, "cost": 0.9214428294826762, "incumbent": ["isomap_n_components='4'", "isomap_n_neighbors='7'", "svm_C='34.946251172130275'", "svm_gamma='0.07639504068510282'"]}
{"cpu_time": 66.61877155303955, "total_cpu_time": null, "wallclock_time": 70.89315819740295, "evaluations": 60, "cost": 0.9112669614052537, "incumbent": ["isomap_n_components='4'", "isomap_n_neighbors='7'", "svm_C='8.114794313792014'", "svm_gamma='0.05883660195563219'"]}
{"cpu_time": 106.8560791015625, "total_cpu_time": null, "wallclock_time": 113.95855164527893, "evaluations": 96, "cost": 0.9106543523974865, "incumbent": ["isomap_n_components='4'", "isomap_n_neighbors='7'", "svm_C='10.206989683180739'", "svm_gamma='0.031690901850593256'"]}
{"cpu_time": 125.57081723213196, "total_cpu_time": null, "wallclock_time": 134.1546504497528, "evaluations": 114, "cost": 0.9102175416274049, "incumbent": ["isomap_n_components='4'", "isomap_n_neighbors='6'", "svm_C='8.52573628772216'", "svm_gamma='0.031690901850593256'"]}
{"cpu_time": 152.642272233963, "total_cpu_time": null, "wallclock_time": 163.3579399585724, "evaluations": 138, "cost": 0.9094656995753064, "incumbent": ["isomap_n_components='4'", "isomap_n_neighbors='6'", "svm_C='9.79013759569111'", "svm_gamma='0.031690901850593256'"]}
{"cpu_time": 165.4650959968567, "total_cpu_time": null, "wallclock_time": 177.15526795387268, "evaluations": 150, "cost": 0.9088920344354684, "incumbent": ["isomap_n_components='4'", "isomap_n_neighbors='6'", "svm_C='9.183073172275677'", "svm_gamma='0.031690901850593256'"]}
{"cpu_time": 216.99754548072815, "total_cpu_time": null, "wallclock_time": 232.58211421966553, "evaluations": 198, "cost": 0.9082171463841459, "incumbent": ["isomap_n_components='4'", "isomap_n_neighbors='6'", "svm_C='10.206989683180739'", "svm_gamma='0.031690901850593256'"]}
