{"cpu_time": 0, "total_cpu_time": null, "wallclock_time": 0.00010633468627929688, "evaluations": 0, "cost": 2147483648, "incumbent": ["isomap_n_components='2'", "isomap_n_neighbors='5'", "svm_C='1.0'", "svm_gamma='1.0'"]}
{"cpu_time": 0.5137279033660889, "total_cpu_time": null, "wallclock_time": 0.5307652950286865, "evaluations": 1, "cost": 0.9468849835131614, "incumbent": ["isomap_n_components='2'", "isomap_n_neighbors='5'", "svm_C='1.0'", "svm_gamma='1.0'"]}
{"cpu_time": 8.694276094436646, "total_cpu_time": null, "wallclock_time": 9.39769172668457, "evaluations": 16, "cost": 0.9444465879886685, "incumbent": ["isomap_n_components='4'", "isomap_n_neighbors='3'", "svm_C='28.771032327529937'", "svm_gamma='0.48316465572380346'"]}
{"cpu_time": 13.082344770431519, "total_cpu_time": null, "wallclock_time": 14.184351444244385, "evaluations": 24, "cost": 0.933434072138002, "incumbent": ["isomap_n_components='4'", "isomap_n_neighbors='5'", "svm_C='45.99965175273619'", "svm_gamma='0.19371061363970085'"]}
{"cpu_time": 18.72344708442688, "total_cpu_time": null, "wallclock_time": 20.304814100265503, "evaluations": 34, "cost": 0.9220239177182189, "incumbent": ["isomap_n_components='4'", "isomap_n_neighbors='7'", "svm_C='67.52423337649896'", "svm_gamma='0.03707148111581722'"]}
{"cpu_time": 26.720646381378174, "total_cpu_time": null, "wallclock_time": 28.95623254776001, "evaluations": 48, "cost": 0.9185338555216335, "incumbent": ["isomap_n_components='4'", "isomap_n_neighbors='7'", "svm_C='37.50124764957868'", "svm_gamma='0.03707148111581722'"]}
{"cpu_time": 32.19391655921936, "total_cpu_time": null, "wallclock_time": 34.87537717819214, "evaluations": 58, "cost": 0.9112906264142205, "incumbent": ["isomap_n_components='4'", "isomap_n_neighbors='7'", "svm_C='15.330914206979838'", "svm_gamma='0.13713769804960046'"]}
