{"cpu_time": 0, "total_cpu_time": null, "wallclock_time": 0.00014925003051757812, "evaluations": 0, "cost": 2147483648, "incumbent": ["haralick_distance='1'", "isomap_n_components='2'", "isomap_n_neighbors='5'", "svm_C='1.0'", "svm_gamma='1.0'"]}
{"cpu_time": 224.19439435005188, "total_cpu_time": null, "wallclock_time": 224.35685205459595, "evaluations": 1, "cost": 0.4484737747045086, "incumbent": ["haralick_distance='1'", "isomap_n_components='2'", "isomap_n_neighbors='5'", "svm_C='1.0'", "svm_gamma='1.0'"]}
{"cpu_time": 443.8322751522064, "total_cpu_time": null, "wallclock_time": 444.3251724243164, "evaluations": 2, "cost": 0.4379986486844074, "incumbent": ["haralick_distance='1'", "isomap_n_components='4'", "isomap_n_neighbors='7'", "svm_C='72.54534814538891'", "svm_gamma='4.489288587472055'"]}
{"cpu_time": 886.0415732860565, "total_cpu_time": null, "wallclock_time": 887.0626020431519, "evaluations": 4, "cost": 0.4203929760406307, "incumbent": ["haralick_distance='1'", "isomap_n_components='3'", "isomap_n_neighbors='4'", "svm_C='60.41725723603728'", "svm_gamma='4.023397704614242'"]}
{"cpu_time": 1437.7973639965057, "total_cpu_time": null, "wallclock_time": 1439.743278503418, "evaluations": 9, "cost": 0.4080848742322181, "incumbent": ["haralick_distance='1'", "isomap_n_components='4'", "isomap_n_neighbors='5'", "svm_C='90.54227226407072'", "svm_gamma='3.6001724529254275'"]}
{"cpu_time": 1598.8773543834686, "total_cpu_time": null, "wallclock_time": 1601.14386677742, "evaluations": 11, "cost": 0.36727877660309133, "incumbent": ["haralick_distance='1'", "isomap_n_components='4'", "isomap_n_neighbors='6'", "svm_C='27.77333326847623'", "svm_gamma='1.3375897829228132'"]}
{"cpu_time": 2325.323536634445, "total_cpu_time": null, "wallclock_time": 2328.683322429657, "evaluations": 20, "cost": 0.3653516627516858, "incumbent": ["haralick_distance='1'", "isomap_n_components='4'", "isomap_n_neighbors='6'", "svm_C='58.283903544248254'", "svm_gamma='0.2750311038993553'"]}
{"cpu_time": 4756.673297166824, "total_cpu_time": null, "wallclock_time": 4763.779653787613, "evaluations": 50, "cost": 0.3608755530492911, "incumbent": ["haralick_distance='1'", "isomap_n_components='4'", "isomap_n_neighbors='6'", "svm_C='14.616044996439095'", "svm_gamma='0.8294062626789201'"]}
{"cpu_time": 8176.730659246445, "total_cpu_time": null, "wallclock_time": 8189.855581283569, "evaluations": 92, "cost": 0.35649209891487343, "incumbent": ["haralick_distance='1'", "isomap_n_components='4'", "isomap_n_neighbors='6'", "svm_C='3.0507496861217973'", "svm_gamma='1.2301890824023707'"]}
