{"cpu_time": 0, "total_cpu_time": null, "wallclock_time": 0.00010323524475097656, "evaluations": 0, "cost": 2147483648, "incumbent": ["isomap_n_components='2'", "isomap_n_neighbors='5'", "svm_C='0.1'", "svm_gamma='4.005'"]}
{"cpu_time": 0.741969108581543, "total_cpu_time": null, "wallclock_time": 0.7524886131286621, "evaluations": 1, "cost": 0.6516415963705268, "incumbent": ["isomap_n_components='2'", "isomap_n_neighbors='5'", "svm_C='0.1'", "svm_gamma='4.005'"]}
{"cpu_time": 3.1313791275024414, "total_cpu_time": null, "wallclock_time": 3.230652093887329, "evaluations": 4, "cost": 0.6185507367870359, "incumbent": ["isomap_n_components='4'", "isomap_n_neighbors='6'", "svm_C='75.025'", "svm_gamma='0.01'"]}
{"cpu_time": 10.740676403045654, "total_cpu_time": null, "wallclock_time": 11.130725145339966, "evaluations": 14, "cost": 0.6160660630294119, "incumbent": ["isomap_n_components='4'", "isomap_n_neighbors='7'", "svm_C='75.025'", "svm_gamma='0.01'"]}
{"cpu_time": 24.269694566726685, "total_cpu_time": null, "wallclock_time": 25.203123807907104, "evaluations": 31, "cost": 0.6129509386003748, "incumbent": ["isomap_n_components='4'", "isomap_n_neighbors='6'", "svm_C='50.050000000000004'", "svm_gamma='0.01'"]}
{"cpu_time": 43.459824323654175, "total_cpu_time": null, "wallclock_time": 45.366124629974365, "evaluations": 56, "cost": 0.6104624617605762, "incumbent": ["isomap_n_components='4'", "isomap_n_neighbors='7'", "svm_C='25.075000000000003'", "svm_gamma='0.01'"]}
