{"cpu_time": 0, "total_cpu_time": null, "wallclock_time": 0.00012063980102539062, "evaluations": 0, "cost": 2147483648, "incumbent": ["isomap_n_components='2'", "isomap_n_neighbors='5'", "svm_C='0.1'", "svm_gamma='4.005'"]}
{"cpu_time": 0.7775681018829346, "total_cpu_time": null, "wallclock_time": 0.8051841259002686, "evaluations": 1, "cost": 1.0342614360280817, "incumbent": ["isomap_n_components='2'", "isomap_n_neighbors='5'", "svm_C='0.1'", "svm_gamma='4.005'"]}
{"cpu_time": 1.6531975269317627, "total_cpu_time": null, "wallclock_time": 1.756504774093628, "evaluations": 2, "cost": 1.0109327557761134, "incumbent": ["isomap_n_components='2'", "isomap_n_neighbors='7'", "svm_C='25.075000000000003'", "svm_gamma='4.005'"]}
{"cpu_time": 2.5120046138763428, "total_cpu_time": null, "wallclock_time": 2.660977363586426, "evaluations": 3, "cost": 1.0098593110553493, "incumbent": ["isomap_n_components='2'", "isomap_n_neighbors='5'", "svm_C='50.050000000000004'", "svm_gamma='8.0'"]}
{"cpu_time": 3.356426477432251, "total_cpu_time": null, "wallclock_time": 3.592440605163574, "evaluations": 4, "cost": 1.006373803689118, "incumbent": ["isomap_n_components='4'", "isomap_n_neighbors='6'", "svm_C='75.025'", "svm_gamma='0.01'"]}
{"cpu_time": 6.6986472606658936, "total_cpu_time": null, "wallclock_time": 7.216675758361816, "evaluations": 8, "cost": 1.004908592220251, "incumbent": ["isomap_n_components='2'", "isomap_n_neighbors='4'", "svm_C='25.075000000000003'", "svm_gamma='0.01'"]}
{"cpu_time": 29.57391667366028, "total_cpu_time": null, "wallclock_time": 31.864290714263916, "evaluations": 34, "cost": 1.00317088564591, "incumbent": ["isomap_n_components='3'", "isomap_n_neighbors='7'", "svm_C='75.025'", "svm_gamma='0.01'"]}
{"cpu_time": 37.71833634376526, "total_cpu_time": null, "wallclock_time": 40.73519468307495, "evaluations": 43, "cost": 0.9991907390420588, "incumbent": ["isomap_n_components='2'", "isomap_n_neighbors='5'", "svm_C='50.050000000000004'", "svm_gamma='2.0075'"]}
{"cpu_time": 42.35141587257385, "total_cpu_time": null, "wallclock_time": 45.7478506565094, "evaluations": 50, "cost": 0.9991859024645442, "incumbent": ["isomap_n_components='3'", "isomap_n_neighbors='6'", "svm_C='25.075000000000003'", "svm_gamma='0.01'"]}
{"cpu_time": 104.94325137138367, "total_cpu_time": null, "wallclock_time": 112.92100620269775, "evaluations": 146, "cost": 0.9977494772061822, "incumbent": ["isomap_n_components='2'", "isomap_n_neighbors='5'", "svm_C='25.075000000000003'", "svm_gamma='2.0075'"]}
