{"cpu_time": 0, "total_cpu_time": null, "wallclock_time": 0.00010395050048828125, "evaluations": 0, "cost": 2147483648, "incumbent": ["isomap_n_components='2'", "isomap_n_neighbors='5'", "rf_max_features='0.5'", "rf_n_estimators='10'"]}
{"cpu_time": 0.3712027072906494, "total_cpu_time": null, "wallclock_time": 0.3861870765686035, "evaluations": 1, "cost": 7.000187433123949, "incumbent": ["isomap_n_components='2'", "isomap_n_neighbors='5'", "rf_max_features='0.5'", "rf_n_estimators='10'"]}
{"cpu_time": 1.4884841442108154, "total_cpu_time": null, "wallclock_time": 1.5393948554992676, "evaluations": 2, "cost": 3.119757874868568, "incumbent": ["isomap_n_components='2'", "isomap_n_neighbors='7'", "rf_max_features='0.7705914184339647'", "rf_n_estimators='220'"]}
{"cpu_time": 2.209803581237793, "total_cpu_time": null, "wallclock_time": 2.27571702003479, "evaluations": 3, "cost": 1.9013066442295348, "incumbent": ["isomap_n_components='4'", "isomap_n_neighbors='5'", "rf_max_features='0.42825496760388254'", "rf_n_estimators='109'"]}
{"cpu_time": 13.304863691329956, "total_cpu_time": null, "wallclock_time": 13.999513387680054, "evaluations": 18, "cost": 1.834302550881251, "incumbent": ["isomap_n_components='4'", "isomap_n_neighbors='7'", "rf_max_features='0.41054952645180787'", "rf_n_estimators='76'"]}
{"cpu_time": 15.786877393722534, "total_cpu_time": null, "wallclock_time": 16.58663773536682, "evaluations": 21, "cost": 1.6229071052585347, "incumbent": ["isomap_n_components='4'", "isomap_n_neighbors='6'", "rf_max_features='0.3908563055255074'", "rf_n_estimators='252'"]}
