{"cpu_time": 0, "total_cpu_time": null, "wallclock_time": 2.86102294921875e-05, "evaluations": 0, "cost": 2147483648, "incumbent": []}
{"cpu_time": 0.40589261054992676, "total_cpu_time": null, "wallclock_time": 0.4227182865142822, "evaluations": 1, "cost": 2.2575023340137417, "incumbent": []}
