{"cpu_time": 0, "total_cpu_time": null, "wallclock_time": 0.00015091896057128906, "evaluations": 0, "cost": 2147483648, "incumbent": ["haralick_distance='1'", "pca_whiten=''true''", "rf_max_features='0.5'", "rf_n_estimators='10'"]}
{"cpu_time": 94.85030841827393, "total_cpu_time": null, "wallclock_time": 94.89461016654968, "evaluations": 1, "cost": 4.223579053159298, "incumbent": ["haralick_distance='1'", "pca_whiten=''true''", "rf_max_features='0.5'", "rf_n_estimators='10'"]}
{"cpu_time": 194.55211567878723, "total_cpu_time": null, "wallclock_time": 194.65246152877808, "evaluations": 2, "cost": 2.154673391989411, "incumbent": ["haralick_distance='1'", "pca_whiten=''true''", "rf_max_features='0.5914675755540864'", "rf_n_estimators='259'"]}
{"cpu_time": 486.30904269218445, "total_cpu_time": null, "wallclock_time": 486.66297912597656, "evaluations": 5, "cost": 2.0044822895694634, "incumbent": ["haralick_distance='2'", "pca_whiten=''true''", "rf_max_features='0.36113899979178665'", "rf_n_estimators='248'"]}
{"cpu_time": 2677.2449338436127, "total_cpu_time": null, "wallclock_time": 2680.881574869156, "evaluations": 35, "cost": 1.9290705844725125, "incumbent": ["haralick_distance='2'", "pca_whiten=''true''", "rf_max_features='0.3898161692599237'", "rf_n_estimators='180'"]}
{"cpu_time": 8091.306671857834, "total_cpu_time": null, "wallclock_time": 8103.3399176597595, "evaluations": 112, "cost": 1.8781735761564888, "incumbent": ["haralick_distance='2'", "pca_whiten=''true''", "rf_max_features='0.7993512935251257'", "rf_n_estimators='284'"]}
{"cpu_time": 10549.731127023697, "total_cpu_time": null, "wallclock_time": 10565.349485874176, "evaluations": 171, "cost": 1.8767260781185608, "incumbent": ["haralick_distance='3'", "pca_whiten=''true''", "rf_max_features='0.5036465423125407'", "rf_n_estimators='239'"]}
{"cpu_time": 10586.871916294098, "total_cpu_time": null, "wallclock_time": 10602.593919277191, "evaluations": 172, "cost": 1.7592319819345175, "incumbent": ["haralick_distance='3'", "pca_whiten=''true''", "rf_max_features='0.32378663045188516'", "rf_n_estimators='269'"]}
{"cpu_time": 10800.537338733673, "total_cpu_time": null, "wallclock_time": 10816.686930656433, "evaluations": 178, "cost": 1.7566117403004438, "incumbent": ["haralick_distance='3'", "pca_whiten=''false''", "rf_max_features='0.3131221970343925'", "rf_n_estimators='239'"]}
