{"cpu_time": 0, "total_cpu_time": null, "wallclock_time": 0.00011110305786132812, "evaluations": 0, "cost": 2147483648, "incumbent": ["isomap_n_components='2'", "isomap_n_neighbors='5'", "rf_max_features='0.5'", "rf_n_estimators='10'"]}
{"cpu_time": 0.7896995544433594, "total_cpu_time": null, "wallclock_time": 0.8050756454467773, "evaluations": 1, "cost": 2.78802535959624, "incumbent": ["isomap_n_components='2'", "isomap_n_neighbors='5'", "rf_max_features='0.5'", "rf_n_estimators='10'"]}
{"cpu_time": 2.378876209259033, "total_cpu_time": null, "wallclock_time": 2.433772563934326, "evaluations": 2, "cost": 1.1398746520928877, "incumbent": ["isomap_n_components='2'", "isomap_n_neighbors='7'", "rf_max_features='0.7705914184339647'", "rf_n_estimators='220'"]}
{"cpu_time": 3.537776470184326, "total_cpu_time": null, "wallclock_time": 3.608398675918579, "evaluations": 3, "cost": 0.8150413115485122, "incumbent": ["isomap_n_components='4'", "isomap_n_neighbors='5'", "rf_max_features='0.42825496760388254'", "rf_n_estimators='109'"]}
{"cpu_time": 4.836900472640991, "total_cpu_time": null, "wallclock_time": 4.971515893936157, "evaluations": 4, "cost": 0.6370160702051809, "incumbent": ["isomap_n_components='3'", "isomap_n_neighbors='3'", "rf_max_features='0.5379007026068363'", "rf_n_estimators='167'"]}
{"cpu_time": 24.567672967910767, "total_cpu_time": null, "wallclock_time": 25.355226755142212, "evaluations": 20, "cost": 0.6253605281847252, "incumbent": ["isomap_n_components='3'", "isomap_n_neighbors='3'", "rf_max_features='0.3724531102843233'", "rf_n_estimators='115'"]}
{"cpu_time": 42.03553795814514, "total_cpu_time": null, "wallclock_time": 43.46607303619385, "evaluations": 34, "cost": 0.6094518679791481, "incumbent": ["isomap_n_components='4'", "isomap_n_neighbors='3'", "rf_max_features='0.6657665534096089'", "rf_n_estimators='290'"]}
