{"cpu_time": 0, "total_cpu_time": null, "wallclock_time": 0.00015854835510253906, "evaluations": 0, "cost": 2147483648, "incumbent": ["haralick_distance='1'", "pca_whiten=''true''", "rf_max_features='0.5'", "rf_n_estimators='10'"]}
{"cpu_time": 45.65933060646057, "total_cpu_time": null, "wallclock_time": 45.67693614959717, "evaluations": 1, "cost": 8.273918881179656, "incumbent": ["haralick_distance='1'", "pca_whiten=''true''", "rf_max_features='0.5'", "rf_n_estimators='10'"]}
{"cpu_time": 92.48955988883972, "total_cpu_time": null, "wallclock_time": 92.5524365901947, "evaluations": 2, "cost": 3.609258364244878, "incumbent": ["haralick_distance='1'", "pca_whiten=''true''", "rf_max_features='0.5914675755540864'", "rf_n_estimators='259'"]}
{"cpu_time": 138.36174273490906, "total_cpu_time": null, "wallclock_time": 138.44160389900208, "evaluations": 3, "cost": 1.4307922571139617, "incumbent": ["haralick_distance='2'", "pca_whiten=''true''", "rf_max_features='0.49829813910866494'", "rf_n_estimators='39'"]}
{"cpu_time": 222.29042744636536, "total_cpu_time": null, "wallclock_time": 222.43273949623108, "evaluations": 5, "cost": 1.264829170478332, "incumbent": ["haralick_distance='2'", "pca_whiten=''true''", "rf_max_features='0.36113899979178665'", "rf_n_estimators='248'"]}
{"cpu_time": 306.6132960319519, "total_cpu_time": null, "wallclock_time": 306.82037568092346, "evaluations": 7, "cost": 1.2637500377600912, "incumbent": ["haralick_distance='2'", "pca_whiten=''false''", "rf_max_features='0.3131221970343925'", "rf_n_estimators='210'"]}
{"cpu_time": 680.8046281337738, "total_cpu_time": null, "wallclock_time": 681.3342485427856, "evaluations": 16, "cost": 1.1766125252975563, "incumbent": ["haralick_distance='2'", "pca_whiten=''true''", "rf_max_features='0.4387636695504364'", "rf_n_estimators='180'"]}
{"cpu_time": 1223.2608065605164, "total_cpu_time": null, "wallclock_time": 1224.2686347961426, "evaluations": 29, "cost": 1.0960673518693984, "incumbent": ["haralick_distance='3'", "pca_whiten=''true''", "rf_max_features='0.49413803478057056'", "rf_n_estimators='245'"]}
{"cpu_time": 1307.1436967849731, "total_cpu_time": null, "wallclock_time": 1308.2175064086914, "evaluations": 31, "cost": 1.0943092536979815, "incumbent": ["haralick_distance='3'", "pca_whiten=''true''", "rf_max_features='0.33816921928226995'", "rf_n_estimators='276'"]}
{"cpu_time": 1682.387392282486, "total_cpu_time": null, "wallclock_time": 1683.8293597698212, "evaluations": 40, "cost": 1.092771719656833, "incumbent": ["haralick_distance='2'", "pca_whiten=''false''", "rf_max_features='0.7314612995988494'", "rf_n_estimators='235'"]}
{"cpu_time": 2604.183248281479, "total_cpu_time": null, "wallclock_time": 2606.471208333969, "evaluations": 62, "cost": 1.0246845162257836, "incumbent": ["haralick_distance='2'", "pca_whiten=''true''", "rf_max_features='0.441024026065065'", "rf_n_estimators='293'"]}
{"cpu_time": 3276.30211353302, "total_cpu_time": null, "wallclock_time": 3279.2500970363617, "evaluations": 78, "cost": 0.9404643095583998, "incumbent": ["haralick_distance='3'", "pca_whiten=''true''", "rf_max_features='0.4681346571377695'", "rf_n_estimators='300'"]}
