{"cpu_time": 0, "total_cpu_time": null, "wallclock_time": 0.00011348724365234375, "evaluations": 0, "cost": 2147483648, "incumbent": ["haralick_distance='1'", "pca_whiten=''true''", "svm_C='1.0'", "svm_gamma='1.0'"]}
{"cpu_time": 56.84547543525696, "total_cpu_time": null, "wallclock_time": 56.865931034088135, "evaluations": 1, "cost": 0.920980506300503, "incumbent": ["haralick_distance='1'", "pca_whiten=''true''", "svm_C='1.0'", "svm_gamma='1.0'"]}
{"cpu_time": 169.4624843597412, "total_cpu_time": null, "wallclock_time": 169.5619764328003, "evaluations": 3, "cost": 0.8004101830993533, "incumbent": ["haralick_distance='2'", "pca_whiten=''true''", "svm_C='39.719968193911264'", "svm_gamma='0.8615789437416754'"]}
{"cpu_time": 521.623598575592, "total_cpu_time": null, "wallclock_time": 521.9998798370361, "evaluations": 10, "cost": 0.7928173297155481, "incumbent": ["haralick_distance='2'", "pca_whiten=''true''", "svm_C='38.38799284690124'", "svm_gamma='0.7476696977530946'"]}
{"cpu_time": 802.1702723503113, "total_cpu_time": null, "wallclock_time": 802.783374786377, "evaluations": 16, "cost": 0.7630654044301838, "incumbent": ["haralick_distance='2'", "pca_whiten=''true''", "svm_C='45.44111928818544'", "svm_gamma='0.372852218909975'"]}
{"cpu_time": 988.7044105529785, "total_cpu_time": null, "wallclock_time": 989.4845173358917, "evaluations": 20, "cost": 0.7626768989951828, "incumbent": ["haralick_distance='3'", "pca_whiten=''true''", "svm_C='93.90142144395442'", "svm_gamma='0.12560780270475738'"]}
{"cpu_time": 1361.595679283142, "total_cpu_time": null, "wallclock_time": 1362.6820182800293, "evaluations": 28, "cost": 0.7530498954143301, "incumbent": ["haralick_distance='3'", "pca_whiten=''false''", "svm_C='77.14629769443356'", "svm_gamma='0.23884082917949123'"]}
{"cpu_time": 1736.3625428676605, "total_cpu_time": null, "wallclock_time": 1737.7533559799194, "evaluations": 36, "cost": 0.7515956756696492, "incumbent": ["haralick_distance='3'", "pca_whiten=''true''", "svm_C='62.06965537706956'", "svm_gamma='0.19845067079816658'"]}
{"cpu_time": 2488.282556772232, "total_cpu_time": null, "wallclock_time": 2490.3848028182983, "evaluations": 52, "cost": 0.7499333179474267, "incumbent": ["haralick_distance='3'", "pca_whiten=''false''", "svm_C='18.748029234770563'", "svm_gamma='0.5100991185999472'"]}
{"cpu_time": 2768.678076982498, "total_cpu_time": null, "wallclock_time": 2771.027665376663, "evaluations": 58, "cost": 0.7481772946850405, "incumbent": ["haralick_distance='3'", "pca_whiten=''false''", "svm_C='14.860048049545984'", "svm_gamma='0.47822829242344045'"]}
{"cpu_time": 3100.0776422023773, "total_cpu_time": null, "wallclock_time": 3102.677609205246, "evaluations": 65, "cost": 0.7449603299883295, "incumbent": ["haralick_distance='3'", "pca_whiten=''true''", "svm_C='9.104672147884248'", "svm_gamma='0.486243334862042'"]}
{"cpu_time": 7486.414587497711, "total_cpu_time": null, "wallclock_time": 7493.378961801529, "evaluations": 160, "cost": 0.7427293962333925, "incumbent": ["haralick_distance='3'", "pca_whiten=''false''", "svm_C='15.096954800750694'", "svm_gamma='0.4153619840152425'"]}
