{"cpu_time": 0, "total_cpu_time": null, "wallclock_time": 0.0002818107604980469, "evaluations": 0, "cost": 2147483648, "incumbent": ["isomap_n_components='2'", "isomap_n_neighbors='5'", "svm_C='1.0'", "svm_gamma='1.0'"]}
{"cpu_time": 0.6476140022277832, "total_cpu_time": null, "wallclock_time": 0.6756458282470703, "evaluations": 1, "cost": 0.9502566589727645, "incumbent": ["isomap_n_components='2'", "isomap_n_neighbors='5'", "svm_C='1.0'", "svm_gamma='1.0'"]}
{"cpu_time": 4.7419798374176025, "total_cpu_time": null, "wallclock_time": 5.168830156326294, "evaluations": 7, "cost": 0.9407763424996479, "incumbent": ["isomap_n_components='4'", "isomap_n_neighbors='3'", "svm_C='38.955212985979244'", "svm_gamma='2.443593951042488'"]}
{"cpu_time": 9.390695810317993, "total_cpu_time": null, "wallclock_time": 10.351293563842773, "evaluations": 14, "cost": 0.9252627728886504, "incumbent": ["isomap_n_components='4'", "isomap_n_neighbors='7'", "svm_C='69.60358905684629'", "svm_gamma='0.468344155952727'"]}
