{"cpu_time": 0, "total_cpu_time": null, "wallclock_time": 0.00010156631469726562, "evaluations": 0, "cost": 2147483648, "incumbent": ["isomap_n_components='2'", "isomap_n_neighbors='5'", "svm_C='1.0'", "svm_gamma='1.0'"]}
{"cpu_time": 0.3768606185913086, "total_cpu_time": null, "wallclock_time": 0.39302515983581543, "evaluations": 1, "cost": 1.0038175679148573, "incumbent": ["isomap_n_components='2'", "isomap_n_neighbors='5'", "svm_C='1.0'", "svm_gamma='1.0'"]}
{"cpu_time": 1.1709251403808594, "total_cpu_time": null, "wallclock_time": 1.2414627075195312, "evaluations": 3, "cost": 0.9992646506788719, "incumbent": ["isomap_n_components='4'", "isomap_n_neighbors='5'", "svm_C='25.725342527255737'", "svm_gamma='2.7907769724696707'"]}
{"cpu_time": 3.1400609016418457, "total_cpu_time": null, "wallclock_time": 3.4012179374694824, "evaluations": 8, "cost": 0.9881883229076065, "incumbent": ["isomap_n_components='3'", "isomap_n_neighbors='5'", "svm_C='69.02728843021396'", "svm_gamma='0.6751977358579749'"]}
{"cpu_time": 12.023184061050415, "total_cpu_time": null, "wallclock_time": 13.084388256072998, "evaluations": 30, "cost": 0.988063607010096, "incumbent": ["isomap_n_components='3'", "isomap_n_neighbors='5'", "svm_C='73.35553288903326'", "svm_gamma='0.5756776501045737'"]}
{"cpu_time": 13.225916624069214, "total_cpu_time": null, "wallclock_time": 14.373054027557373, "evaluations": 33, "cost": 0.9799786302604488, "incumbent": ["isomap_n_components='3'", "isomap_n_neighbors='5'", "svm_C='73.35553288903326'", "svm_gamma='0.7732463128213527'"]}
