{"cpu_time": 0, "total_cpu_time": null, "wallclock_time": 0.00014162063598632812, "evaluations": 0, "cost": 2147483648, "incumbent": ["isomap_n_components='2'", "isomap_n_neighbors='5'", "svm_C='1.0'", "svm_gamma='1.0'"]}
{"cpu_time": 2.5235795974731445, "total_cpu_time": null, "wallclock_time": 2.5469977855682373, "evaluations": 1, "cost": 0.6856679428045314, "incumbent": ["isomap_n_components='2'", "isomap_n_neighbors='5'", "svm_C='1.0'", "svm_gamma='1.0'"]}
{"cpu_time": 5.892800331115723, "total_cpu_time": null, "wallclock_time": 6.0664379596710205, "evaluations": 3, "cost": 0.6748881938617166, "incumbent": ["isomap_n_components='4'", "isomap_n_neighbors='5'", "svm_C='25.725342527255737'", "svm_gamma='2.7907769724696707'"]}
{"cpu_time": 20.672284603118896, "total_cpu_time": null, "wallclock_time": 21.895914793014526, "evaluations": 12, "cost": 0.6739827103485542, "incumbent": ["isomap_n_components='3'", "isomap_n_neighbors='5'", "svm_C='16.659787987423822'", "svm_gamma='2.7968241657650728'"]}
{"cpu_time": 27.858566284179688, "total_cpu_time": null, "wallclock_time": 29.421042442321777, "evaluations": 16, "cost": 0.6539992723747051, "incumbent": ["isomap_n_components='2'", "isomap_n_neighbors='7'", "svm_C='2.241702603747453'", "svm_gamma='2.787671611132629'"]}
{"cpu_time": 60.637656688690186, "total_cpu_time": null, "wallclock_time": 63.76340699195862, "evaluations": 32, "cost": 0.6534396493913722, "incumbent": ["isomap_n_components='4'", "isomap_n_neighbors='6'", "svm_C='5.917038251457463'", "svm_gamma='2.415113304517512'"]}
{"cpu_time": 69.42206048965454, "total_cpu_time": null, "wallclock_time": 72.96001243591309, "evaluations": 36, "cost": 0.6441183226327726, "incumbent": ["isomap_n_components='2'", "isomap_n_neighbors='7'", "svm_C='0.5947800155109537'", "svm_gamma='2.5427712631291675'"]}
{"cpu_time": 77.54720544815063, "total_cpu_time": null, "wallclock_time": 81.48481392860413, "evaluations": 40, "cost": 0.6431648099883339, "incumbent": ["isomap_n_components='4'", "isomap_n_neighbors='6'", "svm_C='3.0541373237887224'", "svm_gamma='3.5121242297005253'"]}
{"cpu_time": 104.2660584449768, "total_cpu_time": null, "wallclock_time": 109.49223160743713, "evaluations": 54, "cost": 0.6421595758353807, "incumbent": ["isomap_n_components='2'", "isomap_n_neighbors='7'", "svm_C='0.42431799222234023'", "svm_gamma='5.677406931495393'"]}
{"cpu_time": 119.56913924217224, "total_cpu_time": null, "wallclock_time": 125.7104606628418, "evaluations": 62, "cost": 0.637573719473043, "incumbent": ["isomap_n_components='2'", "isomap_n_neighbors='7'", "svm_C='0.22963548673292972'", "svm_gamma='5.514257239428813'"]}
{"cpu_time": 134.51039218902588, "total_cpu_time": null, "wallclock_time": 141.95174193382263, "evaluations": 70, "cost": 0.635936003193961, "incumbent": ["isomap_n_components='2'", "isomap_n_neighbors='7'", "svm_C='0.22963548673292972'", "svm_gamma='6.087862182787869'"]}
{"cpu_time": 174.31908631324768, "total_cpu_time": null, "wallclock_time": 183.98055410385132, "evaluations": 90, "cost": 0.6341091877851457, "incumbent": ["isomap_n_components='2'", "isomap_n_neighbors='7'", "svm_C='0.22963548673292972'", "svm_gamma='7.380764052171114'"]}
{"cpu_time": 178.468847990036, "total_cpu_time": null, "wallclock_time": 188.3168113231659, "evaluations": 92, "cost": 0.6318437932907489, "incumbent": ["isomap_n_components='2'", "isomap_n_neighbors='7'", "svm_C='0.15329946614654752'", "svm_gamma='6.394945896845978'"]}
