{"cpu_time": 0, "total_cpu_time": null, "wallclock_time": 0.00012445449829101562, "evaluations": 0, "cost": 2147483648, "incumbent": ["pca_whiten=''true''", "svm_C='1.0'", "svm_gamma='1.0'"]}
{"cpu_time": 50.29734706878662, "total_cpu_time": null, "wallclock_time": 50.43402862548828, "evaluations": 1, "cost": 0.7898447035642727, "incumbent": ["pca_whiten=''true''", "svm_C='1.0'", "svm_gamma='1.0'"]}
{"cpu_time": 61.83541941642761, "total_cpu_time": null, "wallclock_time": 62.27183437347412, "evaluations": 9, "cost": 0.7889782299895884, "incumbent": ["pca_whiten=''true''", "svm_C='25.833879111337303'", "svm_gamma='2.5925190439316834'"]}
{"cpu_time": 63.52240610122681, "total_cpu_time": null, "wallclock_time": 64.04299664497375, "evaluations": 10, "cost": 0.7353236487658893, "incumbent": ["pca_whiten=''true''", "svm_C='28.47602111141865'", "svm_gamma='0.8905090834586253'"]}
{"cpu_time": 68.68056344985962, "total_cpu_time": null, "wallclock_time": 69.44852495193481, "evaluations": 14, "cost": 0.7257921375265973, "incumbent": ["pca_whiten=''false''", "svm_C='56.64875278433076'", "svm_gamma='0.5793081895462031'"]}
{"cpu_time": 76.35760855674744, "total_cpu_time": null, "wallclock_time": 77.5156364440918, "evaluations": 20, "cost": 0.7030958468005912, "incumbent": ["pca_whiten=''true''", "svm_C='94.33098207960246'", "svm_gamma='0.11168777361183017'"]}
{"cpu_time": 91.15176630020142, "total_cpu_time": null, "wallclock_time": 92.86820030212402, "evaluations": 30, "cost": 0.7020909949424804, "incumbent": ["pca_whiten=''true''", "svm_C='84.89723390482571'", "svm_gamma='0.24219074400875606'"]}
{"cpu_time": 101.45458483695984, "total_cpu_time": null, "wallclock_time": 103.48653054237366, "evaluations": 38, "cost": 0.7001301045510321, "incumbent": ["pca_whiten=''true''", "svm_C='96.88679775786801'", "svm_gamma='0.28289674012488697'"]}
{"cpu_time": 106.02891492843628, "total_cpu_time": null, "wallclock_time": 108.21791887283325, "evaluations": 42, "cost": 0.6982427420904554, "incumbent": ["pca_whiten=''true''", "svm_C='51.606426563740534'", "svm_gamma='0.21629489823761933'"]}
{"cpu_time": 135.673974275589, "total_cpu_time": null, "wallclock_time": 139.10111737251282, "evaluations": 67, "cost": 0.6973665616080602, "incumbent": ["pca_whiten=''true''", "svm_C='77.48572758862792'", "svm_gamma='0.15787158932754375'"]}
{"cpu_time": 172.98042345046997, "total_cpu_time": null, "wallclock_time": 177.7841558456421, "evaluations": 98, "cost": 0.6970787835525751, "incumbent": ["pca_whiten=''true''", "svm_C='99.2581115981226'", "svm_gamma='0.2263478727150778'"]}
{"cpu_time": 221.83531260490417, "total_cpu_time": null, "wallclock_time": 228.79119491577148, "evaluations": 136, "cost": 0.6969534967902052, "incumbent": ["pca_whiten=''true''", "svm_C='79.38724484972651'", "svm_gamma='0.3169484791806593'"]}
{"cpu_time": 245.67128658294678, "total_cpu_time": null, "wallclock_time": 253.7473599910736, "evaluations": 156, "cost": 0.6956855223475517, "incumbent": ["pca_whiten=''false''", "svm_C='22.027547041919547'", "svm_gamma='0.38043754756885306'"]}
