{"cpu_time": 0, "total_cpu_time": null, "wallclock_time": 0.00012493133544921875, "evaluations": 0, "cost": 2147483648, "incumbent": ["isomap_n_components='2'", "isomap_n_neighbors='5'", "rf_max_features='0.5'", "rf_n_estimators='10'"]}
{"cpu_time": 0.5000262260437012, "total_cpu_time": null, "wallclock_time": 0.5176680088043213, "evaluations": 1, "cost": 4.2864810021930175, "incumbent": ["isomap_n_components='2'", "isomap_n_neighbors='5'", "rf_max_features='0.5'", "rf_n_estimators='10'"]}
{"cpu_time": 1.7890937328338623, "total_cpu_time": null, "wallclock_time": 1.8511242866516113, "evaluations": 2, "cost": 1.3050363372065386, "incumbent": ["isomap_n_components='2'", "isomap_n_neighbors='7'", "rf_max_features='0.7705914184339647'", "rf_n_estimators='220'"]}
{"cpu_time": 2.6690027713775635, "total_cpu_time": null, "wallclock_time": 2.7492384910583496, "evaluations": 3, "cost": 1.115149632857819, "incumbent": ["isomap_n_components='4'", "isomap_n_neighbors='5'", "rf_max_features='0.42825496760388254'", "rf_n_estimators='109'"]}
{"cpu_time": 12.156825304031372, "total_cpu_time": null, "wallclock_time": 12.626658916473389, "evaluations": 13, "cost": 1.0895948073619348, "incumbent": ["isomap_n_components='3'", "isomap_n_neighbors='7'", "rf_max_features='0.7104527509265792'", "rf_n_estimators='105'"]}
{"cpu_time": 20.819684267044067, "total_cpu_time": null, "wallclock_time": 21.708197355270386, "evaluations": 22, "cost": 1.0726479945954033, "incumbent": ["isomap_n_components='3'", "isomap_n_neighbors='6'", "rf_max_features='0.42047514053632373'", "rf_n_estimators='78'"]}
{"cpu_time": 22.449681282043457, "total_cpu_time": null, "wallclock_time": 23.35650944709778, "evaluations": 23, "cost": 1.0547361285586736, "incumbent": ["isomap_n_components='4'", "isomap_n_neighbors='7'", "rf_max_features='0.6343316352444657'", "rf_n_estimators='296'"]}
{"cpu_time": 26.475610494613647, "total_cpu_time": null, "wallclock_time": 27.592621088027954, "evaluations": 27, "cost": 1.0195230620351314, "incumbent": ["isomap_n_components='4'", "isomap_n_neighbors='7'", "rf_max_features='0.32090334545660065'", "rf_n_estimators='79'"]}
{"cpu_time": 36.06259202957153, "total_cpu_time": null, "wallclock_time": 37.633511781692505, "evaluations": 37, "cost": 0.9476190412066142, "incumbent": ["isomap_n_components='4'", "isomap_n_neighbors='7'", "rf_max_features='0.46859709749464196'", "rf_n_estimators='281'"]}
{"cpu_time": 69.26464319229126, "total_cpu_time": null, "wallclock_time": 72.60347771644592, "evaluations": 74, "cost": 0.9393984451515327, "incumbent": ["isomap_n_components='4'", "isomap_n_neighbors='7'", "rf_max_features='0.4118893761127526'", "rf_n_estimators='273'"]}
{"cpu_time": 100.09914183616638, "total_cpu_time": null, "wallclock_time": 104.84129548072815, "evaluations": 103, "cost": 0.93652851930108, "incumbent": ["isomap_n_components='4'", "isomap_n_neighbors='7'", "rf_max_features='0.30162951213399164'", "rf_n_estimators='287'"]}
{"cpu_time": 172.79774165153503, "total_cpu_time": null, "wallclock_time": 181.4846053123474, "evaluations": 177, "cost": 0.9344398665036376, "incumbent": ["isomap_n_components='4'", "isomap_n_neighbors='7'", "rf_max_features='0.304060197601009'", "rf_n_estimators='281'"]}
