{"cpu_time": 0, "total_cpu_time": null, "wallclock_time": 0.00010561943054199219, "evaluations": 0, "cost": 2147483648, "incumbent": ["pca_whiten=''true''", "rf_max_features='0.5'", "rf_n_estimators='10'"]}
{"cpu_time": 1.6385555267333984, "total_cpu_time": null, "wallclock_time": 1.6791460514068604, "evaluations": 1, "cost": 0.9121732167969054, "incumbent": ["pca_whiten=''true''", "rf_max_features='0.5'", "rf_n_estimators='10'"]}
{"cpu_time": 4.743478775024414, "total_cpu_time": null, "wallclock_time": 4.824009895324707, "evaluations": 2, "cost": 0.3495281070301069, "incumbent": ["pca_whiten=''true''", "rf_max_features='0.6263875900678313'", "rf_n_estimators='178'"]}
{"cpu_time": 8.212846994400024, "total_cpu_time": null, "wallclock_time": 8.311068296432495, "evaluations": 3, "cost": 0.2843767515691478, "incumbent": ["pca_whiten=''false''", "rf_max_features='0.3021465708060675'", "rf_n_estimators='203'"]}
{"cpu_time": 11.840652465820312, "total_cpu_time": null, "wallclock_time": 12.015578746795654, "evaluations": 4, "cost": 0.28043376364066624, "incumbent": ["pca_whiten=''true''", "rf_max_features='0.30586418148323496'", "rf_n_estimators='221'"]}
{"cpu_time": 34.0194365978241, "total_cpu_time": null, "wallclock_time": 34.41478157043457, "evaluations": 10, "cost": 0.27946312931924433, "incumbent": ["pca_whiten=''false''", "rf_max_features='0.5940539809914285'", "rf_n_estimators='154'"]}
{"cpu_time": 41.58050489425659, "total_cpu_time": null, "wallclock_time": 42.10796236991882, "evaluations": 12, "cost": 0.2781186524110778, "incumbent": ["pca_whiten=''false''", "rf_max_features='0.30345249514999'", "rf_n_estimators='188'"]}
{"cpu_time": 64.52097058296204, "total_cpu_time": null, "wallclock_time": 65.3788595199585, "evaluations": 20, "cost": 0.2738939565672827, "incumbent": ["pca_whiten=''false''", "rf_max_features='0.36997332674368355'", "rf_n_estimators='83'"]}
{"cpu_time": 81.0537645816803, "total_cpu_time": null, "wallclock_time": 82.18304324150085, "evaluations": 26, "cost": 0.271968848183931, "incumbent": ["pca_whiten=''true''", "rf_max_features='0.48448121245764236'", "rf_n_estimators='46'"]}
