{"cpu_time": 0, "total_cpu_time": null, "wallclock_time": 9.036064147949219e-05, "evaluations": 0, "cost": 2147483648, "incumbent": ["svm_C='1.0'", "svm_gamma='1.0'"]}
{"cpu_time": 3.787147283554077, "total_cpu_time": null, "wallclock_time": 3.837406873703003, "evaluations": 1, "cost": 1.0517124606381594, "incumbent": ["svm_C='1.0'", "svm_gamma='1.0'"]}
{"cpu_time": 41.415385007858276, "total_cpu_time": null, "wallclock_time": 42.33768677711487, "evaluations": 14, "cost": 1.0514823500453716, "incumbent": ["svm_C='3.925594627399441'", "svm_gamma='0.3188755939176752'"]}
{"cpu_time": 46.01593089103699, "total_cpu_time": null, "wallclock_time": 47.03308725357056, "evaluations": 16, "cost": 1.0422596746025636, "incumbent": ["svm_C='4.801175107597434'", "svm_gamma='0.28819318254942516'"]}
{"cpu_time": 71.37641096115112, "total_cpu_time": null, "wallclock_time": 72.89540243148804, "evaluations": 26, "cost": 0.9948255389345179, "incumbent": ["svm_C='2.82043960732495'", "svm_gamma='0.05792356089499804'"]}
{"cpu_time": 95.47474026679993, "total_cpu_time": null, "wallclock_time": 97.59721446037292, "evaluations": 36, "cost": 0.9941772214551, "incumbent": ["svm_C='4.719981166710365'", "svm_gamma='0.05792356089499804'"]}
{"cpu_time": 110.01329565048218, "total_cpu_time": null, "wallclock_time": 112.55266165733337, "evaluations": 42, "cost": 0.9856979096888298, "incumbent": ["svm_C='3.624881556188423'", "svm_gamma='0.048648183648603835'"]}
{"cpu_time": 138.94190883636475, "total_cpu_time": null, "wallclock_time": 142.22800421714783, "evaluations": 55, "cost": 0.9396931574985464, "incumbent": ["svm_C='44.25669565655845'", "svm_gamma='0.02516326325446297'"]}
{"cpu_time": 141.323317527771, "total_cpu_time": null, "wallclock_time": 144.6867446899414, "evaluations": 56, "cost": 0.9360069064569031, "incumbent": ["svm_C='37.0348436571404'", "svm_gamma='0.02665623669298456'"]}
{"cpu_time": 157.12197065353394, "total_cpu_time": null, "wallclock_time": 160.86874961853027, "evaluations": 62, "cost": 0.9335858329884581, "incumbent": ["svm_C='45.43730102552941'", "svm_gamma='0.02516326325446297'"]}
{"cpu_time": 192.29035997390747, "total_cpu_time": null, "wallclock_time": 196.80413675308228, "evaluations": 76, "cost": 0.9271302882702918, "incumbent": ["svm_C='42.96910397458655'", "svm_gamma='0.02352202293334859'"]}
{"cpu_time": 207.17847156524658, "total_cpu_time": null, "wallclock_time": 211.99684929847717, "evaluations": 83, "cost": 0.9237456899339805, "incumbent": ["svm_C='94.15930358982135'", "svm_gamma='0.02237761737579264'"]}
{"cpu_time": 345.3085458278656, "total_cpu_time": null, "wallclock_time": 353.58328771591187, "evaluations": 138, "cost": 0.8705195844854267, "incumbent": ["svm_C='67.0763278990571'", "svm_gamma='0.010767008252102339'"]}
{"cpu_time": 350.91399025917053, "total_cpu_time": null, "wallclock_time": 359.3462393283844, "evaluations": 140, "cost": 0.8702304621106297, "incumbent": ["svm_C='76.06267544753084'", "svm_gamma='0.010767008252102339'"]}
{"cpu_time": 380.4471437931061, "total_cpu_time": null, "wallclock_time": 389.53876185417175, "evaluations": 151, "cost": 0.869723171074498, "incumbent": ["svm_C='90.87591088555423'", "svm_gamma='0.010767008252102339'"]}
{"cpu_time": 393.680538892746, "total_cpu_time": null, "wallclock_time": 403.0920412540436, "evaluations": 156, "cost": 0.8630589100377395, "incumbent": ["svm_C='92.09050655239571'", "svm_gamma='0.010767008252102339'"]}
