{"cpu_time": 0, "total_cpu_time": null, "wallclock_time": 5.8650970458984375e-05, "evaluations": 0, "cost": 2147483648, "incumbent": ["pca_whiten=''true''"]}
{"cpu_time": 2.6651194095611572, "total_cpu_time": null, "wallclock_time": 2.7124929428100586, "evaluations": 1, "cost": 9.432222604234509, "incumbent": ["pca_whiten=''true''"]}
{"cpu_time": 5.376553535461426, "total_cpu_time": null, "wallclock_time": 5.498294115066528, "evaluations": 2, "cost": 9.431232500565352, "incumbent": ["pca_whiten=''false''"]}
