{"cpu_time": 0, "total_cpu_time": null, "wallclock_time": 9.1552734375e-05, "evaluations": 0, "cost": 2147483648, "incumbent": ["isomap_n_components='2'", "isomap_n_neighbors='5'", "svm_C='0.1'", "svm_gamma='4.005'"]}
{"cpu_time": 0.7682528495788574, "total_cpu_time": null, "wallclock_time": 0.7835578918457031, "evaluations": 1, "cost": 0.5254288480353345, "incumbent": ["isomap_n_components='2'", "isomap_n_neighbors='5'", "svm_C='0.1'", "svm_gamma='4.005'"]}
{"cpu_time": 1.5464754104614258, "total_cpu_time": null, "wallclock_time": 1.5961263179779053, "evaluations": 2, "cost": 0.5112413767944136, "incumbent": ["isomap_n_components='2'", "isomap_n_neighbors='7'", "svm_C='25.075000000000003'", "svm_gamma='4.005'"]}
{"cpu_time": 2.307349443435669, "total_cpu_time": null, "wallclock_time": 2.3726603984832764, "evaluations": 3, "cost": 0.5107442119952523, "incumbent": ["isomap_n_components='2'", "isomap_n_neighbors='5'", "svm_C='50.050000000000004'", "svm_gamma='8.0'"]}
{"cpu_time": 6.921145915985107, "total_cpu_time": null, "wallclock_time": 7.194040060043335, "evaluations": 9, "cost": 0.5082009051719704, "incumbent": ["isomap_n_components='4'", "isomap_n_neighbors='5'", "svm_C='25.075000000000003'", "svm_gamma='8.0'"]}
{"cpu_time": 12.117265701293945, "total_cpu_time": null, "wallclock_time": 12.679818868637085, "evaluations": 16, "cost": 0.5067516794596815, "incumbent": ["isomap_n_components='3'", "isomap_n_neighbors='6'", "svm_C='25.075000000000003'", "svm_gamma='4.005'"]}
{"cpu_time": 13.614506721496582, "total_cpu_time": null, "wallclock_time": 14.248770713806152, "evaluations": 18, "cost": 0.5044116092918993, "incumbent": ["isomap_n_components='3'", "isomap_n_neighbors='4'", "svm_C='50.050000000000004'", "svm_gamma='4.005'"]}
{"cpu_time": 15.901992082595825, "total_cpu_time": null, "wallclock_time": 16.65138816833496, "evaluations": 21, "cost": 0.5006344163247846, "incumbent": ["isomap_n_components='4'", "isomap_n_neighbors='7'", "svm_C='25.075000000000003'", "svm_gamma='2.0075'"]}
