{"cpu_time": 0, "total_cpu_time": null, "wallclock_time": 0.00014972686767578125, "evaluations": 0, "cost": 2147483648, "incumbent": ["pca_whiten=''true''", "rf_max_features='0.5'", "rf_n_estimators='10'"]}
{"cpu_time": 74.73709511756897, "total_cpu_time": null, "wallclock_time": 74.96690201759338, "evaluations": 1, "cost": 1.6383057069343925, "incumbent": ["pca_whiten=''true''", "rf_max_features='0.5'", "rf_n_estimators='10'"]}
{"cpu_time": 80.12947726249695, "total_cpu_time": null, "wallclock_time": 80.4711046218872, "evaluations": 2, "cost": 0.7106039817547702, "incumbent": ["pca_whiten=''true''", "rf_max_features='0.6263875900678313'", "rf_n_estimators='178'"]}
{"cpu_time": 98.17410802841187, "total_cpu_time": null, "wallclock_time": 98.7167010307312, "evaluations": 5, "cost": 0.7079003700956807, "incumbent": ["pca_whiten=''true''", "rf_max_features='0.6948449041611862'", "rf_n_estimators='249'"]}
{"cpu_time": 172.16960287094116, "total_cpu_time": null, "wallclock_time": 174.44701480865479, "evaluations": 13, "cost": 0.7030323687825057, "incumbent": ["pca_whiten=''true''", "rf_max_features='0.6700648310036244'", "rf_n_estimators='80'"]}
{"cpu_time": 706.5022752285004, "total_cpu_time": null, "wallclock_time": 721.7696342468262, "evaluations": 90, "cost": 0.7004617325951492, "incumbent": ["pca_whiten=''true''", "rf_max_features='0.6128851576122052'", "rf_n_estimators='196'"]}
