{"cpu_time": 0, "total_cpu_time": null, "wallclock_time": 0.0001404285430908203, "evaluations": 0, "cost": 2147483648, "incumbent": ["isomap_n_components='2'", "isomap_n_neighbors='5'", "rf_max_features='0.5'", "rf_n_estimators='10'"]}
{"cpu_time": 0.933281421661377, "total_cpu_time": null, "wallclock_time": 0.9841902256011963, "evaluations": 1, "cost": 5.635024008588444, "incumbent": ["isomap_n_components='2'", "isomap_n_neighbors='5'", "rf_max_features='0.5'", "rf_n_estimators='10'"]}
{"cpu_time": 2.8607664108276367, "total_cpu_time": null, "wallclock_time": 3.059335947036743, "evaluations": 2, "cost": 2.170608330413717, "incumbent": ["isomap_n_components='2'", "isomap_n_neighbors='7'", "rf_max_features='0.7705914184339647'", "rf_n_estimators='220'"]}
{"cpu_time": 4.229407072067261, "total_cpu_time": null, "wallclock_time": 4.4671244621276855, "evaluations": 3, "cost": 1.9852232006282806, "incumbent": ["isomap_n_components='4'", "isomap_n_neighbors='5'", "rf_max_features='0.42825496760388254'", "rf_n_estimators='109'"]}
{"cpu_time": 15.366342544555664, "total_cpu_time": null, "wallclock_time": 16.09167456626892, "evaluations": 11, "cost": 1.7898611793901458, "incumbent": ["isomap_n_components='4'", "isomap_n_neighbors='5'", "rf_max_features='0.7526640253456993'", "rf_n_estimators='139'"]}
{"cpu_time": 28.69150447845459, "total_cpu_time": null, "wallclock_time": 30.222636222839355, "evaluations": 21, "cost": 1.5281725749724604, "incumbent": ["isomap_n_components='4'", "isomap_n_neighbors='6'", "rf_max_features='0.3908563055255074'", "rf_n_estimators='252'"]}
{"cpu_time": 32.86343765258789, "total_cpu_time": null, "wallclock_time": 34.53060555458069, "evaluations": 23, "cost": 1.496715392521826, "incumbent": ["isomap_n_components='4'", "isomap_n_neighbors='7'", "rf_max_features='0.6343316352444657'", "rf_n_estimators='296'"]}
{"cpu_time": 178.1933741569519, "total_cpu_time": null, "wallclock_time": 186.4727373123169, "evaluations": 116, "cost": 1.3468819534075653, "incumbent": ["isomap_n_components='4'", "isomap_n_neighbors='5'", "rf_max_features='0.3042117408363899'", "rf_n_estimators='300'"]}
