{"cpu_time": 0, "total_cpu_time": null, "wallclock_time": 0.00012350082397460938, "evaluations": 0, "cost": 2147483648, "incumbent": ["isomap_n_components='2'", "isomap_n_neighbors='5'", "svm_C='1.0'", "svm_gamma='1.0'"]}
{"cpu_time": 0.29015469551086426, "total_cpu_time": null, "wallclock_time": 0.36214137077331543, "evaluations": 1, "cost": 0.5437902114091848, "incumbent": ["isomap_n_components='2'", "isomap_n_neighbors='5'", "svm_C='1.0'", "svm_gamma='1.0'"]}
{"cpu_time": 1.5263619422912598, "total_cpu_time": null, "wallclock_time": 2.037968635559082, "evaluations": 6, "cost": 0.5215014812643022, "incumbent": ["isomap_n_components='3'", "isomap_n_neighbors='3'", "svm_C='44.333918486496096'", "svm_gamma='3.013601885823682'"]}
{"cpu_time": 4.666202068328857, "total_cpu_time": null, "wallclock_time": 6.707378149032593, "evaluations": 20, "cost": 0.5161761271889405, "incumbent": ["isomap_n_components='2'", "isomap_n_neighbors='3'", "svm_C='21.619725811756847'", "svm_gamma='3.873178610598141'"]}
{"cpu_time": 7.642045259475708, "total_cpu_time": null, "wallclock_time": 11.208357334136963, "evaluations": 34, "cost": 0.5145573837363607, "incumbent": ["isomap_n_components='2'", "isomap_n_neighbors='3'", "svm_C='16.0046410039234'", "svm_gamma='6.15881849720419'"]}
{"cpu_time": 10.01235318183899, "total_cpu_time": null, "wallclock_time": 14.706006050109863, "evaluations": 44, "cost": 0.5075607979051381, "incumbent": ["isomap_n_components='2'", "isomap_n_neighbors='3'", "svm_C='32.75873986240694'", "svm_gamma='0.9602285783234511'"]}
{"cpu_time": 17.393146276474, "total_cpu_time": null, "wallclock_time": 25.430108308792114, "evaluations": 74, "cost": 0.49271091938006295, "incumbent": ["isomap_n_components='2'", "isomap_n_neighbors='3'", "svm_C='77.57132203432644'", "svm_gamma='0.6431981140905434'"]}
{"cpu_time": 17.88387393951416, "total_cpu_time": null, "wallclock_time": 26.140340089797974, "evaluations": 76, "cost": 0.48464791874514407, "incumbent": ["isomap_n_components='2'", "isomap_n_neighbors='3'", "svm_C='62.916870336049925'", "svm_gamma='0.6747807469278783'"]}
{"cpu_time": 18.341007232666016, "total_cpu_time": null, "wallclock_time": 26.844372272491455, "evaluations": 78, "cost": 0.46826352441916114, "incumbent": ["isomap_n_components='2'", "isomap_n_neighbors='3'", "svm_C='56.86359351975417'", "svm_gamma='0.8649190882881754'"]}
{"cpu_time": 18.790478467941284, "total_cpu_time": null, "wallclock_time": 27.49524736404419, "evaluations": 80, "cost": 0.46721799431040334, "incumbent": ["isomap_n_components='2'", "isomap_n_neighbors='3'", "svm_C='69.5512168921362'", "svm_gamma='0.9602285783234511'"]}
{"cpu_time": 19.68543267250061, "total_cpu_time": null, "wallclock_time": 28.74751567840576, "evaluations": 84, "cost": 0.4631714336429784, "incumbent": ["isomap_n_components='2'", "isomap_n_neighbors='3'", "svm_C='71.88109228175458'", "svm_gamma='0.8615970405775822'"]}
