{"cpu_time": 0, "total_cpu_time": null, "wallclock_time": 0.00015306472778320312, "evaluations": 0, "cost": 2147483648, "incumbent": ["haralick_distance='1'", "isomap_n_components='2'", "isomap_n_neighbors='5'", "svm_C='1.0'", "svm_gamma='1.0'"]}
{"cpu_time": 197.29791402816772, "total_cpu_time": null, "wallclock_time": 197.42264652252197, "evaluations": 1, "cost": 0.5547085631430612, "incumbent": ["haralick_distance='1'", "isomap_n_components='2'", "isomap_n_neighbors='5'", "svm_C='1.0'", "svm_gamma='1.0'"]}
{"cpu_time": 613.0155658721924, "total_cpu_time": null, "wallclock_time": 613.5631725788116, "evaluations": 3, "cost": 0.4806342779037773, "incumbent": ["haralick_distance='2'", "isomap_n_components='2'", "isomap_n_neighbors='6'", "svm_C='78.990011851405'", "svm_gamma='6.602930247746782'"]}
{"cpu_time": 1899.0968611240387, "total_cpu_time": null, "wallclock_time": 1901.736516714096, "evaluations": 10, "cost": 0.4758800478260317, "incumbent": ["haralick_distance='3'", "isomap_n_components='3'", "isomap_n_neighbors='5'", "svm_C='64.38354708649499'", "svm_gamma='3.9382343775385147'"]}
{"cpu_time": 2260.2900397777557, "total_cpu_time": null, "wallclock_time": 2263.473333835602, "evaluations": 14, "cost": 0.46984845638608447, "incumbent": ["haralick_distance='3'", "isomap_n_components='2'", "isomap_n_neighbors='6'", "svm_C='60.492252080449724'", "svm_gamma='7.034733441455678'"]}
{"cpu_time": 3086.6376905441284, "total_cpu_time": null, "wallclock_time": 3091.3505606651306, "evaluations": 23, "cost": 0.46029176179954695, "incumbent": ["haralick_distance='3'", "isomap_n_components='2'", "isomap_n_neighbors='7'", "svm_C='30.036388361509584'", "svm_gamma='2.866003042075578'"]}
{"cpu_time": 3179.00257730484, "total_cpu_time": null, "wallclock_time": 3184.1020770072937, "evaluations": 24, "cost": 0.45804615637479645, "incumbent": ["haralick_distance='3'", "isomap_n_components='2'", "isomap_n_neighbors='7'", "svm_C='1.6480477700026117'", "svm_gamma='7.545264983061949'"]}
{"cpu_time": 4473.9115035533905, "total_cpu_time": null, "wallclock_time": 4481.475210428238, "evaluations": 38, "cost": 0.4347395068552861, "incumbent": ["haralick_distance='3'", "isomap_n_components='2'", "isomap_n_neighbors='7'", "svm_C='28.84823203253288'", "svm_gamma='0.8295057532752708'"]}
{"cpu_time": 5400.8245458602905, "total_cpu_time": null, "wallclock_time": 5410.316608667374, "evaluations": 48, "cost": 0.43181064578736045, "incumbent": ["haralick_distance='3'", "isomap_n_components='4'", "isomap_n_neighbors='7'", "svm_C='67.87023980791737'", "svm_gamma='0.1356924758074356'"]}
{"cpu_time": 6598.078050851822, "total_cpu_time": null, "wallclock_time": 6610.120895147324, "evaluations": 61, "cost": 0.4282186588225921, "incumbent": ["haralick_distance='3'", "isomap_n_components='4'", "isomap_n_neighbors='6'", "svm_C='70.2245783170199'", "svm_gamma='0.11283875541578552'"]}
{"cpu_time": 6873.281127214432, "total_cpu_time": null, "wallclock_time": 6886.157869100571, "evaluations": 64, "cost": 0.4269326420014387, "incumbent": ["haralick_distance='2'", "isomap_n_components='4'", "isomap_n_neighbors='6'", "svm_C='59.745238516039755'", "svm_gamma='0.09647304802471061'"]}
{"cpu_time": 11053.601735115051, "total_cpu_time": null, "wallclock_time": 11076.17254447937, "evaluations": 110, "cost": 0.4095377382962098, "incumbent": ["haralick_distance='3'", "isomap_n_components='4'", "isomap_n_neighbors='7'", "svm_C='14.446456480558549'", "svm_gamma='0.030219347540076456'"]}
{"cpu_time": 14893.412681341171, "total_cpu_time": null, "wallclock_time": 14924.560580968857, "evaluations": 152, "cost": 0.4091212943133795, "incumbent": ["haralick_distance='3'", "isomap_n_components='4'", "isomap_n_neighbors='6'", "svm_C='13.130875498701823'", "svm_gamma='0.016572133474859217'"]}
{"cpu_time": 21099.30867767334, "total_cpu_time": null, "wallclock_time": 21144.34609079361, "evaluations": 220, "cost": 0.40434548958780997, "incumbent": ["haralick_distance='3'", "isomap_n_components='4'", "isomap_n_neighbors='7'", "svm_C='3.079057654179816'", "svm_gamma='0.030219347540076456'"]}
{"cpu_time": 23941.5921356678, "total_cpu_time": null, "wallclock_time": 23993.822900295258, "evaluations": 258, "cost": 0.4037095392356294, "incumbent": ["haralick_distance='3'", "isomap_n_components='4'", "isomap_n_neighbors='7'", "svm_C='13.130875498701823'", "svm_gamma='0.016572133474859217'"]}
