{"cpu_time": 0, "total_cpu_time": null, "wallclock_time": 0.000110626220703125, "evaluations": 0, "cost": 2147483648, "incumbent": ["isomap_n_components='2'", "isomap_n_neighbors='5'", "svm_C='0.1'", "svm_gamma='4.005'"]}
{"cpu_time": 0.7573037147521973, "total_cpu_time": null, "wallclock_time": 0.7738392353057861, "evaluations": 1, "cost": 0.6504931747881063, "incumbent": ["isomap_n_components='2'", "isomap_n_neighbors='5'", "svm_C='0.1'", "svm_gamma='4.005'"]}
{"cpu_time": 3.1832048892974854, "total_cpu_time": null, "wallclock_time": 3.3303654193878174, "evaluations": 4, "cost": 0.6169124717205049, "incumbent": ["isomap_n_components='4'", "isomap_n_neighbors='6'", "svm_C='75.025'", "svm_gamma='0.01'"]}
{"cpu_time": 10.769400596618652, "total_cpu_time": null, "wallclock_time": 11.266294956207275, "evaluations": 14, "cost": 0.6131396867272679, "incumbent": ["isomap_n_components='4'", "isomap_n_neighbors='7'", "svm_C='75.025'", "svm_gamma='0.01'"]}
{"cpu_time": 31.860382080078125, "total_cpu_time": null, "wallclock_time": 33.510064125061035, "evaluations": 42, "cost": 0.609166067974401, "incumbent": ["isomap_n_components='4'", "isomap_n_neighbors='6'", "svm_C='25.075000000000003'", "svm_gamma='0.01'"]}
