{"cpu_time": 0, "total_cpu_time": null, "wallclock_time": 6.508827209472656e-05, "evaluations": 0, "cost": 2147483648, "incumbent": ["pca_whiten=''true''", "svm_C='0.1'", "svm_gamma='4.005'"]}
{"cpu_time": 0.3878154754638672, "total_cpu_time": null, "wallclock_time": 0.4045677185058594, "evaluations": 1, "cost": 0.5312467075015916, "incumbent": ["pca_whiten=''true''", "svm_C='0.1'", "svm_gamma='4.005'"]}
{"cpu_time": 0.78114914894104, "total_cpu_time": null, "wallclock_time": 0.8297905921936035, "evaluations": 2, "cost": 0.39410371383998183, "incumbent": ["pca_whiten=''true''", "svm_C='100.0'", "svm_gamma='6.0024999999999995'"]}
{"cpu_time": 1.1946017742156982, "total_cpu_time": null, "wallclock_time": 1.2604119777679443, "evaluations": 3, "cost": 0.3793971220815078, "incumbent": ["pca_whiten=''true''", "svm_C='25.075000000000003'", "svm_gamma='4.005'"]}
{"cpu_time": 1.5731968879699707, "total_cpu_time": null, "wallclock_time": 1.6834368705749512, "evaluations": 4, "cost": 0.34046055753127513, "incumbent": ["pca_whiten=''true''", "svm_C='75.025'", "svm_gamma='0.01'"]}
{"cpu_time": 5.439529180526733, "total_cpu_time": null, "wallclock_time": 5.847679615020752, "evaluations": 13, "cost": 0.33833167886924637, "incumbent": ["pca_whiten=''true''", "svm_C='100.0'", "svm_gamma='0.01'"]}
