{"cpu_time": 0, "total_cpu_time": null, "wallclock_time": 0.00014281272888183594, "evaluations": 0, "cost": 2147483648, "incumbent": ["isomap_n_components='2'", "isomap_n_neighbors='5'", "rf_max_features='0.5'", "rf_n_estimators='10'"]}
{"cpu_time": 2.2690839767456055, "total_cpu_time": null, "wallclock_time": 2.3546154499053955, "evaluations": 1, "cost": 1.7570629735634977, "incumbent": ["isomap_n_components='2'", "isomap_n_neighbors='5'", "rf_max_features='0.5'", "rf_n_estimators='10'"]}
{"cpu_time": 7.653988599777222, "total_cpu_time": null, "wallclock_time": 7.900214195251465, "evaluations": 2, "cost": 0.5642572704578468, "incumbent": ["isomap_n_components='2'", "isomap_n_neighbors='7'", "rf_max_features='0.7705914184339647'", "rf_n_estimators='220'"]}
{"cpu_time": 11.326863288879395, "total_cpu_time": null, "wallclock_time": 11.64188551902771, "evaluations": 3, "cost": 0.5445335978323782, "incumbent": ["isomap_n_components='4'", "isomap_n_neighbors='5'", "rf_max_features='0.42825496760388254'", "rf_n_estimators='109'"]}
{"cpu_time": 59.77884364128113, "total_cpu_time": null, "wallclock_time": 61.73790097236633, "evaluations": 16, "cost": 0.4828457242482415, "incumbent": ["isomap_n_components='4'", "isomap_n_neighbors='5'", "rf_max_features='0.49447053546536157'", "rf_n_estimators='97'"]}
{"cpu_time": 66.91298627853394, "total_cpu_time": null, "wallclock_time": 69.1063301563263, "evaluations": 18, "cost": 0.4662593438021923, "incumbent": ["isomap_n_components='4'", "isomap_n_neighbors='6'", "rf_max_features='0.44665535885529994'", "rf_n_estimators='79'"]}
{"cpu_time": 78.57093644142151, "total_cpu_time": null, "wallclock_time": 81.11391830444336, "evaluations": 21, "cost": 0.40089457973438264, "incumbent": ["isomap_n_components='4'", "isomap_n_neighbors='6'", "rf_max_features='0.3908563055255074'", "rf_n_estimators='252'"]}
