{"cpu_time": 0, "total_cpu_time": null, "wallclock_time": 0.000141143798828125, "evaluations": 0, "cost": 2147483648, "incumbent": ["isomap_n_components='2'", "isomap_n_neighbors='5'", "svm_C='1.0'", "svm_gamma='1.0'"]}
{"cpu_time": 2.1610965728759766, "total_cpu_time": null, "wallclock_time": 2.229583740234375, "evaluations": 1, "cost": 0.9450118220088221, "incumbent": ["isomap_n_components='2'", "isomap_n_neighbors='5'", "svm_C='1.0'", "svm_gamma='1.0'"]}
{"cpu_time": 23.48421359062195, "total_cpu_time": null, "wallclock_time": 24.77408242225647, "evaluations": 16, "cost": 0.9348502365327138, "incumbent": ["isomap_n_components='4'", "isomap_n_neighbors='4'", "svm_C='71.23368222745206'", "svm_gamma='0.13470736732652222'"]}
{"cpu_time": 61.93935513496399, "total_cpu_time": null, "wallclock_time": 66.37308859825134, "evaluations": 41, "cost": 0.9333970223764667, "incumbent": ["isomap_n_components='4'", "isomap_n_neighbors='4'", "svm_C='76.69066968393624'", "svm_gamma='0.11401543431021408'"]}
{"cpu_time": 63.510040521621704, "total_cpu_time": null, "wallclock_time": 68.09960293769836, "evaluations": 42, "cost": 0.9272994077342643, "incumbent": ["isomap_n_components='4'", "isomap_n_neighbors='3'", "svm_C='61.44120102753426'", "svm_gamma='0.10054560088616346'"]}
{"cpu_time": 66.78118205070496, "total_cpu_time": null, "wallclock_time": 71.63078188896179, "evaluations": 44, "cost": 0.9235338635821287, "incumbent": ["isomap_n_components='4'", "isomap_n_neighbors='3'", "svm_C='32.265058358053544'", "svm_gamma='0.08388713296331671'"]}
{"cpu_time": 73.02786350250244, "total_cpu_time": null, "wallclock_time": 78.38772368431091, "evaluations": 48, "cost": 0.9226611776649425, "incumbent": ["isomap_n_components='4'", "isomap_n_neighbors='3'", "svm_C='33.550115553406386'", "svm_gamma='0.0707678340429724'"]}
{"cpu_time": 75.71071124076843, "total_cpu_time": null, "wallclock_time": 81.23940920829773, "evaluations": 50, "cost": 0.9187728065618309, "incumbent": ["isomap_n_components='4'", "isomap_n_neighbors='3'", "svm_C='36.84902632196014'", "svm_gamma='0.08388713296331671'"]}
{"cpu_time": 149.3689866065979, "total_cpu_time": null, "wallclock_time": 160.87082147598267, "evaluations": 96, "cost": 0.9106199461709993, "incumbent": ["isomap_n_components='4'", "isomap_n_neighbors='7'", "svm_C='3.0691128201519486'", "svm_gamma='0.05883660195563219'"]}
{"cpu_time": 197.08178234100342, "total_cpu_time": null, "wallclock_time": 212.50058436393738, "evaluations": 127, "cost": 0.910464246340602, "incumbent": ["isomap_n_components='4'", "isomap_n_neighbors='7'", "svm_C='2.789002283292768'", "svm_gamma='0.08682727245171527'"]}
{"cpu_time": 209.31385374069214, "total_cpu_time": null, "wallclock_time": 225.7334475517273, "evaluations": 134, "cost": 0.9090047427895159, "incumbent": ["isomap_n_components='4'", "isomap_n_neighbors='7'", "svm_C='3.0691128201519486'", "svm_gamma='0.1785341933033032'"]}
