{"cpu_time": 0, "total_cpu_time": null, "wallclock_time": 0.009803533554077148, "evaluations": 0, "cost": 2147483648, "incumbent": ["isomap_n_components='2'", "isomap_n_neighbors='5'", "svm_C='1.0'", "svm_gamma='1.0'"]}
{"cpu_time": 4.947391510009766, "total_cpu_time": null, "wallclock_time": 5.008906841278076, "evaluations": 1, "cost": 0.5284048825600705, "incumbent": ["isomap_n_components='2'", "isomap_n_neighbors='5'", "svm_C='1.0'", "svm_gamma='1.0'"]}
{"cpu_time": 13.153441190719604, "total_cpu_time": null, "wallclock_time": 13.477447271347046, "evaluations": 3, "cost": 0.506341282673412, "incumbent": ["isomap_n_components='4'", "isomap_n_neighbors='5'", "svm_C='25.725342527255737'", "svm_gamma='2.7907769724696707'"]}
{"cpu_time": 16.670730113983154, "total_cpu_time": null, "wallclock_time": 17.149948120117188, "evaluations": 4, "cost": 0.504103400836811, "incumbent": ["isomap_n_components='3'", "isomap_n_neighbors='3'", "svm_C='47.63256038084591'", "svm_gamma='4.369503763577128'"]}
{"cpu_time": 72.71255278587341, "total_cpu_time": null, "wallclock_time": 75.47424149513245, "evaluations": 19, "cost": 0.503275521869107, "incumbent": ["isomap_n_components='3'", "isomap_n_neighbors='5'", "svm_C='44.70426151766206'", "svm_gamma='3.3211973801263546'"]}
{"cpu_time": 104.51731753349304, "total_cpu_time": null, "wallclock_time": 109.07177877426147, "evaluations": 27, "cost": 0.5027762456283877, "incumbent": ["isomap_n_components='4'", "isomap_n_neighbors='7'", "svm_C='4.276488422228812'", "svm_gamma='1.9701559174126142'"]}
{"cpu_time": 136.73030304908752, "total_cpu_time": null, "wallclock_time": 142.9182825088501, "evaluations": 34, "cost": 0.5018506745497356, "incumbent": ["isomap_n_components='3'", "isomap_n_neighbors='7'", "svm_C='16.169997872741508'", "svm_gamma='3.2426534842670858'"]}
{"cpu_time": 144.55979895591736, "total_cpu_time": null, "wallclock_time": 151.47924256324768, "evaluations": 36, "cost": 0.4995688888468857, "incumbent": ["isomap_n_components='4'", "isomap_n_neighbors='7'", "svm_C='24.123729318883353'", "svm_gamma='1.3924203523895704'"]}
