{"cpu_time": 0, "total_cpu_time": null, "wallclock_time": 5.555152893066406e-05, "evaluations": 0, "cost": 2147483648, "incumbent": ["pca_whiten=''true''"]}
{"cpu_time": 0.44531893730163574, "total_cpu_time": null, "wallclock_time": 0.5094563961029053, "evaluations": 1, "cost": 4.713503382940763, "incumbent": ["pca_whiten=''true''"]}
