{"cpu_time": 0, "total_cpu_time": null, "wallclock_time": 5.6743621826171875e-05, "evaluations": 0, "cost": 2147483648, "incumbent": ["pca_whiten=''true''"]}
{"cpu_time": 41.138527393341064, "total_cpu_time": null, "wallclock_time": 41.39275908470154, "evaluations": 1, "cost": 5.73270024442532, "incumbent": ["pca_whiten=''true''"]}
