{"cpu_time": 0, "total_cpu_time": null, "wallclock_time": 8.726119995117188e-05, "evaluations": 0, "cost": 2147483648, "incumbent": ["isomap_n_components='2'", "isomap_n_neighbors='5'", "svm_C='0.1'", "svm_gamma='4.005'"]}
{"cpu_time": 0.42748165130615234, "total_cpu_time": null, "wallclock_time": 0.44397711753845215, "evaluations": 1, "cost": 0.18457663417113626, "incumbent": ["isomap_n_components='2'", "isomap_n_neighbors='5'", "svm_C='0.1'", "svm_gamma='4.005'"]}
{"cpu_time": 3.0371060371398926, "total_cpu_time": null, "wallclock_time": 3.243809938430786, "evaluations": 7, "cost": 0.15619371297524665, "incumbent": ["isomap_n_components='3'", "isomap_n_neighbors='5'", "svm_C='50.050000000000004'", "svm_gamma='0.01'"]}
