{"cpu_time": 0, "total_cpu_time": null, "wallclock_time": 5.841255187988281e-05, "evaluations": 0, "cost": 2147483648, "incumbent": ["pca_whiten=''true''"]}
{"cpu_time": 0.8414280414581299, "total_cpu_time": null, "wallclock_time": 0.8998842239379883, "evaluations": 1, "cost": 20.576915089510347, "incumbent": ["pca_whiten=''true''"]}
