{"cpu_time": 0, "total_cpu_time": null, "wallclock_time": 0.0001068115234375, "evaluations": 0, "cost": 2147483648, "incumbent": ["pca_whiten=''true''"]}
{"cpu_time": 2.501032590866089, "total_cpu_time": null, "wallclock_time": 2.581244468688965, "evaluations": 1, "cost": 10.142913275078612, "incumbent": ["pca_whiten=''true''"]}
