{"cpu_time": 0, "total_cpu_time": null, "wallclock_time": 0.0001373291015625, "evaluations": 0, "cost": 2147483648, "incumbent": ["haralick_distance='1'", "pca_whiten=''true''", "svm_C='1.0'", "svm_gamma='1.0'"]}
{"cpu_time": 31.9075825214386, "total_cpu_time": null, "wallclock_time": 31.930993795394897, "evaluations": 1, "cost": 0.4535834695249004, "incumbent": ["haralick_distance='1'", "pca_whiten=''true''", "svm_C='1.0'", "svm_gamma='1.0'"]}
{"cpu_time": 610.2328703403473, "total_cpu_time": null, "wallclock_time": 612.6887514591217, "evaluations": 20, "cost": 0.45226268625551946, "incumbent": ["haralick_distance='1'", "pca_whiten=''true''", "svm_C='36.02607330423313'", "svm_gamma='3.170897970937481'"]}
{"cpu_time": 691.2062437534332, "total_cpu_time": null, "wallclock_time": 693.9601650238037, "evaluations": 24, "cost": 0.4521567721465758, "incumbent": ["haralick_distance='1'", "pca_whiten=''true''", "svm_C='56.1008455106809'", "svm_gamma='3.161312181534359'"]}
{"cpu_time": 1714.799472808838, "total_cpu_time": null, "wallclock_time": 1722.4278700351715, "evaluations": 74, "cost": 0.4432887534247703, "incumbent": ["haralick_distance='2'", "pca_whiten=''false''", "svm_C='97.70906989477757'", "svm_gamma='6.792259382215181'"]}
{"cpu_time": 1754.8650403022766, "total_cpu_time": null, "wallclock_time": 1762.7173314094543, "evaluations": 76, "cost": 0.439702081738979, "incumbent": ["haralick_distance='2'", "pca_whiten=''true''", "svm_C='98.25981696451616'", "svm_gamma='6.39713692404592'"]}
{"cpu_time": 2118.062898159027, "total_cpu_time": null, "wallclock_time": 2127.960535287857, "evaluations": 94, "cost": 0.43875556312912095, "incumbent": ["haralick_distance='2'", "pca_whiten=''true''", "svm_C='94.66268866472794'", "svm_gamma='7.509518310628734'"]}
{"cpu_time": 2364.131456375122, "total_cpu_time": null, "wallclock_time": 2375.1195011138916, "evaluations": 106, "cost": 0.4382087416673293, "incumbent": ["haralick_distance='2'", "pca_whiten=''true''", "svm_C='97.33123982506338'", "svm_gamma='6.913316460735463'"]}
