{"cpu_time": 0, "total_cpu_time": null, "wallclock_time": 2.765655517578125e-05, "evaluations": 0, "cost": 2147483648, "incumbent": []}
{"cpu_time": 0.30279111862182617, "total_cpu_time": null, "wallclock_time": 0.32106447219848633, "evaluations": 1, "cost": 9.602235151221638, "incumbent": []}
