{"cpu_time": 0, "total_cpu_time": null, "wallclock_time": 0.00012159347534179688, "evaluations": 0, "cost": 2147483648, "incumbent": ["haralick_distance='1'", "isomap_n_components='2'", "isomap_n_neighbors='5'", "svm_C='1.0'", "svm_gamma='1.0'"]}
{"cpu_time": 33.5748291015625, "total_cpu_time": null, "wallclock_time": 33.59698987007141, "evaluations": 1, "cost": 0.4484737747045086, "incumbent": ["haralick_distance='1'", "isomap_n_components='2'", "isomap_n_neighbors='5'", "svm_C='1.0'", "svm_gamma='1.0'"]}
{"cpu_time": 67.6120057106018, "total_cpu_time": null, "wallclock_time": 67.68296265602112, "evaluations": 2, "cost": 0.435596837217978, "incumbent": ["haralick_distance='1'", "isomap_n_components='4'", "isomap_n_neighbors='7'", "svm_C='72.54534814538891'", "svm_gamma='4.489288587472055'"]}
{"cpu_time": 135.4343967437744, "total_cpu_time": null, "wallclock_time": 135.58778882026672, "evaluations": 4, "cost": 0.4217627804561935, "incumbent": ["haralick_distance='1'", "isomap_n_components='3'", "isomap_n_neighbors='4'", "svm_C='60.41725723603728'", "svm_gamma='4.023397704614242'"]}
{"cpu_time": 374.79632091522217, "total_cpu_time": null, "wallclock_time": 375.3219573497772, "evaluations": 9, "cost": 0.4151475555358606, "incumbent": ["haralick_distance='1'", "isomap_n_components='4'", "isomap_n_neighbors='5'", "svm_C='90.54227226407072'", "svm_gamma='3.6001724529254275'"]}
{"cpu_time": 426.61314058303833, "total_cpu_time": null, "wallclock_time": 427.2193777561188, "evaluations": 10, "cost": 0.4065728468670995, "incumbent": ["haralick_distance='1'", "isomap_n_components='3'", "isomap_n_neighbors='5'", "svm_C='20.79157698230416'", "svm_gamma='6.150672055444249'"]}
{"cpu_time": 478.5516884326935, "total_cpu_time": null, "wallclock_time": 479.1955213546753, "evaluations": 11, "cost": 0.369869825426286, "incumbent": ["haralick_distance='1'", "isomap_n_components='4'", "isomap_n_neighbors='6'", "svm_C='27.77333326847623'", "svm_gamma='1.3375897829228132'"]}
{"cpu_time": 1414.0372569561005, "total_cpu_time": null, "wallclock_time": 1416.3598036766052, "evaluations": 40, "cost": 0.36643643472638315, "incumbent": ["haralick_distance='1'", "isomap_n_components='4'", "isomap_n_neighbors='6'", "svm_C='24.135102929150097'", "svm_gamma='1.329346312344342'"]}
{"cpu_time": 1663.0029065608978, "total_cpu_time": null, "wallclock_time": 1665.8094096183777, "evaluations": 48, "cost": 0.3621748961118883, "incumbent": ["haralick_distance='1'", "isomap_n_components='4'", "isomap_n_neighbors='6'", "svm_C='20.45409564377116'", "svm_gamma='0.4095892520502308'"]}
{"cpu_time": 2037.2323501110077, "total_cpu_time": null, "wallclock_time": 2040.6679298877716, "evaluations": 60, "cost": 0.35852714858730145, "incumbent": ["haralick_distance='1'", "isomap_n_components='3'", "isomap_n_neighbors='6'", "svm_C='20.45409564377116'", "svm_gamma='0.951208110343447'"]}
{"cpu_time": 2786.445571422577, "total_cpu_time": null, "wallclock_time": 2791.2982969284058, "evaluations": 84, "cost": 0.3559292380987647, "incumbent": ["haralick_distance='1'", "isomap_n_components='3'", "isomap_n_neighbors='6'", "svm_C='20.45409564377116'", "svm_gamma='1.0658508876561683'"]}
