{"cpu_time": 0, "total_cpu_time": null, "wallclock_time": 0.00013971328735351562, "evaluations": 0, "cost": 2147483648, "incumbent": ["isomap_n_components='2'", "isomap_n_neighbors='5'", "rf_max_features='0.5'", "rf_n_estimators='10'"]}
{"cpu_time": 2.9107918739318848, "total_cpu_time": null, "wallclock_time": 3.0515973567962646, "evaluations": 1, "cost": 1.0873531734793251, "incumbent": ["isomap_n_components='2'", "isomap_n_neighbors='5'", "rf_max_features='0.5'", "rf_n_estimators='10'"]}
{"cpu_time": 8.858822345733643, "total_cpu_time": null, "wallclock_time": 9.202203512191772, "evaluations": 2, "cost": 0.806537730791911, "incumbent": ["isomap_n_components='2'", "isomap_n_neighbors='7'", "rf_max_features='0.7705914184339647'", "rf_n_estimators='220'"]}
{"cpu_time": 13.244402885437012, "total_cpu_time": null, "wallclock_time": 13.650942087173462, "evaluations": 3, "cost": 0.7904586797293804, "incumbent": ["isomap_n_components='4'", "isomap_n_neighbors='5'", "rf_max_features='0.42825496760388254'", "rf_n_estimators='109'"]}
{"cpu_time": 18.26374340057373, "total_cpu_time": null, "wallclock_time": 18.878037214279175, "evaluations": 4, "cost": 0.755388083870984, "incumbent": ["isomap_n_components='3'", "isomap_n_neighbors='3'", "rf_max_features='0.5379007026068363'", "rf_n_estimators='167'"]}
{"cpu_time": 101.76516914367676, "total_cpu_time": null, "wallclock_time": 105.26076674461365, "evaluations": 23, "cost": 0.716971537428814, "incumbent": ["isomap_n_components='4'", "isomap_n_neighbors='7'", "rf_max_features='0.6343316352444657'", "rf_n_estimators='296'"]}
{"cpu_time": 114.66131353378296, "total_cpu_time": null, "wallclock_time": 118.47000622749329, "evaluations": 25, "cost": 0.7057620160985355, "incumbent": ["isomap_n_components='3'", "isomap_n_neighbors='5'", "rf_max_features='0.757940516037592'", "rf_n_estimators='295'"]}
{"cpu_time": 140.34705424308777, "total_cpu_time": null, "wallclock_time": 145.01474452018738, "evaluations": 30, "cost": 0.6366250419534935, "incumbent": ["isomap_n_components='4'", "isomap_n_neighbors='7'", "rf_max_features='0.3796734645128209'", "rf_n_estimators='289'"]}
{"cpu_time": 466.45069122314453, "total_cpu_time": null, "wallclock_time": 483.974130153656, "evaluations": 94, "cost": 0.6303004418429617, "incumbent": ["isomap_n_components='4'", "isomap_n_neighbors='7'", "rf_max_features='0.30485935468868547'", "rf_n_estimators='280'"]}
