{"cpu_time": 0, "total_cpu_time": null, "wallclock_time": 0.00014591217041015625, "evaluations": 0, "cost": 2147483648, "incumbent": ["isomap_n_components='2'", "isomap_n_neighbors='5'", "rf_max_features='0.5'", "rf_n_estimators='10'"]}
{"cpu_time": 2.80601167678833, "total_cpu_time": null, "wallclock_time": 2.877288341522217, "evaluations": 1, "cost": 2.615338670865235, "incumbent": ["isomap_n_components='2'", "isomap_n_neighbors='5'", "rf_max_features='0.5'", "rf_n_estimators='10'"]}
{"cpu_time": 13.00693416595459, "total_cpu_time": null, "wallclock_time": 13.282461166381836, "evaluations": 2, "cost": 0.8902517460607688, "incumbent": ["isomap_n_components='2'", "isomap_n_neighbors='7'", "rf_max_features='0.7705914184339647'", "rf_n_estimators='220'"]}
{"cpu_time": 19.787626266479492, "total_cpu_time": null, "wallclock_time": 20.13566541671753, "evaluations": 3, "cost": 0.5700688930102558, "incumbent": ["isomap_n_components='4'", "isomap_n_neighbors='5'", "rf_max_features='0.42825496760388254'", "rf_n_estimators='109'"]}
{"cpu_time": 130.28678798675537, "total_cpu_time": null, "wallclock_time": 134.03586983680725, "evaluations": 21, "cost": 0.4622592750844489, "incumbent": ["isomap_n_components='4'", "isomap_n_neighbors='6'", "rf_max_features='0.3908563055255074'", "rf_n_estimators='252'"]}
{"cpu_time": 246.05673503875732, "total_cpu_time": null, "wallclock_time": 252.78814792633057, "evaluations": 37, "cost": 0.4603045742697868, "incumbent": ["isomap_n_components='4'", "isomap_n_neighbors='7'", "rf_max_features='0.46859709749464196'", "rf_n_estimators='281'"]}
{"cpu_time": 414.005099773407, "total_cpu_time": null, "wallclock_time": 426.10875058174133, "evaluations": 62, "cost": 0.44473792990813843, "incumbent": ["isomap_n_components='4'", "isomap_n_neighbors='7'", "rf_max_features='0.3788090049185725'", "rf_n_estimators='212'"]}
