{"cpu_time": 0, "total_cpu_time": null, "wallclock_time": 5.459785461425781e-05, "evaluations": 0, "cost": 2147483648, "incumbent": ["pca_whiten=''true''"]}
{"cpu_time": 0.9731733798980713, "total_cpu_time": null, "wallclock_time": 1.0585486888885498, "evaluations": 1, "cost": 6.8738072548388045, "incumbent": ["pca_whiten=''true''"]}
