{"cpu_time": 0, "total_cpu_time": null, "wallclock_time": 5.555152893066406e-05, "evaluations": 0, "cost": 2147483648, "incumbent": ["svm_C='0.1'", "svm_gamma='4.005'"]}
{"cpu_time": 1.478870153427124, "total_cpu_time": null, "wallclock_time": 1.4880082607269287, "evaluations": 1, "cost": 0.5283892924814841, "incumbent": ["svm_C='0.1'", "svm_gamma='4.005'"]}
{"cpu_time": 2.857421398162842, "total_cpu_time": null, "wallclock_time": 2.889139413833618, "evaluations": 2, "cost": 0.5134585148811533, "incumbent": ["svm_C='100.0'", "svm_gamma='2.0075'"]}
{"cpu_time": 12.543380498886108, "total_cpu_time": null, "wallclock_time": 12.694128036499023, "evaluations": 9, "cost": 0.5126971334737939, "incumbent": ["svm_C='50.050000000000004'", "svm_gamma='2.0075'"]}
