{"cpu_time": 0, "total_cpu_time": null, "wallclock_time": 0.0001342296600341797, "evaluations": 0, "cost": 2147483648, "incumbent": ["isomap_n_components='2'", "isomap_n_neighbors='5'", "svm_C='1.0'", "svm_gamma='1.0'"]}
{"cpu_time": 1.1852021217346191, "total_cpu_time": null, "wallclock_time": 1.2273809909820557, "evaluations": 1, "cost": 0.9450118220088221, "incumbent": ["isomap_n_components='2'", "isomap_n_neighbors='5'", "svm_C='1.0'", "svm_gamma='1.0'"]}
{"cpu_time": 34.446415185928345, "total_cpu_time": null, "wallclock_time": 36.59524488449097, "evaluations": 33, "cost": 0.9364897234063321, "incumbent": ["isomap_n_components='4'", "isomap_n_neighbors='4'", "svm_C='1.1702373125201015'", "svm_gamma='1.2656974767536657'"]}
{"cpu_time": 77.36233592033386, "total_cpu_time": null, "wallclock_time": 82.37986969947815, "evaluations": 73, "cost": 0.9335296892174, "incumbent": ["isomap_n_components='4'", "isomap_n_neighbors='5'", "svm_C='4.827457185649884'", "svm_gamma='0.4491366879245875'"]}
{"cpu_time": 80.73022413253784, "total_cpu_time": null, "wallclock_time": 85.94513607025146, "evaluations": 76, "cost": 0.9290004346615263, "incumbent": ["isomap_n_components='3'", "isomap_n_neighbors='5'", "svm_C='1.7146744271252623'", "svm_gamma='0.896180583774814'"]}
{"cpu_time": 95.09242343902588, "total_cpu_time": null, "wallclock_time": 101.23957538604736, "evaluations": 89, "cost": 0.9235420339202363, "incumbent": ["isomap_n_components='4'", "isomap_n_neighbors='7'", "svm_C='25.61047704126865'", "svm_gamma='0.07152696385076526'"]}
{"cpu_time": 151.23238587379456, "total_cpu_time": null, "wallclock_time": 162.0394470691681, "evaluations": 142, "cost": 0.9121268377529125, "incumbent": ["isomap_n_components='4'", "isomap_n_neighbors='7'", "svm_C='14.074397104149982'", "svm_gamma='0.03223492060894283'"]}
{"cpu_time": 183.6977996826172, "total_cpu_time": null, "wallclock_time": 197.1606342792511, "evaluations": 170, "cost": 0.9096541255110213, "incumbent": ["isomap_n_components='4'", "isomap_n_neighbors='7'", "svm_C='17.444546450769714'", "svm_gamma='0.03223492060894283'"]}
