{"cpu_time": 0, "total_cpu_time": null, "wallclock_time": 7.200241088867188e-05, "evaluations": 0, "cost": 2147483648, "incumbent": ["svm_C='0.1'", "svm_gamma='4.005'"]}
{"cpu_time": 2.7148704528808594, "total_cpu_time": null, "wallclock_time": 2.7317960262298584, "evaluations": 1, "cost": 1.0112215654037466, "incumbent": ["svm_C='0.1'", "svm_gamma='4.005'"]}
{"cpu_time": 5.456335067749023, "total_cpu_time": null, "wallclock_time": 5.505500078201294, "evaluations": 2, "cost": 1.0102386521890716, "incumbent": ["svm_C='100.0'", "svm_gamma='2.0075'"]}
{"cpu_time": 8.199685335159302, "total_cpu_time": null, "wallclock_time": 8.26727843284607, "evaluations": 3, "cost": 1.002534086931323, "incumbent": ["svm_C='75.025'", "svm_gamma='4.005'"]}
{"cpu_time": 10.929125308990479, "total_cpu_time": null, "wallclock_time": 11.034932374954224, "evaluations": 4, "cost": 0.9113715612320931, "incumbent": ["svm_C='0.1'", "svm_gamma='0.01'"]}
{"cpu_time": 18.938645839691162, "total_cpu_time": null, "wallclock_time": 19.118165493011475, "evaluations": 7, "cost": 0.6573893550988938, "incumbent": ["svm_C='50.050000000000004'", "svm_gamma='0.01'"]}
{"cpu_time": 32.49638652801514, "total_cpu_time": null, "wallclock_time": 32.83107256889343, "evaluations": 12, "cost": 0.6494853102672641, "incumbent": ["svm_C='25.075000000000003'", "svm_gamma='0.01'"]}
{"cpu_time": 35.07527422904968, "total_cpu_time": null, "wallclock_time": 35.42874050140381, "evaluations": 13, "cost": 0.649485310267264, "incumbent": ["svm_C='75.025'", "svm_gamma='0.01'"]}
