{"cpu_time": 0, "total_cpu_time": null, "wallclock_time": 9.655952453613281e-05, "evaluations": 0, "cost": 2147483648, "incumbent": ["pca_whiten=''true''", "rf_max_features='0.5'", "rf_n_estimators='10'"]}
{"cpu_time": 0.2344353199005127, "total_cpu_time": null, "wallclock_time": 0.2521798610687256, "evaluations": 1, "cost": 4.548446548419077, "incumbent": ["pca_whiten=''true''", "rf_max_features='0.5'", "rf_n_estimators='10'"]}
{"cpu_time": 1.1332495212554932, "total_cpu_time": null, "wallclock_time": 1.1843781471252441, "evaluations": 2, "cost": 1.6236913944154627, "incumbent": ["pca_whiten=''true''", "rf_max_features='0.6263875900678313'", "rf_n_estimators='178'"]}
{"cpu_time": 2.054612159729004, "total_cpu_time": null, "wallclock_time": 2.1221418380737305, "evaluations": 3, "cost": 1.3562296640115443, "incumbent": ["pca_whiten=''false''", "rf_max_features='0.3021465708060675'", "rf_n_estimators='203'"]}
{"cpu_time": 17.520216941833496, "total_cpu_time": null, "wallclock_time": 18.056294679641724, "evaluations": 19, "cost": 1.2956260412054872, "incumbent": ["pca_whiten=''false''", "rf_max_features='0.5057608880797688'", "rf_n_estimators='254'"]}
{"cpu_time": 28.857006549835205, "total_cpu_time": null, "wallclock_time": 29.855337381362915, "evaluations": 33, "cost": 1.2738163900455768, "incumbent": ["pca_whiten=''true''", "rf_max_features='0.3908563055255074'", "rf_n_estimators='252'"]}
{"cpu_time": 74.7315604686737, "total_cpu_time": null, "wallclock_time": 77.59824967384338, "evaluations": 89, "cost": 1.2247461553851824, "incumbent": ["pca_whiten=''true''", "rf_max_features='0.662916047774426'", "rf_n_estimators='285'"]}
{"cpu_time": 134.28932976722717, "total_cpu_time": null, "wallclock_time": 139.33999061584473, "evaluations": 152, "cost": 1.1986100147146932, "incumbent": ["pca_whiten=''true''", "rf_max_features='0.31771770260277865'", "rf_n_estimators='295'"]}
