{"cpu_time": 0, "total_cpu_time": null, "wallclock_time": 0.00011014938354492188, "evaluations": 0, "cost": 2147483648, "incumbent": ["pca_whiten=''true''", "rf_max_features='0.5'", "rf_n_estimators='10'"]}
{"cpu_time": 1.806884765625, "total_cpu_time": null, "wallclock_time": 1.8862297534942627, "evaluations": 1, "cost": 0.9129817265026935, "incumbent": ["pca_whiten=''true''", "rf_max_features='0.5'", "rf_n_estimators='10'"]}
{"cpu_time": 6.146841764450073, "total_cpu_time": null, "wallclock_time": 6.269512414932251, "evaluations": 2, "cost": 0.4684840166051336, "incumbent": ["pca_whiten=''true''", "rf_max_features='0.6263875900678313'", "rf_n_estimators='178'"]}
{"cpu_time": 10.145881652832031, "total_cpu_time": null, "wallclock_time": 10.30994987487793, "evaluations": 3, "cost": 0.418578455316726, "incumbent": ["pca_whiten=''false''", "rf_max_features='0.3021465708060675'", "rf_n_estimators='203'"]}
{"cpu_time": 14.368510484695435, "total_cpu_time": null, "wallclock_time": 14.616954326629639, "evaluations": 4, "cost": 0.4176425266336041, "incumbent": ["pca_whiten=''true''", "rf_max_features='0.30586418148323496'", "rf_n_estimators='221'"]}
{"cpu_time": 19.786226749420166, "total_cpu_time": null, "wallclock_time": 20.12725281715393, "evaluations": 5, "cost": 0.4090734436396843, "incumbent": ["pca_whiten=''true''", "rf_max_features='0.6948449041611862'", "rf_n_estimators='249'"]}
{"cpu_time": 97.19666075706482, "total_cpu_time": null, "wallclock_time": 99.2453441619873, "evaluations": 26, "cost": 0.4068116682971783, "incumbent": ["pca_whiten=''false''", "rf_max_features='0.5030500749725471'", "rf_n_estimators='285'"]}
{"cpu_time": 100.15144181251526, "total_cpu_time": null, "wallclock_time": 102.25422978401184, "evaluations": 27, "cost": 0.40371573496633806, "incumbent": ["pca_whiten=''false''", "rf_max_features='0.47462449136627766'", "rf_n_estimators='69'"]}
