{"cpu_time": 0, "total_cpu_time": null, "wallclock_time": 5.3882598876953125e-05, "evaluations": 0, "cost": 2147483648, "incumbent": ["haralick_distance='1'"]}
{"cpu_time": 100000.10152053833, "total_cpu_time": null, "wallclock_time": 100000.10645675659, "evaluations": 1, "cost": 2147483647.0, "incumbent": ["haralick_distance='1'"]}
