{"cpu_time": 0, "total_cpu_time": null, "wallclock_time": 6.365776062011719e-05, "evaluations": 0, "cost": 2147483648, "incumbent": ["pca_whiten=''true''"]}
{"cpu_time": 0.8133246898651123, "total_cpu_time": null, "wallclock_time": 0.8659889698028564, "evaluations": 1, "cost": 13.189454582821119, "incumbent": ["pca_whiten=''true''"]}
