{"cpu_time": 0, "total_cpu_time": null, "wallclock_time": 9.250640869140625e-05, "evaluations": 0, "cost": 2147483648, "incumbent": ["pca_whiten=''true''", "rf_max_features='0.5'", "rf_n_estimators='10'"]}
{"cpu_time": 0.8699941635131836, "total_cpu_time": null, "wallclock_time": 0.8993411064147949, "evaluations": 1, "cost": 1.443112396983156, "incumbent": ["pca_whiten=''true''", "rf_max_features='0.5'", "rf_n_estimators='10'"]}
{"cpu_time": 2.5191256999969482, "total_cpu_time": null, "wallclock_time": 2.5810322761535645, "evaluations": 2, "cost": 0.5286668484719326, "incumbent": ["pca_whiten=''true''", "rf_max_features='0.6263875900678313'", "rf_n_estimators='178'"]}
{"cpu_time": 27.29007315635681, "total_cpu_time": null, "wallclock_time": 27.765069723129272, "evaluations": 16, "cost": 0.5284614497424639, "incumbent": ["pca_whiten=''false''", "rf_max_features='0.49835159736611473'", "rf_n_estimators='215'"]}
