{"cpu_time": 0, "total_cpu_time": null, "wallclock_time": 0.00011730194091796875, "evaluations": 0, "cost": 2147483648, "incumbent": ["isomap_n_components='2'", "isomap_n_neighbors='5'", "svm_C='1.0'", "svm_gamma='1.0'"]}
{"cpu_time": 0.9663677215576172, "total_cpu_time": null, "wallclock_time": 1.0066659450531006, "evaluations": 1, "cost": 0.9442135781232146, "incumbent": ["isomap_n_components='2'", "isomap_n_neighbors='5'", "svm_C='1.0'", "svm_gamma='1.0'"]}
{"cpu_time": 46.84702801704407, "total_cpu_time": null, "wallclock_time": 49.88345408439636, "evaluations": 42, "cost": 0.9410232862253617, "incumbent": ["isomap_n_components='4'", "isomap_n_neighbors='5'", "svm_C='31.309951315950325'", "svm_gamma='0.10551731100947377'"]}
{"cpu_time": 49.08886694908142, "total_cpu_time": null, "wallclock_time": 52.246726512908936, "evaluations": 44, "cost": 0.9398630803623295, "incumbent": ["isomap_n_components='4'", "isomap_n_neighbors='4'", "svm_C='4.916305206952001'", "svm_gamma='1.140897471470223'"]}
{"cpu_time": 51.245102405548096, "total_cpu_time": null, "wallclock_time": 54.58934187889099, "evaluations": 46, "cost": 0.9386264903377661, "incumbent": ["isomap_n_components='4'", "isomap_n_neighbors='4'", "svm_C='2.2664549044864986'", "svm_gamma='1.1571622655839886'"]}
{"cpu_time": 81.70000553131104, "total_cpu_time": null, "wallclock_time": 87.44246006011963, "evaluations": 73, "cost": 0.9369341284551777, "incumbent": ["isomap_n_components='4'", "isomap_n_neighbors='5'", "svm_C='4.827457185649884'", "svm_gamma='0.4491366879245875'"]}
{"cpu_time": 103.62013006210327, "total_cpu_time": null, "wallclock_time": 111.2238974571228, "evaluations": 93, "cost": 0.9260361605941787, "incumbent": ["isomap_n_components='4'", "isomap_n_neighbors='7'", "svm_C='4.827457185649884'", "svm_gamma='0.4491366879245875'"]}
{"cpu_time": 117.62348461151123, "total_cpu_time": null, "wallclock_time": 126.53290033340454, "evaluations": 106, "cost": 0.9202768924754036, "incumbent": ["isomap_n_components='4'", "isomap_n_neighbors='7'", "svm_C='2.1255340972379377'", "svm_gamma='0.4491366879245875'"]}
{"cpu_time": 120.5887176990509, "total_cpu_time": null, "wallclock_time": 129.68272376060486, "evaluations": 109, "cost": 0.9155099886674201, "incumbent": ["isomap_n_components='4'", "isomap_n_neighbors='7'", "svm_C='5.950626172078763'", "svm_gamma='0.20160904346959127'"]}
{"cpu_time": 130.65270948410034, "total_cpu_time": null, "wallclock_time": 140.53622364997864, "evaluations": 118, "cost": 0.9146185655676756, "incumbent": ["isomap_n_components='4'", "isomap_n_neighbors='7'", "svm_C='12.881886137152701'", "svm_gamma='0.11153861679951571'"]}
{"cpu_time": 132.9456226825714, "total_cpu_time": null, "wallclock_time": 142.99371361732483, "evaluations": 120, "cost": 0.912135510358207, "incumbent": ["isomap_n_components='4'", "isomap_n_neighbors='7'", "svm_C='12.881886137152701'", "svm_gamma='0.16322334535800312'"]}
