{"cpu_time": 0, "total_cpu_time": null, "wallclock_time": 0.00013399124145507812, "evaluations": 0, "cost": 2147483648, "incumbent": ["haralick_distance='1'", "pca_whiten=''true''", "svm_C='1.0'", "svm_gamma='1.0'"]}
{"cpu_time": 35.67548394203186, "total_cpu_time": null, "wallclock_time": 35.6931676864624, "evaluations": 1, "cost": 0.4411982466956006, "incumbent": ["haralick_distance='1'", "pca_whiten=''true''", "svm_C='1.0'", "svm_gamma='1.0'"]}
{"cpu_time": 108.27749347686768, "total_cpu_time": null, "wallclock_time": 108.35650849342346, "evaluations": 3, "cost": 0.4276334831597479, "incumbent": ["haralick_distance='2'", "pca_whiten=''true''", "svm_C='39.719968193911264'", "svm_gamma='0.8615789437416754'"]}
{"cpu_time": 144.13002252578735, "total_cpu_time": null, "wallclock_time": 144.2577862739563, "evaluations": 4, "cost": 0.4247097567413191, "incumbent": ["haralick_distance='2'", "pca_whiten=''false''", "svm_C='94.9905651574113'", "svm_gamma='3.631679204640188'"]}
{"cpu_time": 179.74053359031677, "total_cpu_time": null, "wallclock_time": 179.8865578174591, "evaluations": 5, "cost": 0.40285034430518724, "incumbent": ["haralick_distance='2'", "pca_whiten=''true''", "svm_C='12.315572158398975'", "svm_gamma='6.564879332003558'"]}
{"cpu_time": 348.8701682090759, "total_cpu_time": null, "wallclock_time": 349.20673632621765, "evaluations": 10, "cost": 0.40170034802874016, "incumbent": ["haralick_distance='2'", "pca_whiten=''false''", "svm_C='8.21064732064458'", "svm_gamma='7.931137221459935'"]}
{"cpu_time": 723.8429267406464, "total_cpu_time": null, "wallclock_time": 724.6122224330902, "evaluations": 22, "cost": 0.3874838591425624, "incumbent": ["haralick_distance='2'", "pca_whiten=''false''", "svm_C='6.80877914596117'", "svm_gamma='7.784948118289436'"]}
{"cpu_time": 1822.4676518440247, "total_cpu_time": null, "wallclock_time": 1824.5280373096466, "evaluations": 57, "cost": 0.3848293752738588, "incumbent": ["haralick_distance='2'", "pca_whiten=''true''", "svm_C='27.24524229111689'", "svm_gamma='0.24212889856303837'"]}
{"cpu_time": 2543.1173799037933, "total_cpu_time": null, "wallclock_time": 2546.055723667145, "evaluations": 80, "cost": 0.3826231768108029, "incumbent": ["haralick_distance='2'", "pca_whiten=''true''", "svm_C='1.2489337841218033'", "svm_gamma='0.3015289479377177'"]}
{"cpu_time": 3044.3495948314667, "total_cpu_time": null, "wallclock_time": 3047.9084417819977, "evaluations": 96, "cost": 0.38256803020307656, "incumbent": ["haralick_distance='2'", "pca_whiten=''true''", "svm_C='7.309156380648433'", "svm_gamma='0.3015289479377177'"]}
{"cpu_time": 3607.6723425388336, "total_cpu_time": null, "wallclock_time": 3611.947685241699, "evaluations": 114, "cost": 0.38095099017518824, "incumbent": ["haralick_distance='2'", "pca_whiten=''true''", "svm_C='7.309156380648433'", "svm_gamma='0.17992130173949436'"]}
{"cpu_time": 5587.155637264252, "total_cpu_time": null, "wallclock_time": 5594.127968549728, "evaluations": 180, "cost": 0.3808443551099358, "incumbent": ["haralick_distance='2'", "pca_whiten=''true''", "svm_C='4.937477063954837'", "svm_gamma='0.225214673900249'"]}
{"cpu_time": 5900.7403955459595, "total_cpu_time": null, "wallclock_time": 5908.090593099594, "evaluations": 191, "cost": 0.378795822739222, "incumbent": ["haralick_distance='2'", "pca_whiten=''true''", "svm_C='5.279428591822814'", "svm_gamma='0.2187269309426196'"]}
{"cpu_time": 5929.17808175087, "total_cpu_time": null, "wallclock_time": 5936.58533000946, "evaluations": 192, "cost": 0.3753078449597574, "incumbent": ["haralick_distance='2'", "pca_whiten=''true''", "svm_C='7.273061095607027'", "svm_gamma='0.26159561952948235'"]}
