{"cpu_time": 0, "total_cpu_time": null, "wallclock_time": 0.00011944770812988281, "evaluations": 0, "cost": 2147483648, "incumbent": ["pca_whiten=''true''", "rf_max_features='0.5'", "rf_n_estimators='10'"]}
{"cpu_time": 1.8303310871124268, "total_cpu_time": null, "wallclock_time": 1.9029433727264404, "evaluations": 1, "cost": 1.4120719389647949, "incumbent": ["pca_whiten=''true''", "rf_max_features='0.5'", "rf_n_estimators='10'"]}
{"cpu_time": 6.7059245109558105, "total_cpu_time": null, "wallclock_time": 6.87188720703125, "evaluations": 2, "cost": 0.5345235628530287, "incumbent": ["pca_whiten=''true''", "rf_max_features='0.6263875900678313'", "rf_n_estimators='178'"]}
{"cpu_time": 224.02597832679749, "total_cpu_time": null, "wallclock_time": 229.6757583618164, "evaluations": 51, "cost": 0.5335215487708639, "incumbent": ["pca_whiten=''true''", "rf_max_features='0.463910483675083'", "rf_n_estimators='269'"]}
