{"cpu_time": 0, "total_cpu_time": null, "wallclock_time": 0.00015234947204589844, "evaluations": 0, "cost": 2147483648, "incumbent": ["isomap_n_components='2'", "isomap_n_neighbors='5'", "rf_max_features='0.5'", "rf_n_estimators='10'"]}
{"cpu_time": 1.996492624282837, "total_cpu_time": null, "wallclock_time": 2.0617947578430176, "evaluations": 1, "cost": 2.047600927633717, "incumbent": ["isomap_n_components='2'", "isomap_n_neighbors='5'", "rf_max_features='0.5'", "rf_n_estimators='10'"]}
{"cpu_time": 5.118756294250488, "total_cpu_time": null, "wallclock_time": 5.257981061935425, "evaluations": 2, "cost": 0.9359673490778183, "incumbent": ["isomap_n_components='2'", "isomap_n_neighbors='7'", "rf_max_features='0.7705914184339647'", "rf_n_estimators='220'"]}
{"cpu_time": 7.73868989944458, "total_cpu_time": null, "wallclock_time": 7.900622606277466, "evaluations": 3, "cost": 0.5305686216747804, "incumbent": ["isomap_n_components='4'", "isomap_n_neighbors='5'", "rf_max_features='0.42825496760388254'", "rf_n_estimators='109'"]}
{"cpu_time": 60.713841676712036, "total_cpu_time": null, "wallclock_time": 62.466264486312866, "evaluations": 21, "cost": 0.5209844761457455, "incumbent": ["isomap_n_components='4'", "isomap_n_neighbors='6'", "rf_max_features='0.3908563055255074'", "rf_n_estimators='252'"]}
{"cpu_time": 67.82489562034607, "total_cpu_time": null, "wallclock_time": 69.80793786048889, "evaluations": 23, "cost": 0.497058772689513, "incumbent": ["isomap_n_components='4'", "isomap_n_neighbors='7'", "rf_max_features='0.6343316352444657'", "rf_n_estimators='296'"]}
{"cpu_time": 89.0510094165802, "total_cpu_time": null, "wallclock_time": 91.7382550239563, "evaluations": 30, "cost": 0.4594684117802789, "incumbent": ["isomap_n_components='4'", "isomap_n_neighbors='7'", "rf_max_features='0.3796734645128209'", "rf_n_estimators='289'"]}
{"cpu_time": 113.44842481613159, "total_cpu_time": null, "wallclock_time": 116.6902596950531, "evaluations": 37, "cost": 0.45030604685658454, "incumbent": ["isomap_n_components='4'", "isomap_n_neighbors='7'", "rf_max_features='0.46859709749464196'", "rf_n_estimators='281'"]}
{"cpu_time": 174.35421109199524, "total_cpu_time": null, "wallclock_time": 179.52721667289734, "evaluations": 56, "cost": 0.4501874455970693, "incumbent": ["isomap_n_components='4'", "isomap_n_neighbors='7'", "rf_max_features='0.3415385971121694'", "rf_n_estimators='281'"]}
{"cpu_time": 385.3349823951721, "total_cpu_time": null, "wallclock_time": 396.8818738460541, "evaluations": 122, "cost": 0.44825626968699833, "incumbent": ["isomap_n_components='4'", "isomap_n_neighbors='7'", "rf_max_features='0.3294259763499152'", "rf_n_estimators='300'"]}
{"cpu_time": 656.7501966953278, "total_cpu_time": null, "wallclock_time": 677.0170755386353, "evaluations": 204, "cost": 0.44188793907027746, "incumbent": ["isomap_n_components='4'", "isomap_n_neighbors='7'", "rf_max_features='0.561894546038598'", "rf_n_estimators='270'"]}
{"cpu_time": 805.5797436237335, "total_cpu_time": null, "wallclock_time": 831.1574416160583, "evaluations": 248, "cost": 0.44104004171542943, "incumbent": ["isomap_n_components='4'", "isomap_n_neighbors='7'", "rf_max_features='0.5128606814356075'", "rf_n_estimators='270'"]}
