{"cpu_time": 0, "total_cpu_time": null, "wallclock_time": 0.00010371208190917969, "evaluations": 0, "cost": 2147483648, "incumbent": ["isomap_n_components='2'", "isomap_n_neighbors='5'", "rf_max_features='0.5'", "rf_n_estimators='10'"]}
{"cpu_time": 0.4760582447052002, "total_cpu_time": null, "wallclock_time": 0.490250825881958, "evaluations": 1, "cost": 7.506939411113265, "incumbent": ["isomap_n_components='2'", "isomap_n_neighbors='5'", "rf_max_features='0.5'", "rf_n_estimators='10'"]}
{"cpu_time": 1.6993956565856934, "total_cpu_time": null, "wallclock_time": 1.7561323642730713, "evaluations": 2, "cost": 2.914912095811408, "incumbent": ["isomap_n_components='2'", "isomap_n_neighbors='7'", "rf_max_features='0.7705914184339647'", "rf_n_estimators='220'"]}
{"cpu_time": 2.521716594696045, "total_cpu_time": null, "wallclock_time": 2.5956332683563232, "evaluations": 3, "cost": 1.2464815456377991, "incumbent": ["isomap_n_components='4'", "isomap_n_neighbors='5'", "rf_max_features='0.42825496760388254'", "rf_n_estimators='109'"]}
{"cpu_time": 6.2165162563323975, "total_cpu_time": null, "wallclock_time": 6.417522430419922, "evaluations": 7, "cost": 1.16269569806686, "incumbent": ["isomap_n_components='4'", "isomap_n_neighbors='3'", "rf_max_features='0.49447053546536157'", "rf_n_estimators='97'"]}
{"cpu_time": 17.75098967552185, "total_cpu_time": null, "wallclock_time": 18.491230010986328, "evaluations": 21, "cost": 1.0996507922758754, "incumbent": ["isomap_n_components='4'", "isomap_n_neighbors='6'", "rf_max_features='0.3908563055255074'", "rf_n_estimators='252'"]}
{"cpu_time": 19.887049913406372, "total_cpu_time": null, "wallclock_time": 20.69557499885559, "evaluations": 23, "cost": 0.9913620136365416, "incumbent": ["isomap_n_components='4'", "isomap_n_neighbors='7'", "rf_max_features='0.6343316352444657'", "rf_n_estimators='296'"]}
{"cpu_time": 58.83973264694214, "total_cpu_time": null, "wallclock_time": 61.4709415435791, "evaluations": 63, "cost": 0.9810452018089597, "incumbent": ["isomap_n_components='4'", "isomap_n_neighbors='5'", "rf_max_features='0.4927977304614916'", "rf_n_estimators='196'"]}
