{"cpu_time": 0, "total_cpu_time": null, "wallclock_time": 0.0001468658447265625, "evaluations": 0, "cost": 2147483648, "incumbent": ["haralick_distance='1'", "isomap_n_components='2'", "isomap_n_neighbors='5'", "svm_C='1.0'", "svm_gamma='1.0'"]}
{"cpu_time": 84.31895208358765, "total_cpu_time": null, "wallclock_time": 84.37919187545776, "evaluations": 1, "cost": 0.20445479891093843, "incumbent": ["haralick_distance='1'", "isomap_n_components='2'", "isomap_n_neighbors='5'", "svm_C='1.0'", "svm_gamma='1.0'"]}
{"cpu_time": 3511.0327858924866, "total_cpu_time": null, "wallclock_time": 3518.9959106445312, "evaluations": 50, "cost": 0.20344013598271046, "incumbent": ["haralick_distance='1'", "isomap_n_components='3'", "isomap_n_neighbors='7'", "svm_C='1.2445948629900987'", "svm_gamma='1.4691875038414781'"]}
{"cpu_time": 5045.116086959839, "total_cpu_time": null, "wallclock_time": 5056.449679374695, "evaluations": 75, "cost": 0.18707540733825578, "incumbent": ["haralick_distance='1'", "isomap_n_components='4'", "isomap_n_neighbors='7'", "svm_C='2.064367019269352'", "svm_gamma='0.08755280509092579'"]}
{"cpu_time": 7311.087099313736, "total_cpu_time": null, "wallclock_time": 7328.505963087082, "evaluations": 112, "cost": 0.18516789614725218, "incumbent": ["haralick_distance='1'", "isomap_n_components='4'", "isomap_n_neighbors='7'", "svm_C='1.2445948629900987'", "svm_gamma='0.09310556430446135'"]}
{"cpu_time": 10900.611133813858, "total_cpu_time": null, "wallclock_time": 10927.41064286232, "evaluations": 190, "cost": 0.18411819902153947, "incumbent": ["haralick_distance='1'", "isomap_n_components='4'", "isomap_n_neighbors='7'", "svm_C='0.2811906816593014'", "svm_gamma='0.3465390483497415'"]}
{"cpu_time": 11890.34959936142, "total_cpu_time": null, "wallclock_time": 11919.566282272339, "evaluations": 222, "cost": 0.18405487416862135, "incumbent": ["haralick_distance='1'", "isomap_n_components='4'", "isomap_n_neighbors='7'", "svm_C='0.1986001552141083'", "svm_gamma='0.9854930581692634'"]}
{"cpu_time": 12321.329822778702, "total_cpu_time": null, "wallclock_time": 12351.62888431549, "evaluations": 236, "cost": 0.18307483821374368, "incumbent": ["haralick_distance='1'", "isomap_n_components='4'", "isomap_n_neighbors='7'", "svm_C='0.2811906816593014'", "svm_gamma='0.4960812662009715'"]}
{"cpu_time": 13441.235913276672, "total_cpu_time": null, "wallclock_time": 13474.453630924225, "evaluations": 272, "cost": 0.18302179903324398, "incumbent": ["haralick_distance='1'", "isomap_n_components='4'", "isomap_n_neighbors='7'", "svm_C='0.1986001552141083'", "svm_gamma='0.4902501208603101'"]}
{"cpu_time": 14311.2651283741, "total_cpu_time": null, "wallclock_time": 14346.792028903961, "evaluations": 300, "cost": 0.1812889908884596, "incumbent": ["haralick_distance='1'", "isomap_n_components='4'", "isomap_n_neighbors='7'", "svm_C='0.1986001552141083'", "svm_gamma='0.2814782141565046'"]}
