{"cpu_time": 0, "total_cpu_time": null, "wallclock_time": 7.486343383789062e-05, "evaluations": 0, "cost": 2147483648, "incumbent": ["pca_whiten=''true''"]}
{"cpu_time": 3.012117385864258, "total_cpu_time": null, "wallclock_time": 3.1048905849456787, "evaluations": 1, "cost": 5.1071364277687925, "incumbent": ["pca_whiten=''true''"]}
{"cpu_time": 4.697764873504639, "total_cpu_time": null, "wallclock_time": 5.04288911819458, "evaluations": 2, "cost": 4.8110705478981375, "incumbent": ["pca_whiten=''false''"]}
