{"cpu_time": 0, "total_cpu_time": null, "wallclock_time": 0.00016164779663085938, "evaluations": 0, "cost": 2147483648, "incumbent": ["isomap_n_components='2'", "isomap_n_neighbors='5'", "svm_C='1.0'", "svm_gamma='1.0'"]}
{"cpu_time": 2.730435848236084, "total_cpu_time": null, "wallclock_time": 2.862091302871704, "evaluations": 1, "cost": 0.3106931107355972, "incumbent": ["isomap_n_components='2'", "isomap_n_neighbors='5'", "svm_C='1.0'", "svm_gamma='1.0'"]}
{"cpu_time": 5.2642645835876465, "total_cpu_time": null, "wallclock_time": 5.655039548873901, "evaluations": 2, "cost": 0.30786896816895465, "incumbent": ["isomap_n_components='2'", "isomap_n_neighbors='7'", "svm_C='94.12416540310615'", "svm_gamma='5.804177494310886'"]}
{"cpu_time": 7.74375581741333, "total_cpu_time": null, "wallclock_time": 8.305915832519531, "evaluations": 3, "cost": 0.3036966954323333, "incumbent": ["isomap_n_components='4'", "isomap_n_neighbors='5'", "svm_C='25.725342527255737'", "svm_gamma='2.7907769724696707'"]}
{"cpu_time": 26.3400981426239, "total_cpu_time": null, "wallclock_time": 28.09551167488098, "evaluations": 11, "cost": 0.30182444530162256, "incumbent": ["isomap_n_components='4'", "isomap_n_neighbors='5'", "svm_C='90.54227226407072'", "svm_gamma='3.6001724529254275'"]}
{"cpu_time": 69.91635918617249, "total_cpu_time": null, "wallclock_time": 74.97842001914978, "evaluations": 30, "cost": 0.3017385087729725, "incumbent": ["isomap_n_components='4'", "isomap_n_neighbors='5'", "svm_C='78.69219846834976'", "svm_gamma='3.251484135215212'"]}
{"cpu_time": 76.82514214515686, "total_cpu_time": null, "wallclock_time": 82.23822498321533, "evaluations": 33, "cost": 0.3004492862692535, "incumbent": ["isomap_n_components='3'", "isomap_n_neighbors='7'", "svm_C='93.71884818797504'", "svm_gamma='2.115457129688539'"]}
{"cpu_time": 147.43020844459534, "total_cpu_time": null, "wallclock_time": 158.33443641662598, "evaluations": 62, "cost": 0.3001669269812253, "incumbent": ["isomap_n_components='4'", "isomap_n_neighbors='5'", "svm_C='75.89979344192508'", "svm_gamma='7.98425094468391'"]}
{"cpu_time": 181.27617597579956, "total_cpu_time": null, "wallclock_time": 194.7123568058014, "evaluations": 76, "cost": 0.29699200493490574, "incumbent": ["isomap_n_components='4'", "isomap_n_neighbors='6'", "svm_C='49.105606249833954'", "svm_gamma='1.0840770631652596'"]}
{"cpu_time": 252.77446293830872, "total_cpu_time": null, "wallclock_time": 271.8631763458252, "evaluations": 106, "cost": 0.29600167002478645, "incumbent": ["isomap_n_components='4'", "isomap_n_neighbors='6'", "svm_C='65.75440490774602'", "svm_gamma='1.2078814112912672'"]}
{"cpu_time": 266.59692668914795, "total_cpu_time": null, "wallclock_time": 286.6796510219574, "evaluations": 112, "cost": 0.295076598737027, "incumbent": ["isomap_n_components='4'", "isomap_n_neighbors='6'", "svm_C='52.384231312034345'", "svm_gamma='1.0840770631652596'"]}
{"cpu_time": 310.0740683078766, "total_cpu_time": null, "wallclock_time": 334.36860704421997, "evaluations": 130, "cost": 0.29416306993558106, "incumbent": ["isomap_n_components='4'", "isomap_n_neighbors='6'", "svm_C='52.384231312034345'", "svm_gamma='1.1419810060570332'"]}
{"cpu_time": 493.6679358482361, "total_cpu_time": null, "wallclock_time": 532.2658569812775, "evaluations": 210, "cost": 0.2919901830513198, "incumbent": ["isomap_n_components='4'", "isomap_n_neighbors='6'", "svm_C='52.4093968038811'", "svm_gamma='0.9109731261017099'"]}
