{"cpu_time": 0, "total_cpu_time": null, "wallclock_time": 0.0002620220184326172, "evaluations": 0, "cost": 2147483648, "incumbent": ["isomap_n_components='2'", "isomap_n_neighbors='5'", "svm_C='1.0'", "svm_gamma='1.0'"]}
{"cpu_time": 0.6594462394714355, "total_cpu_time": null, "wallclock_time": 0.6835107803344727, "evaluations": 1, "cost": 0.9469708083493767, "incumbent": ["isomap_n_components='2'", "isomap_n_neighbors='5'", "svm_C='1.0'", "svm_gamma='1.0'"]}
{"cpu_time": 4.6098246574401855, "total_cpu_time": null, "wallclock_time": 4.98137354850769, "evaluations": 7, "cost": 0.9392092050178699, "incumbent": ["isomap_n_components='4'", "isomap_n_neighbors='3'", "svm_C='38.955212985979244'", "svm_gamma='2.443593951042488'"]}
{"cpu_time": 5.238245010375977, "total_cpu_time": null, "wallclock_time": 5.736103057861328, "evaluations": 8, "cost": 0.938014584371475, "incumbent": ["isomap_n_components='3'", "isomap_n_neighbors='5'", "svm_C='69.02728843021396'", "svm_gamma='0.6751977358579749'"]}
{"cpu_time": 17.307926416397095, "total_cpu_time": null, "wallclock_time": 19.02962374687195, "evaluations": 27, "cost": 0.9313263460659189, "incumbent": ["isomap_n_components='4'", "isomap_n_neighbors='7'", "svm_C='4.276488422228812'", "svm_gamma='1.9701559174126142'"]}
{"cpu_time": 17.92085576057434, "total_cpu_time": null, "wallclock_time": 19.734124660491943, "evaluations": 28, "cost": 0.9119163189055065, "incumbent": ["isomap_n_components='4'", "isomap_n_neighbors='7'", "svm_C='15.074303633283366'", "svm_gamma='0.10002923534643868'"]}
{"cpu_time": 25.388115167617798, "total_cpu_time": null, "wallclock_time": 28.0235333442688, "evaluations": 40, "cost": 0.9100254508952661, "incumbent": ["isomap_n_components='4'", "isomap_n_neighbors='7'", "svm_C='40.09577539174119'", "svm_gamma='0.0809256217474786'"]}
{"cpu_time": 31.036577701568604, "total_cpu_time": null, "wallclock_time": 34.244279861450195, "evaluations": 49, "cost": 0.9062402178209362, "incumbent": ["isomap_n_components='4'", "isomap_n_neighbors='6'", "svm_C='38.764381359566265'", "svm_gamma='0.07114679844383232'"]}
{"cpu_time": 32.99724555015564, "total_cpu_time": null, "wallclock_time": 36.490339040756226, "evaluations": 52, "cost": 0.9048052459693648, "incumbent": ["isomap_n_components='4'", "isomap_n_neighbors='7'", "svm_C='74.07258518574913'", "svm_gamma='0.07114679844383232'"]}
{"cpu_time": 41.69082951545715, "total_cpu_time": null, "wallclock_time": 46.15270256996155, "evaluations": 66, "cost": 0.9040457004919431, "incumbent": ["isomap_n_components='4'", "isomap_n_neighbors='7'", "svm_C='66.63865114982391'", "svm_gamma='0.07103999053931757'"]}
