{"cpu_time": 0, "total_cpu_time": null, "wallclock_time": 0.00015091896057128906, "evaluations": 0, "cost": 2147483648, "incumbent": ["isomap_n_components='2'", "isomap_n_neighbors='5'", "rf_max_features='0.5'", "rf_n_estimators='10'"]}
{"cpu_time": 2.1863200664520264, "total_cpu_time": null, "wallclock_time": 2.2005999088287354, "evaluations": 1, "cost": 3.1010436522591522, "incumbent": ["isomap_n_components='2'", "isomap_n_neighbors='5'", "rf_max_features='0.5'", "rf_n_estimators='10'"]}
{"cpu_time": 5.340331315994263, "total_cpu_time": null, "wallclock_time": 5.416053771972656, "evaluations": 2, "cost": 1.0181536862590055, "incumbent": ["isomap_n_components='2'", "isomap_n_neighbors='7'", "rf_max_features='0.7705914184339647'", "rf_n_estimators='220'"]}
{"cpu_time": 13.8199143409729, "total_cpu_time": null, "wallclock_time": 14.04709243774414, "evaluations": 5, "cost": 0.9668851739498794, "incumbent": ["isomap_n_components='2'", "isomap_n_neighbors='7'", "rf_max_features='0.6019740786883476'", "rf_n_estimators='186'"]}
{"cpu_time": 39.670631647109985, "total_cpu_time": null, "wallclock_time": 40.58018398284912, "evaluations": 14, "cost": 0.8910013695706586, "incumbent": ["isomap_n_components='3'", "isomap_n_neighbors='7'", "rf_max_features='0.40769090476156594'", "rf_n_estimators='263'"]}
{"cpu_time": 57.20698952674866, "total_cpu_time": null, "wallclock_time": 58.74050831794739, "evaluations": 20, "cost": 0.857285614733098, "incumbent": ["isomap_n_components='4'", "isomap_n_neighbors='7'", "rf_max_features='0.4673271559659551'", "rf_n_estimators='102'"]}
{"cpu_time": 61.172913551330566, "total_cpu_time": null, "wallclock_time": 62.76581144332886, "evaluations": 21, "cost": 0.8105508331118371, "incumbent": ["isomap_n_components='4'", "isomap_n_neighbors='6'", "rf_max_features='0.3908563055255074'", "rf_n_estimators='252'"]}
{"cpu_time": 109.00209784507751, "total_cpu_time": null, "wallclock_time": 111.97027087211609, "evaluations": 37, "cost": 0.7420506423895313, "incumbent": ["isomap_n_components='4'", "isomap_n_neighbors='7'", "rf_max_features='0.46859709749464196'", "rf_n_estimators='281'"]}
{"cpu_time": 258.8321144580841, "total_cpu_time": null, "wallclock_time": 268.6612358093262, "evaluations": 93, "cost": 0.6884404626095512, "incumbent": ["isomap_n_components='4'", "isomap_n_neighbors='7'", "rf_max_features='0.3062448175131263'", "rf_n_estimators='298'"]}
{"cpu_time": 331.73785161972046, "total_cpu_time": null, "wallclock_time": 344.46663665771484, "evaluations": 116, "cost": 0.6857286826459886, "incumbent": ["isomap_n_components='4'", "isomap_n_neighbors='7'", "rf_max_features='0.3062448175131263'", "rf_n_estimators='280'"]}
