{"cpu_time": 0, "total_cpu_time": null, "wallclock_time": 0.00012063980102539062, "evaluations": 0, "cost": 2147483648, "incumbent": ["pca_whiten=''true''", "rf_max_features='0.5'", "rf_n_estimators='10'"]}
{"cpu_time": 1.2815403938293457, "total_cpu_time": null, "wallclock_time": 1.3367972373962402, "evaluations": 1, "cost": 0.9121732167969054, "incumbent": ["pca_whiten=''true''", "rf_max_features='0.5'", "rf_n_estimators='10'"]}
{"cpu_time": 4.773244619369507, "total_cpu_time": null, "wallclock_time": 4.879254579544067, "evaluations": 2, "cost": 0.2861627274312161, "incumbent": ["pca_whiten=''true''", "rf_max_features='0.6263875900678313'", "rf_n_estimators='178'"]}
{"cpu_time": 8.015503644943237, "total_cpu_time": null, "wallclock_time": 8.139849662780762, "evaluations": 3, "cost": 0.2844555663351955, "incumbent": ["pca_whiten=''false''", "rf_max_features='0.3021465708060675'", "rf_n_estimators='203'"]}
{"cpu_time": 11.146602630615234, "total_cpu_time": null, "wallclock_time": 11.327035903930664, "evaluations": 4, "cost": 0.2760518528404275, "incumbent": ["pca_whiten=''true''", "rf_max_features='0.30586418148323496'", "rf_n_estimators='221'"]}
{"cpu_time": 30.601338624954224, "total_cpu_time": null, "wallclock_time": 31.050573587417603, "evaluations": 10, "cost": 0.2697532324367754, "incumbent": ["pca_whiten=''true''", "rf_max_features='0.442022127684778'", "rf_n_estimators='40'"]}
