{"cpu_time": 0, "total_cpu_time": null, "wallclock_time": 0.00017976760864257812, "evaluations": 0, "cost": 2147483648, "incumbent": ["haralick_distance='1'", "isomap_n_components='2'", "isomap_n_neighbors='5'", "svm_C='1.0'", "svm_gamma='1.0'"]}
{"cpu_time": 25.65471386909485, "total_cpu_time": null, "wallclock_time": 25.73067879676819, "evaluations": 1, "cost": 0.4766263723002151, "incumbent": ["haralick_distance='1'", "isomap_n_components='2'", "isomap_n_neighbors='5'", "svm_C='1.0'", "svm_gamma='1.0'"]}
{"cpu_time": 186.07169771194458, "total_cpu_time": null, "wallclock_time": 187.22673964500427, "evaluations": 14, "cost": 0.4723134773972921, "incumbent": ["haralick_distance='3'", "isomap_n_components='3'", "isomap_n_neighbors='4'", "svm_C='29.340776123486364'", "svm_gamma='2.1659130878153756'"]}
{"cpu_time": 255.64817190170288, "total_cpu_time": null, "wallclock_time": 257.45001769065857, "evaluations": 20, "cost": 0.4537427617254579, "incumbent": ["haralick_distance='2'", "isomap_n_components='2'", "isomap_n_neighbors='5'", "svm_C='47.65775914454661'", "svm_gamma='2.5281265678817464'"]}
{"cpu_time": 493.4267725944519, "total_cpu_time": null, "wallclock_time": 497.23302936553955, "evaluations": 41, "cost": 0.44783253995566935, "incumbent": ["haralick_distance='2'", "isomap_n_components='2'", "isomap_n_neighbors='5'", "svm_C='68.84716082050046'", "svm_gamma='2.1087808232323737'"]}
{"cpu_time": 574.6257357597351, "total_cpu_time": null, "wallclock_time": 579.3752481937408, "evaluations": 48, "cost": 0.4449854169330309, "incumbent": ["haralick_distance='2'", "isomap_n_components='2'", "isomap_n_neighbors='5'", "svm_C='71.61258352213756'", "svm_gamma='2.5281265678817464'"]}
{"cpu_time": 898.342533826828, "total_cpu_time": null, "wallclock_time": 905.6355140209198, "evaluations": 76, "cost": 0.4330253846124034, "incumbent": ["haralick_distance='2'", "isomap_n_components='2'", "isomap_n_neighbors='5'", "svm_C='98.10497658535978'", "svm_gamma='1.9785212491751591'"]}
{"cpu_time": 1462.2080426216125, "total_cpu_time": null, "wallclock_time": 1473.8567848205566, "evaluations": 125, "cost": 0.42791493461055996, "incumbent": ["haralick_distance='2'", "isomap_n_components='3'", "isomap_n_neighbors='6'", "svm_C='2.339750601361955'", "svm_gamma='2.7110411660137386'"]}
