{"cpu_time": 0, "total_cpu_time": null, "wallclock_time": 0.00011038780212402344, "evaluations": 0, "cost": 2147483648, "incumbent": ["isomap_n_components='2'", "isomap_n_neighbors='5'", "svm_C='0.1'", "svm_gamma='4.005'"]}
{"cpu_time": 0.8063738346099854, "total_cpu_time": null, "wallclock_time": 0.8163487911224365, "evaluations": 1, "cost": 0.5267656715149017, "incumbent": ["isomap_n_components='2'", "isomap_n_neighbors='5'", "svm_C='0.1'", "svm_gamma='4.005'"]}
{"cpu_time": 1.623582124710083, "total_cpu_time": null, "wallclock_time": 1.6642084121704102, "evaluations": 2, "cost": 0.5105526449593145, "incumbent": ["isomap_n_components='2'", "isomap_n_neighbors='7'", "svm_C='25.075000000000003'", "svm_gamma='4.005'"]}
{"cpu_time": 4.827810764312744, "total_cpu_time": null, "wallclock_time": 4.986597537994385, "evaluations": 6, "cost": 0.5080834548891836, "incumbent": ["isomap_n_components='4'", "isomap_n_neighbors='5'", "svm_C='100.0'", "svm_gamma='6.0024999999999995'"]}
{"cpu_time": 8.252081632614136, "total_cpu_time": null, "wallclock_time": 8.548415422439575, "evaluations": 10, "cost": 0.5059976191912307, "incumbent": ["isomap_n_components='3'", "isomap_n_neighbors='6'", "svm_C='25.075000000000003'", "svm_gamma='8.0'"]}
{"cpu_time": 17.242656469345093, "total_cpu_time": null, "wallclock_time": 17.954587697982788, "evaluations": 21, "cost": 0.5006879589320691, "incumbent": ["isomap_n_components='4'", "isomap_n_neighbors='7'", "svm_C='25.075000000000003'", "svm_gamma='2.0075'"]}
{"cpu_time": 61.527809619903564, "total_cpu_time": null, "wallclock_time": 64.26152682304382, "evaluations": 76, "cost": 0.49985626197423, "incumbent": ["isomap_n_components='2'", "isomap_n_neighbors='3'", "svm_C='75.025'", "svm_gamma='8.0'"]}
