{"cpu_time": 0, "total_cpu_time": null, "wallclock_time": 2.7179718017578125e-05, "evaluations": 0, "cost": 2147483648, "incumbent": []}
{"cpu_time": 0.1875169277191162, "total_cpu_time": null, "wallclock_time": 0.2005159854888916, "evaluations": 1, "cost": 3.9228729082861737, "incumbent": []}
