{"cpu_time": 0, "total_cpu_time": null, "wallclock_time": 0.00013017654418945312, "evaluations": 0, "cost": 2147483648, "incumbent": ["isomap_n_components='2'", "isomap_n_neighbors='5'", "svm_C='1.0'", "svm_gamma='1.0'"]}
{"cpu_time": 3.0633673667907715, "total_cpu_time": null, "wallclock_time": 3.1194820404052734, "evaluations": 1, "cost": 0.5064224042262161, "incumbent": ["isomap_n_components='2'", "isomap_n_neighbors='5'", "svm_C='1.0'", "svm_gamma='1.0'"]}
{"cpu_time": 47.49819612503052, "total_cpu_time": null, "wallclock_time": 49.030242681503296, "evaluations": 14, "cost": 0.4643458483953231, "incumbent": ["isomap_n_components='4'", "isomap_n_neighbors='7'", "svm_C='69.60358905684629'", "svm_gamma='0.468344155952727'"]}
{"cpu_time": 121.80513334274292, "total_cpu_time": null, "wallclock_time": 126.24296450614929, "evaluations": 34, "cost": 0.425026136123203, "incumbent": ["isomap_n_components='4'", "isomap_n_neighbors='7'", "svm_C='67.52423337649896'", "svm_gamma='0.03707148111581722'"]}
{"cpu_time": 320.06170129776, "total_cpu_time": null, "wallclock_time": 333.5430841445923, "evaluations": 89, "cost": 0.42398218480537614, "incumbent": ["isomap_n_components='4'", "isomap_n_neighbors='7'", "svm_C='25.61047704126865'", "svm_gamma='0.07152696385076526'"]}
{"cpu_time": 454.9356269836426, "total_cpu_time": null, "wallclock_time": 474.25349617004395, "evaluations": 137, "cost": 0.4237569621108624, "incumbent": ["isomap_n_components='4'", "isomap_n_neighbors='7'", "svm_C='45.60788605914033'", "svm_gamma='0.07152696385076526'"]}
{"cpu_time": 471.0680468082428, "total_cpu_time": null, "wallclock_time": 491.14156007766724, "evaluations": 152, "cost": 0.42245389964348257, "incumbent": ["isomap_n_components='4'", "isomap_n_neighbors='7'", "svm_C='28.44735010482225'", "svm_gamma='0.07152696385076526'"]}
{"cpu_time": 481.88324761390686, "total_cpu_time": null, "wallclock_time": 502.45451259613037, "evaluations": 162, "cost": 0.42196501370740086, "incumbent": ["isomap_n_components='4'", "isomap_n_neighbors='7'", "svm_C='26.828292506695934'", "svm_gamma='0.07152696385076526'"]}
