{"cpu_time": 0, "total_cpu_time": null, "wallclock_time": 0.00014972686767578125, "evaluations": 0, "cost": 2147483648, "incumbent": ["haralick_distance='1'", "pca_whiten=''true''", "rf_max_features='0.5'", "rf_n_estimators='10'"]}
{"cpu_time": 30.684733867645264, "total_cpu_time": null, "wallclock_time": 30.70932912826538, "evaluations": 1, "cost": 4.131613504278392, "incumbent": ["haralick_distance='1'", "pca_whiten=''true''", "rf_max_features='0.5'", "rf_n_estimators='10'"]}
{"cpu_time": 62.66628623008728, "total_cpu_time": null, "wallclock_time": 62.85184669494629, "evaluations": 2, "cost": 2.1909276422363613, "incumbent": ["haralick_distance='1'", "pca_whiten=''true''", "rf_max_features='0.5914675755540864'", "rf_n_estimators='259'"]}
{"cpu_time": 93.38096642494202, "total_cpu_time": null, "wallclock_time": 93.58286547660828, "evaluations": 3, "cost": 2.186454179961365, "incumbent": ["haralick_distance='2'", "pca_whiten=''true''", "rf_max_features='0.49829813910866494'", "rf_n_estimators='39'"]}
{"cpu_time": 122.08859038352966, "total_cpu_time": null, "wallclock_time": 122.38267302513123, "evaluations": 4, "cost": 2.1584521685228846, "incumbent": ["haralick_distance='2'", "pca_whiten=''false''", "rf_max_features='0.7749277535405971'", "rf_n_estimators='140'"]}
{"cpu_time": 158.09766507148743, "total_cpu_time": null, "wallclock_time": 158.46547198295593, "evaluations": 5, "cost": 1.643877576027213, "incumbent": ["haralick_distance='2'", "pca_whiten=''true''", "rf_max_features='0.36113899979178665'", "rf_n_estimators='248'"]}
{"cpu_time": 190.02026414871216, "total_cpu_time": null, "wallclock_time": 190.55820107460022, "evaluations": 6, "cost": 0.35409264718421746, "incumbent": ["haralick_distance='3'", "pca_whiten=''true''", "rf_max_features='0.5831730167358328'", "rf_n_estimators='256'"]}
{"cpu_time": 322.6030025482178, "total_cpu_time": null, "wallclock_time": 323.6274597644806, "evaluations": 10, "cost": 0.3465354441287983, "incumbent": ["haralick_distance='3'", "pca_whiten=''true''", "rf_max_features='0.7730957325519989'", "rf_n_estimators='194'"]}
{"cpu_time": 590.933257818222, "total_cpu_time": null, "wallclock_time": 593.0141017436981, "evaluations": 18, "cost": 0.33814378780406823, "incumbent": ["haralick_distance='3'", "pca_whiten=''false''", "rf_max_features='0.5020251121769599'", "rf_n_estimators='266'"]}
{"cpu_time": 809.2333846092224, "total_cpu_time": null, "wallclock_time": 812.2918865680695, "evaluations": 28, "cost": 0.3316411353500679, "incumbent": ["haralick_distance='3'", "pca_whiten=''false''", "rf_max_features='0.5522070212967214'", "rf_n_estimators='40'"]}
{"cpu_time": 2040.0565295219421, "total_cpu_time": null, "wallclock_time": 2048.917162656784, "evaluations": 85, "cost": 0.2969808367701126, "incumbent": ["haralick_distance='3'", "pca_whiten=''false''", "rf_max_features='0.6242664460108756'", "rf_n_estimators='11'"]}
