{"cpu_time": 0, "total_cpu_time": null, "wallclock_time": 0.00028967857360839844, "evaluations": 0, "cost": 2147483648, "incumbent": ["pca_whiten=''true''", "svm_C='1.0'", "svm_gamma='1.0'"]}
{"cpu_time": 6.327787399291992, "total_cpu_time": null, "wallclock_time": 6.503189325332642, "evaluations": 1, "cost": 0.34052325150935303, "incumbent": ["pca_whiten=''true''", "svm_C='1.0'", "svm_gamma='1.0'"]}
{"cpu_time": 122.7904269695282, "total_cpu_time": null, "wallclock_time": 126.17454648017883, "evaluations": 26, "cost": 0.33258345734027733, "incumbent": ["pca_whiten=''true''", "svm_C='3.6045803785740187'", "svm_gamma='0.36876278069751967'"]}
{"cpu_time": 153.74537229537964, "total_cpu_time": null, "wallclock_time": 157.96468687057495, "evaluations": 33, "cost": 0.32727033034333264, "incumbent": ["pca_whiten=''false''", "svm_C='0.3594048410472618'", "svm_gamma='0.12991660995731794'"]}
{"cpu_time": 205.0383050441742, "total_cpu_time": null, "wallclock_time": 210.42343187332153, "evaluations": 43, "cost": 0.32625924590708083, "incumbent": ["pca_whiten=''true''", "svm_C='0.36304167662155684'", "svm_gamma='0.07407289517163099'"]}
{"cpu_time": 333.2698793411255, "total_cpu_time": null, "wallclock_time": 341.72323870658875, "evaluations": 72, "cost": 0.3262057307470127, "incumbent": ["pca_whiten=''true''", "svm_C='0.3594048410472618'", "svm_gamma='0.12991660995731794'"]}
{"cpu_time": 526.7018463611603, "total_cpu_time": null, "wallclock_time": 540.6890623569489, "evaluations": 115, "cost": 0.32486795852400213, "incumbent": ["pca_whiten=''true''", "svm_C='0.3594048410472618'", "svm_gamma='0.0582608924625755'"]}
{"cpu_time": 808.4471638202667, "total_cpu_time": null, "wallclock_time": 831.4610590934753, "evaluations": 178, "cost": 0.324794870008952, "incumbent": ["pca_whiten=''false''", "svm_C='0.37827879907400075'", "svm_gamma='0.019854703064941814'"]}
{"cpu_time": 833.8608582019806, "total_cpu_time": null, "wallclock_time": 857.4721021652222, "evaluations": 184, "cost": 0.32343326396650024, "incumbent": ["pca_whiten=''false''", "svm_C='0.36304167662155684'", "svm_gamma='0.03773867233275784'"]}
{"cpu_time": 1194.1813695430756, "total_cpu_time": null, "wallclock_time": 1228.822350025177, "evaluations": 264, "cost": 0.3230977704910832, "incumbent": ["pca_whiten=''true''", "svm_C='0.36304167662155684'", "svm_gamma='0.03773867233275784'"]}
