{"cpu_time": 0, "total_cpu_time": null, "wallclock_time": 2.9087066650390625e-05, "evaluations": 0, "cost": 2147483648, "incumbent": []}
{"cpu_time": 0.1737499237060547, "total_cpu_time": null, "wallclock_time": 0.1831369400024414, "evaluations": 1, "cost": 17.74909342516243, "incumbent": []}
