{"cpu_time": 0, "total_cpu_time": null, "wallclock_time": 0.00012373924255371094, "evaluations": 0, "cost": 2147483648, "incumbent": ["isomap_n_components='2'", "isomap_n_neighbors='5'", "svm_C='1.0'", "svm_gamma='1.0'"]}
{"cpu_time": 0.3830525875091553, "total_cpu_time": null, "wallclock_time": 0.39808201789855957, "evaluations": 1, "cost": 1.0085347368853426, "incumbent": ["isomap_n_components='2'", "isomap_n_neighbors='5'", "svm_C='1.0'", "svm_gamma='1.0'"]}
{"cpu_time": 0.7945506572723389, "total_cpu_time": null, "wallclock_time": 0.8508427143096924, "evaluations": 2, "cost": 1.0062592082220407, "incumbent": ["isomap_n_components='2'", "isomap_n_neighbors='7'", "svm_C='94.12416540310615'", "svm_gamma='5.804177494310886'"]}
{"cpu_time": 1.17767333984375, "total_cpu_time": null, "wallclock_time": 1.2497153282165527, "evaluations": 3, "cost": 1.0055358821230553, "incumbent": ["isomap_n_components='4'", "isomap_n_neighbors='5'", "svm_C='25.725342527255737'", "svm_gamma='2.7907769724696707'"]}
{"cpu_time": 2.6910653114318848, "total_cpu_time": null, "wallclock_time": 2.905475616455078, "evaluations": 7, "cost": 1.000062436580331, "incumbent": ["isomap_n_components='4'", "isomap_n_neighbors='3'", "svm_C='38.955212985979244'", "svm_gamma='2.443593951042488'"]}
{"cpu_time": 4.994345664978027, "total_cpu_time": null, "wallclock_time": 5.412679195404053, "evaluations": 13, "cost": 0.9993762727325785, "incumbent": ["isomap_n_components='3'", "isomap_n_neighbors='7'", "svm_C='82.10845963513053'", "svm_gamma='2.675788752665743'"]}
{"cpu_time": 10.54559850692749, "total_cpu_time": null, "wallclock_time": 11.535447120666504, "evaluations": 27, "cost": 0.9990426667691121, "incumbent": ["isomap_n_components='4'", "isomap_n_neighbors='7'", "svm_C='4.276488422228812'", "svm_gamma='1.9701559174126142'"]}
{"cpu_time": 12.666982650756836, "total_cpu_time": null, "wallclock_time": 13.903415441513062, "evaluations": 32, "cost": 0.998026176720721, "incumbent": ["isomap_n_components='3'", "isomap_n_neighbors='7'", "svm_C='79.14594532734574'", "svm_gamma='1.1618850947164387'"]}
{"cpu_time": 13.08398151397705, "total_cpu_time": null, "wallclock_time": 14.336471796035767, "evaluations": 33, "cost": 0.9964577631145479, "incumbent": ["isomap_n_components='3'", "isomap_n_neighbors='7'", "svm_C='93.71884818797504'", "svm_gamma='2.115457129688539'"]}
{"cpu_time": 15.996519565582275, "total_cpu_time": null, "wallclock_time": 17.535706520080566, "evaluations": 40, "cost": 0.993388245918741, "incumbent": ["isomap_n_components='3'", "isomap_n_neighbors='4'", "svm_C='88.6781752834794'", "svm_gamma='0.3703026870145679'"]}
{"cpu_time": 19.87911295890808, "total_cpu_time": null, "wallclock_time": 21.767541646957397, "evaluations": 50, "cost": 0.9930754028531522, "incumbent": ["isomap_n_components='3'", "isomap_n_neighbors='7'", "svm_C='99.72905041179727'", "svm_gamma='0.745174649966515'"]}
{"cpu_time": 20.677146673202515, "total_cpu_time": null, "wallclock_time": 22.64949059486389, "evaluations": 52, "cost": 0.9842623274321564, "incumbent": ["isomap_n_components='3'", "isomap_n_neighbors='5'", "svm_C='97.81395446002125'", "svm_gamma='0.8897584370430045'"]}
{"cpu_time": 25.286896228790283, "total_cpu_time": null, "wallclock_time": 27.77032208442688, "evaluations": 64, "cost": 0.9804995714702107, "incumbent": ["isomap_n_components='3'", "isomap_n_neighbors='6'", "svm_C='88.09093639479003'", "svm_gamma='0.803636592778738'"]}
{"cpu_time": 30.826478242874146, "total_cpu_time": null, "wallclock_time": 33.83672595024109, "evaluations": 78, "cost": 0.9798775461204804, "incumbent": ["isomap_n_components='3'", "isomap_n_neighbors='5'", "svm_C='98.8731151370723'", "svm_gamma='1.0477917366025495'"]}
{"cpu_time": 37.22015619277954, "total_cpu_time": null, "wallclock_time": 40.9363272190094, "evaluations": 94, "cost": 0.9797327453896405, "incumbent": ["isomap_n_components='4'", "isomap_n_neighbors='6'", "svm_C='88.09093639479003'", "svm_gamma='0.803636592778738'"]}
{"cpu_time": 47.714354515075684, "total_cpu_time": null, "wallclock_time": 52.571452140808105, "evaluations": 120, "cost": 0.9769500203013896, "incumbent": ["isomap_n_components='4'", "isomap_n_neighbors='6'", "svm_C='89.06320282035163'", "svm_gamma='0.38643260747831254'"]}
