{"cpu_time": 0, "total_cpu_time": null, "wallclock_time": 0.00010824203491210938, "evaluations": 0, "cost": 2147483648, "incumbent": ["svm_C='1.0'", "svm_gamma='1.0'"]}
{"cpu_time": 3.628558397293091, "total_cpu_time": null, "wallclock_time": 3.683790445327759, "evaluations": 1, "cost": 1.0517124606381594, "incumbent": ["svm_C='1.0'", "svm_gamma='1.0'"]}
{"cpu_time": 40.70930457115173, "total_cpu_time": null, "wallclock_time": 41.487069845199585, "evaluations": 14, "cost": 1.04351525394359, "incumbent": ["svm_C='3.925594627399441'", "svm_gamma='0.3188755939176752'"]}
{"cpu_time": 90.14339566230774, "total_cpu_time": null, "wallclock_time": 91.99422764778137, "evaluations": 35, "cost": 1.0422531876990877, "incumbent": ["svm_C='7.655724892158407'", "svm_gamma='0.3012182766388736'"]}
{"cpu_time": 92.53479099273682, "total_cpu_time": null, "wallclock_time": 94.4672040939331, "evaluations": 36, "cost": 1.0388432896633144, "incumbent": ["svm_C='48.278317436058934'", "svm_gamma='0.21562151406314117'"]}
{"cpu_time": 111.76214957237244, "total_cpu_time": null, "wallclock_time": 114.15447735786438, "evaluations": 44, "cost": 1.0152885277842125, "incumbent": ["svm_C='44.945391696396634'", "svm_gamma='0.0872451846879349'"]}
{"cpu_time": 119.49323558807373, "total_cpu_time": null, "wallclock_time": 122.08547854423523, "evaluations": 48, "cost": 1.007210692385408, "incumbent": ["svm_C='72.67484305939186'", "svm_gamma='0.06919895668243829'"]}
{"cpu_time": 130.49832010269165, "total_cpu_time": null, "wallclock_time": 133.33460021018982, "evaluations": 54, "cost": 0.9895179689962846, "incumbent": ["svm_C='73.25885874206394'", "svm_gamma='0.055708947433793475'"]}
{"cpu_time": 137.94954562187195, "total_cpu_time": null, "wallclock_time": 140.95244216918945, "evaluations": 58, "cost": 0.9875412932132219, "incumbent": ["svm_C='72.30062622517369'", "svm_gamma='0.051739218660108645'"]}
{"cpu_time": 151.0277190208435, "total_cpu_time": null, "wallclock_time": 154.3111732006073, "evaluations": 65, "cost": 0.9331594835200949, "incumbent": ["svm_C='82.46090652001256'", "svm_gamma='0.024078888239942593'"]}
{"cpu_time": 152.823899269104, "total_cpu_time": null, "wallclock_time": 156.17965364456177, "evaluations": 66, "cost": 0.9282830396538199, "incumbent": ["svm_C='67.65242851608512'", "svm_gamma='0.024078888239942593'"]}
{"cpu_time": 169.13020062446594, "total_cpu_time": null, "wallclock_time": 172.86012601852417, "evaluations": 75, "cost": 0.9122693542258365, "incumbent": ["svm_C='66.32015378195284'", "svm_gamma='0.019444110035107647'"]}
{"cpu_time": 170.9106969833374, "total_cpu_time": null, "wallclock_time": 174.69305801391602, "evaluations": 76, "cost": 0.9075293627866438, "incumbent": ["svm_C='60.88703650245127'", "svm_gamma='0.016551226332401442'"]}
{"cpu_time": 188.06682133674622, "total_cpu_time": null, "wallclock_time": 192.2063660621643, "evaluations": 85, "cost": 0.904288642952673, "incumbent": ["svm_C='11.42407882948146'", "svm_gamma='0.016479314822512615'"]}
{"cpu_time": 198.5456259250641, "total_cpu_time": null, "wallclock_time": 202.91609859466553, "evaluations": 91, "cost": 0.9019061235566203, "incumbent": ["svm_C='19.11812220752892'", "svm_gamma='0.016551226332401442'"]}
{"cpu_time": 217.72227597236633, "total_cpu_time": null, "wallclock_time": 222.54096221923828, "evaluations": 99, "cost": 0.8985520991175043, "incumbent": ["svm_C='4.9920343050557285'", "svm_gamma='0.016551226332401442'"]}
{"cpu_time": 317.5224435329437, "total_cpu_time": null, "wallclock_time": 324.92593932151794, "evaluations": 138, "cost": 0.8956656096429344, "incumbent": ["svm_C='2.439423732803336'", "svm_gamma='0.016551226332401442'"]}
{"cpu_time": 499.2032492160797, "total_cpu_time": null, "wallclock_time": 511.49532651901245, "evaluations": 220, "cost": 0.8848139864098888, "incumbent": ["svm_C='44.219006986566974'", "svm_gamma='0.01251396365896318'"]}
{"cpu_time": 564.1491904258728, "total_cpu_time": null, "wallclock_time": 578.2148923873901, "evaluations": 247, "cost": 0.8582220942449341, "incumbent": ["svm_C='95.31096025697204'", "svm_gamma='0.010066792049113555'"]}
{"cpu_time": 579.6585280895233, "total_cpu_time": null, "wallclock_time": 594.1512484550476, "evaluations": 253, "cost": 0.8563991678107907, "incumbent": ["svm_C='82.19138884043113'", "svm_gamma='0.010066792049113555'"]}
