{"cpu_time": 0, "total_cpu_time": null, "wallclock_time": 8.702278137207031e-05, "evaluations": 0, "cost": 2147483648, "incumbent": ["svm_C='0.1'", "svm_gamma='4.005'"]}
{"cpu_time": 1.2579426765441895, "total_cpu_time": null, "wallclock_time": 1.2747535705566406, "evaluations": 1, "cost": 1.0544323459370597, "incumbent": ["svm_C='0.1'", "svm_gamma='4.005'"]}
{"cpu_time": 2.435917377471924, "total_cpu_time": null, "wallclock_time": 2.4841489791870117, "evaluations": 2, "cost": 1.0226861964719107, "incumbent": ["svm_C='100.0'", "svm_gamma='2.0075'"]}
{"cpu_time": 8.301082372665405, "total_cpu_time": null, "wallclock_time": 8.471721887588501, "evaluations": 7, "cost": 1.001568511214856, "incumbent": ["svm_C='50.050000000000004'", "svm_gamma='0.01'"]}
