{"cpu_time": 0, "total_cpu_time": null, "wallclock_time": 0.00021719932556152344, "evaluations": 0, "cost": 2147483648, "incumbent": ["pca_whiten=''true''", "rf_max_features='0.5'", "rf_n_estimators='10'"]}
{"cpu_time": 0.42542576789855957, "total_cpu_time": null, "wallclock_time": 0.45362234115600586, "evaluations": 1, "cost": 4.063762027138522, "incumbent": ["pca_whiten=''true''", "rf_max_features='0.5'", "rf_n_estimators='10'"]}
{"cpu_time": 2.3794870376586914, "total_cpu_time": null, "wallclock_time": 2.4608795642852783, "evaluations": 2, "cost": 1.2811946043426647, "incumbent": ["pca_whiten=''true''", "rf_max_features='0.6263875900678313'", "rf_n_estimators='178'"]}
{"cpu_time": 6.761920928955078, "total_cpu_time": null, "wallclock_time": 6.93063497543335, "evaluations": 4, "cost": 1.1851929610979235, "incumbent": ["pca_whiten=''true''", "rf_max_features='0.30586418148323496'", "rf_n_estimators='221'"]}
