{"cpu_time": 0, "total_cpu_time": null, "wallclock_time": 6.461143493652344e-05, "evaluations": 0, "cost": 2147483648, "incumbent": ["pca_whiten=''true''", "svm_C='0.1'", "svm_gamma='4.005'"]}
{"cpu_time": 0.4217345714569092, "total_cpu_time": null, "wallclock_time": 0.4524655342102051, "evaluations": 1, "cost": 0.5390653426224182, "incumbent": ["pca_whiten=''true''", "svm_C='0.1'", "svm_gamma='4.005'"]}
{"cpu_time": 0.840186357498169, "total_cpu_time": null, "wallclock_time": 0.9021646976470947, "evaluations": 2, "cost": 0.3935683121672753, "incumbent": ["pca_whiten=''true''", "svm_C='100.0'", "svm_gamma='6.0024999999999995'"]}
{"cpu_time": 1.2538785934448242, "total_cpu_time": null, "wallclock_time": 1.3328042030334473, "evaluations": 3, "cost": 0.38226566958046293, "incumbent": ["pca_whiten=''true''", "svm_C='25.075000000000003'", "svm_gamma='4.005'"]}
{"cpu_time": 1.6792175769805908, "total_cpu_time": null, "wallclock_time": 1.80828857421875, "evaluations": 4, "cost": 0.3433501755176784, "incumbent": ["pca_whiten=''true''", "svm_C='75.025'", "svm_gamma='0.01'"]}
{"cpu_time": 2.9720544815063477, "total_cpu_time": null, "wallclock_time": 3.1925816535949707, "evaluations": 7, "cost": 0.34131230035808274, "incumbent": ["pca_whiten=''false''", "svm_C='50.050000000000004'", "svm_gamma='0.01'"]}
{"cpu_time": 4.708263158798218, "total_cpu_time": null, "wallclock_time": 5.066380977630615, "evaluations": 11, "cost": 0.3391542918358137, "incumbent": ["pca_whiten=''false''", "svm_C='25.075000000000003'", "svm_gamma='0.01'"]}
{"cpu_time": 8.572297096252441, "total_cpu_time": null, "wallclock_time": 9.270728349685669, "evaluations": 20, "cost": 0.337950038635499, "incumbent": ["pca_whiten=''true''", "svm_C='25.075000000000003'", "svm_gamma='0.01'"]}
