{"cpu_time": 0, "total_cpu_time": null, "wallclock_time": 0.00014543533325195312, "evaluations": 0, "cost": 2147483648, "incumbent": ["isomap_n_components='2'", "isomap_n_neighbors='5'", "rf_max_features='0.5'", "rf_n_estimators='10'"]}
{"cpu_time": 3.8436191082000732, "total_cpu_time": null, "wallclock_time": 3.93064284324646, "evaluations": 1, "cost": 2.615338670865235, "incumbent": ["isomap_n_components='2'", "isomap_n_neighbors='5'", "rf_max_features='0.5'", "rf_n_estimators='10'"]}
{"cpu_time": 11.619539260864258, "total_cpu_time": null, "wallclock_time": 11.870225191116333, "evaluations": 2, "cost": 0.8919317773497578, "incumbent": ["isomap_n_components='2'", "isomap_n_neighbors='7'", "rf_max_features='0.7705914184339647'", "rf_n_estimators='220'"]}
{"cpu_time": 17.93366527557373, "total_cpu_time": null, "wallclock_time": 18.262879133224487, "evaluations": 3, "cost": 0.698992364433694, "incumbent": ["isomap_n_components='4'", "isomap_n_neighbors='5'", "rf_max_features='0.42825496760388254'", "rf_n_estimators='109'"]}
{"cpu_time": 77.75947070121765, "total_cpu_time": null, "wallclock_time": 79.69105792045593, "evaluations": 13, "cost": 0.6563503115633392, "incumbent": ["isomap_n_components='3'", "isomap_n_neighbors='7'", "rf_max_features='0.7104527509265792'", "rf_n_estimators='105'"]}
{"cpu_time": 125.68742442131042, "total_cpu_time": null, "wallclock_time": 128.89111757278442, "evaluations": 21, "cost": 0.5177510597498282, "incumbent": ["isomap_n_components='4'", "isomap_n_neighbors='6'", "rf_max_features='0.3908563055255074'", "rf_n_estimators='252'"]}
{"cpu_time": 140.809903383255, "total_cpu_time": null, "wallclock_time": 144.32497811317444, "evaluations": 23, "cost": 0.4371865651680136, "incumbent": ["isomap_n_components='4'", "isomap_n_neighbors='7'", "rf_max_features='0.6343316352444657'", "rf_n_estimators='296'"]}
