{"cpu_time": 0, "total_cpu_time": null, "wallclock_time": 2.8133392333984375e-05, "evaluations": 0, "cost": 2147483648, "incumbent": []}
{"cpu_time": 0.4940197467803955, "total_cpu_time": null, "wallclock_time": 0.510655403137207, "evaluations": 1, "cost": 4.401688705780738, "incumbent": []}
