{"cpu_time": 0, "total_cpu_time": null, "wallclock_time": 3.0994415283203125e-05, "evaluations": 0, "cost": 2147483648, "incumbent": []}
{"cpu_time": 0.21767163276672363, "total_cpu_time": null, "wallclock_time": 0.23477792739868164, "evaluations": 1, "cost": 2.2575023340137417, "incumbent": []}
