{"cpu_time": 0, "total_cpu_time": null, "wallclock_time": 9.846687316894531e-05, "evaluations": 0, "cost": 2147483648, "incumbent": ["isomap_n_components='2'", "isomap_n_neighbors='5'", "svm_C='1.0'", "svm_gamma='1.0'"]}
{"cpu_time": 0.4868161678314209, "total_cpu_time": null, "wallclock_time": 0.5015566349029541, "evaluations": 1, "cost": 0.9469757250083619, "incumbent": ["isomap_n_components='2'", "isomap_n_neighbors='5'", "svm_C='1.0'", "svm_gamma='1.0'"]}
{"cpu_time": 3.60532283782959, "total_cpu_time": null, "wallclock_time": 3.808584451675415, "evaluations": 7, "cost": 0.9396871676397079, "incumbent": ["isomap_n_components='4'", "isomap_n_neighbors='3'", "svm_C='38.955212985979244'", "svm_gamma='2.443593951042488'"]}
{"cpu_time": 7.124022722244263, "total_cpu_time": null, "wallclock_time": 7.618962526321411, "evaluations": 14, "cost": 0.9247688536399958, "incumbent": ["isomap_n_components='4'", "isomap_n_neighbors='7'", "svm_C='69.60358905684629'", "svm_gamma='0.468344155952727'"]}
