{"cpu_time": 0, "total_cpu_time": null, "wallclock_time": 0.00013113021850585938, "evaluations": 0, "cost": 2147483648, "incumbent": ["isomap_n_components='2'", "isomap_n_neighbors='5'", "svm_C='1.0'", "svm_gamma='1.0'"]}
{"cpu_time": 1.091611623764038, "total_cpu_time": null, "wallclock_time": 1.114598274230957, "evaluations": 1, "cost": 0.9488785535789788, "incumbent": ["isomap_n_components='2'", "isomap_n_neighbors='5'", "svm_C='1.0'", "svm_gamma='1.0'"]}
{"cpu_time": 14.621805906295776, "total_cpu_time": null, "wallclock_time": 15.476764678955078, "evaluations": 14, "cost": 0.9452313757877892, "incumbent": ["isomap_n_components='4'", "isomap_n_neighbors='4'", "svm_C='83.31588447916826'", "svm_gamma='0.3282806187433074'"]}
{"cpu_time": 42.00330471992493, "total_cpu_time": null, "wallclock_time": 44.62916088104248, "evaluations": 40, "cost": 0.9411493947900939, "incumbent": ["isomap_n_components='3'", "isomap_n_neighbors='5'", "svm_C='23.418248220154663'", "svm_gamma='0.45032330334479315'"]}
{"cpu_time": 48.35342216491699, "total_cpu_time": null, "wallclock_time": 51.52446222305298, "evaluations": 46, "cost": 0.9411114051327685, "incumbent": ["isomap_n_components='4'", "isomap_n_neighbors='3'", "svm_C='44.46644805002853'", "svm_gamma='0.1857534020020942'"]}
{"cpu_time": 50.6369993686676, "total_cpu_time": null, "wallclock_time": 53.9828519821167, "evaluations": 48, "cost": 0.9405449499185661, "incumbent": ["isomap_n_components='4'", "isomap_n_neighbors='5'", "svm_C='23.418248220154663'", "svm_gamma='0.45032330334479315'"]}
{"cpu_time": 53.02831435203552, "total_cpu_time": null, "wallclock_time": 56.60758852958679, "evaluations": 50, "cost": 0.9193228418424502, "incumbent": ["isomap_n_components='4'", "isomap_n_neighbors='6'", "svm_C='1.8508050578308357'", "svm_gamma='0.44640803795793405'"]}
{"cpu_time": 106.18398690223694, "total_cpu_time": null, "wallclock_time": 113.92652583122253, "evaluations": 98, "cost": 0.9111843053984106, "incumbent": ["isomap_n_components='4'", "isomap_n_neighbors='7'", "svm_C='1.8508050578308357'", "svm_gamma='0.08626962934132418'"]}
{"cpu_time": 116.25358009338379, "total_cpu_time": null, "wallclock_time": 124.74815773963928, "evaluations": 107, "cost": 0.9099270768608992, "incumbent": ["isomap_n_components='4'", "isomap_n_neighbors='7'", "svm_C='4.543685093557011'", "svm_gamma='0.08626962934132418'"]}
{"cpu_time": 181.82435536384583, "total_cpu_time": null, "wallclock_time": 195.02483320236206, "evaluations": 164, "cost": 0.9097595381941366, "incumbent": ["isomap_n_components='4'", "isomap_n_neighbors='7'", "svm_C='38.50850898043862'", "svm_gamma='0.012078218931843894'"]}
{"cpu_time": 267.83327627182007, "total_cpu_time": null, "wallclock_time": 287.966295003891, "evaluations": 239, "cost": 0.9090328897824428, "incumbent": ["isomap_n_components='4'", "isomap_n_neighbors='6'", "svm_C='67.72381519070426'", "svm_gamma='0.012078218931843894'"]}
{"cpu_time": 327.5395212173462, "total_cpu_time": null, "wallclock_time": 353.1564700603485, "evaluations": 294, "cost": 0.9076739367515277, "incumbent": ["isomap_n_components='4'", "isomap_n_neighbors='7'", "svm_C='38.53102828005538'", "svm_gamma='0.013914644849595415'"]}
