{"cpu_time": 0, "total_cpu_time": null, "wallclock_time": 0.00011014938354492188, "evaluations": 0, "cost": 2147483648, "incumbent": ["isomap_n_components='2'", "isomap_n_neighbors='5'", "svm_C='0.1'", "svm_gamma='4.005'"]}
{"cpu_time": 0.6344032287597656, "total_cpu_time": null, "wallclock_time": 0.6527302265167236, "evaluations": 1, "cost": 1.0336919528769204, "incumbent": ["isomap_n_components='2'", "isomap_n_neighbors='5'", "svm_C='0.1'", "svm_gamma='4.005'"]}
{"cpu_time": 1.2872555255889893, "total_cpu_time": null, "wallclock_time": 1.3470425605773926, "evaluations": 2, "cost": 1.0080223629554514, "incumbent": ["isomap_n_components='2'", "isomap_n_neighbors='7'", "svm_C='25.075000000000003'", "svm_gamma='4.005'"]}
{"cpu_time": 4.575769424438477, "total_cpu_time": null, "wallclock_time": 4.816775560379028, "evaluations": 7, "cost": 1.0063588165456312, "incumbent": ["isomap_n_components='3'", "isomap_n_neighbors='5'", "svm_C='50.050000000000004'", "svm_gamma='0.01'"]}
{"cpu_time": 5.210926294326782, "total_cpu_time": null, "wallclock_time": 5.510741233825684, "evaluations": 8, "cost": 1.0054665962473168, "incumbent": ["isomap_n_components='2'", "isomap_n_neighbors='4'", "svm_C='25.075000000000003'", "svm_gamma='0.01'"]}
{"cpu_time": 16.254733562469482, "total_cpu_time": null, "wallclock_time": 17.32923722267151, "evaluations": 25, "cost": 1.0048176475249784, "incumbent": ["isomap_n_components='3'", "isomap_n_neighbors='7'", "svm_C='50.050000000000004'", "svm_gamma='2.0075'"]}
{"cpu_time": 24.039292812347412, "total_cpu_time": null, "wallclock_time": 25.67466115951538, "evaluations": 37, "cost": 1.0027089960957756, "incumbent": ["isomap_n_components='2'", "isomap_n_neighbors='5'", "svm_C='50.050000000000004'", "svm_gamma='2.0075'"]}
{"cpu_time": 42.811800956726074, "total_cpu_time": null, "wallclock_time": 45.80135440826416, "evaluations": 66, "cost": 1.0016733417359136, "incumbent": ["isomap_n_components='3'", "isomap_n_neighbors='7'", "svm_C='25.075000000000003'", "svm_gamma='0.01'"]}
{"cpu_time": 68.99484467506409, "total_cpu_time": null, "wallclock_time": 73.83724427223206, "evaluations": 106, "cost": 1.0009089709086822, "incumbent": ["isomap_n_components='3'", "isomap_n_neighbors='4'", "svm_C='25.075000000000003'", "svm_gamma='0.01'"]}
