{"cpu_time": 0, "total_cpu_time": null, "wallclock_time": 0.00011277198791503906, "evaluations": 0, "cost": 2147483648, "incumbent": ["pca_whiten=''true''", "svm_C='1.0'", "svm_gamma='1.0'"]}
{"cpu_time": 53.99436068534851, "total_cpu_time": null, "wallclock_time": 54.08156132698059, "evaluations": 1, "cost": 0.7882531851955332, "incumbent": ["pca_whiten=''true''", "svm_C='1.0'", "svm_gamma='1.0'"]}
{"cpu_time": 67.35345315933228, "total_cpu_time": null, "wallclock_time": 67.86240649223328, "evaluations": 10, "cost": 0.7262403073869805, "incumbent": ["pca_whiten=''true''", "svm_C='28.47602111141865'", "svm_gamma='0.8905090834586253'"]}
{"cpu_time": 73.17559242248535, "total_cpu_time": null, "wallclock_time": 73.93700623512268, "evaluations": 14, "cost": 0.7236079011415102, "incumbent": ["pca_whiten=''false''", "svm_C='56.64875278433076'", "svm_gamma='0.5793081895462031'"]}
{"cpu_time": 83.84091973304749, "total_cpu_time": null, "wallclock_time": 85.08396482467651, "evaluations": 22, "cost": 0.7148951687390692, "incumbent": ["pca_whiten=''false''", "svm_C='28.507721203323374'", "svm_gamma='0.765385618575075'"]}
{"cpu_time": 86.26069021224976, "total_cpu_time": null, "wallclock_time": 87.69331431388855, "evaluations": 24, "cost": 0.7076253956127073, "incumbent": ["pca_whiten=''false''", "svm_C='58.29643264458214'", "svm_gamma='0.21168615903148083'"]}
{"cpu_time": 88.7707450389862, "total_cpu_time": null, "wallclock_time": 90.32059836387634, "evaluations": 26, "cost": 0.6997944257277918, "incumbent": ["pca_whiten=''false''", "svm_C='60.11440556900991'", "svm_gamma='0.2558829789520513'"]}
{"cpu_time": 150.2818717956543, "total_cpu_time": null, "wallclock_time": 154.79471635818481, "evaluations": 64, "cost": 0.698690582649811, "incumbent": ["pca_whiten=''true''", "svm_C='47.79233416757086'", "svm_gamma='0.3839755998536368'"]}
{"cpu_time": 156.8973777294159, "total_cpu_time": null, "wallclock_time": 161.78679776191711, "evaluations": 68, "cost": 0.6963665855975897, "incumbent": ["pca_whiten=''false''", "svm_C='30.221525878482968'", "svm_gamma='0.3002484538432688'"]}
{"cpu_time": 174.37937450408936, "total_cpu_time": null, "wallclock_time": 180.19790935516357, "evaluations": 78, "cost": 0.6921381498021044, "incumbent": ["pca_whiten=''false''", "svm_C='33.29002417688701'", "svm_gamma='0.3862446600664532'"]}
{"cpu_time": 186.78478288650513, "total_cpu_time": null, "wallclock_time": 193.16501784324646, "evaluations": 86, "cost": 0.6920428813131485, "incumbent": ["pca_whiten=''false''", "svm_C='31.9171650203504'", "svm_gamma='0.3851126860922729'"]}
