{"cpu_time": 0, "total_cpu_time": null, "wallclock_time": 0.00012755393981933594, "evaluations": 0, "cost": 2147483648, "incumbent": ["isomap_n_components='2'", "isomap_n_neighbors='5'", "svm_C='0.1'", "svm_gamma='4.005'"]}
{"cpu_time": 1.0443873405456543, "total_cpu_time": null, "wallclock_time": 1.0603792667388916, "evaluations": 1, "cost": 1.0346410329985005, "incumbent": ["isomap_n_components='2'", "isomap_n_neighbors='5'", "svm_C='0.1'", "svm_gamma='4.005'"]}
{"cpu_time": 1.717590093612671, "total_cpu_time": null, "wallclock_time": 1.7751412391662598, "evaluations": 2, "cost": 1.0229393019175328, "incumbent": ["isomap_n_components='2'", "isomap_n_neighbors='7'", "svm_C='25.075000000000003'", "svm_gamma='4.005'"]}
{"cpu_time": 2.536799192428589, "total_cpu_time": null, "wallclock_time": 2.612166166305542, "evaluations": 3, "cost": 1.0097866142771528, "incumbent": ["isomap_n_components='2'", "isomap_n_neighbors='5'", "svm_C='50.050000000000004'", "svm_gamma='8.0'"]}
{"cpu_time": 7.159381628036499, "total_cpu_time": null, "wallclock_time": 7.494816303253174, "evaluations": 8, "cost": 1.0053357745817069, "incumbent": ["isomap_n_components='2'", "isomap_n_neighbors='4'", "svm_C='25.075000000000003'", "svm_gamma='0.01'"]}
{"cpu_time": 10.195015907287598, "total_cpu_time": null, "wallclock_time": 10.766987800598145, "evaluations": 12, "cost": 1.0013426246539539, "incumbent": ["isomap_n_components='2'", "isomap_n_neighbors='7'", "svm_C='50.050000000000004'", "svm_gamma='6.0024999999999995'"]}
