{"cpu_time": 0, "total_cpu_time": null, "wallclock_time": 0.00010275840759277344, "evaluations": 0, "cost": 2147483648, "incumbent": ["isomap_n_components='2'", "isomap_n_neighbors='5'", "svm_C='1.0'", "svm_gamma='1.0'"]}
{"cpu_time": 0.4860537052154541, "total_cpu_time": null, "wallclock_time": 0.5005192756652832, "evaluations": 1, "cost": 0.9492230196617112, "incumbent": ["isomap_n_components='2'", "isomap_n_neighbors='5'", "svm_C='1.0'", "svm_gamma='1.0'"]}
{"cpu_time": 3.6947975158691406, "total_cpu_time": null, "wallclock_time": 3.8934743404388428, "evaluations": 7, "cost": 0.9420192127206891, "incumbent": ["isomap_n_components='4'", "isomap_n_neighbors='3'", "svm_C='38.955212985979244'", "svm_gamma='2.443593951042488'"]}
{"cpu_time": 7.267815828323364, "total_cpu_time": null, "wallclock_time": 7.761080980300903, "evaluations": 14, "cost": 0.9300041747372837, "incumbent": ["isomap_n_components='4'", "isomap_n_neighbors='7'", "svm_C='69.60358905684629'", "svm_gamma='0.468344155952727'"]}
{"cpu_time": 12.663963556289673, "total_cpu_time": null, "wallclock_time": 13.551192283630371, "evaluations": 24, "cost": 0.9293766596985279, "incumbent": ["isomap_n_components='4'", "isomap_n_neighbors='7'", "svm_C='72.25760200070505'", "svm_gamma='0.468344155952727'"]}
{"cpu_time": 14.72129511833191, "total_cpu_time": null, "wallclock_time": 15.793366193771362, "evaluations": 28, "cost": 0.912988349908498, "incumbent": ["isomap_n_components='4'", "isomap_n_neighbors='7'", "svm_C='67.28166221369732'", "svm_gamma='0.13487044263841885'"]}
{"cpu_time": 17.86560368537903, "total_cpu_time": null, "wallclock_time": 19.21717143058777, "evaluations": 34, "cost": 0.9127412405877272, "incumbent": ["isomap_n_components='4'", "isomap_n_neighbors='7'", "svm_C='86.95597217756395'", "svm_gamma='0.13487044263841885'"]}
{"cpu_time": 18.859901666641235, "total_cpu_time": null, "wallclock_time": 20.30040192604065, "evaluations": 36, "cost": 0.9075827753026836, "incumbent": ["isomap_n_components='4'", "isomap_n_neighbors='7'", "svm_C='98.31295970674165'", "svm_gamma='0.04655399471982125'"]}
{"cpu_time": 25.042858123779297, "total_cpu_time": null, "wallclock_time": 26.975398063659668, "evaluations": 48, "cost": 0.9060429653422969, "incumbent": ["isomap_n_components='4'", "isomap_n_neighbors='6'", "svm_C='98.31295970674165'", "svm_gamma='0.04655399471982125'"]}
{"cpu_time": 38.511876344680786, "total_cpu_time": null, "wallclock_time": 41.61097764968872, "evaluations": 74, "cost": 0.9027261225147546, "incumbent": ["isomap_n_components='4'", "isomap_n_neighbors='6'", "svm_C='97.65491256913866'", "svm_gamma='0.04655399471982125'"]}
{"cpu_time": 49.75286078453064, "total_cpu_time": null, "wallclock_time": 53.73634386062622, "evaluations": 96, "cost": 0.8974833788212448, "incumbent": ["isomap_n_components='4'", "isomap_n_neighbors='6'", "svm_C='98.31295970674165'", "svm_gamma='0.08566592193499048'"]}
