{"cpu_time": 0, "total_cpu_time": null, "wallclock_time": 0.0001895427703857422, "evaluations": 0, "cost": 2147483648, "incumbent": ["pca_whiten=''true''", "rf_max_features='0.5'", "rf_n_estimators='10'"]}
{"cpu_time": 7.72462797164917, "total_cpu_time": null, "wallclock_time": 7.87125301361084, "evaluations": 1, "cost": 1.020362408877965, "incumbent": ["pca_whiten=''true''", "rf_max_features='0.5'", "rf_n_estimators='10'"]}
{"cpu_time": 19.19600248336792, "total_cpu_time": null, "wallclock_time": 19.504919052124023, "evaluations": 2, "cost": 0.41247392335198424, "incumbent": ["pca_whiten=''true''", "rf_max_features='0.6263875900678313'", "rf_n_estimators='178'"]}
{"cpu_time": 98.28325915336609, "total_cpu_time": null, "wallclock_time": 99.57546377182007, "evaluations": 7, "cost": 0.40748273102897326, "incumbent": ["pca_whiten=''false''", "rf_max_features='0.5169655679501186'", "rf_n_estimators='270'"]}
{"cpu_time": 312.9379813671112, "total_cpu_time": null, "wallclock_time": 318.067444562912, "evaluations": 23, "cost": 0.4042779617310878, "incumbent": ["pca_whiten=''false''", "rf_max_features='0.7281859288047451'", "rf_n_estimators='223'"]}
{"cpu_time": 399.14529299736023, "total_cpu_time": null, "wallclock_time": 406.41773676872253, "evaluations": 31, "cost": 0.40264481455981277, "incumbent": ["pca_whiten=''true''", "rf_max_features='0.7344068541057434'", "rf_n_estimators='112'"]}
