{"cpu_time": 0, "total_cpu_time": null, "wallclock_time": 0.00012302398681640625, "evaluations": 0, "cost": 2147483648, "incumbent": ["haralick_distance='1'", "pca_whiten=''true''", "rf_max_features='0.5'", "rf_n_estimators='10'"]}
{"cpu_time": 123.84566640853882, "total_cpu_time": null, "wallclock_time": 123.91241931915283, "evaluations": 1, "cost": 4.185983675810786, "incumbent": ["haralick_distance='1'", "pca_whiten=''true''", "rf_max_features='0.5'", "rf_n_estimators='10'"]}
{"cpu_time": 256.33726048469543, "total_cpu_time": null, "wallclock_time": 256.5723671913147, "evaluations": 2, "cost": 2.271419329278441, "incumbent": ["haralick_distance='1'", "pca_whiten=''true''", "rf_max_features='0.5914675755540864'", "rf_n_estimators='259'"]}
{"cpu_time": 513.06511926651, "total_cpu_time": null, "wallclock_time": 513.6411995887756, "evaluations": 4, "cost": 2.2709498304779903, "incumbent": ["haralick_distance='2'", "pca_whiten=''false''", "rf_max_features='0.7749277535405971'", "rf_n_estimators='140'"]}
{"cpu_time": 644.6446850299835, "total_cpu_time": null, "wallclock_time": 645.2913439273834, "evaluations": 5, "cost": 2.055439875387181, "incumbent": ["haralick_distance='2'", "pca_whiten=''true''", "rf_max_features='0.36113899979178665'", "rf_n_estimators='248'"]}
{"cpu_time": 781.5321528911591, "total_cpu_time": null, "wallclock_time": 782.4393358230591, "evaluations": 6, "cost": 2.041677561585928, "incumbent": ["haralick_distance='3'", "pca_whiten=''true''", "rf_max_features='0.5831730167358328'", "rf_n_estimators='256'"]}
{"cpu_time": 3235.8215980529785, "total_cpu_time": null, "wallclock_time": 3239.6952583789825, "evaluations": 29, "cost": 2.0370686415020596, "incumbent": ["haralick_distance='3'", "pca_whiten=''true''", "rf_max_features='0.49413803478057056'", "rf_n_estimators='245'"]}
{"cpu_time": 3426.381911277771, "total_cpu_time": null, "wallclock_time": 3430.451488494873, "evaluations": 31, "cost": 1.9775946370144364, "incumbent": ["haralick_distance='3'", "pca_whiten=''true''", "rf_max_features='0.33816921928226995'", "rf_n_estimators='276'"]}
{"cpu_time": 7143.608797311783, "total_cpu_time": null, "wallclock_time": 7153.086054086685, "evaluations": 71, "cost": 1.9417775000558988, "incumbent": ["haralick_distance='3'", "pca_whiten=''false''", "rf_max_features='0.6102158742419963'", "rf_n_estimators='291'"]}
{"cpu_time": 10537.454504728317, "total_cpu_time": null, "wallclock_time": 10552.458481788635, "evaluations": 108, "cost": 1.9294533623287962, "incumbent": ["haralick_distance='3'", "pca_whiten=''false''", "rf_max_features='0.30603201287477066'", "rf_n_estimators='296'"]}
{"cpu_time": 11004.20407652855, "total_cpu_time": null, "wallclock_time": 11020.001227855682, "evaluations": 113, "cost": 1.870582788709531, "incumbent": ["haralick_distance='3'", "pca_whiten=''false''", "rf_max_features='0.7699413568268714'", "rf_n_estimators='115'"]}
{"cpu_time": 15909.81217098236, "total_cpu_time": null, "wallclock_time": 15933.192346572876, "evaluations": 198, "cost": 1.8659804789205567, "incumbent": ["haralick_distance='3'", "pca_whiten=''false''", "rf_max_features='0.7713819854704587'", "rf_n_estimators='193'"]}
{"cpu_time": 16193.10093665123, "total_cpu_time": null, "wallclock_time": 16216.960173130035, "evaluations": 204, "cost": 1.843681290105346, "incumbent": ["haralick_distance='2'", "pca_whiten=''false''", "rf_max_features='0.30603201287477066'", "rf_n_estimators='296'"]}
