{"cpu_time": 0, "total_cpu_time": null, "wallclock_time": 0.00012612342834472656, "evaluations": 0, "cost": 2147483648, "incumbent": ["pca_whiten=''true''", "svm_C='1.0'", "svm_gamma='1.0'"]}
{"cpu_time": 0.49949073791503906, "total_cpu_time": null, "wallclock_time": 0.5818102359771729, "evaluations": 1, "cost": 0.5349966568551157, "incumbent": ["pca_whiten=''true''", "svm_C='1.0'", "svm_gamma='1.0'"]}
{"cpu_time": 0.7663137912750244, "total_cpu_time": null, "wallclock_time": 1.000370740890503, "evaluations": 2, "cost": 0.524207995923925, "incumbent": ["pca_whiten=''true''", "svm_C='65.31224049555269'", "svm_gamma='4.667651857354299'"]}
{"cpu_time": 9.003782510757446, "total_cpu_time": null, "wallclock_time": 12.174195766448975, "evaluations": 29, "cost": 0.5095108413922294, "incumbent": ["pca_whiten=''false''", "svm_C='62.50814177672008'", "svm_gamma='0.028977341676197955'"]}
{"cpu_time": 13.612865686416626, "total_cpu_time": null, "wallclock_time": 18.464252948760986, "evaluations": 43, "cost": 0.5073327703534826, "incumbent": ["pca_whiten=''false''", "svm_C='91.07673318077912'", "svm_gamma='0.3002484538432688'"]}
{"cpu_time": 15.551747798919678, "total_cpu_time": null, "wallclock_time": 21.010817050933838, "evaluations": 49, "cost": 0.5067525043334102, "incumbent": ["pca_whiten=''false''", "svm_C='50.88401939750183'", "svm_gamma='0.30413300977843366'"]}
{"cpu_time": 16.279324531555176, "total_cpu_time": null, "wallclock_time": 21.953739881515503, "evaluations": 51, "cost": 0.48523472475874946, "incumbent": ["pca_whiten=''true''", "svm_C='63.93186408945081'", "svm_gamma='0.1857173899932526'"]}
{"cpu_time": 16.8667573928833, "total_cpu_time": null, "wallclock_time": 22.805667400360107, "evaluations": 53, "cost": 0.4715393408376974, "incumbent": ["pca_whiten=''true''", "svm_C='61.8933289076007'", "svm_gamma='0.12050978901649331'"]}
{"cpu_time": 22.080859184265137, "total_cpu_time": null, "wallclock_time": 29.923562049865723, "evaluations": 70, "cost": 0.46666258911897845, "incumbent": ["pca_whiten=''true''", "svm_C='93.63870896646985'", "svm_gamma='0.06826689308416607'"]}
{"cpu_time": 26.526708126068115, "total_cpu_time": null, "wallclock_time": 35.72196412086487, "evaluations": 82, "cost": 0.4626968838618665, "incumbent": ["pca_whiten=''true''", "svm_C='96.26682616204211'", "svm_gamma='0.09163204284926439'"]}
{"cpu_time": 50.838433504104614, "total_cpu_time": null, "wallclock_time": 68.89836692810059, "evaluations": 162, "cost": 0.4602737105330708, "incumbent": ["pca_whiten=''true''", "svm_C='77.01827386556472'", "svm_gamma='0.09794939307548373'"]}
