{"cpu_time": 0, "total_cpu_time": null, "wallclock_time": 0.00012373924255371094, "evaluations": 0, "cost": 2147483648, "incumbent": ["pca_whiten=''true''", "svm_C='1.0'", "svm_gamma='1.0'"]}
{"cpu_time": 4462.891959190369, "total_cpu_time": null, "wallclock_time": 4463.389376878738, "evaluations": 1, "cost": 0.34090331112867633, "incumbent": ["pca_whiten=''true''", "svm_C='1.0'", "svm_gamma='1.0'"]}
{"cpu_time": 4702.7077877521515, "total_cpu_time": null, "wallclock_time": 4710.173787593842, "evaluations": 37, "cost": 0.3346773166070904, "incumbent": ["pca_whiten=''false''", "svm_C='2.758095777873674'", "svm_gamma='0.059812120267997954'"]}
