{"cpu_time": 0, "total_cpu_time": null, "wallclock_time": 1.1921091079711914, "evaluations": 0, "cost": 2147483648, "incumbent": ["pca_whiten=''true''", "svm_C='1.0'", "svm_gamma='1.0'"]}
{"cpu_time": 40.597667932510376, "total_cpu_time": null, "wallclock_time": 41.884379148483276, "evaluations": 1, "cost": 0.7879841537766198, "incumbent": ["pca_whiten=''true''", "svm_C='1.0'", "svm_gamma='1.0'"]}
{"cpu_time": 44.58827567100525, "total_cpu_time": null, "wallclock_time": 347.8510901927948, "evaluations": 8, "cost": 0.7639531553565577, "incumbent": ["pca_whiten=''false''", "svm_C='27.7401808320841'", "svm_gamma='1.3369630501374539'"]}
{"cpu_time": 48.87476181983948, "total_cpu_time": null, "wallclock_time": 352.55509543418884, "evaluations": 16, "cost": 0.7570524303826683, "incumbent": ["pca_whiten=''true''", "svm_C='53.17229659454854'", "svm_gamma='0.9541203049181496'"]}
{"cpu_time": 49.99492025375366, "total_cpu_time": null, "wallclock_time": 353.7910454273224, "evaluations": 18, "cost": 0.7444720634442493, "incumbent": ["pca_whiten=''false''", "svm_C='75.33707412134343'", "svm_gamma='0.6694534995748077'"]}
