{"cpu_time": 0, "total_cpu_time": null, "wallclock_time": 0.0001087188720703125, "evaluations": 0, "cost": 2147483648, "incumbent": ["haralick_distance='1'", "pca_whiten=''true''", "svm_C='1.0'", "svm_gamma='1.0'"]}
{"cpu_time": 56.958045959472656, "total_cpu_time": null, "wallclock_time": 56.96962308883667, "evaluations": 1, "cost": 0.9476813557701139, "incumbent": ["haralick_distance='1'", "pca_whiten=''true''", "svm_C='1.0'", "svm_gamma='1.0'"]}
{"cpu_time": 114.2994225025177, "total_cpu_time": null, "wallclock_time": 114.36513137817383, "evaluations": 2, "cost": 0.9473284174351382, "incumbent": ["haralick_distance='1'", "pca_whiten=''true''", "svm_C='58.33522159570645'", "svm_gamma='6.857609839424436'"]}
{"cpu_time": 210.44158792495728, "total_cpu_time": null, "wallclock_time": 210.56361389160156, "evaluations": 3, "cost": 0.803895024275751, "incumbent": ["haralick_distance='2'", "pca_whiten=''true''", "svm_C='39.719968193911264'", "svm_gamma='0.8615789437416754'"]}
{"cpu_time": 1110.4822056293488, "total_cpu_time": null, "wallclock_time": 1111.2436554431915, "evaluations": 6, "cost": 0.8015358952913649, "incumbent": ["haralick_distance='3'", "pca_whiten=''true''", "svm_C='56.67796874381939'", "svm_gamma='6.784834661409352'"]}
{"cpu_time": 2530.419448375702, "total_cpu_time": null, "wallclock_time": 2532.1145741939545, "evaluations": 10, "cost": 0.7949640684224267, "incumbent": ["haralick_distance='3'", "pca_whiten=''false''", "svm_C='22.12921607794151'", "svm_gamma='6.605076878953514'"]}
{"cpu_time": 3210.7934470176697, "total_cpu_time": null, "wallclock_time": 3213.1329691410065, "evaluations": 12, "cost": 0.7913512250277811, "incumbent": ["haralick_distance='3'", "pca_whiten=''false''", "svm_C='8.889106823487905'", "svm_gamma='7.228862617854245'"]}
