{"cpu_time": 0, "total_cpu_time": null, "wallclock_time": 0.00014829635620117188, "evaluations": 0, "cost": 2147483648, "incumbent": ["haralick_distance='1'", "pca_whiten=''true''", "svm_C='1.0'", "svm_gamma='1.0'"]}
{"cpu_time": 118.19693756103516, "total_cpu_time": null, "wallclock_time": 118.25788068771362, "evaluations": 1, "cost": 0.4411982466956006, "incumbent": ["haralick_distance='1'", "pca_whiten=''true''", "svm_C='1.0'", "svm_gamma='1.0'"]}
{"cpu_time": 350.95095443725586, "total_cpu_time": null, "wallclock_time": 351.19807982444763, "evaluations": 3, "cost": 0.42556486689538936, "incumbent": ["haralick_distance='2'", "pca_whiten=''true''", "svm_C='39.719968193911264'", "svm_gamma='0.8615789437416754'"]}
{"cpu_time": 466.95485377311707, "total_cpu_time": null, "wallclock_time": 467.4031820297241, "evaluations": 4, "cost": 0.4252099338897996, "incumbent": ["haralick_distance='2'", "pca_whiten=''false''", "svm_C='94.9905651574113'", "svm_gamma='3.631679204640188'"]}
{"cpu_time": 583.8442301750183, "total_cpu_time": null, "wallclock_time": 584.3501229286194, "evaluations": 5, "cost": 0.41532237777034203, "incumbent": ["haralick_distance='2'", "pca_whiten=''true''", "svm_C='12.315572158398975'", "svm_gamma='6.564879332003558'"]}
{"cpu_time": 781.6560118198395, "total_cpu_time": null, "wallclock_time": 782.3459606170654, "evaluations": 7, "cost": 0.41046628722943285, "incumbent": ["haralick_distance='2'", "pca_whiten=''false''", "svm_C='2.72181496747162'", "svm_gamma='5.527489501873586'"]}
{"cpu_time": 1273.0788521766663, "total_cpu_time": null, "wallclock_time": 1274.40425157547, "evaluations": 13, "cost": 0.4077467076721222, "incumbent": ["haralick_distance='2'", "pca_whiten=''false''", "svm_C='85.9280254298925'", "svm_gamma='3.294892160677675'"]}
{"cpu_time": 3082.7340466976166, "total_cpu_time": null, "wallclock_time": 3086.2143342494965, "evaluations": 35, "cost": 0.4055113734320817, "incumbent": ["haralick_distance='2'", "pca_whiten=''true''", "svm_C='18.045270618132758'", "svm_gamma='4.712890497004139'"]}
{"cpu_time": 4640.49080491066, "total_cpu_time": null, "wallclock_time": 4645.909251451492, "evaluations": 54, "cost": 0.39855381662875494, "incumbent": ["haralick_distance='2'", "pca_whiten=''false''", "svm_C='9.742038056385066'", "svm_gamma='7.361947043207149'"]}
{"cpu_time": 5955.8380215168, "total_cpu_time": null, "wallclock_time": 5962.81881570816, "evaluations": 70, "cost": 0.392803600320175, "incumbent": ["haralick_distance='2'", "pca_whiten=''false''", "svm_C='0.9268122879766287'", "svm_gamma='7.347758937903748'"]}
{"cpu_time": 8083.628906726837, "total_cpu_time": null, "wallclock_time": 8093.309102296829, "evaluations": 96, "cost": 0.3894427419188469, "incumbent": ["haralick_distance='2'", "pca_whiten=''false''", "svm_C='6.214931316504855'", "svm_gamma='7.323301300905286'"]}
{"cpu_time": 10045.237858772278, "total_cpu_time": null, "wallclock_time": 10057.442145586014, "evaluations": 120, "cost": 0.38714354831820225, "incumbent": ["haralick_distance='2'", "pca_whiten=''false''", "svm_C='6.068953396853885'", "svm_gamma='6.564879332003558'"]}
{"cpu_time": 15695.856328248978, "total_cpu_time": null, "wallclock_time": 15715.195210933685, "evaluations": 212, "cost": 0.38532954583201606, "incumbent": ["haralick_distance='3'", "pca_whiten=''false''", "svm_C='5.3558159126210905'", "svm_gamma='0.23065250177605895'"]}
{"cpu_time": 16292.01634812355, "total_cpu_time": null, "wallclock_time": 16312.10934996605, "evaluations": 227, "cost": 0.38095678088954243, "incumbent": ["haralick_distance='2'", "pca_whiten=''false''", "svm_C='44.32090081973598'", "svm_gamma='0.13838289637524143'"]}
{"cpu_time": 18907.599743127823, "total_cpu_time": null, "wallclock_time": 18931.266054868698, "evaluations": 292, "cost": 0.3802667611049058, "incumbent": ["haralick_distance='2'", "pca_whiten=''false''", "svm_C='42.84845805880307'", "svm_gamma='0.18983611240555331'"]}
{"cpu_time": 19267.805248975754, "total_cpu_time": null, "wallclock_time": 19291.878357887268, "evaluations": 301, "cost": 0.3786410983927106, "incumbent": ["haralick_distance='2'", "pca_whiten=''false''", "svm_C='26.889552563138942'", "svm_gamma='0.14343119173743'"]}
