{"cpu_time": 0, "total_cpu_time": null, "wallclock_time": 0.0001220703125, "evaluations": 0, "cost": 2147483648, "incumbent": ["pca_whiten=''true''", "rf_max_features='0.5'", "rf_n_estimators='10'"]}
{"cpu_time": 2.0319747924804688, "total_cpu_time": null, "wallclock_time": 2.0717735290527344, "evaluations": 1, "cost": 0.9129817265026935, "incumbent": ["pca_whiten=''true''", "rf_max_features='0.5'", "rf_n_estimators='10'"]}
{"cpu_time": 5.881290435791016, "total_cpu_time": null, "wallclock_time": 6.00102424621582, "evaluations": 2, "cost": 0.4691880263804729, "incumbent": ["pca_whiten=''true''", "rf_max_features='0.6263875900678313'", "rf_n_estimators='178'"]}
{"cpu_time": 9.423837900161743, "total_cpu_time": null, "wallclock_time": 9.582216024398804, "evaluations": 3, "cost": 0.41858161923003295, "incumbent": ["pca_whiten=''false''", "rf_max_features='0.3021465708060675'", "rf_n_estimators='203'"]}
{"cpu_time": 13.018507242202759, "total_cpu_time": null, "wallclock_time": 13.32636547088623, "evaluations": 4, "cost": 0.41818407999144264, "incumbent": ["pca_whiten=''true''", "rf_max_features='0.30586418148323496'", "rf_n_estimators='221'"]}
{"cpu_time": 18.40519642829895, "total_cpu_time": null, "wallclock_time": 18.80278968811035, "evaluations": 5, "cost": 0.41791002615708456, "incumbent": ["pca_whiten=''true''", "rf_max_features='0.6948449041611862'", "rf_n_estimators='249'"]}
{"cpu_time": 23.5776207447052, "total_cpu_time": null, "wallclock_time": 24.134459972381592, "evaluations": 6, "cost": 0.41007858891425203, "incumbent": ["pca_whiten=''true''", "rf_max_features='0.6483339395381182'", "rf_n_estimators='285'"]}
{"cpu_time": 118.43991470336914, "total_cpu_time": null, "wallclock_time": 121.26662015914917, "evaluations": 36, "cost": 0.40632360915938975, "incumbent": ["pca_whiten=''false''", "rf_max_features='0.6213633620440027'", "rf_n_estimators='65'"]}
{"cpu_time": 257.29637479782104, "total_cpu_time": null, "wallclock_time": 263.6919414997101, "evaluations": 77, "cost": 0.4059714346320116, "incumbent": ["pca_whiten=''false''", "rf_max_features='0.6900984199746931'", "rf_n_estimators='225'"]}
{"cpu_time": 308.8908910751343, "total_cpu_time": null, "wallclock_time": 316.63639211654663, "evaluations": 100, "cost": 0.40453420241800764, "incumbent": ["pca_whiten=''false''", "rf_max_features='0.6480984046522658'", "rf_n_estimators='47'"]}
{"cpu_time": 392.1425793170929, "total_cpu_time": null, "wallclock_time": 401.9846122264862, "evaluations": 143, "cost": 0.40309074261417327, "incumbent": ["pca_whiten=''false''", "rf_max_features='0.6321419549052942'", "rf_n_estimators='291'"]}
{"cpu_time": 394.3840374946594, "total_cpu_time": null, "wallclock_time": 404.29375553131104, "evaluations": 144, "cost": 0.3997392885403772, "incumbent": ["pca_whiten=''false''", "rf_max_features='0.7068520344878779'", "rf_n_estimators='181'"]}
