{"cpu_time": 0, "total_cpu_time": null, "wallclock_time": 2.6941299438476562e-05, "evaluations": 0, "cost": 2147483648, "incumbent": []}
{"cpu_time": 0.19628095626831055, "total_cpu_time": null, "wallclock_time": 0.2117629051208496, "evaluations": 1, "cost": 2.2575023340137417, "incumbent": []}
