{"cpu_time": 0, "total_cpu_time": null, "wallclock_time": 0.0001361370086669922, "evaluations": 0, "cost": 2147483648, "incumbent": ["isomap_n_components='2'", "isomap_n_neighbors='5'", "rf_max_features='0.5'", "rf_n_estimators='10'"]}
{"cpu_time": 0.7737960815429688, "total_cpu_time": null, "wallclock_time": 0.7890934944152832, "evaluations": 1, "cost": 4.2864810021930175, "incumbent": ["isomap_n_components='2'", "isomap_n_neighbors='5'", "rf_max_features='0.5'", "rf_n_estimators='10'"]}
{"cpu_time": 2.480250120162964, "total_cpu_time": null, "wallclock_time": 2.5602200031280518, "evaluations": 2, "cost": 1.4609619308813482, "incumbent": ["isomap_n_components='2'", "isomap_n_neighbors='7'", "rf_max_features='0.7705914184339647'", "rf_n_estimators='220'"]}
{"cpu_time": 3.8112409114837646, "total_cpu_time": null, "wallclock_time": 3.914283275604248, "evaluations": 3, "cost": 1.411945632223406, "incumbent": ["isomap_n_components='4'", "isomap_n_neighbors='5'", "rf_max_features='0.42825496760388254'", "rf_n_estimators='109'"]}
{"cpu_time": 5.391697406768799, "total_cpu_time": null, "wallclock_time": 5.569167613983154, "evaluations": 4, "cost": 1.2701665789059173, "incumbent": ["isomap_n_components='3'", "isomap_n_neighbors='3'", "rf_max_features='0.5379007026068363'", "rf_n_estimators='167'"]}
{"cpu_time": 8.518232107162476, "total_cpu_time": null, "wallclock_time": 8.808830738067627, "evaluations": 6, "cost": 1.2435734792545419, "incumbent": ["isomap_n_components='3'", "isomap_n_neighbors='3'", "rf_max_features='0.5213909834158963'", "rf_n_estimators='118'"]}
{"cpu_time": 9.740650415420532, "total_cpu_time": null, "wallclock_time": 10.055399179458618, "evaluations": 7, "cost": 1.1597660795777889, "incumbent": ["isomap_n_components='4'", "isomap_n_neighbors='3'", "rf_max_features='0.49447053546536157'", "rf_n_estimators='97'"]}
{"cpu_time": 13.464870691299438, "total_cpu_time": null, "wallclock_time": 14.008599281311035, "evaluations": 10, "cost": 0.985814587291518, "incumbent": ["isomap_n_components='3'", "isomap_n_neighbors='7'", "rf_max_features='0.5458708690654615'", "rf_n_estimators='69'"]}
{"cpu_time": 26.9483003616333, "total_cpu_time": null, "wallclock_time": 28.01789879798889, "evaluations": 21, "cost": 0.9543854724442232, "incumbent": ["isomap_n_components='4'", "isomap_n_neighbors='6'", "rf_max_features='0.3908563055255074'", "rf_n_estimators='252'"]}
{"cpu_time": 37.373018980026245, "total_cpu_time": null, "wallclock_time": 38.90486121177673, "evaluations": 28, "cost": 0.9533654703586363, "incumbent": ["isomap_n_components='4'", "isomap_n_neighbors='6'", "rf_max_features='0.4749035149707164'", "rf_n_estimators='269'"]}
{"cpu_time": 49.455710649490356, "total_cpu_time": null, "wallclock_time": 51.50152635574341, "evaluations": 37, "cost": 0.939843639736759, "incumbent": ["isomap_n_components='4'", "isomap_n_neighbors='7'", "rf_max_features='0.46859709749464196'", "rf_n_estimators='281'"]}
{"cpu_time": 97.18274235725403, "total_cpu_time": null, "wallclock_time": 101.55080938339233, "evaluations": 74, "cost": 0.932311353654301, "incumbent": ["isomap_n_components='4'", "isomap_n_neighbors='7'", "rf_max_features='0.42246355735814023'", "rf_n_estimators='250'"]}
