{"cpu_time": 0, "total_cpu_time": null, "wallclock_time": 0.000110626220703125, "evaluations": 0, "cost": 2147483648, "incumbent": ["pca_whiten=''true''", "rf_max_features='0.5'", "rf_n_estimators='10'"]}
{"cpu_time": 2.6757707595825195, "total_cpu_time": null, "wallclock_time": 2.8047523498535156, "evaluations": 1, "cost": 0.6141153797910711, "incumbent": ["pca_whiten=''true''", "rf_max_features='0.5'", "rf_n_estimators='10'"]}
{"cpu_time": 8.548980712890625, "total_cpu_time": null, "wallclock_time": 8.855491876602173, "evaluations": 2, "cost": 0.24245615525072037, "incumbent": ["pca_whiten=''true''", "rf_max_features='0.6263875900678313'", "rf_n_estimators='178'"]}
{"cpu_time": 14.729462146759033, "total_cpu_time": null, "wallclock_time": 15.125168085098267, "evaluations": 3, "cost": 0.2402631440499079, "incumbent": ["pca_whiten=''false''", "rf_max_features='0.3021465708060675'", "rf_n_estimators='203'"]}
{"cpu_time": 22.634345769882202, "total_cpu_time": null, "wallclock_time": 23.215622425079346, "evaluations": 4, "cost": 0.15510768308590225, "incumbent": ["pca_whiten=''true''", "rf_max_features='0.30586418148323496'", "rf_n_estimators='221'"]}
{"cpu_time": 148.55942273139954, "total_cpu_time": null, "wallclock_time": 153.3203227519989, "evaluations": 28, "cost": 0.1507490590428471, "incumbent": ["pca_whiten=''false''", "rf_max_features='0.31132562545050513'", "rf_n_estimators='36'"]}
{"cpu_time": 337.95727348327637, "total_cpu_time": null, "wallclock_time": 349.0712721347809, "evaluations": 66, "cost": 0.1502629107581522, "incumbent": ["pca_whiten=''false''", "rf_max_features='0.30294495774611424'", "rf_n_estimators='111'"]}
