{"cpu_time": 0, "total_cpu_time": null, "wallclock_time": 5.3882598876953125e-05, "evaluations": 0, "cost": 2147483648, "incumbent": ["pca_whiten=''true''"]}
{"cpu_time": 1.1545581817626953, "total_cpu_time": null, "wallclock_time": 1.213569164276123, "evaluations": 1, "cost": 20.671230015635807, "incumbent": ["pca_whiten=''true''"]}
{"cpu_time": 1.9633312225341797, "total_cpu_time": null, "wallclock_time": 2.135742425918579, "evaluations": 2, "cost": 20.38015464017964, "incumbent": ["pca_whiten=''false''"]}
