{"cpu_time": 0, "total_cpu_time": null, "wallclock_time": 0.00011658668518066406, "evaluations": 0, "cost": 2147483648, "incumbent": ["isomap_n_components='2'", "isomap_n_neighbors='5'", "rf_max_features='0.5'", "rf_n_estimators='10'"]}
{"cpu_time": 0.4267897605895996, "total_cpu_time": null, "wallclock_time": 0.4462168216705322, "evaluations": 1, "cost": 4.925793339052782, "incumbent": ["isomap_n_components='2'", "isomap_n_neighbors='5'", "rf_max_features='0.5'", "rf_n_estimators='10'"]}
{"cpu_time": 1.5832090377807617, "total_cpu_time": null, "wallclock_time": 1.6462407112121582, "evaluations": 2, "cost": 1.9363902201517742, "incumbent": ["isomap_n_components='2'", "isomap_n_neighbors='7'", "rf_max_features='0.7705914184339647'", "rf_n_estimators='220'"]}
{"cpu_time": 8.768235206604004, "total_cpu_time": null, "wallclock_time": 9.154605388641357, "evaluations": 10, "cost": 1.6117893546461488, "incumbent": ["isomap_n_components='3'", "isomap_n_neighbors='6'", "rf_max_features='0.5049524570019543'", "rf_n_estimators='242'"]}
{"cpu_time": 18.180397272109985, "total_cpu_time": null, "wallclock_time": 19.055434226989746, "evaluations": 21, "cost": 1.5197279475992251, "incumbent": ["isomap_n_components='4'", "isomap_n_neighbors='6'", "rf_max_features='0.3908563055255074'", "rf_n_estimators='252'"]}
{"cpu_time": 35.46646308898926, "total_cpu_time": null, "wallclock_time": 37.02847933769226, "evaluations": 36, "cost": 1.5131201848846663, "incumbent": ["isomap_n_components='4'", "isomap_n_neighbors='6'", "rf_max_features='0.7747747074221257'", "rf_n_estimators='300'"]}
{"cpu_time": 63.06968426704407, "total_cpu_time": null, "wallclock_time": 65.80409717559814, "evaluations": 60, "cost": 1.4926544860327666, "incumbent": ["isomap_n_components='4'", "isomap_n_neighbors='6'", "rf_max_features='0.7828412148628167'", "rf_n_estimators='281'"]}
