{"cpu_time": 0, "total_cpu_time": null, "wallclock_time": 0.00013685226440429688, "evaluations": 0, "cost": 2147483648, "incumbent": ["isomap_n_components='2'", "isomap_n_neighbors='5'", "svm_C='1.0'", "svm_gamma='1.0'"]}
{"cpu_time": 5.191807508468628, "total_cpu_time": null, "wallclock_time": 5.274367809295654, "evaluations": 1, "cost": 0.6856679428045314, "incumbent": ["isomap_n_components='2'", "isomap_n_neighbors='5'", "svm_C='1.0'", "svm_gamma='1.0'"]}
{"cpu_time": 11.15052604675293, "total_cpu_time": null, "wallclock_time": 11.489989519119263, "evaluations": 3, "cost": 0.6712480843694048, "incumbent": ["isomap_n_components='4'", "isomap_n_neighbors='5'", "svm_C='25.725342527255737'", "svm_gamma='2.7907769724696707'"]}
{"cpu_time": 51.51950740814209, "total_cpu_time": null, "wallclock_time": 54.30705428123474, "evaluations": 16, "cost": 0.6372395490316988, "incumbent": ["isomap_n_components='4'", "isomap_n_neighbors='7'", "svm_C='0.5494961010400925'", "svm_gamma='1.8262365266084444'"]}
{"cpu_time": 382.9510962963104, "total_cpu_time": null, "wallclock_time": 404.3801803588867, "evaluations": 110, "cost": 0.6299742375225327, "incumbent": ["isomap_n_components='4'", "isomap_n_neighbors='6'", "svm_C='73.12027381084562'", "svm_gamma='0.026369169759496006'"]}
{"cpu_time": 423.57329630851746, "total_cpu_time": null, "wallclock_time": 446.77638053894043, "evaluations": 122, "cost": 0.629712010663824, "incumbent": ["isomap_n_components='2'", "isomap_n_neighbors='7'", "svm_C='86.87351583367193'", "svm_gamma='0.026369169759496006'"]}
{"cpu_time": 444.3239598274231, "total_cpu_time": null, "wallclock_time": 469.2092914581299, "evaluations": 128, "cost": 0.6257841989589147, "incumbent": ["isomap_n_components='4'", "isomap_n_neighbors='7'", "svm_C='91.96388547548533'", "svm_gamma='0.026369169759496006'"]}
{"cpu_time": 549.1876974105835, "total_cpu_time": null, "wallclock_time": 580.2068736553192, "evaluations": 160, "cost": 0.6215404653459924, "incumbent": ["isomap_n_components='4'", "isomap_n_neighbors='7'", "svm_C='88.5121242125392'", "svm_gamma='0.026369169759496006'"]}
{"cpu_time": 567.3659191131592, "total_cpu_time": null, "wallclock_time": 599.6389379501343, "evaluations": 166, "cost": 0.6209992148245547, "incumbent": ["isomap_n_components='4'", "isomap_n_neighbors='7'", "svm_C='99.80370940531564'", "svm_gamma='0.026369169759496006'"]}
{"cpu_time": 610.9730877876282, "total_cpu_time": null, "wallclock_time": 646.0634372234344, "evaluations": 178, "cost": 0.6173722373481946, "incumbent": ["isomap_n_components='4'", "isomap_n_neighbors='7'", "svm_C='73.12027381084562'", "svm_gamma='0.026369169759496006'"]}
{"cpu_time": 695.3267860412598, "total_cpu_time": null, "wallclock_time": 735.2010252475739, "evaluations": 202, "cost": 0.6153118008132058, "incumbent": ["isomap_n_components='4'", "isomap_n_neighbors='7'", "svm_C='44.15441889843358'", "svm_gamma='0.026369169759496006'"]}
{"cpu_time": 768.2357497215271, "total_cpu_time": null, "wallclock_time": 812.6662857532501, "evaluations": 232, "cost": 0.6105789095876937, "incumbent": ["isomap_n_components='4'", "isomap_n_neighbors='7'", "svm_C='26.073028899748493'", "svm_gamma='0.026369169759496006'"]}
{"cpu_time": 855.2897779941559, "total_cpu_time": null, "wallclock_time": 904.9241652488708, "evaluations": 311, "cost": 0.608521501912004, "incumbent": ["isomap_n_components='4'", "isomap_n_neighbors='7'", "svm_C='13.899711391217224'", "svm_gamma='0.03180434011321151'"]}
{"cpu_time": 907.7252950668335, "total_cpu_time": null, "wallclock_time": 960.6956913471222, "evaluations": 358, "cost": 0.6081932951398158, "incumbent": ["isomap_n_components='4'", "isomap_n_neighbors='7'", "svm_C='25.967394070848293'", "svm_gamma='0.023308570747638927'"]}
{"cpu_time": 912.0039715766907, "total_cpu_time": null, "wallclock_time": 965.2161214351654, "evaluations": 362, "cost": 0.6065925959865209, "incumbent": ["isomap_n_components='4'", "isomap_n_neighbors='6'", "svm_C='15.511918418711618'", "svm_gamma='0.01836442582083246'"]}
{"cpu_time": 935.343405008316, "total_cpu_time": null, "wallclock_time": 990.0263121128082, "evaluations": 383, "cost": 0.6062270128860996, "incumbent": ["isomap_n_components='4'", "isomap_n_neighbors='7'", "svm_C='10.689861677205684'", "svm_gamma='0.026369169759496006'"]}
