{"cpu_time": 0, "total_cpu_time": null, "wallclock_time": 2.86102294921875e-05, "evaluations": 0, "cost": 2147483648, "incumbent": []}
{"cpu_time": 0.25278234481811523, "total_cpu_time": null, "wallclock_time": 0.2735915184020996, "evaluations": 1, "cost": 3.9228729082861737, "incumbent": []}
