{"cpu_time": 0, "total_cpu_time": null, "wallclock_time": 0.00013947486877441406, "evaluations": 0, "cost": 2147483648, "incumbent": ["haralick_distance='1'", "pca_whiten=''true''", "rf_max_features='0.5'", "rf_n_estimators='10'"]}
{"cpu_time": 113.63538360595703, "total_cpu_time": null, "wallclock_time": 113.70597505569458, "evaluations": 1, "cost": 3.009001817625531, "incumbent": ["haralick_distance='1'", "pca_whiten=''true''", "rf_max_features='0.5'", "rf_n_estimators='10'"]}
{"cpu_time": 229.77211236953735, "total_cpu_time": null, "wallclock_time": 230.00610518455505, "evaluations": 2, "cost": 1.4087987322173658, "incumbent": ["haralick_distance='1'", "pca_whiten=''true''", "rf_max_features='0.5914675755540864'", "rf_n_estimators='259'"]}
{"cpu_time": 342.48374342918396, "total_cpu_time": null, "wallclock_time": 342.77620816230774, "evaluations": 3, "cost": 0.9677078880473843, "incumbent": ["haralick_distance='2'", "pca_whiten=''true''", "rf_max_features='0.49829813910866494'", "rf_n_estimators='39'"]}
{"cpu_time": 457.5876712799072, "total_cpu_time": null, "wallclock_time": 458.05168533325195, "evaluations": 4, "cost": 0.7736387280927643, "incumbent": ["haralick_distance='2'", "pca_whiten=''false''", "rf_max_features='0.7749277535405971'", "rf_n_estimators='140'"]}
{"cpu_time": 694.3681266307831, "total_cpu_time": null, "wallclock_time": 695.0319468975067, "evaluations": 6, "cost": 0.575376636582324, "incumbent": ["haralick_distance='3'", "pca_whiten=''true''", "rf_max_features='0.5831730167358328'", "rf_n_estimators='256'"]}
{"cpu_time": 1070.0771021842957, "total_cpu_time": null, "wallclock_time": 1071.1094732284546, "evaluations": 10, "cost": 0.5751407608962602, "incumbent": ["haralick_distance='3'", "pca_whiten=''false''", "rf_max_features='0.661336511036203'", "rf_n_estimators='180'"]}
{"cpu_time": 2498.9478776454926, "total_cpu_time": null, "wallclock_time": 2501.703413963318, "evaluations": 29, "cost": 0.5230664331367284, "incumbent": ["haralick_distance='3'", "pca_whiten=''true''", "rf_max_features='0.49413803478057056'", "rf_n_estimators='245'"]}
{"cpu_time": 2655.1095221042633, "total_cpu_time": null, "wallclock_time": 2658.0700759887695, "evaluations": 31, "cost": 0.5201992729992576, "incumbent": ["haralick_distance='3'", "pca_whiten=''true''", "rf_max_features='0.33816921928226995'", "rf_n_estimators='276'"]}
{"cpu_time": 5303.9692466259, "total_cpu_time": null, "wallclock_time": 5310.569834947586, "evaluations": 66, "cost": 0.5151515181030971, "incumbent": ["haralick_distance='3'", "pca_whiten=''false''", "rf_max_features='0.5968772643924012'", "rf_n_estimators='289'"]}
{"cpu_time": 6370.862060546875, "total_cpu_time": null, "wallclock_time": 6378.852250814438, "evaluations": 80, "cost": 0.4570825282746555, "incumbent": ["haralick_distance='3'", "pca_whiten=''true''", "rf_max_features='0.6498283668079197'", "rf_n_estimators='294'"]}
{"cpu_time": 6583.499059438705, "total_cpu_time": null, "wallclock_time": 6591.708989858627, "evaluations": 83, "cost": 0.45695328737367974, "incumbent": ["haralick_distance='3'", "pca_whiten=''true''", "rf_max_features='0.726946527761224'", "rf_n_estimators='297'"]}
