{"cpu_time": 0, "total_cpu_time": null, "wallclock_time": 0.00011444091796875, "evaluations": 0, "cost": 2147483648, "incumbent": ["pca_whiten=''true''", "rf_max_features='0.5'", "rf_n_estimators='10'"]}
{"cpu_time": 36.995187520980835, "total_cpu_time": null, "wallclock_time": 37.26828217506409, "evaluations": 1, "cost": 0.4271645949388363, "incumbent": ["pca_whiten=''true''", "rf_max_features='0.5'", "rf_n_estimators='10'"]}
{"cpu_time": 40.6725697517395, "total_cpu_time": null, "wallclock_time": 41.04184937477112, "evaluations": 2, "cost": 0.24223212972635585, "incumbent": ["pca_whiten=''true''", "rf_max_features='0.6263875900678313'", "rf_n_estimators='178'"]}
{"cpu_time": 43.871930837631226, "total_cpu_time": null, "wallclock_time": 44.278056621551514, "evaluations": 3, "cost": 0.24185493132515012, "incumbent": ["pca_whiten=''false''", "rf_max_features='0.3021465708060675'", "rf_n_estimators='203'"]}
{"cpu_time": 48.055269956588745, "total_cpu_time": null, "wallclock_time": 48.54333686828613, "evaluations": 4, "cost": 0.1529288528917688, "incumbent": ["pca_whiten=''true''", "rf_max_features='0.30586418148323496'", "rf_n_estimators='221'"]}
{"cpu_time": 104.7252299785614, "total_cpu_time": null, "wallclock_time": 106.79862427711487, "evaluations": 14, "cost": 0.15029841380754924, "incumbent": ["pca_whiten=''false''", "rf_max_features='0.3202247342337583'", "rf_n_estimators='55'"]}
{"cpu_time": 179.46102046966553, "total_cpu_time": null, "wallclock_time": 184.73752975463867, "evaluations": 32, "cost": 0.14796090509993348, "incumbent": ["pca_whiten=''true''", "rf_max_features='0.3075423983993642'", "rf_n_estimators='47'"]}
