{"cpu_time": 0, "total_cpu_time": null, "wallclock_time": 0.00012183189392089844, "evaluations": 0, "cost": 2147483648, "incumbent": ["pca_whiten=''true''", "svm_C='1.0'", "svm_gamma='1.0'"]}
{"cpu_time": 0.4615035057067871, "total_cpu_time": null, "wallclock_time": 0.7093725204467773, "evaluations": 1, "cost": 0.5349966568551157, "incumbent": ["pca_whiten=''true''", "svm_C='1.0'", "svm_gamma='1.0'"]}
{"cpu_time": 2.2853140830993652, "total_cpu_time": null, "wallclock_time": 2.994570255279541, "evaluations": 4, "cost": 0.5279228051314891, "incumbent": ["pca_whiten=''true''", "svm_C='1.2716634603503483'", "svm_gamma='5.837543753082359'"]}
{"cpu_time": 4.673746347427368, "total_cpu_time": null, "wallclock_time": 6.06326699256897, "evaluations": 8, "cost": 0.5251107603478499, "incumbent": ["pca_whiten=''false''", "svm_C='63.1847491966964'", "svm_gamma='7.996306367183351'"]}
{"cpu_time": 11.854642152786255, "total_cpu_time": null, "wallclock_time": 15.874864101409912, "evaluations": 22, "cost": 0.524857751754953, "incumbent": ["pca_whiten=''true''", "svm_C='2.0694924626936224'", "svm_gamma='6.457478919558803'"]}
{"cpu_time": 12.209118127822876, "total_cpu_time": null, "wallclock_time": 16.25484275817871, "evaluations": 23, "cost": 0.5247356564421615, "incumbent": ["pca_whiten=''false''", "svm_C='85.65154857518807'", "svm_gamma='5.882083392180158'"]}
{"cpu_time": 14.601987600326538, "total_cpu_time": null, "wallclock_time": 19.44287657737732, "evaluations": 29, "cost": 0.5002384252054161, "incumbent": ["pca_whiten=''false''", "svm_C='62.50814177672008'", "svm_gamma='0.028977341676197955'"]}
{"cpu_time": 17.694297075271606, "total_cpu_time": null, "wallclock_time": 23.854525327682495, "evaluations": 36, "cost": 0.48662615584017316, "incumbent": ["pca_whiten=''true''", "svm_C='44.07104440226855'", "svm_gamma='0.22727527464345265'"]}
{"cpu_time": 26.302855253219604, "total_cpu_time": null, "wallclock_time": 35.581109285354614, "evaluations": 52, "cost": 0.4827628296049064, "incumbent": ["pca_whiten=''true''", "svm_C='12.601293280539766'", "svm_gamma='0.244289552316352'"]}
{"cpu_time": 78.48806118965149, "total_cpu_time": null, "wallclock_time": 106.04179334640503, "evaluations": 151, "cost": 0.46769685701427477, "incumbent": ["pca_whiten=''false''", "svm_C='73.99677620646366'", "svm_gamma='0.1313616449020693'"]}
{"cpu_time": 103.57937574386597, "total_cpu_time": null, "wallclock_time": 139.77311968803406, "evaluations": 204, "cost": 0.4653666955206987, "incumbent": ["pca_whiten=''false''", "svm_C='68.3794009464055'", "svm_gamma='0.11963998770687097'"]}
{"cpu_time": 134.37702536582947, "total_cpu_time": null, "wallclock_time": 180.97883582115173, "evaluations": 278, "cost": 0.464121724238633, "incumbent": ["pca_whiten=''false''", "svm_C='74.47226893280836'", "svm_gamma='0.11672793670638375'"]}
