{"cpu_time": 0, "total_cpu_time": null, "wallclock_time": 5.888938903808594e-05, "evaluations": 0, "cost": 2147483648, "incumbent": ["svm_C='0.1'", "svm_gamma='4.005'"]}
{"cpu_time": 0.9097774028778076, "total_cpu_time": null, "wallclock_time": 0.9255590438842773, "evaluations": 1, "cost": 0.32906191200076296, "incumbent": ["svm_C='0.1'", "svm_gamma='4.005'"]}
{"cpu_time": 1.7233350276947021, "total_cpu_time": null, "wallclock_time": 1.7859864234924316, "evaluations": 2, "cost": 0.3121161373580897, "incumbent": ["svm_C='100.0'", "svm_gamma='2.0075'"]}
{"cpu_time": 2.5433385372161865, "total_cpu_time": null, "wallclock_time": 2.622328519821167, "evaluations": 3, "cost": 0.3119987646065956, "incumbent": ["svm_C='75.025'", "svm_gamma='4.005'"]}
{"cpu_time": 4.290588855743408, "total_cpu_time": null, "wallclock_time": 4.419736623764038, "evaluations": 5, "cost": 0.3109080007230231, "incumbent": ["svm_C='75.025'", "svm_gamma='6.0024999999999995'"]}
{"cpu_time": 5.114994049072266, "total_cpu_time": null, "wallclock_time": 5.279836654663086, "evaluations": 6, "cost": 0.3089080779038991, "incumbent": ["svm_C='100.0'", "svm_gamma='6.0024999999999995'"]}
{"cpu_time": 6.605037450790405, "total_cpu_time": null, "wallclock_time": 6.8220374584198, "evaluations": 8, "cost": 0.30776692345166284, "incumbent": ["svm_C='50.050000000000004'", "svm_gamma='6.0024999999999995'"]}
