{"cpu_time": 0, "total_cpu_time": null, "wallclock_time": 4.839897155761719e-05, "evaluations": 0, "cost": 2147483648, "incumbent": ["pca_whiten=''true''"]}
{"cpu_time": 2.58280086517334, "total_cpu_time": null, "wallclock_time": 2.7028980255126953, "evaluations": 1, "cost": 5.73270024442532, "incumbent": ["pca_whiten=''true''"]}
