{"cpu_time": 0, "total_cpu_time": null, "wallclock_time": 0.0001811981201171875, "evaluations": 0, "cost": 2147483648, "incumbent": ["haralick_distance='1'", "pca_whiten=''true''", "rf_max_features='0.5'", "rf_n_estimators='10'"]}
{"cpu_time": 55.85377526283264, "total_cpu_time": null, "wallclock_time": 55.87496280670166, "evaluations": 1, "cost": 8.273918881179656, "incumbent": ["haralick_distance='1'", "pca_whiten=''true''", "rf_max_features='0.5'", "rf_n_estimators='10'"]}
{"cpu_time": 114.70128393173218, "total_cpu_time": null, "wallclock_time": 114.77983808517456, "evaluations": 2, "cost": 3.6889755310938543, "incumbent": ["haralick_distance='1'", "pca_whiten=''true''", "rf_max_features='0.5914675755540864'", "rf_n_estimators='259'"]}
{"cpu_time": 172.14758038520813, "total_cpu_time": null, "wallclock_time": 172.24567008018494, "evaluations": 3, "cost": 1.5314420489372633, "incumbent": ["haralick_distance='2'", "pca_whiten=''true''", "rf_max_features='0.49829813910866494'", "rf_n_estimators='39'"]}
{"cpu_time": 230.67283058166504, "total_cpu_time": null, "wallclock_time": 230.8296172618866, "evaluations": 4, "cost": 1.3561342532819272, "incumbent": ["haralick_distance='2'", "pca_whiten=''false''", "rf_max_features='0.7749277535405971'", "rf_n_estimators='140'"]}
{"cpu_time": 283.3318293094635, "total_cpu_time": null, "wallclock_time": 283.50722193717957, "evaluations": 5, "cost": 1.2643433771768302, "incumbent": ["haralick_distance='2'", "pca_whiten=''true''", "rf_max_features='0.36113899979178665'", "rf_n_estimators='248'"]}
{"cpu_time": 1221.2922837734222, "total_cpu_time": null, "wallclock_time": 1222.2140555381775, "evaluations": 25, "cost": 1.1826438831254176, "incumbent": ["haralick_distance='3'", "pca_whiten=''true''", "rf_max_features='0.7238864987193799'", "rf_n_estimators='299'"]}
{"cpu_time": 1502.8879432678223, "total_cpu_time": null, "wallclock_time": 1504.0431687831879, "evaluations": 31, "cost": 1.1106628115287942, "incumbent": ["haralick_distance='3'", "pca_whiten=''true''", "rf_max_features='0.33816921928226995'", "rf_n_estimators='276'"]}
{"cpu_time": 1874.3188610076904, "total_cpu_time": null, "wallclock_time": 1875.8556826114655, "evaluations": 39, "cost": 1.0926232065495853, "incumbent": ["haralick_distance='2'", "pca_whiten=''false''", "rf_max_features='0.7430203515873013'", "rf_n_estimators='246'"]}
{"cpu_time": 2897.8000223636627, "total_cpu_time": null, "wallclock_time": 2900.262916326523, "evaluations": 61, "cost": 1.0279176305645654, "incumbent": ["haralick_distance='2'", "pca_whiten=''true''", "rf_max_features='0.4601821310682985'", "rf_n_estimators='262'"]}
{"cpu_time": 2944.735720396042, "total_cpu_time": null, "wallclock_time": 2947.2577226161957, "evaluations": 62, "cost": 1.0227971502084248, "incumbent": ["haralick_distance='2'", "pca_whiten=''true''", "rf_max_features='0.4538523765713202'", "rf_n_estimators='281'"]}
{"cpu_time": 4164.995985507965, "total_cpu_time": null, "wallclock_time": 4168.720201730728, "evaluations": 88, "cost": 1.0203919093825, "incumbent": ["haralick_distance='3'", "pca_whiten=''false''", "rf_max_features='0.7842311855290491'", "rf_n_estimators='281'"]}
