{"cpu_time": 0, "total_cpu_time": null, "wallclock_time": 2.8371810913085938e-05, "evaluations": 0, "cost": 2147483648, "incumbent": []}
{"cpu_time": 0.23701953887939453, "total_cpu_time": null, "wallclock_time": 0.24681401252746582, "evaluations": 1, "cost": 9.602235151221638, "incumbent": []}
