{"cpu_time": 0, "total_cpu_time": null, "wallclock_time": 0.00013327598571777344, "evaluations": 0, "cost": 2147483648, "incumbent": ["haralick_distance='1'", "isomap_n_components='2'", "isomap_n_neighbors='5'", "svm_C='1.0'", "svm_gamma='1.0'"]}
{"cpu_time": 52.459391593933105, "total_cpu_time": null, "wallclock_time": 52.51390981674194, "evaluations": 1, "cost": 0.4484737747045086, "incumbent": ["haralick_distance='1'", "isomap_n_components='2'", "isomap_n_neighbors='5'", "svm_C='1.0'", "svm_gamma='1.0'"]}
{"cpu_time": 103.70479822158813, "total_cpu_time": null, "wallclock_time": 103.86879587173462, "evaluations": 2, "cost": 0.43673173939879817, "incumbent": ["haralick_distance='1'", "isomap_n_components='4'", "isomap_n_neighbors='7'", "svm_C='72.54534814538891'", "svm_gamma='4.489288587472055'"]}
{"cpu_time": 207.85699653625488, "total_cpu_time": null, "wallclock_time": 208.1923336982727, "evaluations": 4, "cost": 0.4217627804561935, "incumbent": ["haralick_distance='1'", "isomap_n_components='3'", "isomap_n_neighbors='4'", "svm_C='60.41725723603728'", "svm_gamma='4.023397704614242'"]}
{"cpu_time": 399.14630031585693, "total_cpu_time": null, "wallclock_time": 399.7518267631531, "evaluations": 9, "cost": 0.40895214770030613, "incumbent": ["haralick_distance='1'", "isomap_n_components='4'", "isomap_n_neighbors='5'", "svm_C='90.54227226407072'", "svm_gamma='3.6001724529254275'"]}
{"cpu_time": 460.98184537887573, "total_cpu_time": null, "wallclock_time": 461.6783034801483, "evaluations": 11, "cost": 0.3688368176275298, "incumbent": ["haralick_distance='1'", "isomap_n_components='4'", "isomap_n_neighbors='6'", "svm_C='27.77333326847623'", "svm_gamma='1.3375897829228132'"]}
{"cpu_time": 616.3266706466675, "total_cpu_time": null, "wallclock_time": 617.2960600852966, "evaluations": 16, "cost": 0.3637129956007641, "incumbent": ["haralick_distance='1'", "isomap_n_components='3'", "isomap_n_neighbors='6'", "svm_C='52.88159488154239'", "svm_gamma='0.9252189650952016'"]}
{"cpu_time": 868.4069397449493, "total_cpu_time": null, "wallclock_time": 869.8408591747284, "evaluations": 24, "cost": 0.3621978000041089, "incumbent": ["haralick_distance='1'", "isomap_n_components='4'", "isomap_n_neighbors='6'", "svm_C='33.94083184221295'", "svm_gamma='0.7550045731102986'"]}
{"cpu_time": 1118.3384108543396, "total_cpu_time": null, "wallclock_time": 1120.1321604251862, "evaluations": 32, "cost": 0.3602295813490916, "incumbent": ["haralick_distance='1'", "isomap_n_components='3'", "isomap_n_neighbors='6'", "svm_C='31.743500553556903'", "svm_gamma='0.9823009749979765'"]}
{"cpu_time": 2240.89909863472, "total_cpu_time": null, "wallclock_time": 2244.68501496315, "evaluations": 68, "cost": 0.35847240861669394, "incumbent": ["haralick_distance='1'", "isomap_n_components='3'", "isomap_n_neighbors='6'", "svm_C='35.34646003988594'", "svm_gamma='0.9823009749979765'"]}
{"cpu_time": 2740.2377984523773, "total_cpu_time": null, "wallclock_time": 2744.813675880432, "evaluations": 84, "cost": 0.35770387444756824, "incumbent": ["haralick_distance='1'", "isomap_n_components='3'", "isomap_n_neighbors='6'", "svm_C='45.165427933333'", "svm_gamma='0.9252189650952016'"]}
