{"cpu_time": 0, "total_cpu_time": null, "wallclock_time": 1.0989646911621094, "evaluations": 0, "cost": 2147483648, "incumbent": ["pca_whiten=''true''", "svm_C='1.0'", "svm_gamma='1.0'"]}
{"cpu_time": 40.87087845802307, "total_cpu_time": null, "wallclock_time": 42.06705045700073, "evaluations": 1, "cost": 0.7877366770128794, "incumbent": ["pca_whiten=''true''", "svm_C='1.0'", "svm_gamma='1.0'"]}
{"cpu_time": 43.85032629966736, "total_cpu_time": null, "wallclock_time": 74.0520613193512, "evaluations": 7, "cost": 0.7529286505964438, "incumbent": ["pca_whiten=''false''", "svm_C='27.7401808320841'", "svm_gamma='1.3369630501374539'"]}
{"cpu_time": 45.466572284698486, "total_cpu_time": null, "wallclock_time": 86.09281539916992, "evaluations": 10, "cost": 0.7186498468644457, "incumbent": ["pca_whiten=''false''", "svm_C='12.662013893502033'", "svm_gamma='0.25204730906417755'"]}
{"cpu_time": 47.735849142074585, "total_cpu_time": null, "wallclock_time": 88.58927392959595, "evaluations": 13, "cost": 0.7106554499362713, "incumbent": ["pca_whiten=''true''", "svm_C='51.73301157598647'", "svm_gamma='0.4810452067326368'"]}
{"cpu_time": 51.524569511413574, "total_cpu_time": null, "wallclock_time": 93.0646300315857, "evaluations": 20, "cost": 0.7092979251731202, "incumbent": ["pca_whiten=''false''", "svm_C='57.55803620803482'", "svm_gamma='0.061897643274658826'"]}
{"cpu_time": 52.52820706367493, "total_cpu_time": null, "wallclock_time": 94.23414659500122, "evaluations": 22, "cost": 0.7058252618970201, "incumbent": ["pca_whiten=''false''", "svm_C='73.96371353186726'", "svm_gamma='0.18432468878103153'"]}
{"cpu_time": 53.550031900405884, "total_cpu_time": null, "wallclock_time": 95.44480395317078, "evaluations": 24, "cost": 0.6938601234844931, "incumbent": ["pca_whiten=''false''", "svm_C='61.33790424700324'", "svm_gamma='0.2149072789577475'"]}
{"cpu_time": 59.000868797302246, "total_cpu_time": null, "wallclock_time": 101.81352233886719, "evaluations": 34, "cost": 0.6937086809618455, "incumbent": ["pca_whiten=''false''", "svm_C='71.42219555224206'", "svm_gamma='0.3235170973203759'"]}
