{"cpu_time": 0, "total_cpu_time": null, "wallclock_time": 0.00670313835144043, "evaluations": 0, "cost": 2147483648, "incumbent": ["haralick_distance='1'", "pca_whiten=''true''", "svm_C='1.0'", "svm_gamma='1.0'"]}
{"cpu_time": 121.75956749916077, "total_cpu_time": null, "wallclock_time": 121.87642502784729, "evaluations": 1, "cost": 0.4761965099874437, "incumbent": ["haralick_distance='1'", "pca_whiten=''true''", "svm_C='1.0'", "svm_gamma='1.0'"]}
{"cpu_time": 2171.3783009052277, "total_cpu_time": null, "wallclock_time": 2173.9986197948456, "evaluations": 18, "cost": 0.4721027818069048, "incumbent": ["haralick_distance='3'", "pca_whiten=''false''", "svm_C='2.154590611784965'", "svm_gamma='1.256527090305332'"]}
{"cpu_time": 3070.1686086654663, "total_cpu_time": null, "wallclock_time": 3073.9866120815277, "evaluations": 28, "cost": 0.4719175741742618, "incumbent": ["haralick_distance='3'", "pca_whiten=''true''", "svm_C='0.9746526930330416'", "svm_gamma='2.0503139078112196'"]}
{"cpu_time": 3434.977903366089, "total_cpu_time": null, "wallclock_time": 3439.3047637939453, "evaluations": 32, "cost": 0.4701521658702405, "incumbent": ["haralick_distance='3'", "pca_whiten=''true''", "svm_C='0.703444446760593'", "svm_gamma='1.2983043933709302'"]}
