{"cpu_time": 0, "total_cpu_time": null, "wallclock_time": 0.00013113021850585938, "evaluations": 0, "cost": 2147483648, "incumbent": ["pca_whiten=''true''", "rf_max_features='0.5'", "rf_n_estimators='10'"]}
{"cpu_time": 0.8474061489105225, "total_cpu_time": null, "wallclock_time": 0.8893096446990967, "evaluations": 1, "cost": 1.461412892960154, "incumbent": ["pca_whiten=''true''", "rf_max_features='0.5'", "rf_n_estimators='10'"]}
{"cpu_time": 3.816937208175659, "total_cpu_time": null, "wallclock_time": 3.95625638961792, "evaluations": 2, "cost": 0.5277062885297495, "incumbent": ["pca_whiten=''true''", "rf_max_features='0.6263875900678313'", "rf_n_estimators='178'"]}
{"cpu_time": 7.008210182189941, "total_cpu_time": null, "wallclock_time": 7.204920291900635, "evaluations": 3, "cost": 0.5090981838877894, "incumbent": ["pca_whiten=''false''", "rf_max_features='0.3021465708060675'", "rf_n_estimators='203'"]}
{"cpu_time": 30.08591938018799, "total_cpu_time": null, "wallclock_time": 31.22987651824951, "evaluations": 10, "cost": 0.49799255310166896, "incumbent": ["pca_whiten=''true''", "rf_max_features='0.442022127684778'", "rf_n_estimators='40'"]}
{"cpu_time": 36.99844145774841, "total_cpu_time": null, "wallclock_time": 38.514177560806274, "evaluations": 12, "cost": 0.4716325546524409, "incumbent": ["pca_whiten=''false''", "rf_max_features='0.33213587343673884'", "rf_n_estimators='66'"]}
{"cpu_time": 106.37971019744873, "total_cpu_time": null, "wallclock_time": 112.59517741203308, "evaluations": 56, "cost": 0.46290079810563006, "incumbent": ["pca_whiten=''false''", "rf_max_features='0.6238722508099318'", "rf_n_estimators='39'"]}
{"cpu_time": 136.68830561637878, "total_cpu_time": null, "wallclock_time": 144.71895170211792, "evaluations": 78, "cost": 0.44905195261662073, "incumbent": ["pca_whiten=''false''", "rf_max_features='0.3635343219534516'", "rf_n_estimators='23'"]}
