{"cpu_time": 0, "total_cpu_time": null, "wallclock_time": 0.00012493133544921875, "evaluations": 0, "cost": 2147483648, "incumbent": ["haralick_distance='1'", "pca_whiten=''true''", "rf_max_features='0.5'", "rf_n_estimators='10'"]}
{"cpu_time": 118.62587928771973, "total_cpu_time": null, "wallclock_time": 118.70378470420837, "evaluations": 1, "cost": 3.009001817625531, "incumbent": ["haralick_distance='1'", "pca_whiten=''true''", "rf_max_features='0.5'", "rf_n_estimators='10'"]}
{"cpu_time": 244.65352535247803, "total_cpu_time": null, "wallclock_time": 244.88135051727295, "evaluations": 2, "cost": 1.3473330255217826, "incumbent": ["haralick_distance='1'", "pca_whiten=''true''", "rf_max_features='0.5914675755540864'", "rf_n_estimators='259'"]}
{"cpu_time": 368.469535112381, "total_cpu_time": null, "wallclock_time": 368.75748586654663, "evaluations": 3, "cost": 1.0475977335980862, "incumbent": ["haralick_distance='2'", "pca_whiten=''true''", "rf_max_features='0.49829813910866494'", "rf_n_estimators='39'"]}
{"cpu_time": 497.57575035095215, "total_cpu_time": null, "wallclock_time": 498.06393122673035, "evaluations": 4, "cost": 0.7775003995362022, "incumbent": ["haralick_distance='2'", "pca_whiten=''false''", "rf_max_features='0.7749277535405971'", "rf_n_estimators='140'"]}
{"cpu_time": 630.9718887805939, "total_cpu_time": null, "wallclock_time": 631.5182061195374, "evaluations": 5, "cost": 0.7098675061412992, "incumbent": ["haralick_distance='2'", "pca_whiten=''true''", "rf_max_features='0.36113899979178665'", "rf_n_estimators='248'"]}
{"cpu_time": 749.4479804039001, "total_cpu_time": null, "wallclock_time": 750.2120022773743, "evaluations": 6, "cost": 0.5112701229201927, "incumbent": ["haralick_distance='3'", "pca_whiten=''true''", "rf_max_features='0.5831730167358328'", "rf_n_estimators='256'"]}
{"cpu_time": 6951.030284404755, "total_cpu_time": null, "wallclock_time": 6959.838161468506, "evaluations": 87, "cost": 0.45873448055512195, "incumbent": ["haralick_distance='3'", "pca_whiten=''false''", "rf_max_features='0.6441412959818782'", "rf_n_estimators='244'"]}
