{"cpu_time": 0, "total_cpu_time": null, "wallclock_time": 0.00011467933654785156, "evaluations": 0, "cost": 2147483648, "incumbent": ["haralick_distance='1'", "pca_whiten=''true''"]}
{"cpu_time": 132.06031584739685, "total_cpu_time": null, "wallclock_time": 132.11085963249207, "evaluations": 1, "cost": 16.786430730916337, "incumbent": ["haralick_distance='1'", "pca_whiten=''true''"]}
{"cpu_time": 422.02494049072266, "total_cpu_time": null, "wallclock_time": 422.24149107933044, "evaluations": 3, "cost": 13.3016568225221, "incumbent": ["haralick_distance='2'", "pca_whiten=''false''"]}
