{"cpu_time": 0, "total_cpu_time": null, "wallclock_time": 0.00015687942504882812, "evaluations": 0, "cost": 2147483648, "incumbent": ["haralick_distance='1'", "pca_whiten=''true''", "svm_C='1.0'", "svm_gamma='1.0'"]}
{"cpu_time": 89.75717329978943, "total_cpu_time": null, "wallclock_time": 89.8368091583252, "evaluations": 1, "cost": 0.20476260083249134, "incumbent": ["haralick_distance='1'", "pca_whiten=''true''", "svm_C='1.0'", "svm_gamma='1.0'"]}
{"cpu_time": 1390.1470973491669, "total_cpu_time": null, "wallclock_time": 1392.432529449463, "evaluations": 20, "cost": 0.185947616775447, "incumbent": ["haralick_distance='1'", "pca_whiten=''false''", "svm_C='0.3097418738052189'", "svm_gamma='1.2008105846550912'"]}
