{"cpu_time": 0, "total_cpu_time": null, "wallclock_time": 0.00017142295837402344, "evaluations": 0, "cost": 2147483648, "incumbent": ["isomap_n_components='2'", "isomap_n_neighbors='5'", "svm_C='1.0'", "svm_gamma='1.0'"]}
{"cpu_time": 1.9898998737335205, "total_cpu_time": null, "wallclock_time": 2.0400657653808594, "evaluations": 1, "cost": 0.9490210652728353, "incumbent": ["isomap_n_components='2'", "isomap_n_neighbors='5'", "svm_C='1.0'", "svm_gamma='1.0'"]}
{"cpu_time": 50.84033274650574, "total_cpu_time": null, "wallclock_time": 54.48061156272888, "evaluations": 26, "cost": 0.918936260056545, "incumbent": ["isomap_n_components='4'", "isomap_n_neighbors='7'", "svm_C='16.096229849547015'", "svm_gamma='0.181504328122982'"]}
{"cpu_time": 54.525269746780396, "total_cpu_time": null, "wallclock_time": 58.368680000305176, "evaluations": 28, "cost": 0.9175998647345524, "incumbent": ["isomap_n_components='4'", "isomap_n_neighbors='7'", "svm_C='15.074303633283366'", "svm_gamma='0.10002923534643868'"]}
{"cpu_time": 65.43060541152954, "total_cpu_time": null, "wallclock_time": 70.03301119804382, "evaluations": 34, "cost": 0.9102843183316093, "incumbent": ["isomap_n_components='4'", "isomap_n_neighbors='6'", "svm_C='4.4190130934613086'", "svm_gamma='0.03891044832310457'"]}
{"cpu_time": 86.8626000881195, "total_cpu_time": null, "wallclock_time": 92.88643336296082, "evaluations": 46, "cost": 0.9092943894022949, "incumbent": ["isomap_n_components='4'", "isomap_n_neighbors='7'", "svm_C='4.4190130934613086'", "svm_gamma='0.03891044832310457'"]}
