{"cpu_time": 0, "total_cpu_time": null, "wallclock_time": 0.0059223175048828125, "evaluations": 0, "cost": 2147483648, "incumbent": ["isomap_n_components='2'", "isomap_n_neighbors='5'", "rf_max_features='0.5'", "rf_n_estimators='10'"]}
{"cpu_time": 4.331582069396973, "total_cpu_time": null, "wallclock_time": 4.408807754516602, "evaluations": 1, "cost": 2.047600927633717, "incumbent": ["isomap_n_components='2'", "isomap_n_neighbors='5'", "rf_max_features='0.5'", "rf_n_estimators='10'"]}
{"cpu_time": 12.304280996322632, "total_cpu_time": null, "wallclock_time": 12.506537199020386, "evaluations": 2, "cost": 0.8245667796832593, "incumbent": ["isomap_n_components='2'", "isomap_n_neighbors='7'", "rf_max_features='0.7705914184339647'", "rf_n_estimators='220'"]}
{"cpu_time": 17.781769514083862, "total_cpu_time": null, "wallclock_time": 18.033931255340576, "evaluations": 3, "cost": 0.6964514645866219, "incumbent": ["isomap_n_components='4'", "isomap_n_neighbors='5'", "rf_max_features='0.42825496760388254'", "rf_n_estimators='109'"]}
{"cpu_time": 104.63789248466492, "total_cpu_time": null, "wallclock_time": 107.63483548164368, "evaluations": 19, "cost": 0.6649441611694473, "incumbent": ["isomap_n_components='3'", "isomap_n_neighbors='5'", "rf_max_features='0.5232445521404507'", "rf_n_estimators='129'"]}
{"cpu_time": 118.57895088195801, "total_cpu_time": null, "wallclock_time": 121.89889001846313, "evaluations": 21, "cost": 0.5194324682541357, "incumbent": ["isomap_n_components='4'", "isomap_n_neighbors='6'", "rf_max_features='0.3908563055255074'", "rf_n_estimators='252'"]}
{"cpu_time": 132.99156165122986, "total_cpu_time": null, "wallclock_time": 136.7953896522522, "evaluations": 23, "cost": 0.4393998909664984, "incumbent": ["isomap_n_components='4'", "isomap_n_neighbors='7'", "rf_max_features='0.6343316352444657'", "rf_n_estimators='296'"]}
