{"cpu_time": 0, "total_cpu_time": null, "wallclock_time": 0.00015091896057128906, "evaluations": 0, "cost": 2147483648, "incumbent": ["haralick_distance='1'", "pca_whiten=''true''", "rf_max_features='0.5'", "rf_n_estimators='10'"]}
{"cpu_time": 47.65983867645264, "total_cpu_time": null, "wallclock_time": 47.67725324630737, "evaluations": 1, "cost": 8.273918881179656, "incumbent": ["haralick_distance='1'", "pca_whiten=''true''", "rf_max_features='0.5'", "rf_n_estimators='10'"]}
{"cpu_time": 97.49635887145996, "total_cpu_time": null, "wallclock_time": 97.55352115631104, "evaluations": 2, "cost": 3.9266612969435535, "incumbent": ["haralick_distance='1'", "pca_whiten=''true''", "rf_max_features='0.5914675755540864'", "rf_n_estimators='259'"]}
{"cpu_time": 146.08918595314026, "total_cpu_time": null, "wallclock_time": 146.16629147529602, "evaluations": 3, "cost": 1.500557277166463, "incumbent": ["haralick_distance='2'", "pca_whiten=''true''", "rf_max_features='0.49829813910866494'", "rf_n_estimators='39'"]}
{"cpu_time": 195.53241062164307, "total_cpu_time": null, "wallclock_time": 195.6618914604187, "evaluations": 4, "cost": 1.34826651544988, "incumbent": ["haralick_distance='2'", "pca_whiten=''false''", "rf_max_features='0.7749277535405971'", "rf_n_estimators='140'"]}
{"cpu_time": 244.55840253829956, "total_cpu_time": null, "wallclock_time": 244.70595145225525, "evaluations": 5, "cost": 1.258735257550536, "incumbent": ["haralick_distance='2'", "pca_whiten=''true''", "rf_max_features='0.36113899979178665'", "rf_n_estimators='248'"]}
{"cpu_time": 623.8786776065826, "total_cpu_time": null, "wallclock_time": 624.3495850563049, "evaluations": 13, "cost": 1.1785158981590491, "incumbent": ["haralick_distance='2'", "pca_whiten=''false''", "rf_max_features='0.7295696968463088'", "rf_n_estimators='128'"]}
{"cpu_time": 854.0556213855743, "total_cpu_time": null, "wallclock_time": 854.7469100952148, "evaluations": 18, "cost": 1.1711446681502105, "incumbent": ["haralick_distance='2'", "pca_whiten=''false''", "rf_max_features='0.45780701269467766'", "rf_n_estimators='198'"]}
{"cpu_time": 1168.5526206493378, "total_cpu_time": null, "wallclock_time": 1169.5126435756683, "evaluations": 25, "cost": 1.1117615809550199, "incumbent": ["haralick_distance='3'", "pca_whiten=''true''", "rf_max_features='0.7238864987193799'", "rf_n_estimators='299'"]}
{"cpu_time": 1348.8623549938202, "total_cpu_time": null, "wallclock_time": 1349.983494758606, "evaluations": 29, "cost": 1.0922738766349758, "incumbent": ["haralick_distance='3'", "pca_whiten=''true''", "rf_max_features='0.49413803478057056'", "rf_n_estimators='245'"]}
{"cpu_time": 5732.818925619125, "total_cpu_time": null, "wallclock_time": 5738.281269073486, "evaluations": 125, "cost": 1.032377573651561, "incumbent": ["haralick_distance='3'", "pca_whiten=''false''", "rf_max_features='0.7313397387990492'", "rf_n_estimators='246'"]}
