{"cpu_time": 0, "total_cpu_time": null, "wallclock_time": 0.00010085105895996094, "evaluations": 0, "cost": 2147483648, "incumbent": ["pca_whiten=''true''", "svm_C='1.0'", "svm_gamma='1.0'"]}
{"cpu_time": 27.53009867668152, "total_cpu_time": null, "wallclock_time": 27.615857362747192, "evaluations": 1, "cost": 0.8971756088253809, "incumbent": ["pca_whiten=''true''", "svm_C='1.0'", "svm_gamma='1.0'"]}
{"cpu_time": 32.71042490005493, "total_cpu_time": null, "wallclock_time": 33.06680989265442, "evaluations": 10, "cost": 0.8798934986925224, "incumbent": ["pca_whiten=''true''", "svm_C='28.47602111141865'", "svm_gamma='0.8905090834586253'"]}
{"cpu_time": 36.18774199485779, "total_cpu_time": null, "wallclock_time": 36.66580629348755, "evaluations": 14, "cost": 0.8525020292608421, "incumbent": ["pca_whiten=''false''", "svm_C='35.6177788970462'", "svm_gamma='0.6139953250167454'"]}
{"cpu_time": 42.51487183570862, "total_cpu_time": null, "wallclock_time": 43.43286204338074, "evaluations": 26, "cost": 0.8444895901457145, "incumbent": ["pca_whiten=''true''", "svm_C='98.88702853127899'", "svm_gamma='0.61336393946081'"]}
{"cpu_time": 44.059049129486084, "total_cpu_time": null, "wallclock_time": 45.07902455329895, "evaluations": 29, "cost": 0.6963490420478405, "incumbent": ["pca_whiten=''false''", "svm_C='62.50814177672008'", "svm_gamma='0.028977341676197955'"]}
{"cpu_time": 49.35840582847595, "total_cpu_time": null, "wallclock_time": 50.74612522125244, "evaluations": 38, "cost": 0.6881875733524607, "incumbent": ["pca_whiten=''false''", "svm_C='53.73916728653797'", "svm_gamma='0.03917360151637708'"]}
{"cpu_time": 65.38102531433105, "total_cpu_time": null, "wallclock_time": 67.74409437179565, "evaluations": 64, "cost": 0.6881859153413185, "incumbent": ["pca_whiten=''true''", "svm_C='2.2230809828924043'", "svm_gamma='0.07292435736783137'"]}
{"cpu_time": 73.89729022979736, "total_cpu_time": null, "wallclock_time": 76.76485443115234, "evaluations": 78, "cost": 0.678630326297271, "incumbent": ["pca_whiten=''true''", "svm_C='14.323042033833365'", "svm_gamma='0.04633045395668179'"]}
{"cpu_time": 90.93901753425598, "total_cpu_time": null, "wallclock_time": 94.77493596076965, "evaluations": 106, "cost": 0.6757028741468827, "incumbent": ["pca_whiten=''true''", "svm_C='10.8720648562031'", "svm_gamma='0.05715082111936426'"]}
