{"cpu_time": 0, "total_cpu_time": null, "wallclock_time": 0.00020074844360351562, "evaluations": 0, "cost": 2147483648, "incumbent": ["pca_whiten=''true''", "svm_C='1.0'", "svm_gamma='1.0'"]}
{"cpu_time": 253.08274483680725, "total_cpu_time": null, "wallclock_time": 253.17156171798706, "evaluations": 1, "cost": 1.0120927287616235, "incumbent": ["pca_whiten=''true''", "svm_C='1.0'", "svm_gamma='1.0'"]}
{"cpu_time": 255.47945642471313, "total_cpu_time": null, "wallclock_time": 255.89707279205322, "evaluations": 7, "cost": 1.0113089106227966, "incumbent": ["pca_whiten=''false''", "svm_C='43.44972047643372'", "svm_gamma='7.1582797874925035'"]}
{"cpu_time": 263.940114736557, "total_cpu_time": null, "wallclock_time": 265.5570342540741, "evaluations": 27, "cost": 1.0110109360633424, "incumbent": ["pca_whiten=''false''", "svm_C='43.432252020295046'", "svm_gamma='5.079881289537974'"]}
{"cpu_time": 267.92813086509705, "total_cpu_time": null, "wallclock_time": 270.0514793395996, "evaluations": 37, "cost": 1.0059310036320026, "incumbent": ["pca_whiten=''false''", "svm_C='35.61644748238228'", "svm_gamma='0.06997211704879817'"]}
{"cpu_time": 269.10167932510376, "total_cpu_time": null, "wallclock_time": 271.418580532074, "evaluations": 40, "cost": 1.005388619896235, "incumbent": ["pca_whiten=''false''", "svm_C='6.825835143415809'", "svm_gamma='0.26783656240494047'"]}
{"cpu_time": 270.6733355522156, "total_cpu_time": null, "wallclock_time": 273.32033920288086, "evaluations": 44, "cost": 0.99887429489157, "incumbent": ["pca_whiten=''false''", "svm_C='95.7206063585882'", "svm_gamma='0.05826347477094233'"]}
