{"cpu_time": 0, "total_cpu_time": null, "wallclock_time": 6.961822509765625e-05, "evaluations": 0, "cost": 2147483648, "incumbent": ["pca_whiten=''true''"]}
{"cpu_time": 1.5664184093475342, "total_cpu_time": null, "wallclock_time": 1.6256508827209473, "evaluations": 1, "cost": 20.86148598730269, "incumbent": ["pca_whiten=''true''"]}
{"cpu_time": 2.30948805809021, "total_cpu_time": null, "wallclock_time": 2.4545466899871826, "evaluations": 2, "cost": 20.57528897009439, "incumbent": ["pca_whiten=''false''"]}
