{"cpu_time": 0, "total_cpu_time": null, "wallclock_time": 0.00013518333435058594, "evaluations": 0, "cost": 2147483648, "incumbent": ["isomap_n_components='2'", "isomap_n_neighbors='5'", "svm_C='1.0'", "svm_gamma='1.0'"]}
{"cpu_time": 10.384798526763916, "total_cpu_time": null, "wallclock_time": 10.52419114112854, "evaluations": 1, "cost": 0.5073796121512638, "incumbent": ["isomap_n_components='2'", "isomap_n_neighbors='5'", "svm_C='1.0'", "svm_gamma='1.0'"]}
{"cpu_time": 135.92064237594604, "total_cpu_time": null, "wallclock_time": 140.84894824028015, "evaluations": 14, "cost": 0.46299890531005233, "incumbent": ["isomap_n_components='4'", "isomap_n_neighbors='7'", "svm_C='69.60358905684629'", "svm_gamma='0.468344155952727'"]}
{"cpu_time": 238.6238226890564, "total_cpu_time": null, "wallclock_time": 247.20632028579712, "evaluations": 24, "cost": 0.43462923100616013, "incumbent": ["isomap_n_components='4'", "isomap_n_neighbors='7'", "svm_C='68.84444237258377'", "svm_gamma='0.10510240303015653'"]}
{"cpu_time": 448.9049389362335, "total_cpu_time": null, "wallclock_time": 464.71424174308777, "evaluations": 44, "cost": 0.42798796087111673, "incumbent": ["isomap_n_components='4'", "isomap_n_neighbors='7'", "svm_C='45.2403543901162'", "svm_gamma='0.07011742573599612'"]}
{"cpu_time": 560.1464958190918, "total_cpu_time": null, "wallclock_time": 580.2092735767365, "evaluations": 55, "cost": 0.4211865382217728, "incumbent": ["isomap_n_components='4'", "isomap_n_neighbors='7'", "svm_C='50.36892197717451'", "svm_gamma='0.05883660195563219'"]}
{"cpu_time": 1267.6188962459564, "total_cpu_time": null, "wallclock_time": 1316.1343393325806, "evaluations": 124, "cost": 0.4208959892240889, "incumbent": ["isomap_n_components='4'", "isomap_n_neighbors='7'", "svm_C='52.18352419980346'", "svm_gamma='0.05690308053259367'"]}
{"cpu_time": 1491.4639377593994, "total_cpu_time": null, "wallclock_time": 1548.3724734783173, "evaluations": 146, "cost": 0.41923384979978184, "incumbent": ["isomap_n_components='4'", "isomap_n_neighbors='7'", "svm_C='68.94883953185446'", "svm_gamma='0.04015065415709187'"]}
