{"cpu_time": 0, "total_cpu_time": null, "wallclock_time": 0.00014066696166992188, "evaluations": 0, "cost": 2147483648, "incumbent": ["isomap_n_components='2'", "isomap_n_neighbors='5'", "rf_max_features='0.5'", "rf_n_estimators='10'"]}
{"cpu_time": 0.7799923419952393, "total_cpu_time": null, "wallclock_time": 0.799541711807251, "evaluations": 1, "cost": 1.4970457576092377, "incumbent": ["isomap_n_components='2'", "isomap_n_neighbors='5'", "rf_max_features='0.5'", "rf_n_estimators='10'"]}
{"cpu_time": 2.388920307159424, "total_cpu_time": null, "wallclock_time": 2.464067220687866, "evaluations": 2, "cost": 0.559665558423149, "incumbent": ["isomap_n_components='2'", "isomap_n_neighbors='7'", "rf_max_features='0.7705914184339647'", "rf_n_estimators='220'"]}
{"cpu_time": 3.5641696453094482, "total_cpu_time": null, "wallclock_time": 3.658790111541748, "evaluations": 3, "cost": 0.4193893891123339, "incumbent": ["isomap_n_components='4'", "isomap_n_neighbors='5'", "rf_max_features='0.42825496760388254'", "rf_n_estimators='109'"]}
{"cpu_time": 25.074737787246704, "total_cpu_time": null, "wallclock_time": 25.982572078704834, "evaluations": 21, "cost": 0.406810258489321, "incumbent": ["isomap_n_components='4'", "isomap_n_neighbors='6'", "rf_max_features='0.3908563055255074'", "rf_n_estimators='252'"]}
{"cpu_time": 152.35845494270325, "total_cpu_time": null, "wallclock_time": 158.02481985092163, "evaluations": 114, "cost": 0.4033982534979379, "incumbent": ["isomap_n_components='4'", "isomap_n_neighbors='6'", "rf_max_features='0.4475236906198373'", "rf_n_estimators='285'"]}
{"cpu_time": 176.2436020374298, "total_cpu_time": null, "wallclock_time": 182.75598096847534, "evaluations": 130, "cost": 0.402318653869329, "incumbent": ["isomap_n_components='4'", "isomap_n_neighbors='6'", "rf_max_features='0.4957062973729072'", "rf_n_estimators='233'"]}
{"cpu_time": 195.78953886032104, "total_cpu_time": null, "wallclock_time": 202.94491505622864, "evaluations": 143, "cost": 0.3741947668237531, "incumbent": ["isomap_n_components='4'", "isomap_n_neighbors='5'", "rf_max_features='0.7224636370704913'", "rf_n_estimators='274'"]}
