{"cpu_time": 0, "total_cpu_time": null, "wallclock_time": 0.0001327991485595703, "evaluations": 0, "cost": 2147483648, "incumbent": ["isomap_n_components='2'", "isomap_n_neighbors='5'", "rf_max_features='0.5'", "rf_n_estimators='10'"]}
{"cpu_time": 2.6621792316436768, "total_cpu_time": null, "wallclock_time": 2.735924482345581, "evaluations": 1, "cost": 1.7570629735634977, "incumbent": ["isomap_n_components='2'", "isomap_n_neighbors='5'", "rf_max_features='0.5'", "rf_n_estimators='10'"]}
{"cpu_time": 8.250238180160522, "total_cpu_time": null, "wallclock_time": 8.575151920318604, "evaluations": 2, "cost": 0.6874659811422793, "incumbent": ["isomap_n_components='2'", "isomap_n_neighbors='7'", "rf_max_features='0.7705914184339647'", "rf_n_estimators='220'"]}
{"cpu_time": 12.86918592453003, "total_cpu_time": null, "wallclock_time": 13.236232995986938, "evaluations": 3, "cost": 0.482303037821546, "incumbent": ["isomap_n_components='4'", "isomap_n_neighbors='5'", "rf_max_features='0.42825496760388254'", "rf_n_estimators='109'"]}
{"cpu_time": 48.258705377578735, "total_cpu_time": null, "wallclock_time": 50.12594413757324, "evaluations": 12, "cost": 0.46547792689742273, "incumbent": ["isomap_n_components='4'", "isomap_n_neighbors='6'", "rf_max_features='0.3830430643064061'", "rf_n_estimators='112'"]}
{"cpu_time": 145.38072729110718, "total_cpu_time": null, "wallclock_time": 151.03239822387695, "evaluations": 38, "cost": 0.41303969987788297, "incumbent": ["isomap_n_components='4'", "isomap_n_neighbors='7'", "rf_max_features='0.41102171723853825'", "rf_n_estimators='264'"]}
{"cpu_time": 298.3247630596161, "total_cpu_time": null, "wallclock_time": 309.9250349998474, "evaluations": 91, "cost": 0.38474307324766716, "incumbent": ["isomap_n_components='4'", "isomap_n_neighbors='6'", "rf_max_features='0.3835720877088859'", "rf_n_estimators='88'"]}
{"cpu_time": 392.40676617622375, "total_cpu_time": null, "wallclock_time": 408.18651819229126, "evaluations": 124, "cost": 0.3510657400462827, "incumbent": ["isomap_n_components='4'", "isomap_n_neighbors='5'", "rf_max_features='0.3028461047802785'", "rf_n_estimators='261'"]}
