{"cpu_time": 0, "total_cpu_time": null, "wallclock_time": 0.000125885009765625, "evaluations": 0, "cost": 2147483648, "incumbent": ["pca_whiten=''true''", "svm_C='1.0'", "svm_gamma='1.0'"]}
{"cpu_time": 25.44226312637329, "total_cpu_time": null, "wallclock_time": 25.6698055267334, "evaluations": 1, "cost": 0.5291368448233261, "incumbent": ["pca_whiten=''true''", "svm_C='1.0'", "svm_gamma='1.0'"]}
{"cpu_time": 25.856565713882446, "total_cpu_time": null, "wallclock_time": 26.21770215034485, "evaluations": 2, "cost": 0.5284901073938673, "incumbent": ["pca_whiten=''true''", "svm_C='65.31224049555269'", "svm_gamma='4.667651857354299'"]}
{"cpu_time": 26.575786590576172, "total_cpu_time": null, "wallclock_time": 27.11960005760193, "evaluations": 4, "cost": 0.5257377942115076, "incumbent": ["pca_whiten=''true''", "svm_C='1.2716634603503483'", "svm_gamma='5.837543753082359'"]}
{"cpu_time": 27.43725872039795, "total_cpu_time": null, "wallclock_time": 28.223677396774292, "evaluations": 6, "cost": 0.5250713386753662, "incumbent": ["pca_whiten=''true''", "svm_C='69.69712111971603'", "svm_gamma='7.565840455614787'"]}
{"cpu_time": 27.886521100997925, "total_cpu_time": null, "wallclock_time": 28.793484449386597, "evaluations": 7, "cost": 0.5250121784729526, "incumbent": ["pca_whiten=''false''", "svm_C='43.44972047643372'", "svm_gamma='7.1582797874925035'"]}
{"cpu_time": 30.57917356491089, "total_cpu_time": null, "wallclock_time": 32.28918099403381, "evaluations": 12, "cost": 0.5248143407036094, "incumbent": ["pca_whiten=''false''", "svm_C='83.28724568195449'", "svm_gamma='6.430582368152305'"]}
{"cpu_time": 34.179746866226196, "total_cpu_time": null, "wallclock_time": 36.7892427444458, "evaluations": 18, "cost": 0.5245157035445285, "incumbent": ["pca_whiten=''true''", "svm_C='19.864427373782807'", "svm_gamma='6.693549337648275'"]}
{"cpu_time": 39.71771264076233, "total_cpu_time": null, "wallclock_time": 44.00526189804077, "evaluations": 29, "cost": 0.5014037306931708, "incumbent": ["pca_whiten=''false''", "svm_C='62.50814177672008'", "svm_gamma='0.028977341676197955'"]}
{"cpu_time": 45.50954985618591, "total_cpu_time": null, "wallclock_time": 51.83607769012451, "evaluations": 42, "cost": 0.49299369143726857, "incumbent": ["pca_whiten=''true''", "svm_C='61.571598798495415'", "svm_gamma='0.14287749729657662'"]}
{"cpu_time": 46.316378116607666, "total_cpu_time": null, "wallclock_time": 52.97626972198486, "evaluations": 44, "cost": 0.4929903929567678, "incumbent": ["pca_whiten=''true''", "svm_C='0.828504933943536'", "svm_gamma='0.08857457492567664'"]}
{"cpu_time": 48.38485074043274, "total_cpu_time": null, "wallclock_time": 55.682332277297974, "evaluations": 48, "cost": 0.47387739553280966, "incumbent": ["pca_whiten=''false''", "svm_C='61.571598798495415'", "svm_gamma='0.14287749729657662'"]}
{"cpu_time": 58.20282244682312, "total_cpu_time": null, "wallclock_time": 68.50332832336426, "evaluations": 68, "cost": 0.4714251975772006, "incumbent": ["pca_whiten=''false''", "svm_C='97.75856888746335'", "svm_gamma='0.11904156254315808'"]}
{"cpu_time": 61.36002278327942, "total_cpu_time": null, "wallclock_time": 72.59410262107849, "evaluations": 74, "cost": 0.4689713940369786, "incumbent": ["pca_whiten=''false''", "svm_C='99.72679470850605'", "svm_gamma='0.11099461558112553'"]}
