{"cpu_time": 0, "total_cpu_time": null, "wallclock_time": 2.765655517578125e-05, "evaluations": 0, "cost": 2147483648, "incumbent": []}
{"cpu_time": 0.17939090728759766, "total_cpu_time": null, "wallclock_time": 0.19570279121398926, "evaluations": 1, "cost": 17.74909342516243, "incumbent": []}
