{"cpu_time": 0, "total_cpu_time": null, "wallclock_time": 7.224082946777344e-05, "evaluations": 0, "cost": 2147483648, "incumbent": ["pca_whiten=''true''"]}
{"cpu_time": 4662.650644302368, "total_cpu_time": null, "wallclock_time": 4663.287237405777, "evaluations": 1, "cost": 5.73270024442532, "incumbent": ["pca_whiten=''true''"]}
