{"cpu_time": 0, "total_cpu_time": null, "wallclock_time": 8.797645568847656e-05, "evaluations": 0, "cost": 2147483648, "incumbent": []}
{"cpu_time": 0.8659307956695557, "total_cpu_time": null, "wallclock_time": 0.929692268371582, "evaluations": 1, "cost": 9.602235151221638, "incumbent": []}
