{"cpu_time": 0, "total_cpu_time": null, "wallclock_time": 7.295608520507812e-05, "evaluations": 0, "cost": 2147483648, "incumbent": ["svm_C='0.1'", "svm_gamma='4.005'"]}
{"cpu_time": 1.1765990257263184, "total_cpu_time": null, "wallclock_time": 1.1920104026794434, "evaluations": 1, "cost": 0.33196480407431933, "incumbent": ["svm_C='0.1'", "svm_gamma='4.005'"]}
{"cpu_time": 2.185309886932373, "total_cpu_time": null, "wallclock_time": 2.231904983520508, "evaluations": 2, "cost": 0.30677241756650475, "incumbent": ["svm_C='100.0'", "svm_gamma='2.0075'"]}
