{"cpu_time": 0, "total_cpu_time": null, "wallclock_time": 9.584426879882812e-05, "evaluations": 0, "cost": 2147483648, "incumbent": ["pca_whiten=''true''", "rf_max_features='0.5'", "rf_n_estimators='10'"]}
{"cpu_time": 0.3983774185180664, "total_cpu_time": null, "wallclock_time": 0.4342231750488281, "evaluations": 1, "cost": 4.967712342337394, "incumbent": ["pca_whiten=''true''", "rf_max_features='0.5'", "rf_n_estimators='10'"]}
{"cpu_time": 1.4504096508026123, "total_cpu_time": null, "wallclock_time": 1.5169801712036133, "evaluations": 2, "cost": 1.445970228715055, "incumbent": ["pca_whiten=''true''", "rf_max_features='0.6263875900678313'", "rf_n_estimators='178'"]}
{"cpu_time": 2.5261213779449463, "total_cpu_time": null, "wallclock_time": 2.607616424560547, "evaluations": 3, "cost": 1.3542159683515111, "incumbent": ["pca_whiten=''false''", "rf_max_features='0.3021465708060675'", "rf_n_estimators='203'"]}
{"cpu_time": 22.111756324768066, "total_cpu_time": null, "wallclock_time": 22.772929191589355, "evaluations": 22, "cost": 1.2905955483902514, "incumbent": ["pca_whiten=''true''", "rf_max_features='0.5660945312833874'", "rf_n_estimators='290'"]}
{"cpu_time": 25.422758102416992, "total_cpu_time": null, "wallclock_time": 26.15697979927063, "evaluations": 25, "cost": 1.286034264147495, "incumbent": ["pca_whiten=''true''", "rf_max_features='0.6475433734008502'", "rf_n_estimators='211'"]}
{"cpu_time": 44.03211236000061, "total_cpu_time": null, "wallclock_time": 45.471497535705566, "evaluations": 47, "cost": 1.2138909208318405, "incumbent": ["pca_whiten=''true''", "rf_max_features='0.7832876093338437'", "rf_n_estimators='180'"]}
