{"cpu_time": 0, "total_cpu_time": null, "wallclock_time": 0.00010251998901367188, "evaluations": 0, "cost": 2147483648, "incumbent": ["pca_whiten=''true''", "svm_C='1.0'", "svm_gamma='1.0'"]}
{"cpu_time": 1.527573823928833, "total_cpu_time": null, "wallclock_time": 1.5527622699737549, "evaluations": 1, "cost": 0.341557128191158, "incumbent": ["pca_whiten=''true''", "svm_C='1.0'", "svm_gamma='1.0'"]}
{"cpu_time": 42.30493187904358, "total_cpu_time": null, "wallclock_time": 43.23333382606506, "evaluations": 26, "cost": 0.32673774135626577, "incumbent": ["pca_whiten=''true''", "svm_C='3.6045803785740187'", "svm_gamma='0.36876278069751967'"]}
{"cpu_time": 51.42093348503113, "total_cpu_time": null, "wallclock_time": 52.6783812046051, "evaluations": 32, "cost": 0.32619445007459896, "incumbent": ["pca_whiten=''false''", "svm_C='0.3594048410472618'", "svm_gamma='0.12991660995731794'"]}
{"cpu_time": 127.82908654212952, "total_cpu_time": null, "wallclock_time": 131.37566566467285, "evaluations": 80, "cost": 0.32457959784403995, "incumbent": ["pca_whiten=''false''", "svm_C='3.3706388980899025'", "svm_gamma='0.4044171988093298'"]}
