{"cpu_time": 0, "total_cpu_time": null, "wallclock_time": 0.0002319812774658203, "evaluations": 0, "cost": 2147483648, "incumbent": ["pca_whiten=''true''", "svm_C='1.0'", "svm_gamma='1.0'"]}
{"cpu_time": 39.738073110580444, "total_cpu_time": null, "wallclock_time": 39.85099744796753, "evaluations": 1, "cost": 0.7899794810955533, "incumbent": ["pca_whiten=''true''", "svm_C='1.0'", "svm_gamma='1.0'"]}
{"cpu_time": 48.342464208602905, "total_cpu_time": null, "wallclock_time": 48.92531991004944, "evaluations": 9, "cost": 0.78848731212004, "incumbent": ["pca_whiten=''true''", "svm_C='25.833879111337303'", "svm_gamma='2.5925190439316834'"]}
{"cpu_time": 49.45139789581299, "total_cpu_time": null, "wallclock_time": 50.127981185913086, "evaluations": 10, "cost": 0.7321216459192028, "incumbent": ["pca_whiten=''true''", "svm_C='28.47602111141865'", "svm_gamma='0.8905090834586253'"]}
{"cpu_time": 53.60349655151367, "total_cpu_time": null, "wallclock_time": 54.53226351737976, "evaluations": 14, "cost": 0.7262399755066812, "incumbent": ["pca_whiten=''false''", "svm_C='56.64875278433076'", "svm_gamma='0.5793081895462031'"]}
{"cpu_time": 60.45416808128357, "total_cpu_time": null, "wallclock_time": 61.76011061668396, "evaluations": 20, "cost": 0.7072753772888634, "incumbent": ["pca_whiten=''true''", "svm_C='94.33098207960246'", "svm_gamma='0.11168777361183017'"]}
