{"cpu_time": 0, "total_cpu_time": null, "wallclock_time": 0.00012731552124023438, "evaluations": 0, "cost": 2147483648, "incumbent": ["isomap_n_components='2'", "isomap_n_neighbors='5'", "rf_max_features='0.5'", "rf_n_estimators='10'"]}
{"cpu_time": 1.3006484508514404, "total_cpu_time": null, "wallclock_time": 1.318110704421997, "evaluations": 1, "cost": 2.9402651823376247, "incumbent": ["isomap_n_components='2'", "isomap_n_neighbors='5'", "rf_max_features='0.5'", "rf_n_estimators='10'"]}
{"cpu_time": 4.204284906387329, "total_cpu_time": null, "wallclock_time": 4.284838676452637, "evaluations": 2, "cost": 1.4528117865937897, "incumbent": ["isomap_n_components='2'", "isomap_n_neighbors='7'", "rf_max_features='0.7705914184339647'", "rf_n_estimators='220'"]}
{"cpu_time": 6.644572496414185, "total_cpu_time": null, "wallclock_time": 6.7569029331207275, "evaluations": 3, "cost": 0.755548799051839, "incumbent": ["isomap_n_components='4'", "isomap_n_neighbors='5'", "rf_max_features='0.42825496760388254'", "rf_n_estimators='109'"]}
{"cpu_time": 8.957314014434814, "total_cpu_time": null, "wallclock_time": 9.14534878730774, "evaluations": 4, "cost": 0.6297945820646057, "incumbent": ["isomap_n_components='3'", "isomap_n_neighbors='3'", "rf_max_features='0.5379007026068363'", "rf_n_estimators='167'"]}
{"cpu_time": 13.488176584243774, "total_cpu_time": null, "wallclock_time": 13.747766017913818, "evaluations": 6, "cost": 0.6216248786184442, "incumbent": ["isomap_n_components='3'", "isomap_n_neighbors='3'", "rf_max_features='0.5213909834158963'", "rf_n_estimators='118'"]}
