{"cpu_time": 0, "total_cpu_time": null, "wallclock_time": 8.821487426757812e-05, "evaluations": 0, "cost": 2147483648, "incumbent": ["pca_whiten=''true''"]}
{"cpu_time": 101.92737317085266, "total_cpu_time": null, "wallclock_time": 102.12256169319153, "evaluations": 1, "cost": 13.189454582821119, "incumbent": ["pca_whiten=''true''"]}
