{"cpu_time": 0, "total_cpu_time": null, "wallclock_time": 2.6941299438476562e-05, "evaluations": 0, "cost": 2147483648, "incumbent": []}
{"cpu_time": 0.18028879165649414, "total_cpu_time": null, "wallclock_time": 0.19689345359802246, "evaluations": 1, "cost": 17.74909342516243, "incumbent": []}
