{"cpu_time": 0, "total_cpu_time": null, "wallclock_time": 0.00010085105895996094, "evaluations": 0, "cost": 2147483648, "incumbent": ["isomap_n_components='2'", "isomap_n_neighbors='5'", "svm_C='1.0'", "svm_gamma='1.0'"]}
{"cpu_time": 0.48714399337768555, "total_cpu_time": null, "wallclock_time": 0.5018448829650879, "evaluations": 1, "cost": 0.9506792677274903, "incumbent": ["isomap_n_components='2'", "isomap_n_neighbors='5'", "svm_C='1.0'", "svm_gamma='1.0'"]}
{"cpu_time": 3.7210533618927, "total_cpu_time": null, "wallclock_time": 3.9133920669555664, "evaluations": 7, "cost": 0.9437250463908603, "incumbent": ["isomap_n_components='4'", "isomap_n_neighbors='3'", "svm_C='38.955212985979244'", "svm_gamma='2.443593951042488'"]}
{"cpu_time": 10.64626169204712, "total_cpu_time": null, "wallclock_time": 11.387081861495972, "evaluations": 20, "cost": 0.9340990728518833, "incumbent": ["isomap_n_components='4'", "isomap_n_neighbors='7'", "svm_C='56.03403816002574'", "svm_gamma='0.609209112180709'"]}
{"cpu_time": 11.655849933624268, "total_cpu_time": null, "wallclock_time": 12.469719409942627, "evaluations": 22, "cost": 0.933937320230572, "incumbent": ["isomap_n_components='3'", "isomap_n_neighbors='7'", "svm_C='49.04701962254615'", "svm_gamma='0.05352695898817944'"]}
{"cpu_time": 12.704820156097412, "total_cpu_time": null, "wallclock_time": 13.589222431182861, "evaluations": 24, "cost": 0.913912159080981, "incumbent": ["isomap_n_components='4'", "isomap_n_neighbors='7'", "svm_C='94.80384307538947'", "svm_gamma='0.21053756691262415'"]}
{"cpu_time": 23.06277346611023, "total_cpu_time": null, "wallclock_time": 24.758289337158203, "evaluations": 44, "cost": 0.9114600231379367, "incumbent": ["isomap_n_components='4'", "isomap_n_neighbors='7'", "svm_C='89.68323583395076'", "svm_gamma='0.029794877133232506'"]}
{"cpu_time": 33.5093936920166, "total_cpu_time": null, "wallclock_time": 36.05898141860962, "evaluations": 64, "cost": 0.9101112818608867, "incumbent": ["isomap_n_components='4'", "isomap_n_neighbors='7'", "svm_C='95.41081117889604'", "svm_gamma='0.029794877133232506'"]}
{"cpu_time": 37.507535457611084, "total_cpu_time": null, "wallclock_time": 40.404391050338745, "evaluations": 72, "cost": 0.9098004508945067, "incumbent": ["isomap_n_components='4'", "isomap_n_neighbors='6'", "svm_C='99.56048645804462'", "svm_gamma='0.029794877133232506'"]}
