{"cpu_time": 0, "total_cpu_time": null, "wallclock_time": 2.7179718017578125e-05, "evaluations": 0, "cost": 2147483648, "incumbent": []}
{"cpu_time": 0.5447282791137695, "total_cpu_time": null, "wallclock_time": 0.5627570152282715, "evaluations": 1, "cost": 4.523783664383298, "incumbent": []}
