{"cpu_time": 0, "total_cpu_time": null, "wallclock_time": 0.00015592575073242188, "evaluations": 0, "cost": 2147483648, "incumbent": ["pca_whiten=''true''", "rf_max_features='0.5'", "rf_n_estimators='10'"]}
{"cpu_time": 2.342602252960205, "total_cpu_time": null, "wallclock_time": 2.472193717956543, "evaluations": 1, "cost": 1.0347450858833824, "incumbent": ["pca_whiten=''true''", "rf_max_features='0.5'", "rf_n_estimators='10'"]}
{"cpu_time": 6.79738450050354, "total_cpu_time": null, "wallclock_time": 7.131951570510864, "evaluations": 2, "cost": 0.5791306955314363, "incumbent": ["pca_whiten=''true''", "rf_max_features='0.6263875900678313'", "rf_n_estimators='178'"]}
{"cpu_time": 12.073582410812378, "total_cpu_time": null, "wallclock_time": 12.520869731903076, "evaluations": 3, "cost": 0.4903209223585576, "incumbent": ["pca_whiten=''false''", "rf_max_features='0.3021465708060675'", "rf_n_estimators='203'"]}
{"cpu_time": 39.79364633560181, "total_cpu_time": null, "wallclock_time": 40.78951621055603, "evaluations": 8, "cost": 0.4817627579876371, "incumbent": ["pca_whiten=''false''", "rf_max_features='0.3858320790821331'", "rf_n_estimators='209'"]}
