{"cpu_time": 0, "total_cpu_time": null, "wallclock_time": 0.0001595020294189453, "evaluations": 0, "cost": 2147483648, "incumbent": ["haralick_distance='1'", "pca_whiten=''true''", "svm_C='1.0'", "svm_gamma='1.0'"]}
{"cpu_time": 16.27735424041748, "total_cpu_time": null, "wallclock_time": 16.307538986206055, "evaluations": 1, "cost": 0.4535834695249004, "incumbent": ["haralick_distance='1'", "pca_whiten=''true''", "svm_C='1.0'", "svm_gamma='1.0'"]}
{"cpu_time": 338.45714497566223, "total_cpu_time": null, "wallclock_time": 339.6523628234863, "evaluations": 24, "cost": 0.4510778767787093, "incumbent": ["haralick_distance='1'", "pca_whiten=''true''", "svm_C='63.82835326053589'", "svm_gamma='2.4707682390569463'"]}
{"cpu_time": 371.2450783252716, "total_cpu_time": null, "wallclock_time": 372.55428671836853, "evaluations": 27, "cost": 0.4418090200921221, "incumbent": ["haralick_distance='1'", "pca_whiten=''true''", "svm_C='8.297004272975585'", "svm_gamma='3.6398094735902524'"]}
{"cpu_time": 1488.3061258792877, "total_cpu_time": null, "wallclock_time": 1494.695425271988, "evaluations": 128, "cost": 0.441130134072693, "incumbent": ["haralick_distance='1'", "pca_whiten=''true''", "svm_C='0.22352656496177448'", "svm_gamma='3.6449518822517906'"]}
{"cpu_time": 1747.121529340744, "total_cpu_time": null, "wallclock_time": 1754.5932667255402, "evaluations": 151, "cost": 0.43408705957335814, "incumbent": ["haralick_distance='1'", "pca_whiten=''true''", "svm_C='0.5220738232288893'", "svm_gamma='3.8303672391854926'"]}
{"cpu_time": 2116.348007440567, "total_cpu_time": null, "wallclock_time": 2125.5826807022095, "evaluations": 184, "cost": 0.4307840310021664, "incumbent": ["haralick_distance='1'", "pca_whiten=''true''", "svm_C='0.2216697625354558'", "svm_gamma='3.9893148452405445'"]}
{"cpu_time": 2607.721596956253, "total_cpu_time": null, "wallclock_time": 2619.337008714676, "evaluations": 228, "cost": 0.4300763485321712, "incumbent": ["haralick_distance='3'", "pca_whiten=''true''", "svm_C='0.3731346752705893'", "svm_gamma='5.726705591341714'"]}
