{"cpu_time": 0, "total_cpu_time": null, "wallclock_time": 6.699562072753906e-05, "evaluations": 0, "cost": 2147483648, "incumbent": ["svm_C='0.1'", "svm_gamma='4.005'"]}
{"cpu_time": 1.3404653072357178, "total_cpu_time": null, "wallclock_time": 1.3576641082763672, "evaluations": 1, "cost": 1.0630009970208618, "incumbent": ["svm_C='0.1'", "svm_gamma='4.005'"]}
{"cpu_time": 2.5511884689331055, "total_cpu_time": null, "wallclock_time": 2.5993099212646484, "evaluations": 2, "cost": 1.0200071900208771, "incumbent": ["svm_C='100.0'", "svm_gamma='2.0075'"]}
{"cpu_time": 3.77856707572937, "total_cpu_time": null, "wallclock_time": 3.844048500061035, "evaluations": 3, "cost": 1.0189821212276706, "incumbent": ["svm_C='75.025'", "svm_gamma='4.005'"]}
{"cpu_time": 8.690554141998291, "total_cpu_time": null, "wallclock_time": 8.870142221450806, "evaluations": 7, "cost": 0.9970544235085722, "incumbent": ["svm_C='50.050000000000004'", "svm_gamma='0.01'"]}
