{"cpu_time": 0, "total_cpu_time": null, "wallclock_time": 0.00010251998901367188, "evaluations": 0, "cost": 2147483648, "incumbent": ["pca_whiten=''true''", "svm_C='1.0'", "svm_gamma='1.0'"]}
{"cpu_time": 1.8241636753082275, "total_cpu_time": null, "wallclock_time": 1.8411891460418701, "evaluations": 1, "cost": 0.341557128191158, "incumbent": ["pca_whiten=''true''", "svm_C='1.0'", "svm_gamma='1.0'"]}
{"cpu_time": 34.357954025268555, "total_cpu_time": null, "wallclock_time": 35.171379804611206, "evaluations": 22, "cost": 0.3290428163897206, "incumbent": ["pca_whiten=''false''", "svm_C='1.822326065000656'", "svm_gamma='0.02163117111605692'"]}
{"cpu_time": 37.502208948135376, "total_cpu_time": null, "wallclock_time": 38.39324879646301, "evaluations": 24, "cost": 0.322440671345039, "incumbent": ["pca_whiten=''false''", "svm_C='0.553703590216603'", "svm_gamma='0.6004735338586757'"]}
