{"cpu_time": 0, "total_cpu_time": null, "wallclock_time": 5.7220458984375e-05, "evaluations": 0, "cost": 2147483648, "incumbent": ["pca_whiten=''true''"]}
{"cpu_time": 43.91441512107849, "total_cpu_time": null, "wallclock_time": 44.25779938697815, "evaluations": 1, "cost": 6.8738072548388045, "incumbent": ["pca_whiten=''true''"]}
