{"cpu_time": 0, "total_cpu_time": null, "wallclock_time": 0.0006611347198486328, "evaluations": 0, "cost": 2147483648, "incumbent": ["haralick_distance='1'", "pca_whiten=''true''", "svm_C='1.0'", "svm_gamma='1.0'"]}
{"cpu_time": 134.70144844055176, "total_cpu_time": null, "wallclock_time": 134.78444933891296, "evaluations": 1, "cost": 0.921698399198874, "incumbent": ["haralick_distance='1'", "pca_whiten=''true''", "svm_C='1.0'", "svm_gamma='1.0'"]}
{"cpu_time": 405.5592761039734, "total_cpu_time": null, "wallclock_time": 405.8022708892822, "evaluations": 3, "cost": 0.8050326392436883, "incumbent": ["haralick_distance='2'", "pca_whiten=''true''", "svm_C='39.719968193911264'", "svm_gamma='0.8615789437416754'"]}
{"cpu_time": 1291.2490198612213, "total_cpu_time": null, "wallclock_time": 1292.1048419475555, "evaluations": 10, "cost": 0.8001105097096776, "incumbent": ["haralick_distance='2'", "pca_whiten=''true''", "svm_C='38.38799284690124'", "svm_gamma='0.7476696977530946'"]}
{"cpu_time": 1664.8061876296997, "total_cpu_time": null, "wallclock_time": 1665.9262692928314, "evaluations": 14, "cost": 0.7706605227705753, "incumbent": ["haralick_distance='3'", "pca_whiten=''true''", "svm_C='37.694357510091514'", "svm_gamma='0.80733444931765'"]}
{"cpu_time": 2164.0123448371887, "total_cpu_time": null, "wallclock_time": 2165.50656580925, "evaluations": 20, "cost": 0.7640489815825107, "incumbent": ["haralick_distance='3'", "pca_whiten=''true''", "svm_C='93.90142144395442'", "svm_gamma='0.12560780270475738'"]}
{"cpu_time": 2320.7016327381134, "total_cpu_time": null, "wallclock_time": 2322.336753129959, "evaluations": 22, "cost": 0.7589524442362242, "incumbent": ["haralick_distance='2'", "pca_whiten=''true''", "svm_C='25.655485430983664'", "svm_gamma='0.46526538382964305'"]}
{"cpu_time": 2869.9585716724396, "total_cpu_time": null, "wallclock_time": 2872.2066679000854, "evaluations": 28, "cost": 0.7504447790034284, "incumbent": ["haralick_distance='3'", "pca_whiten=''false''", "svm_C='86.485201470056'", "svm_gamma='0.3047137499953361'"]}
{"cpu_time": 5172.79381942749, "total_cpu_time": null, "wallclock_time": 5177.902658462524, "evaluations": 52, "cost": 0.7478267610543622, "incumbent": ["haralick_distance='3'", "pca_whiten=''true''", "svm_C='86.485201470056'", "svm_gamma='0.3047137499953361'"]}
{"cpu_time": 7255.022627592087, "total_cpu_time": null, "wallclock_time": 7262.394973278046, "evaluations": 74, "cost": 0.7441163301756708, "incumbent": ["haralick_distance='3'", "pca_whiten=''false''", "svm_C='60.28908731949501'", "svm_gamma='0.32484870045924813'"]}
