{"cpu_time": 0, "total_cpu_time": null, "wallclock_time": 0.00011658668518066406, "evaluations": 0, "cost": 2147483648, "incumbent": ["pca_whiten=''true''", "svm_C='1.0'", "svm_gamma='1.0'"]}
{"cpu_time": 2.165679931640625, "total_cpu_time": null, "wallclock_time": 2.2043755054473877, "evaluations": 1, "cost": 0.2375728312409876, "incumbent": ["pca_whiten=''true''", "svm_C='1.0'", "svm_gamma='1.0'"]}
{"cpu_time": 52.539340019226074, "total_cpu_time": null, "wallclock_time": 54.98402380943298, "evaluations": 29, "cost": 0.19928935995563338, "incumbent": ["pca_whiten=''false''", "svm_C='62.50814177672008'", "svm_gamma='0.028977341676197955'"]}
{"cpu_time": 71.44242763519287, "total_cpu_time": null, "wallclock_time": 75.31707239151001, "evaluations": 40, "cost": 0.18414609061875295, "incumbent": ["pca_whiten=''false''", "svm_C='31.74307968451139'", "svm_gamma='0.02084972819058535'"]}
{"cpu_time": 93.33646607398987, "total_cpu_time": null, "wallclock_time": 99.44012141227722, "evaluations": 52, "cost": 0.18276708294186875, "incumbent": ["pca_whiten=''false''", "svm_C='11.016604191949785'", "svm_gamma='0.04199113589533449'"]}
{"cpu_time": 117.27617502212524, "total_cpu_time": null, "wallclock_time": 124.98693585395813, "evaluations": 64, "cost": 0.17814987174788258, "incumbent": ["pca_whiten=''false''", "svm_C='0.9280860933632591'", "svm_gamma='0.04199113589533449'"]}
{"cpu_time": 215.04753303527832, "total_cpu_time": null, "wallclock_time": 231.13698267936707, "evaluations": 118, "cost": 0.17499748296223258, "incumbent": ["pca_whiten=''true''", "svm_C='0.47685039190506207'", "svm_gamma='0.04199113589533449'"]}
