{"cpu_time": 0, "total_cpu_time": null, "wallclock_time": 9.393692016601562e-05, "evaluations": 0, "cost": 2147483648, "incumbent": ["pca_whiten=''true''", "rf_max_features='0.5'", "rf_n_estimators='10'"]}
{"cpu_time": 0.431351900100708, "total_cpu_time": null, "wallclock_time": 0.45324277877807617, "evaluations": 1, "cost": 5.1853325652123345, "incumbent": ["pca_whiten=''true''", "rf_max_features='0.5'", "rf_n_estimators='10'"]}
{"cpu_time": 1.5842721462249756, "total_cpu_time": null, "wallclock_time": 1.6369266510009766, "evaluations": 2, "cost": 1.450752513068676, "incumbent": ["pca_whiten=''true''", "rf_max_features='0.6263875900678313'", "rf_n_estimators='178'"]}
{"cpu_time": 2.5694634914398193, "total_cpu_time": null, "wallclock_time": 2.636767625808716, "evaluations": 3, "cost": 1.4428877564261018, "incumbent": ["pca_whiten=''false''", "rf_max_features='0.3021465708060675'", "rf_n_estimators='203'"]}
{"cpu_time": 3.7128653526306152, "total_cpu_time": null, "wallclock_time": 3.8153398036956787, "evaluations": 4, "cost": 1.4366184470854861, "incumbent": ["pca_whiten=''true''", "rf_max_features='0.30586418148323496'", "rf_n_estimators='221'"]}
{"cpu_time": 4.967843532562256, "total_cpu_time": null, "wallclock_time": 5.085174798965454, "evaluations": 5, "cost": 1.3695775489575122, "incumbent": ["pca_whiten=''true''", "rf_max_features='0.6948449041611862'", "rf_n_estimators='249'"]}
{"cpu_time": 6.35496711730957, "total_cpu_time": null, "wallclock_time": 6.509315490722656, "evaluations": 6, "cost": 1.3620727526911278, "incumbent": ["pca_whiten=''true''", "rf_max_features='0.6483339395381182'", "rf_n_estimators='285'"]}
{"cpu_time": 15.13478684425354, "total_cpu_time": null, "wallclock_time": 15.508492469787598, "evaluations": 14, "cost": 1.3561407052101526, "incumbent": ["pca_whiten=''true''", "rf_max_features='0.3921320331173167'", "rf_n_estimators='215'"]}
