{"cpu_time": 0, "total_cpu_time": null, "wallclock_time": 0.00012350082397460938, "evaluations": 0, "cost": 2147483648, "incumbent": ["isomap_n_components='2'", "isomap_n_neighbors='5'", "rf_max_features='0.5'", "rf_n_estimators='10'"]}
{"cpu_time": 0.74285888671875, "total_cpu_time": null, "wallclock_time": 0.7600977420806885, "evaluations": 1, "cost": 2.6362678995387863, "incumbent": ["isomap_n_components='2'", "isomap_n_neighbors='5'", "rf_max_features='0.5'", "rf_n_estimators='10'"]}
{"cpu_time": 2.306816816329956, "total_cpu_time": null, "wallclock_time": 2.3723647594451904, "evaluations": 2, "cost": 0.8418461071774379, "incumbent": ["isomap_n_components='2'", "isomap_n_neighbors='7'", "rf_max_features='0.7705914184339647'", "rf_n_estimators='220'"]}
{"cpu_time": 3.4127037525177, "total_cpu_time": null, "wallclock_time": 3.494966506958008, "evaluations": 3, "cost": 0.4555594897344428, "incumbent": ["isomap_n_components='4'", "isomap_n_neighbors='5'", "rf_max_features='0.42825496760388254'", "rf_n_estimators='109'"]}
{"cpu_time": 24.04744529724121, "total_cpu_time": null, "wallclock_time": 24.86238169670105, "evaluations": 21, "cost": 0.44230668936877127, "incumbent": ["isomap_n_components='4'", "isomap_n_neighbors='6'", "rf_max_features='0.3908563055255074'", "rf_n_estimators='252'"]}
{"cpu_time": 59.778241872787476, "total_cpu_time": null, "wallclock_time": 62.04257607460022, "evaluations": 52, "cost": 0.43945528371114184, "incumbent": ["isomap_n_components='4'", "isomap_n_neighbors='6'", "rf_max_features='0.37251191691591634'", "rf_n_estimators='35'"]}
{"cpu_time": 71.49686527252197, "total_cpu_time": null, "wallclock_time": 74.11711025238037, "evaluations": 60, "cost": 0.3988070039067331, "incumbent": ["isomap_n_components='4'", "isomap_n_neighbors='5'", "rf_max_features='0.31821838278740616'", "rf_n_estimators='126'"]}
{"cpu_time": 89.82685494422913, "total_cpu_time": null, "wallclock_time": 93.23241066932678, "evaluations": 76, "cost": 0.394844408811184, "incumbent": ["isomap_n_components='4'", "isomap_n_neighbors='5'", "rf_max_features='0.3112227214100004'", "rf_n_estimators='200'"]}
{"cpu_time": 109.14744853973389, "total_cpu_time": null, "wallclock_time": 113.31770730018616, "evaluations": 92, "cost": 0.38207410521882096, "incumbent": ["isomap_n_components='4'", "isomap_n_neighbors='4'", "rf_max_features='0.32059143210790314'", "rf_n_estimators='196'"]}
{"cpu_time": 150.6319396495819, "total_cpu_time": null, "wallclock_time": 156.67908310890198, "evaluations": 130, "cost": 0.3813368943420608, "incumbent": ["isomap_n_components='4'", "isomap_n_neighbors='4'", "rf_max_features='0.34917690030937054'", "rf_n_estimators='178'"]}
