{"cpu_time": 0, "total_cpu_time": null, "wallclock_time": 6.365776062011719e-05, "evaluations": 0, "cost": 2147483648, "incumbent": ["rf_max_features='0.5'", "rf_n_estimators='81'"]}
{"cpu_time": 2.9991729259490967, "total_cpu_time": null, "wallclock_time": 3.0144011974334717, "evaluations": 1, "cost": 0.5931361982346659, "incumbent": ["rf_max_features='0.5'", "rf_n_estimators='81'"]}
{"cpu_time": 9.050244092941284, "total_cpu_time": null, "wallclock_time": 9.109448909759521, "evaluations": 3, "cost": 0.4540272365786883, "incumbent": ["rf_max_features='0.5'", "rf_n_estimators='154'"]}
{"cpu_time": 60.40782809257507, "total_cpu_time": null, "wallclock_time": 60.663116216659546, "evaluations": 11, "cost": 0.449663804715606, "incumbent": ["rf_max_features='0.3'", "rf_n_estimators='81'"]}
