{"cpu_time": 0, "total_cpu_time": null, "wallclock_time": 0.00016641616821289062, "evaluations": 0, "cost": 2147483648, "incumbent": ["isomap_n_components='2'", "isomap_n_neighbors='5'", "svm_C='1.0'", "svm_gamma='1.0'"]}
{"cpu_time": 3.7657124996185303, "total_cpu_time": null, "wallclock_time": 3.7887117862701416, "evaluations": 1, "cost": 0.6844098242167914, "incumbent": ["isomap_n_components='2'", "isomap_n_neighbors='5'", "svm_C='1.0'", "svm_gamma='1.0'"]}
{"cpu_time": 11.656186580657959, "total_cpu_time": null, "wallclock_time": 11.943129539489746, "evaluations": 3, "cost": 0.6752449771908441, "incumbent": ["isomap_n_components='4'", "isomap_n_neighbors='5'", "svm_C='25.725342527255737'", "svm_gamma='2.7907769724696707'"]}
{"cpu_time": 54.06130790710449, "total_cpu_time": null, "wallclock_time": 56.410900354385376, "evaluations": 16, "cost": 0.6741942350317647, "incumbent": ["isomap_n_components='4'", "isomap_n_neighbors='6'", "svm_C='28.052230914099763'", "svm_gamma='5.725442515374615'"]}
{"cpu_time": 61.96216893196106, "total_cpu_time": null, "wallclock_time": 64.70482778549194, "evaluations": 18, "cost": 0.6454538820637753, "incumbent": ["isomap_n_components='4'", "isomap_n_neighbors='5'", "svm_C='1.5041487827496696'", "svm_gamma='5.830391713989201'"]}
{"cpu_time": 253.59157395362854, "total_cpu_time": null, "wallclock_time": 267.4144220352173, "evaluations": 74, "cost": 0.6432952668951063, "incumbent": ["isomap_n_components='4'", "isomap_n_neighbors='6'", "svm_C='1.598725198966398'", "svm_gamma='6.201582228211729'"]}
{"cpu_time": 308.93047618865967, "total_cpu_time": null, "wallclock_time": 325.8240325450897, "evaluations": 90, "cost": 0.6409510213226447, "incumbent": ["isomap_n_components='4'", "isomap_n_neighbors='5'", "svm_C='0.29533875742709415'", "svm_gamma='2.3563417870158383'"]}
{"cpu_time": 314.0808846950531, "total_cpu_time": null, "wallclock_time": 331.09520268440247, "evaluations": 91, "cost": 0.6370180754422853, "incumbent": ["isomap_n_components='3'", "isomap_n_neighbors='7'", "svm_C='6.750710964338838'", "svm_gamma='0.09346015668993822'"]}
{"cpu_time": 360.35693550109863, "total_cpu_time": null, "wallclock_time": 380.370548248291, "evaluations": 104, "cost": 0.6277341945927705, "incumbent": ["isomap_n_components='4'", "isomap_n_neighbors='6'", "svm_C='3.5579106745780313'", "svm_gamma='0.17807282092779747'"]}
{"cpu_time": 396.3702325820923, "total_cpu_time": null, "wallclock_time": 418.15683364868164, "evaluations": 114, "cost": 0.6236034946298893, "incumbent": ["isomap_n_components='2'", "isomap_n_neighbors='7'", "svm_C='5.035828157097064'", "svm_gamma='0.08126735841913871'"]}
{"cpu_time": 717.2839224338531, "total_cpu_time": null, "wallclock_time": 759.0625689029694, "evaluations": 206, "cost": 0.6216679319784878, "incumbent": ["isomap_n_components='2'", "isomap_n_neighbors='7'", "svm_C='59.6123366438381'", "svm_gamma='0.043558553167864326'"]}
{"cpu_time": 738.1539328098297, "total_cpu_time": null, "wallclock_time": 781.166615486145, "evaluations": 215, "cost": 0.6216219184634428, "incumbent": ["isomap_n_components='4'", "isomap_n_neighbors='7'", "svm_C='2.3339616178403157'", "svm_gamma='0.15142640138247251'"]}
{"cpu_time": 744.0905647277832, "total_cpu_time": null, "wallclock_time": 787.6859800815582, "evaluations": 218, "cost": 0.6161726423473654, "incumbent": ["isomap_n_components='4'", "isomap_n_neighbors='7'", "svm_C='56.817381849867786'", "svm_gamma='0.043558553167864326'"]}
