"CPU Time Used","Estimated Training Performance","Wallclock Time","Incumbent ID","Automatic Configurator (CPU) Time","Configuration..."
0.000000, 2147483648.000000, 0.000137, 1, 0.000137, pca_whiten=''true'', svm_C='1.0', svm_gamma='1.0'
512.017538, 0.319231, 512.317749, 1, 0.300212, pca_whiten=''true'', svm_C='1.0', svm_gamma='1.0'
513.959332, 0.309528, 514.394109, 2, 0.434778, pca_whiten=''true'', svm_C='65.31224049555269', svm_gamma='4.667651857354299'
522.292049, 0.308483, 523.142617, 3, 0.850568, pca_whiten=''true'', svm_C='69.69712111971603', svm_gamma='7.565840455614787'
524.647167, 0.308068, 525.587188, 4, 0.940021, pca_whiten=''false'', svm_C='43.44972047643372', svm_gamma='7.1582797874925035'
561.900758, 0.307826, 564.569976, 5, 2.669218, pca_whiten=''false'', svm_C='41.944831869057694', svm_gamma='7.8212881754406505'
570.555499, 0.306908, 573.681227, 6, 3.125728, pca_whiten=''false'', svm_C='60.43836219629941', svm_gamma='7.658909756756968'
700.189831, 0.306683, 710.115987, 7, 9.926157, pca_whiten=''false'', svm_C='61.76172661289308', svm_gamma='7.727209535658644'
