{"cpu_time": 0, "total_cpu_time": null, "wallclock_time": 0.00013685226440429688, "evaluations": 0, "cost": 2147483648, "incumbent": ["pca_whiten=''true''", "svm_C='1.0'", "svm_gamma='1.0'"]}
{"cpu_time": 512.0175375938416, "total_cpu_time": null, "wallclock_time": 512.3177492618561, "evaluations": 1, "cost": 0.31923132717728864, "incumbent": ["pca_whiten=''true''", "svm_C='1.0'", "svm_gamma='1.0'"]}
{"cpu_time": 513.9593315124512, "total_cpu_time": null, "wallclock_time": 514.3941094875336, "evaluations": 2, "cost": 0.30952810444489437, "incumbent": ["pca_whiten=''true''", "svm_C='65.31224049555269'", "svm_gamma='4.667651857354299'"]}
{"cpu_time": 522.2920486927032, "total_cpu_time": null, "wallclock_time": 523.1426165103912, "evaluations": 6, "cost": 0.308482791891423, "incumbent": ["pca_whiten=''true''", "svm_C='69.69712111971603'", "svm_gamma='7.565840455614787'"]}
{"cpu_time": 524.647166967392, "total_cpu_time": null, "wallclock_time": 525.5871880054474, "evaluations": 7, "cost": 0.30806796243278683, "incumbent": ["pca_whiten=''false''", "svm_C='43.44972047643372'", "svm_gamma='7.1582797874925035'"]}
{"cpu_time": 561.9007575511932, "total_cpu_time": null, "wallclock_time": 564.5699758529663, "evaluations": 24, "cost": 0.30782589519203274, "incumbent": ["pca_whiten=''false''", "svm_C='41.944831869057694'", "svm_gamma='7.8212881754406505'"]}
{"cpu_time": 570.5554990768433, "total_cpu_time": null, "wallclock_time": 573.6812274456024, "evaluations": 28, "cost": 0.3069075313971921, "incumbent": ["pca_whiten=''false''", "svm_C='60.43836219629941'", "svm_gamma='7.658909756756968'"]}
{"cpu_time": 700.1898305416107, "total_cpu_time": null, "wallclock_time": 710.1159870624542, "evaluations": 84, "cost": 0.30668314243856454, "incumbent": ["pca_whiten=''false''", "svm_C='61.76172661289308'", "svm_gamma='7.727209535658644'"]}
