{"cpu_time": 0, "total_cpu_time": null, "wallclock_time": 7.05718994140625e-05, "evaluations": 0, "cost": 2147483648, "incumbent": ["pca_whiten=''true''", "svm_C='0.1'", "svm_gamma='4.005'"]}
{"cpu_time": 1.3019039630889893, "total_cpu_time": null, "wallclock_time": 1.3188881874084473, "evaluations": 1, "cost": 0.5297398214613075, "incumbent": ["pca_whiten=''true''", "svm_C='0.1'", "svm_gamma='4.005'"]}
{"cpu_time": 3.025697946548462, "total_cpu_time": null, "wallclock_time": 3.075529098510742, "evaluations": 2, "cost": 0.5186929423474415, "incumbent": ["pca_whiten=''true''", "svm_C='100.0'", "svm_gamma='6.0024999999999995'"]}
{"cpu_time": 4.279558420181274, "total_cpu_time": null, "wallclock_time": 4.347349405288696, "evaluations": 3, "cost": 0.5125141711042907, "incumbent": ["pca_whiten=''true''", "svm_C='25.075000000000003'", "svm_gamma='4.005'"]}
{"cpu_time": 5.676167964935303, "total_cpu_time": null, "wallclock_time": 5.791656732559204, "evaluations": 4, "cost": 0.5101230187306046, "incumbent": ["pca_whiten=''true''", "svm_C='75.025'", "svm_gamma='0.01'"]}
{"cpu_time": 25.589277744293213, "total_cpu_time": null, "wallclock_time": 26.151859283447266, "evaluations": 19, "cost": 0.5097880180483062, "incumbent": ["pca_whiten=''true''", "svm_C='50.050000000000004'", "svm_gamma='2.0075'"]}
{"cpu_time": 30.145350217819214, "total_cpu_time": null, "wallclock_time": 30.820493459701538, "evaluations": 22, "cost": 0.5088825538169691, "incumbent": ["pca_whiten=''true''", "svm_C='25.075000000000003'", "svm_gamma='2.0075'"]}
{"cpu_time": 53.956063747406006, "total_cpu_time": null, "wallclock_time": 55.171672344207764, "evaluations": 39, "cost": 0.5088168116585277, "incumbent": ["pca_whiten=''false''", "svm_C='25.075000000000003'", "svm_gamma='2.0075'"]}
