{"cpu_time": 0, "total_cpu_time": null, "wallclock_time": 0.00015854835510253906, "evaluations": 0, "cost": 2147483648, "incumbent": ["isomap_n_components='2'", "isomap_n_neighbors='5'", "svm_C='1.0'", "svm_gamma='1.0'"]}
{"cpu_time": 0.4201045036315918, "total_cpu_time": null, "wallclock_time": 0.49449610710144043, "evaluations": 1, "cost": 0.4806783895561346, "incumbent": ["isomap_n_components='2'", "isomap_n_neighbors='5'", "svm_C='1.0'", "svm_gamma='1.0'"]}
{"cpu_time": 4.104659557342529, "total_cpu_time": null, "wallclock_time": 5.630499839782715, "evaluations": 12, "cost": 0.47053274553792496, "incumbent": ["isomap_n_components='2'", "isomap_n_neighbors='7'", "svm_C='89.63872163730582'", "svm_gamma='6.119293608778118'"]}
