{"cpu_time": 0, "total_cpu_time": null, "wallclock_time": 0.000102996826171875, "evaluations": 0, "cost": 2147483648, "incumbent": ["pca_whiten=''true''", "rf_max_features='0.5'", "rf_n_estimators='10'"]}
{"cpu_time": 0.41491198539733887, "total_cpu_time": null, "wallclock_time": 0.446857213973999, "evaluations": 1, "cost": 1.740417484114384, "incumbent": ["pca_whiten=''true''", "rf_max_features='0.5'", "rf_n_estimators='10'"]}
{"cpu_time": 1.511225938796997, "total_cpu_time": null, "wallclock_time": 1.5762178897857666, "evaluations": 2, "cost": 0.71175136476766, "incumbent": ["pca_whiten=''true''", "rf_max_features='0.6263875900678313'", "rf_n_estimators='178'"]}
{"cpu_time": 5.1379265785217285, "total_cpu_time": null, "wallclock_time": 5.274129390716553, "evaluations": 5, "cost": 0.7113487318590815, "incumbent": ["pca_whiten=''true''", "rf_max_features='0.6948449041611862'", "rf_n_estimators='249'"]}
{"cpu_time": 6.870929479598999, "total_cpu_time": null, "wallclock_time": 7.04425573348999, "evaluations": 6, "cost": 0.7093870731511648, "incumbent": ["pca_whiten=''true''", "rf_max_features='0.6483339395381182'", "rf_n_estimators='285'"]}
{"cpu_time": 10.611332893371582, "total_cpu_time": null, "wallclock_time": 10.897143602371216, "evaluations": 10, "cost": 0.7086872658578246, "incumbent": ["pca_whiten=''false''", "rf_max_features='0.5005156676459398'", "rf_n_estimators='84'"]}
{"cpu_time": 16.309370279312134, "total_cpu_time": null, "wallclock_time": 16.771965742111206, "evaluations": 16, "cost": 0.7079265616831639, "incumbent": ["pca_whiten=''false''", "rf_max_features='0.7526640253456993'", "rf_n_estimators='139'"]}
{"cpu_time": 16.892974853515625, "total_cpu_time": null, "wallclock_time": 17.372519493103027, "evaluations": 17, "cost": 0.7072222488897624, "incumbent": ["pca_whiten=''false''", "rf_max_features='0.5035471048953215'", "rf_n_estimators='87'"]}
{"cpu_time": 38.60120177268982, "total_cpu_time": null, "wallclock_time": 39.943822622299194, "evaluations": 44, "cost": 0.6950006258779879, "incumbent": ["pca_whiten=''true''", "rf_max_features='0.5410920203510181'", "rf_n_estimators='44'"]}
