{"cpu_time": 0, "total_cpu_time": null, "wallclock_time": 0.00025343894958496094, "evaluations": 0, "cost": 2147483648, "incumbent": ["pca_whiten=''true''", "rf_max_features='0.5'", "rf_n_estimators='10'"]}
{"cpu_time": 0.9301474094390869, "total_cpu_time": null, "wallclock_time": 0.9586870670318604, "evaluations": 1, "cost": 1.1883168653337517, "incumbent": ["pca_whiten=''true''", "rf_max_features='0.5'", "rf_n_estimators='10'"]}
{"cpu_time": 3.870863914489746, "total_cpu_time": null, "wallclock_time": 3.9623167514801025, "evaluations": 2, "cost": 0.6982929785639819, "incumbent": ["pca_whiten=''true''", "rf_max_features='0.6263875900678313'", "rf_n_estimators='178'"]}
