{"cpu_time": 0, "total_cpu_time": null, "wallclock_time": 0.00011372566223144531, "evaluations": 0, "cost": 2147483648, "incumbent": ["isomap_n_components='2'", "isomap_n_neighbors='5'", "svm_C='1.0'", "svm_gamma='1.0'"]}
{"cpu_time": 0.21895337104797363, "total_cpu_time": null, "wallclock_time": 0.36342287063598633, "evaluations": 1, "cost": 0.5437902114091848, "incumbent": ["isomap_n_components='2'", "isomap_n_neighbors='5'", "svm_C='1.0'", "svm_gamma='1.0'"]}
{"cpu_time": 1.495121717453003, "total_cpu_time": null, "wallclock_time": 2.1780412197113037, "evaluations": 6, "cost": 0.5285130142141884, "incumbent": ["isomap_n_components='3'", "isomap_n_neighbors='3'", "svm_C='44.333918486496096'", "svm_gamma='3.013601885823682'"]}
{"cpu_time": 2.73907470703125, "total_cpu_time": null, "wallclock_time": 3.90368390083313, "evaluations": 12, "cost": 0.5135459427783405, "incumbent": ["isomap_n_components='2'", "isomap_n_neighbors='3'", "svm_C='4.7044577846883495'", "svm_gamma='3.0041821813721383'"]}
{"cpu_time": 10.092271089553833, "total_cpu_time": null, "wallclock_time": 15.004015922546387, "evaluations": 44, "cost": 0.5079263513381779, "incumbent": ["isomap_n_components='2'", "isomap_n_neighbors='3'", "svm_C='4.005981195731799'", "svm_gamma='3.360896827500831'"]}
{"cpu_time": 17.236578941345215, "total_cpu_time": null, "wallclock_time": 26.316251039505005, "evaluations": 78, "cost": 0.4915988269679867, "incumbent": ["isomap_n_components='2'", "isomap_n_neighbors='3'", "svm_C='14.834790624152438'", "svm_gamma='1.7389925763645042'"]}
{"cpu_time": 23.94670081138611, "total_cpu_time": null, "wallclock_time": 37.085216999053955, "evaluations": 108, "cost": 0.48779358248658394, "incumbent": ["isomap_n_components='2'", "isomap_n_neighbors='3'", "svm_C='15.965398623138341'", "svm_gamma='1.874230054416372'"]}
{"cpu_time": 45.17312002182007, "total_cpu_time": null, "wallclock_time": 69.87107610702515, "evaluations": 195, "cost": 0.4874990579352629, "incumbent": ["isomap_n_components='2'", "isomap_n_neighbors='3'", "svm_C='60.661164488825705'", "svm_gamma='1.8756159332028846'"]}
{"cpu_time": 45.5987434387207, "total_cpu_time": null, "wallclock_time": 70.72375559806824, "evaluations": 198, "cost": 0.4874100595659212, "incumbent": ["isomap_n_components='2'", "isomap_n_neighbors='3'", "svm_C='74.36519215973564'", "svm_gamma='1.8756159332028846'"]}
{"cpu_time": 59.95105791091919, "total_cpu_time": null, "wallclock_time": 93.16524171829224, "evaluations": 257, "cost": 0.48416441894132767, "incumbent": ["isomap_n_components='2'", "isomap_n_neighbors='3'", "svm_C='99.77746468278887'", "svm_gamma='1.6353946945102709'"]}
{"cpu_time": 71.1590461730957, "total_cpu_time": null, "wallclock_time": 110.91534447669983, "evaluations": 308, "cost": 0.47885677495863516, "incumbent": ["isomap_n_components='2'", "isomap_n_neighbors='3'", "svm_C='67.00004881729348'", "svm_gamma='1.121504110709585'"]}
{"cpu_time": 71.45249557495117, "total_cpu_time": null, "wallclock_time": 111.52395415306091, "evaluations": 310, "cost": 0.4761330443422616, "incumbent": ["isomap_n_components='2'", "isomap_n_neighbors='3'", "svm_C='61.6888298847456'", "svm_gamma='1.0887176334721136'"]}
{"cpu_time": 75.18690752983093, "total_cpu_time": null, "wallclock_time": 117.14157843589783, "evaluations": 324, "cost": 0.46730640891538283, "incumbent": ["isomap_n_components='2'", "isomap_n_neighbors='3'", "svm_C='68.12675949774899'", "svm_gamma='0.913309631554394'"]}
{"cpu_time": 78.76986789703369, "total_cpu_time": null, "wallclock_time": 123.02291011810303, "evaluations": 341, "cost": 0.46307585472424934, "incumbent": ["isomap_n_components='2'", "isomap_n_neighbors='3'", "svm_C='64.07836170890958'", "svm_gamma='0.913309631554394'"]}
{"cpu_time": 84.8627552986145, "total_cpu_time": null, "wallclock_time": 133.06735396385193, "evaluations": 368, "cost": 0.4612392889010251, "incumbent": ["isomap_n_components='2'", "isomap_n_neighbors='3'", "svm_C='85.89392378486382'", "svm_gamma='0.913309631554394'"]}
