{"cpu_time": 0, "total_cpu_time": null, "wallclock_time": 0.0001461505889892578, "evaluations": 0, "cost": 2147483648, "incumbent": ["haralick_distance='1'", "pca_whiten=''true''", "svm_C='1.0'", "svm_gamma='1.0'"]}
{"cpu_time": 90.20531177520752, "total_cpu_time": null, "wallclock_time": 90.27341532707214, "evaluations": 1, "cost": 0.20476260083249134, "incumbent": ["haralick_distance='1'", "pca_whiten=''true''", "svm_C='1.0'", "svm_gamma='1.0'"]}
{"cpu_time": 1618.1583795547485, "total_cpu_time": null, "wallclock_time": 1620.4116342067719, "evaluations": 21, "cost": 0.19775281796055477, "incumbent": ["haralick_distance='1'", "pca_whiten=''false''", "svm_C='62.50814177672008'", "svm_gamma='0.028977341676197955'"]}
{"cpu_time": 3287.418764591217, "total_cpu_time": null, "wallclock_time": 3292.421854496002, "evaluations": 48, "cost": 0.1947350452119887, "incumbent": ["haralick_distance='1'", "pca_whiten=''true''", "svm_C='1.7215357191823222'", "svm_gamma='0.19321185059910786'"]}
{"cpu_time": 5617.107716083527, "total_cpu_time": null, "wallclock_time": 5626.226262807846, "evaluations": 86, "cost": 0.192923058643473, "incumbent": ["haralick_distance='1'", "pca_whiten=''true''", "svm_C='0.21204859044726612'", "svm_gamma='7.195232495955856'"]}
{"cpu_time": 6361.037870645523, "total_cpu_time": null, "wallclock_time": 6371.354451656342, "evaluations": 98, "cost": 0.19210429065905088, "incumbent": ["haralick_distance='1'", "pca_whiten=''false''", "svm_C='0.6336985354972424'", "svm_gamma='2.0879765755195243'"]}
{"cpu_time": 8610.088891029358, "total_cpu_time": null, "wallclock_time": 8624.213980436325, "evaluations": 152, "cost": 0.19202859298247374, "incumbent": ["haralick_distance='1'", "pca_whiten=''true''", "svm_C='0.10171891642302744'", "svm_gamma='1.8861319649437926'"]}
{"cpu_time": 8674.169177293777, "total_cpu_time": null, "wallclock_time": 8688.389726877213, "evaluations": 154, "cost": 0.18972348491419133, "incumbent": ["haralick_distance='1'", "pca_whiten=''false''", "svm_C='0.21204859044726612'", "svm_gamma='3.126049190754243'"]}
{"cpu_time": 9162.18366408348, "total_cpu_time": null, "wallclock_time": 9177.174461126328, "evaluations": 170, "cost": 0.18900941969589988, "incumbent": ["haralick_distance='1'", "pca_whiten=''true''", "svm_C='0.34831909502340835'", "svm_gamma='2.7285923168454973'"]}
{"cpu_time": 9889.866774559021, "total_cpu_time": null, "wallclock_time": 9906.061184883118, "evaluations": 194, "cost": 0.18760985219319584, "incumbent": ["haralick_distance='1'", "pca_whiten=''false''", "svm_C='0.34831909502340835'", "svm_gamma='1.1096102588692516'"]}
{"cpu_time": 10162.691671133041, "total_cpu_time": null, "wallclock_time": 10179.313005685806, "evaluations": 203, "cost": 0.18623117489557975, "incumbent": ["haralick_distance='1'", "pca_whiten=''true''", "svm_C='0.34831909502340835'", "svm_gamma='1.1096102588692516'"]}
