{"cpu_time": 0, "total_cpu_time": null, "wallclock_time": 0.0001533031463623047, "evaluations": 0, "cost": 2147483648, "incumbent": ["pca_whiten=''true''", "rf_max_features='0.5'", "rf_n_estimators='10'"]}
{"cpu_time": 2.664705514907837, "total_cpu_time": null, "wallclock_time": 2.7263150215148926, "evaluations": 1, "cost": 0.9129817265026935, "incumbent": ["pca_whiten=''true''", "rf_max_features='0.5'", "rf_n_estimators='10'"]}
{"cpu_time": 11.591988325119019, "total_cpu_time": null, "wallclock_time": 11.721311807632446, "evaluations": 2, "cost": 0.4691880263804729, "incumbent": ["pca_whiten=''true''", "rf_max_features='0.6263875900678313'", "rf_n_estimators='178'"]}
{"cpu_time": 18.772440671920776, "total_cpu_time": null, "wallclock_time": 18.968245029449463, "evaluations": 3, "cost": 0.41858161923003295, "incumbent": ["pca_whiten=''false''", "rf_max_features='0.3021465708060675'", "rf_n_estimators='203'"]}
{"cpu_time": 25.522934436798096, "total_cpu_time": null, "wallclock_time": 25.906519174575806, "evaluations": 4, "cost": 0.41750463667517485, "incumbent": ["pca_whiten=''true''", "rf_max_features='0.30586418148323496'", "rf_n_estimators='221'"]}
{"cpu_time": 34.18555927276611, "total_cpu_time": null, "wallclock_time": 34.709463119506836, "evaluations": 5, "cost": 0.4108446604238332, "incumbent": ["pca_whiten=''true''", "rf_max_features='0.6948449041611862'", "rf_n_estimators='249'"]}
{"cpu_time": 45.273197174072266, "total_cpu_time": null, "wallclock_time": 46.009454011917114, "evaluations": 6, "cost": 0.4100780735456531, "incumbent": ["pca_whiten=''true''", "rf_max_features='0.6483339395381182'", "rf_n_estimators='285'"]}
{"cpu_time": 92.97107005119324, "total_cpu_time": null, "wallclock_time": 94.5551130771637, "evaluations": 12, "cost": 0.4075212142956323, "incumbent": ["pca_whiten=''true''", "rf_max_features='0.6626819592492075'", "rf_n_estimators='183'"]}
{"cpu_time": 315.74486207962036, "total_cpu_time": null, "wallclock_time": 323.942266702652, "evaluations": 49, "cost": 0.4074737613671419, "incumbent": ["pca_whiten=''false''", "rf_max_features='0.675872780784449'", "rf_n_estimators='221'"]}
{"cpu_time": 467.3755280971527, "total_cpu_time": null, "wallclock_time": 480.0655415058136, "evaluations": 73, "cost": 0.4066636199100382, "incumbent": ["pca_whiten=''false''", "rf_max_features='0.7363130060520463'", "rf_n_estimators='183'"]}
{"cpu_time": 495.22852754592896, "total_cpu_time": null, "wallclock_time": 508.8547451496124, "evaluations": 77, "cost": 0.4049931221327068, "incumbent": ["pca_whiten=''false''", "rf_max_features='0.6900984199746931'", "rf_n_estimators='225'"]}
{"cpu_time": 512.241780757904, "total_cpu_time": null, "wallclock_time": 526.6990463733673, "evaluations": 81, "cost": 0.3999386083688146, "incumbent": ["pca_whiten=''false''", "rf_max_features='0.6440798839864887'", "rf_n_estimators='84'"]}
