{"cpu_time": 0, "total_cpu_time": null, "wallclock_time": 8.702278137207031e-05, "evaluations": 0, "cost": 2147483648, "incumbent": ["isomap_n_components='2'", "isomap_n_neighbors='5'"]}
{"cpu_time": 0.40108752250671387, "total_cpu_time": null, "wallclock_time": 0.4109373092651367, "evaluations": 1, "cost": 20.471217327473187, "incumbent": ["isomap_n_components='2'", "isomap_n_neighbors='5'"]}
{"cpu_time": 0.8584606647491455, "total_cpu_time": null, "wallclock_time": 0.9106671810150146, "evaluations": 2, "cost": 19.884188218312985, "incumbent": ["isomap_n_components='2'", "isomap_n_neighbors='7'"]}
{"cpu_time": 4.049277305603027, "total_cpu_time": null, "wallclock_time": 4.325315475463867, "evaluations": 10, "cost": 19.693932246646103, "incumbent": ["isomap_n_components='2'", "isomap_n_neighbors='6'"]}
{"cpu_time": 5.672995567321777, "total_cpu_time": null, "wallclock_time": 6.074139595031738, "evaluations": 14, "cost": 19.6012434399366, "incumbent": ["isomap_n_components='3'", "isomap_n_neighbors='7'"]}
