{"cpu_time": 0, "total_cpu_time": null, "wallclock_time": 0.00014901161193847656, "evaluations": 0, "cost": 2147483648, "incumbent": ["isomap_n_components='2'", "isomap_n_neighbors='5'", "rf_max_features='0.5'", "rf_n_estimators='10'"]}
{"cpu_time": 1.2159054279327393, "total_cpu_time": null, "wallclock_time": 1.2492156028747559, "evaluations": 1, "cost": 1.7193391254134631, "incumbent": ["isomap_n_components='2'", "isomap_n_neighbors='5'", "rf_max_features='0.5'", "rf_n_estimators='10'"]}
{"cpu_time": 3.4795515537261963, "total_cpu_time": null, "wallclock_time": 3.5677685737609863, "evaluations": 2, "cost": 1.148708983882294, "incumbent": ["isomap_n_components='2'", "isomap_n_neighbors='7'", "rf_max_features='0.7705914184339647'", "rf_n_estimators='220'"]}
{"cpu_time": 5.101788520812988, "total_cpu_time": null, "wallclock_time": 5.207939386367798, "evaluations": 3, "cost": 0.7379830200064657, "incumbent": ["isomap_n_components='4'", "isomap_n_neighbors='5'", "rf_max_features='0.42825496760388254'", "rf_n_estimators='109'"]}
{"cpu_time": 94.00882863998413, "total_cpu_time": null, "wallclock_time": 97.37296080589294, "evaluations": 57, "cost": 0.6940427976615867, "incumbent": ["isomap_n_components='3'", "isomap_n_neighbors='3'", "rf_max_features='0.5469250016978762'", "rf_n_estimators='299'"]}
