{"cpu_time": 0, "total_cpu_time": null, "wallclock_time": 0.0001575946807861328, "evaluations": 0, "cost": 2147483648, "incumbent": ["isomap_n_components='2'", "isomap_n_neighbors='5'", "rf_max_features='0.5'", "rf_n_estimators='10'"]}
{"cpu_time": 0.6266376972198486, "total_cpu_time": null, "wallclock_time": 0.6750369071960449, "evaluations": 1, "cost": 1.5198717159338049, "incumbent": ["isomap_n_components='2'", "isomap_n_neighbors='5'", "rf_max_features='0.5'", "rf_n_estimators='10'"]}
{"cpu_time": 2.477421522140503, "total_cpu_time": null, "wallclock_time": 2.6547727584838867, "evaluations": 2, "cost": 1.1380127769426767, "incumbent": ["isomap_n_components='2'", "isomap_n_neighbors='7'", "rf_max_features='0.7705914184339647'", "rf_n_estimators='220'"]}
{"cpu_time": 3.6022417545318604, "total_cpu_time": null, "wallclock_time": 3.8040730953216553, "evaluations": 3, "cost": 1.0483750761969661, "incumbent": ["isomap_n_components='4'", "isomap_n_neighbors='5'", "rf_max_features='0.42825496760388254'", "rf_n_estimators='109'"]}
{"cpu_time": 16.171966791152954, "total_cpu_time": null, "wallclock_time": 17.663188219070435, "evaluations": 14, "cost": 0.5849482602236816, "incumbent": ["isomap_n_components='4'", "isomap_n_neighbors='7'", "rf_max_features='0.5516921520132867'", "rf_n_estimators='118'"]}
{"cpu_time": 58.196353912353516, "total_cpu_time": null, "wallclock_time": 62.064265727996826, "evaluations": 43, "cost": 0.5582515778451703, "incumbent": ["isomap_n_components='2'", "isomap_n_neighbors='4'", "rf_max_features='0.7087821014018643'", "rf_n_estimators='211'"]}
{"cpu_time": 93.67639183998108, "total_cpu_time": null, "wallclock_time": 99.91796207427979, "evaluations": 64, "cost": 0.5548702735100987, "incumbent": ["isomap_n_components='4'", "isomap_n_neighbors='4'", "rf_max_features='0.494418343069899'", "rf_n_estimators='196'"]}
{"cpu_time": 108.20011281967163, "total_cpu_time": null, "wallclock_time": 115.57305860519409, "evaluations": 77, "cost": 0.5514877093570509, "incumbent": ["isomap_n_components='2'", "isomap_n_neighbors='4'", "rf_max_features='0.3338718866304119'", "rf_n_estimators='35'"]}
{"cpu_time": 109.6958224773407, "total_cpu_time": null, "wallclock_time": 117.24056458473206, "evaluations": 78, "cost": 0.5514201931399986, "incumbent": ["isomap_n_components='4'", "isomap_n_neighbors='4'", "rf_max_features='0.47183217160449087'", "rf_n_estimators='168'"]}
{"cpu_time": 142.31325221061707, "total_cpu_time": null, "wallclock_time": 152.33133602142334, "evaluations": 111, "cost": 0.5503066683403329, "incumbent": ["isomap_n_components='2'", "isomap_n_neighbors='4'", "rf_max_features='0.7300875383058847'", "rf_n_estimators='183'"]}
{"cpu_time": 145.15333676338196, "total_cpu_time": null, "wallclock_time": 155.28680038452148, "evaluations": 113, "cost": 0.54171942097787, "incumbent": ["isomap_n_components='4'", "isomap_n_neighbors='4'", "rf_max_features='0.477485229822181'", "rf_n_estimators='266'"]}
{"cpu_time": 161.20208168029785, "total_cpu_time": null, "wallclock_time": 172.38086986541748, "evaluations": 126, "cost": 0.5367736823685738, "incumbent": ["isomap_n_components='4'", "isomap_n_neighbors='4'", "rf_max_features='0.4761144063996944'", "rf_n_estimators='300'"]}
{"cpu_time": 207.7969012260437, "total_cpu_time": null, "wallclock_time": 221.79882216453552, "evaluations": 167, "cost": 0.5301287523434648, "incumbent": ["isomap_n_components='4'", "isomap_n_neighbors='4'", "rf_max_features='0.3717255602962268'", "rf_n_estimators='295'"]}
{"cpu_time": 210.65056347846985, "total_cpu_time": null, "wallclock_time": 224.9757263660431, "evaluations": 170, "cost": 0.5276617512459328, "incumbent": ["isomap_n_components='2'", "isomap_n_neighbors='4'", "rf_max_features='0.4370891237079097'", "rf_n_estimators='74'"]}
{"cpu_time": 274.8851594924927, "total_cpu_time": null, "wallclock_time": 295.2129156589508, "evaluations": 268, "cost": 0.504047974586582, "incumbent": ["isomap_n_components='4'", "isomap_n_neighbors='4'", "rf_max_features='0.4766565952854436'", "rf_n_estimators='32'"]}
{"cpu_time": 280.4212894439697, "total_cpu_time": null, "wallclock_time": 301.31585121154785, "evaluations": 278, "cost": 0.49663817628656753, "incumbent": ["isomap_n_components='2'", "isomap_n_neighbors='4'", "rf_max_features='0.6699258343692444'", "rf_n_estimators='14'"]}
