{"cpu_time": 0, "total_cpu_time": null, "wallclock_time": 0.00013899803161621094, "evaluations": 0, "cost": 2147483648, "incumbent": ["pca_whiten=''true''", "rf_max_features='0.5'", "rf_n_estimators='10'"]}
{"cpu_time": 0.6572997570037842, "total_cpu_time": null, "wallclock_time": 0.6745827198028564, "evaluations": 1, "cost": 4.249278639330604, "incumbent": ["pca_whiten=''true''", "rf_max_features='0.5'", "rf_n_estimators='10'"]}
{"cpu_time": 2.0131547451019287, "total_cpu_time": null, "wallclock_time": 2.0729660987854004, "evaluations": 2, "cost": 1.6184338112271381, "incumbent": ["pca_whiten=''true''", "rf_max_features='0.6263875900678313'", "rf_n_estimators='178'"]}
{"cpu_time": 3.5662829875946045, "total_cpu_time": null, "wallclock_time": 3.6418583393096924, "evaluations": 3, "cost": 1.450577008908925, "incumbent": ["pca_whiten=''false''", "rf_max_features='0.3021465708060675'", "rf_n_estimators='203'"]}
{"cpu_time": 5.2659361362457275, "total_cpu_time": null, "wallclock_time": 5.388467311859131, "evaluations": 4, "cost": 1.3661308008151645, "incumbent": ["pca_whiten=''true''", "rf_max_features='0.30586418148323496'", "rf_n_estimators='221'"]}
{"cpu_time": 22.036638259887695, "total_cpu_time": null, "wallclock_time": 22.537891387939453, "evaluations": 14, "cost": 1.3594614901171387, "incumbent": ["pca_whiten=''true''", "rf_max_features='0.3921320331173167'", "rf_n_estimators='215'"]}
{"cpu_time": 27.998923778533936, "total_cpu_time": null, "wallclock_time": 28.638314723968506, "evaluations": 18, "cost": 1.3523951858642391, "incumbent": ["pca_whiten=''false''", "rf_max_features='0.3296047239714612'", "rf_n_estimators='155'"]}
{"cpu_time": 38.97160077095032, "total_cpu_time": null, "wallclock_time": 39.92956590652466, "evaluations": 24, "cost": 1.2901917441388333, "incumbent": ["pca_whiten=''true''", "rf_max_features='0.4362261028533497'", "rf_n_estimators='240'"]}
{"cpu_time": 53.87148928642273, "total_cpu_time": null, "wallclock_time": 55.30588722229004, "evaluations": 36, "cost": 1.280832512314211, "incumbent": ["pca_whiten=''false''", "rf_max_features='0.4671359644540267'", "rf_n_estimators='218'"]}
{"cpu_time": 115.08813548088074, "total_cpu_time": null, "wallclock_time": 118.19350051879883, "evaluations": 76, "cost": 1.2654511189309396, "incumbent": ["pca_whiten=''true''", "rf_max_features='0.4671359644540267'", "rf_n_estimators='218'"]}
