{"cpu_time": 0, "total_cpu_time": null, "wallclock_time": 0.00015997886657714844, "evaluations": 0, "cost": 2147483648, "incumbent": ["isomap_n_components='2'", "isomap_n_neighbors='5'", "svm_C='1.0'", "svm_gamma='1.0'"]}
{"cpu_time": 5.45596718788147, "total_cpu_time": null, "wallclock_time": 5.536863088607788, "evaluations": 1, "cost": 0.5284048825600705, "incumbent": ["isomap_n_components='2'", "isomap_n_neighbors='5'", "svm_C='1.0'", "svm_gamma='1.0'"]}
{"cpu_time": 14.781541585922241, "total_cpu_time": null, "wallclock_time": 15.158344268798828, "evaluations": 3, "cost": 0.5057139237840854, "incumbent": ["isomap_n_components='4'", "isomap_n_neighbors='5'", "svm_C='25.725342527255737'", "svm_gamma='2.7907769724696707'"]}
{"cpu_time": 26.327908277511597, "total_cpu_time": null, "wallclock_time": 27.07847261428833, "evaluations": 6, "cost": 0.5051343172614552, "incumbent": ["isomap_n_components='3'", "isomap_n_neighbors='3'", "svm_C='44.333918486496096'", "svm_gamma='3.013601885823682'"]}
{"cpu_time": 71.81710696220398, "total_cpu_time": null, "wallclock_time": 74.75448489189148, "evaluations": 18, "cost": 0.5010049440526911, "incumbent": ["isomap_n_components='4'", "isomap_n_neighbors='7'", "svm_C='72.76846860899938'", "svm_gamma='1.1189853943830168'"]}
{"cpu_time": 136.24026560783386, "total_cpu_time": null, "wallclock_time": 142.18188166618347, "evaluations": 34, "cost": 0.49988568798962846, "incumbent": ["isomap_n_components='4'", "isomap_n_neighbors='7'", "svm_C='72.76846860899938'", "svm_gamma='1.3609001008008021'"]}
{"cpu_time": 199.90333580970764, "total_cpu_time": null, "wallclock_time": 209.14968824386597, "evaluations": 50, "cost": 0.49935430590011815, "incumbent": ["isomap_n_components='4'", "isomap_n_neighbors='7'", "svm_C='51.45082964171247'", "svm_gamma='1.1609882822144704'"]}
{"cpu_time": 370.36383843421936, "total_cpu_time": null, "wallclock_time": 389.0374219417572, "evaluations": 92, "cost": 0.4976315253294121, "incumbent": ["isomap_n_components='4'", "isomap_n_neighbors='7'", "svm_C='13.521936518550621'", "svm_gamma='1.1019758919655709'"]}
