{"cpu_time": 0, "total_cpu_time": null, "wallclock_time": 5.364418029785156e-05, "evaluations": 0, "cost": 2147483648, "incumbent": ["pca_whiten=''true''"]}
{"cpu_time": 27.52823042869568, "total_cpu_time": null, "wallclock_time": 27.646755695343018, "evaluations": 1, "cost": 13.189454582821119, "incumbent": ["pca_whiten=''true''"]}
