{"cpu_time": 0, "total_cpu_time": null, "wallclock_time": 0.00014662742614746094, "evaluations": 0, "cost": 2147483648, "incumbent": ["isomap_n_components='2'", "isomap_n_neighbors='5'", "svm_C='1.0'", "svm_gamma='1.0'"]}
{"cpu_time": 3.3020453453063965, "total_cpu_time": null, "wallclock_time": 3.344855785369873, "evaluations": 1, "cost": 0.3106931107355972, "incumbent": ["isomap_n_components='2'", "isomap_n_neighbors='5'", "svm_C='1.0'", "svm_gamma='1.0'"]}
{"cpu_time": 5.318492650985718, "total_cpu_time": null, "wallclock_time": 5.492466688156128, "evaluations": 2, "cost": 0.3038082959541431, "incumbent": ["isomap_n_components='2'", "isomap_n_neighbors='7'", "svm_C='94.12416540310615'", "svm_gamma='5.804177494310886'"]}
{"cpu_time": 7.297425031661987, "total_cpu_time": null, "wallclock_time": 7.5125412940979, "evaluations": 3, "cost": 0.3026016557986322, "incumbent": ["isomap_n_components='4'", "isomap_n_neighbors='5'", "svm_C='25.725342527255737'", "svm_gamma='2.7907769724696707'"]}
{"cpu_time": 34.19491720199585, "total_cpu_time": null, "wallclock_time": 35.99569296836853, "evaluations": 15, "cost": 0.30071175943669876, "incumbent": ["isomap_n_components='2'", "isomap_n_neighbors='6'", "svm_C='79.9317820116972'", "svm_gamma='3.6232786466854465'"]}
{"cpu_time": 40.98283648490906, "total_cpu_time": null, "wallclock_time": 43.42968010902405, "evaluations": 18, "cost": 0.29698215892450147, "incumbent": ["isomap_n_components='4'", "isomap_n_neighbors='6'", "svm_C='81.20284779537205'", "svm_gamma='0.7537507029072293'"]}
{"cpu_time": 117.83548545837402, "total_cpu_time": null, "wallclock_time": 126.03923559188843, "evaluations": 50, "cost": 0.2957082756345533, "incumbent": ["isomap_n_components='4'", "isomap_n_neighbors='6'", "svm_C='87.42997078764773'", "svm_gamma='0.7537507029072293'"]}
{"cpu_time": 168.29990935325623, "total_cpu_time": null, "wallclock_time": 180.2491090297699, "evaluations": 70, "cost": 0.29339411239249746, "incumbent": ["isomap_n_components='4'", "isomap_n_neighbors='6'", "svm_C='89.48222375669198'", "svm_gamma='0.7122930588718884'"]}
{"cpu_time": 203.02737092971802, "total_cpu_time": null, "wallclock_time": 217.81259632110596, "evaluations": 85, "cost": 0.2933401674275073, "incumbent": ["isomap_n_components='4'", "isomap_n_neighbors='6'", "svm_C='92.87721088233741'", "svm_gamma='0.7537507029072293'"]}
