{"cpu_time": 0, "total_cpu_time": null, "wallclock_time": 0.00013780593872070312, "evaluations": 0, "cost": 2147483648, "incumbent": ["haralick_distance='1'", "isomap_n_components='2'", "isomap_n_neighbors='5'", "svm_C='1.0'", "svm_gamma='1.0'"]}
{"cpu_time": 57.84896278381348, "total_cpu_time": null, "wallclock_time": 57.86987614631653, "evaluations": 1, "cost": 0.83235560039713, "incumbent": ["haralick_distance='1'", "isomap_n_components='2'", "isomap_n_neighbors='5'", "svm_C='1.0'", "svm_gamma='1.0'"]}
{"cpu_time": 274.4663875102997, "total_cpu_time": null, "wallclock_time": 274.74039244651794, "evaluations": 6, "cost": 0.825171161027724, "incumbent": ["haralick_distance='2'", "isomap_n_components='2'", "isomap_n_neighbors='4'", "svm_C='24.661941005117924'", "svm_gamma='0.43558917449642676'"]}
{"cpu_time": 689.5551521778107, "total_cpu_time": null, "wallclock_time": 690.3223204612732, "evaluations": 16, "cost": 0.7918303717223442, "incumbent": ["haralick_distance='2'", "isomap_n_components='4'", "isomap_n_neighbors='5'", "svm_C='24.38603363555398'", "svm_gamma='0.060301644300136195'"]}
{"cpu_time": 1934.6513323783875, "total_cpu_time": null, "wallclock_time": 1937.010909795761, "evaluations": 46, "cost": 0.7917808942853709, "incumbent": ["haralick_distance='3'", "isomap_n_components='4'", "isomap_n_neighbors='4'", "svm_C='27.019303498855066'", "svm_gamma='0.01857559664666423'"]}
{"cpu_time": 2347.977967739105, "total_cpu_time": null, "wallclock_time": 2350.943691253662, "evaluations": 56, "cost": 0.7895356711312105, "incumbent": ["haralick_distance='3'", "isomap_n_components='4'", "isomap_n_neighbors='4'", "svm_C='37.39682590702052'", "svm_gamma='0.01857559664666423'"]}
{"cpu_time": 2847.4074232578278, "total_cpu_time": null, "wallclock_time": 2851.033304452896, "evaluations": 68, "cost": 0.7805428401848897, "incumbent": ["haralick_distance='3'", "isomap_n_components='4'", "isomap_n_neighbors='6'", "svm_C='47.813560903207794'", "svm_gamma='0.020575478514764375'"]}
{"cpu_time": 3427.5049724578857, "total_cpu_time": null, "wallclock_time": 3431.8927721977234, "evaluations": 82, "cost": 0.7752820862376523, "incumbent": ["haralick_distance='3'", "isomap_n_components='2'", "isomap_n_neighbors='7'", "svm_C='88.88179064912926'", "svm_gamma='0.07566522266457618'"]}
{"cpu_time": 3844.146648168564, "total_cpu_time": null, "wallclock_time": 3849.1119742393494, "evaluations": 92, "cost": 0.7699675042748998, "incumbent": ["haralick_distance='3'", "isomap_n_components='2'", "isomap_n_neighbors='5'", "svm_C='52.127287107906085'", "svm_gamma='0.07566522266457618'"]}
{"cpu_time": 3927.5108416080475, "total_cpu_time": null, "wallclock_time": 3932.5843884944916, "evaluations": 94, "cost": 0.7644968865879996, "incumbent": ["haralick_distance='3'", "isomap_n_components='2'", "isomap_n_neighbors='5'", "svm_C='40.23232782273276'", "svm_gamma='0.07566522266457618'"]}
{"cpu_time": 4833.83057141304, "total_cpu_time": null, "wallclock_time": 4840.265387058258, "evaluations": 116, "cost": 0.7632371193911035, "incumbent": ["haralick_distance='3'", "isomap_n_components='2'", "isomap_n_neighbors='5'", "svm_C='40.90141542941079'", "svm_gamma='0.09845479853911125'"]}
{"cpu_time": 5526.670805692673, "total_cpu_time": null, "wallclock_time": 5534.105308771133, "evaluations": 134, "cost": 0.7631524841948362, "incumbent": ["haralick_distance='3'", "isomap_n_components='2'", "isomap_n_neighbors='6'", "svm_C='23.580271101106053'", "svm_gamma='0.4660134861568293'"]}
{"cpu_time": 6143.020138263702, "total_cpu_time": null, "wallclock_time": 6151.340710639954, "evaluations": 150, "cost": 0.7631365072582997, "incumbent": ["haralick_distance='3'", "isomap_n_components='2'", "isomap_n_neighbors='5'", "svm_C='22.976365816353994'", "svm_gamma='0.571141764376272'"]}
{"cpu_time": 6451.224273681641, "total_cpu_time": null, "wallclock_time": 6460.033288002014, "evaluations": 158, "cost": 0.7630013909271836, "incumbent": ["haralick_distance='3'", "isomap_n_components='2'", "isomap_n_neighbors='5'", "svm_C='4.365768027835193'", "svm_gamma='0.4975423793457835'"]}
{"cpu_time": 7143.410966873169, "total_cpu_time": null, "wallclock_time": 7153.2608478069305, "evaluations": 176, "cost": 0.7623630344575792, "incumbent": ["haralick_distance='3'", "isomap_n_components='2'", "isomap_n_neighbors='4'", "svm_C='4.946454647466163'", "svm_gamma='0.5809073043630463'"]}
{"cpu_time": 8955.654131889343, "total_cpu_time": null, "wallclock_time": 8968.187774181366, "evaluations": 223, "cost": 0.7613963008262882, "incumbent": ["haralick_distance='3'", "isomap_n_components='2'", "isomap_n_neighbors='4'", "svm_C='4.365768027835193'", "svm_gamma='0.4975423793457835'"]}
{"cpu_time": 9763.722830533981, "total_cpu_time": null, "wallclock_time": 9777.49786901474, "evaluations": 244, "cost": 0.7587807638880015, "incumbent": ["haralick_distance='3'", "isomap_n_components='2'", "isomap_n_neighbors='5'", "svm_C='4.946454647466163'", "svm_gamma='0.5809073043630463'"]}
{"cpu_time": 10572.100915908813, "total_cpu_time": null, "wallclock_time": 10586.992459058762, "evaluations": 265, "cost": 0.757876632630475, "incumbent": ["haralick_distance='3'", "isomap_n_components='2'", "isomap_n_neighbors='6'", "svm_C='62.71758760874976'", "svm_gamma='0.3946010481702895'"]}
