{"cpu_time": 0, "total_cpu_time": null, "wallclock_time": 0.00012373924255371094, "evaluations": 0, "cost": 2147483648, "incumbent": ["haralick_distance='1'", "pca_whiten=''true''", "rf_max_features='0.5'", "rf_n_estimators='10'"]}
{"cpu_time": 35.87260866165161, "total_cpu_time": null, "wallclock_time": 35.90824770927429, "evaluations": 1, "cost": 2.5158844239085694, "incumbent": ["haralick_distance='1'", "pca_whiten=''true''", "rf_max_features='0.5'", "rf_n_estimators='10'"]}
{"cpu_time": 72.92291164398193, "total_cpu_time": null, "wallclock_time": 73.02010083198547, "evaluations": 2, "cost": 1.4774525053572223, "incumbent": ["haralick_distance='1'", "pca_whiten=''true''", "rf_max_features='0.5914675755540864'", "rf_n_estimators='259'"]}
{"cpu_time": 108.99864339828491, "total_cpu_time": null, "wallclock_time": 109.1143741607666, "evaluations": 3, "cost": 0.9690641453948051, "incumbent": ["haralick_distance='2'", "pca_whiten=''true''", "rf_max_features='0.49829813910866494'", "rf_n_estimators='39'"]}
{"cpu_time": 145.6236276626587, "total_cpu_time": null, "wallclock_time": 145.7922592163086, "evaluations": 4, "cost": 0.7104189849332139, "incumbent": ["haralick_distance='2'", "pca_whiten=''false''", "rf_max_features='0.7749277535405971'", "rf_n_estimators='140'"]}
{"cpu_time": 182.31632280349731, "total_cpu_time": null, "wallclock_time": 182.50373554229736, "evaluations": 5, "cost": 0.5868448227073708, "incumbent": ["haralick_distance='2'", "pca_whiten=''true''", "rf_max_features='0.36113899979178665'", "rf_n_estimators='248'"]}
{"cpu_time": 218.82926964759827, "total_cpu_time": null, "wallclock_time": 219.1001479625702, "evaluations": 6, "cost": 0.5864642117792161, "incumbent": ["haralick_distance='3'", "pca_whiten=''true''", "rf_max_features='0.5831730167358328'", "rf_n_estimators='256'"]}
{"cpu_time": 825.5157644748688, "total_cpu_time": null, "wallclock_time": 826.5042357444763, "evaluations": 25, "cost": 0.5211788788828822, "incumbent": ["haralick_distance='3'", "pca_whiten=''true''", "rf_max_features='0.7238864987193799'", "rf_n_estimators='299'"]}
{"cpu_time": 1814.1713881492615, "total_cpu_time": null, "wallclock_time": 1816.5497949123383, "evaluations": 56, "cost": 0.4477401658221158, "incumbent": ["haralick_distance='3'", "pca_whiten=''true''", "rf_max_features='0.3078897905821929'", "rf_n_estimators='265'"]}
