{"cpu_time": 0, "total_cpu_time": null, "wallclock_time": 0.00011420249938964844, "evaluations": 0, "cost": 2147483648, "incumbent": ["pca_whiten=''true''", "svm_C='1.0'", "svm_gamma='1.0'"]}
{"cpu_time": 0.5027549266815186, "total_cpu_time": null, "wallclock_time": 0.5384776592254639, "evaluations": 1, "cost": 1.0255835563871833, "incumbent": ["pca_whiten=''true''", "svm_C='1.0'", "svm_gamma='1.0'"]}
{"cpu_time": 1.3875012397766113, "total_cpu_time": null, "wallclock_time": 1.4642529487609863, "evaluations": 2, "cost": 1.0159987535561459, "incumbent": ["pca_whiten=''true''", "svm_C='65.31224049555269'", "svm_gamma='4.667651857354299'"]}
{"cpu_time": 4.755392789840698, "total_cpu_time": null, "wallclock_time": 5.001957654953003, "evaluations": 6, "cost": 1.0146581540803155, "incumbent": ["pca_whiten=''true''", "svm_C='69.69712111971603'", "svm_gamma='7.565840455614787'"]}
{"cpu_time": 5.4641478061676025, "total_cpu_time": null, "wallclock_time": 5.7574005126953125, "evaluations": 7, "cost": 1.0132109812235557, "incumbent": ["pca_whiten=''false''", "svm_C='43.44972047643372'", "svm_gamma='7.1582797874925035'"]}
{"cpu_time": 9.250244855880737, "total_cpu_time": null, "wallclock_time": 9.740608930587769, "evaluations": 12, "cost": 1.0124706596034414, "incumbent": ["pca_whiten=''false''", "svm_C='76.46168573209494'", "svm_gamma='7.197167374151004'"]}
{"cpu_time": 10.27213191986084, "total_cpu_time": null, "wallclock_time": 10.78584599494934, "evaluations": 13, "cost": 1.008294369133887, "incumbent": ["pca_whiten=''true''", "svm_C='74.03895323452416'", "svm_gamma='1.9822428937900223'"]}
{"cpu_time": 20.5789053440094, "total_cpu_time": null, "wallclock_time": 21.70172095298767, "evaluations": 26, "cost": 1.0043181256607279, "incumbent": ["pca_whiten=''false''", "svm_C='78.01671936060845'", "svm_gamma='2.355527529242308'"]}
{"cpu_time": 25.098024606704712, "total_cpu_time": null, "wallclock_time": 26.458815574645996, "evaluations": 32, "cost": 1.0021526013647915, "incumbent": ["pca_whiten=''true''", "svm_C='81.72436726365513'", "svm_gamma='1.8503312954735511'"]}
{"cpu_time": 47.591676473617554, "total_cpu_time": null, "wallclock_time": 50.20850133895874, "evaluations": 60, "cost": 1.0018553932304166, "incumbent": ["pca_whiten=''true''", "svm_C='81.72436726365513'", "svm_gamma='2.1577188229400046'"]}
{"cpu_time": 73.60752844810486, "total_cpu_time": null, "wallclock_time": 77.78785634040833, "evaluations": 94, "cost": 1.0016008729773869, "incumbent": ["pca_whiten=''false''", "svm_C='45.29969527309987'", "svm_gamma='2.6001916326307946'"]}
{"cpu_time": 154.6372401714325, "total_cpu_time": null, "wallclock_time": 163.7965977191925, "evaluations": 194, "cost": 1.0005516433420028, "incumbent": ["pca_whiten=''true''", "svm_C='81.62819762825038'", "svm_gamma='1.915310565041716'"]}
