{"cpu_time": 0, "total_cpu_time": null, "wallclock_time": 0.0002827644348144531, "evaluations": 0, "cost": 2147483648, "incumbent": ["haralick_distance='1'", "pca_whiten=''true''", "svm_C='1.0'", "svm_gamma='1.0'"]}
{"cpu_time": 98.01800537109375, "total_cpu_time": null, "wallclock_time": 98.06846380233765, "evaluations": 1, "cost": 0.4761965099874437, "incumbent": ["haralick_distance='1'", "pca_whiten=''true''", "svm_C='1.0'", "svm_gamma='1.0'"]}
{"cpu_time": 1922.538838148117, "total_cpu_time": null, "wallclock_time": 1924.9252886772156, "evaluations": 24, "cost": 0.473035836311287, "incumbent": ["haralick_distance='2'", "pca_whiten=''true''", "svm_C='0.6562756932827286'", "svm_gamma='1.33668897851229'"]}
{"cpu_time": 2346.452225446701, "total_cpu_time": null, "wallclock_time": 2349.357745885849, "evaluations": 30, "cost": 0.47145688138969427, "incumbent": ["haralick_distance='3'", "pca_whiten=''false''", "svm_C='1.2984855806643425'", "svm_gamma='1.5808000223813081'"]}
{"cpu_time": 2488.7057132720947, "total_cpu_time": null, "wallclock_time": 2491.7972650527954, "evaluations": 32, "cost": 0.4710680157911448, "incumbent": ["haralick_distance='3'", "pca_whiten=''true''", "svm_C='1.2984855806643425'", "svm_gamma='1.5808000223813081'"]}
{"cpu_time": 5187.595866441727, "total_cpu_time": null, "wallclock_time": 5194.615329027176, "evaluations": 70, "cost": 0.4708986047328634, "incumbent": ["haralick_distance='2'", "pca_whiten=''true''", "svm_C='0.9232960337870139'", "svm_gamma='1.8637880463091712'"]}
