{"cpu_time": 0, "total_cpu_time": null, "wallclock_time": 0.00013637542724609375, "evaluations": 0, "cost": 2147483648, "incumbent": ["isomap_n_components='2'", "isomap_n_neighbors='5'", "svm_C='1.0'", "svm_gamma='1.0'"]}
{"cpu_time": 1.0881683826446533, "total_cpu_time": null, "wallclock_time": 1.1054058074951172, "evaluations": 1, "cost": 0.5284048825600705, "incumbent": ["isomap_n_components='2'", "isomap_n_neighbors='5'", "svm_C='1.0'", "svm_gamma='1.0'"]}
{"cpu_time": 2.1947765350341797, "total_cpu_time": null, "wallclock_time": 2.2707326412200928, "evaluations": 2, "cost": 0.5265792742351574, "incumbent": ["isomap_n_components='2'", "isomap_n_neighbors='7'", "svm_C='94.12416540310615'", "svm_gamma='5.804177494310886'"]}
{"cpu_time": 3.1413156986236572, "total_cpu_time": null, "wallclock_time": 3.2351832389831543, "evaluations": 3, "cost": 0.5069421262862619, "incumbent": ["isomap_n_components='4'", "isomap_n_neighbors='5'", "svm_C='25.725342527255737'", "svm_gamma='2.7907769724696707'"]}
{"cpu_time": 10.499459028244019, "total_cpu_time": null, "wallclock_time": 10.9295814037323, "evaluations": 10, "cost": 0.5069023948003258, "incumbent": ["isomap_n_components='4'", "isomap_n_neighbors='7'", "svm_C='31.833314708339145'", "svm_gamma='3.783423376467212'"]}
{"cpu_time": 12.519670248031616, "total_cpu_time": null, "wallclock_time": 13.032172441482544, "evaluations": 12, "cost": 0.5059208113989301, "incumbent": ["isomap_n_components='4'", "isomap_n_neighbors='3'", "svm_C='15.296943477384781'", "svm_gamma='4.547377121852498'"]}
{"cpu_time": 20.325796842575073, "total_cpu_time": null, "wallclock_time": 21.170587301254272, "evaluations": 19, "cost": 0.5045393899375821, "incumbent": ["isomap_n_components='3'", "isomap_n_neighbors='5'", "svm_C='44.70426151766206'", "svm_gamma='3.3211973801263546'"]}
{"cpu_time": 29.926406621932983, "total_cpu_time": null, "wallclock_time": 31.120136737823486, "evaluations": 27, "cost": 0.5021436153990558, "incumbent": ["isomap_n_components='4'", "isomap_n_neighbors='7'", "svm_C='4.276488422228812'", "svm_gamma='1.9701559174126142'"]}
{"cpu_time": 50.9055552482605, "total_cpu_time": null, "wallclock_time": 52.87172508239746, "evaluations": 45, "cost": 0.5012324292471474, "incumbent": ["isomap_n_components='2'", "isomap_n_neighbors='3'", "svm_C='96.38307001624324'", "svm_gamma='7.955464268693513'"]}
{"cpu_time": 106.1203875541687, "total_cpu_time": null, "wallclock_time": 110.80331420898438, "evaluations": 96, "cost": 0.4987996714808407, "incumbent": ["isomap_n_components='4'", "isomap_n_neighbors='7'", "svm_C='15.511238585725803'", "svm_gamma='0.7747348739619891'"]}
