{"cpu_time": 0, "total_cpu_time": null, "wallclock_time": 0.00010991096496582031, "evaluations": 0, "cost": 2147483648, "incumbent": ["isomap_n_components='2'", "isomap_n_neighbors='5'", "svm_C='1.0'", "svm_gamma='1.0'"]}
{"cpu_time": 0.8155295848846436, "total_cpu_time": null, "wallclock_time": 0.8331747055053711, "evaluations": 1, "cost": 0.5270086049470001, "incumbent": ["isomap_n_components='2'", "isomap_n_neighbors='5'", "svm_C='1.0'", "svm_gamma='1.0'"]}
{"cpu_time": 3.2507412433624268, "total_cpu_time": null, "wallclock_time": 3.376246929168701, "evaluations": 4, "cost": 0.5190709067938083, "incumbent": ["isomap_n_components='3'", "isomap_n_neighbors='3'", "svm_C='47.63256038084591'", "svm_gamma='4.369503763577128'"]}
{"cpu_time": 6.472714424133301, "total_cpu_time": null, "wallclock_time": 6.726903438568115, "evaluations": 8, "cost": 0.5164375338458157, "incumbent": ["isomap_n_components='3'", "isomap_n_neighbors='7'", "svm_C='28.434172277564443'", "svm_gamma='6.16372404970847'"]}
{"cpu_time": 10.487155199050903, "total_cpu_time": null, "wallclock_time": 10.926098108291626, "evaluations": 13, "cost": 0.5130400592119985, "incumbent": ["isomap_n_components='3'", "isomap_n_neighbors='7'", "svm_C='82.10845963513053'", "svm_gamma='2.675788752665743'"]}
{"cpu_time": 16.394702196121216, "total_cpu_time": null, "wallclock_time": 17.129415035247803, "evaluations": 20, "cost": 0.5118968793170117, "incumbent": ["isomap_n_components='4'", "isomap_n_neighbors='7'", "svm_C='85.31116440783649'", "svm_gamma='5.254110968068857'"]}
{"cpu_time": 18.931987524032593, "total_cpu_time": null, "wallclock_time": 19.761980772018433, "evaluations": 23, "cost": 0.5104094866524708, "incumbent": ["isomap_n_components='4'", "isomap_n_neighbors='7'", "svm_C='66.89946072184424'", "svm_gamma='7.876862576395569'"]}
{"cpu_time": 21.448556184768677, "total_cpu_time": null, "wallclock_time": 22.451905488967896, "evaluations": 26, "cost": 0.5089895188321342, "incumbent": ["isomap_n_components='4'", "isomap_n_neighbors='7'", "svm_C='87.48123511280072'", "svm_gamma='4.670607167914766'"]}
