{"cpu_time": 0, "total_cpu_time": null, "wallclock_time": 7.271766662597656e-05, "evaluations": 0, "cost": 2147483648, "incumbent": ["pca_whiten=''true''", "svm_C='0.1'", "svm_gamma='4.005'"]}
{"cpu_time": 0.9065001010894775, "total_cpu_time": null, "wallclock_time": 0.925055980682373, "evaluations": 1, "cost": 1.058351130134417, "incumbent": ["pca_whiten=''true''", "svm_C='0.1'", "svm_gamma='4.005'"]}
{"cpu_time": 1.8963239192962646, "total_cpu_time": null, "wallclock_time": 1.9836628437042236, "evaluations": 2, "cost": 1.0086746394489665, "incumbent": ["pca_whiten=''true''", "svm_C='100.0'", "svm_gamma='6.0024999999999995'"]}
{"cpu_time": 3.1661441326141357, "total_cpu_time": null, "wallclock_time": 3.2906625270843506, "evaluations": 3, "cost": 1.0050199561407174, "incumbent": ["pca_whiten=''true''", "svm_C='25.075000000000003'", "svm_gamma='4.005'"]}
{"cpu_time": 16.1423659324646, "total_cpu_time": null, "wallclock_time": 16.973625659942627, "evaluations": 14, "cost": 1.0036721583555834, "incumbent": ["pca_whiten=''true''", "svm_C='25.075000000000003'", "svm_gamma='6.0024999999999995'"]}
