{"cpu_time": 0, "total_cpu_time": null, "wallclock_time": 9.489059448242188e-05, "evaluations": 0, "cost": 2147483648, "incumbent": ["pca_whiten=''true''", "svm_C='1.0'", "svm_gamma='1.0'"]}
{"cpu_time": 0.4953429698944092, "total_cpu_time": null, "wallclock_time": 0.5221738815307617, "evaluations": 1, "cost": 0.7961981920679455, "incumbent": ["pca_whiten=''true''", "svm_C='1.0'", "svm_gamma='1.0'"]}
{"cpu_time": 4.546933650970459, "total_cpu_time": null, "wallclock_time": 4.829711437225342, "evaluations": 9, "cost": 0.7906707337049464, "incumbent": ["pca_whiten=''true''", "svm_C='25.833879111337303'", "svm_gamma='2.5925190439316834'"]}
{"cpu_time": 8.155327558517456, "total_cpu_time": null, "wallclock_time": 8.747828722000122, "evaluations": 16, "cost": 0.7544409264868094, "incumbent": ["pca_whiten=''false''", "svm_C='2.788797583803354'", "svm_gamma='1.639658651785277'"]}
{"cpu_time": 11.16104769706726, "total_cpu_time": null, "wallclock_time": 11.998934268951416, "evaluations": 22, "cost": 0.7260086096362858, "incumbent": ["pca_whiten=''false''", "svm_C='28.507721203323374'", "svm_gamma='0.765385618575075'"]}
{"cpu_time": 14.985655784606934, "total_cpu_time": null, "wallclock_time": 16.171991109848022, "evaluations": 30, "cost": 0.709477822018519, "incumbent": ["pca_whiten=''false''", "svm_C='63.202538784890585'", "svm_gamma='0.3917141576841037'"]}
{"cpu_time": 15.95480489730835, "total_cpu_time": null, "wallclock_time": 17.270074367523193, "evaluations": 32, "cost": 0.6972525499899538, "incumbent": ["pca_whiten=''false''", "svm_C='42.74898364913751'", "svm_gamma='0.3209674529834358'"]}
{"cpu_time": 31.215566873550415, "total_cpu_time": null, "wallclock_time": 33.72302174568176, "evaluations": 60, "cost": 0.6947766922306636, "incumbent": ["pca_whiten=''true''", "svm_C='98.84134695552274'", "svm_gamma='0.25922405028571005'"]}
{"cpu_time": 48.576218128204346, "total_cpu_time": null, "wallclock_time": 52.405765771865845, "evaluations": 92, "cost": 0.6940472871209464, "incumbent": ["pca_whiten=''true''", "svm_C='42.74898364913751'", "svm_gamma='0.3209674529834358'"]}
{"cpu_time": 63.82392454147339, "total_cpu_time": null, "wallclock_time": 68.92792510986328, "evaluations": 120, "cost": 0.6935916023304562, "incumbent": ["pca_whiten=''true''", "svm_C='37.35490197430379'", "svm_gamma='0.307938119831045'"]}
{"cpu_time": 83.95769834518433, "total_cpu_time": null, "wallclock_time": 90.62003350257874, "evaluations": 156, "cost": 0.693016276334571, "incumbent": ["pca_whiten=''false''", "svm_C='66.31367812839223'", "svm_gamma='0.2759402329977101'"]}
