{"cpu_time": 0, "total_cpu_time": null, "wallclock_time": 0.00013399124145507812, "evaluations": 0, "cost": 2147483648, "incumbent": ["isomap_n_components='2'", "isomap_n_neighbors='5'", "svm_C='1.0'", "svm_gamma='1.0'"]}
{"cpu_time": 3.1331961154937744, "total_cpu_time": null, "wallclock_time": 3.160111427307129, "evaluations": 1, "cost": 0.3106931107355972, "incumbent": ["isomap_n_components='2'", "isomap_n_neighbors='5'", "svm_C='1.0'", "svm_gamma='1.0'"]}
{"cpu_time": 7.837090015411377, "total_cpu_time": null, "wallclock_time": 8.081125736236572, "evaluations": 3, "cost": 0.30656999224241277, "incumbent": ["isomap_n_components='4'", "isomap_n_neighbors='5'", "svm_C='25.725342527255737'", "svm_gamma='2.7907769724696707'"]}
{"cpu_time": 26.675751209259033, "total_cpu_time": null, "wallclock_time": 27.9063982963562, "evaluations": 11, "cost": 0.3016974428616755, "incumbent": ["isomap_n_components='4'", "isomap_n_neighbors='5'", "svm_C='90.54227226407072'", "svm_gamma='3.6001724529254275'"]}
{"cpu_time": 28.811842918395996, "total_cpu_time": null, "wallclock_time": 30.236416339874268, "evaluations": 12, "cost": 0.3016218371237762, "incumbent": ["isomap_n_components='4'", "isomap_n_neighbors='7'", "svm_C='68.00496055286574'", "svm_gamma='2.679000334246065'"]}
{"cpu_time": 74.84160828590393, "total_cpu_time": null, "wallclock_time": 79.53838205337524, "evaluations": 33, "cost": 0.29928270925366074, "incumbent": ["isomap_n_components='3'", "isomap_n_neighbors='7'", "svm_C='93.71884818797504'", "svm_gamma='2.115457129688539'"]}
{"cpu_time": 108.88836598396301, "total_cpu_time": null, "wallclock_time": 116.44014549255371, "evaluations": 47, "cost": 0.2976761285786477, "incumbent": ["isomap_n_components='3'", "isomap_n_neighbors='6'", "svm_C='90.38389481169439'", "svm_gamma='2.134074202743284'"]}
{"cpu_time": 150.79360699653625, "total_cpu_time": null, "wallclock_time": 161.82445979118347, "evaluations": 64, "cost": 0.29674091912320333, "incumbent": ["isomap_n_components='4'", "isomap_n_neighbors='6'", "svm_C='90.38389481169439'", "svm_gamma='1.2657895749594215'"]}
{"cpu_time": 251.0431101322174, "total_cpu_time": null, "wallclock_time": 270.82150530815125, "evaluations": 106, "cost": 0.2922495300752319, "incumbent": ["isomap_n_components='4'", "isomap_n_neighbors='6'", "svm_C='89.56335282890619'", "svm_gamma='0.9064674244370258'"]}
