{"cpu_time": 0, "total_cpu_time": null, "wallclock_time": 5.1021575927734375e-05, "evaluations": 0, "cost": 2147483648, "incumbent": ["pca_whiten=''true''"]}
{"cpu_time": 28.36688780784607, "total_cpu_time": null, "wallclock_time": 28.640296936035156, "evaluations": 1, "cost": 2.5485216363866017, "incumbent": ["pca_whiten=''true''"]}
