{"cpu_time": 0, "total_cpu_time": null, "wallclock_time": 0.00010991096496582031, "evaluations": 0, "cost": 2147483648, "incumbent": ["pca_whiten=''true''", "svm_C='1.0'", "svm_gamma='1.0'"]}
{"cpu_time": 3.189406394958496, "total_cpu_time": null, "wallclock_time": 3.2700490951538086, "evaluations": 1, "cost": 0.2375728312409876, "incumbent": ["pca_whiten=''true''", "svm_C='1.0'", "svm_gamma='1.0'"]}
{"cpu_time": 50.20220112800598, "total_cpu_time": null, "wallclock_time": 53.49640226364136, "evaluations": 29, "cost": 0.19614588671681932, "incumbent": ["pca_whiten=''false''", "svm_C='62.50814177672008'", "svm_gamma='0.028977341676197955'"]}
{"cpu_time": 87.7695677280426, "total_cpu_time": null, "wallclock_time": 93.82450270652771, "evaluations": 51, "cost": 0.18610636818518778, "incumbent": ["pca_whiten=''false''", "svm_C='14.897252298123004'", "svm_gamma='0.04199113589533449'"]}
{"cpu_time": 99.19465017318726, "total_cpu_time": null, "wallclock_time": 105.98126864433289, "evaluations": 57, "cost": 0.18192273080775337, "incumbent": ["pca_whiten=''false''", "svm_C='15.453345846017246'", "svm_gamma='0.03208729760716729'"]}
{"cpu_time": 239.5529067516327, "total_cpu_time": null, "wallclock_time": 257.19123578071594, "evaluations": 133, "cost": 0.18027002582493848, "incumbent": ["pca_whiten=''false''", "svm_C='14.321792704576293'", "svm_gamma='0.04109076079816334'"]}
{"cpu_time": 251.47379231452942, "total_cpu_time": null, "wallclock_time": 270.3673105239868, "evaluations": 140, "cost": 0.18008306805799412, "incumbent": ["pca_whiten=''true''", "svm_C='10.881704140863825'", "svm_gamma='0.036357333484230855'"]}
{"cpu_time": 257.2786867618561, "total_cpu_time": null, "wallclock_time": 276.51237058639526, "evaluations": 143, "cost": 0.17761718382684802, "incumbent": ["pca_whiten=''false''", "svm_C='14.117561926643702'", "svm_gamma='0.03163800465460987'"]}
{"cpu_time": 281.61361145973206, "total_cpu_time": null, "wallclock_time": 302.6326916217804, "evaluations": 158, "cost": 0.175885503763616, "incumbent": ["pca_whiten=''false''", "svm_C='11.450537370784218'", "svm_gamma='0.03353799222643452'"]}
{"cpu_time": 373.0227072238922, "total_cpu_time": null, "wallclock_time": 401.91224932670593, "evaluations": 212, "cost": 0.175498052103731, "incumbent": ["pca_whiten=''true''", "svm_C='0.274913815601321'", "svm_gamma='0.061075850933637946'"]}
