{"cpu_time": 0, "total_cpu_time": null, "wallclock_time": 8.20159912109375e-05, "evaluations": 0, "cost": 2147483648, "incumbent": ["pca_whiten=''true''", "svm_C='1.0'", "svm_gamma='1.0'"]}
{"cpu_time": 0.7050895690917969, "total_cpu_time": null, "wallclock_time": 0.7332301139831543, "evaluations": 1, "cost": 0.31356839465196273, "incumbent": ["pca_whiten=''true''", "svm_C='1.0'", "svm_gamma='1.0'"]}
{"cpu_time": 2.6960959434509277, "total_cpu_time": null, "wallclock_time": 2.801475763320923, "evaluations": 3, "cost": 0.29981554130588867, "incumbent": ["pca_whiten=''false''", "svm_C='0.5288848470522874'", "svm_gamma='5.340336437146089'"]}
