{"cpu_time": 0, "total_cpu_time": null, "wallclock_time": 0.0001614093780517578, "evaluations": 0, "cost": 2147483648, "incumbent": ["isomap_n_components='2'", "isomap_n_neighbors='5'", "rf_max_features='0.5'", "rf_n_estimators='10'"]}
{"cpu_time": 0.5820012092590332, "total_cpu_time": null, "wallclock_time": 0.7073876857757568, "evaluations": 1, "cost": 1.4113890812316747, "incumbent": ["isomap_n_components='2'", "isomap_n_neighbors='5'", "rf_max_features='0.5'", "rf_n_estimators='10'"]}
{"cpu_time": 2.8243675231933594, "total_cpu_time": null, "wallclock_time": 3.1100692749023438, "evaluations": 2, "cost": 0.9380184349019655, "incumbent": ["isomap_n_components='2'", "isomap_n_neighbors='7'", "rf_max_features='0.7705914184339647'", "rf_n_estimators='220'"]}
{"cpu_time": 3.8719680309295654, "total_cpu_time": null, "wallclock_time": 4.207832336425781, "evaluations": 3, "cost": 0.4659910045192479, "incumbent": ["isomap_n_components='4'", "isomap_n_neighbors='5'", "rf_max_features='0.42825496760388254'", "rf_n_estimators='109'"]}
{"cpu_time": 14.693025588989258, "total_cpu_time": null, "wallclock_time": 15.831713676452637, "evaluations": 8, "cost": 0.4586481221048572, "incumbent": ["isomap_n_components='3'", "isomap_n_neighbors='7'", "rf_max_features='0.44181267406188407'", "rf_n_estimators='233'"]}
{"cpu_time": 26.77675724029541, "total_cpu_time": null, "wallclock_time": 29.29776883125305, "evaluations": 16, "cost": 0.415882655547364, "incumbent": ["isomap_n_components='4'", "isomap_n_neighbors='7'", "rf_max_features='0.40163060523359856'", "rf_n_estimators='88'"]}
{"cpu_time": 43.32854104042053, "total_cpu_time": null, "wallclock_time": 47.221275091171265, "evaluations": 26, "cost": 0.4134303932593179, "incumbent": ["isomap_n_components='4'", "isomap_n_neighbors='7'", "rf_max_features='0.38006121045819324'", "rf_n_estimators='14'"]}
