{"cpu_time": 0, "total_cpu_time": null, "wallclock_time": 0.00010395050048828125, "evaluations": 0, "cost": 2147483648, "incumbent": ["pca_whiten=''true''", "rf_max_features='0.5'", "rf_n_estimators='10'"]}
{"cpu_time": 2.3555707931518555, "total_cpu_time": null, "wallclock_time": 2.426571846008301, "evaluations": 1, "cost": 1.0347450858833824, "incumbent": ["pca_whiten=''true''", "rf_max_features='0.5'", "rf_n_estimators='10'"]}
{"cpu_time": 7.343220233917236, "total_cpu_time": null, "wallclock_time": 7.508108139038086, "evaluations": 2, "cost": 0.5791306955314363, "incumbent": ["pca_whiten=''true''", "rf_max_features='0.6263875900678313'", "rf_n_estimators='178'"]}
{"cpu_time": 12.378259658813477, "total_cpu_time": null, "wallclock_time": 12.60547399520874, "evaluations": 3, "cost": 0.4903209223585576, "incumbent": ["pca_whiten=''false''", "rf_max_features='0.3021465708060675'", "rf_n_estimators='203'"]}
{"cpu_time": 35.98648643493652, "total_cpu_time": null, "wallclock_time": 36.637282609939575, "evaluations": 7, "cost": 0.4899191729974522, "incumbent": ["pca_whiten=''false''", "rf_max_features='0.5169655679501186'", "rf_n_estimators='270'"]}
{"cpu_time": 41.4041748046875, "total_cpu_time": null, "wallclock_time": 42.16293692588806, "evaluations": 8, "cost": 0.489212923203823, "incumbent": ["pca_whiten=''false''", "rf_max_features='0.3858320790821331'", "rf_n_estimators='209'"]}
{"cpu_time": 78.94990682601929, "total_cpu_time": null, "wallclock_time": 80.77534222602844, "evaluations": 16, "cost": 0.48807333744374537, "incumbent": ["pca_whiten=''false''", "rf_max_features='0.3795534617086185'", "rf_n_estimators='165'"]}
{"cpu_time": 217.14241743087769, "total_cpu_time": null, "wallclock_time": 223.2502040863037, "evaluations": 51, "cost": 0.487525464685478, "incumbent": ["pca_whiten=''true''", "rf_max_features='0.463910483675083'", "rf_n_estimators='269'"]}
{"cpu_time": 281.5668206214905, "total_cpu_time": null, "wallclock_time": 289.115359544754, "evaluations": 64, "cost": 0.48348135842988915, "incumbent": ["pca_whiten=''false''", "rf_max_features='0.3092427243272006'", "rf_n_estimators='151'"]}
{"cpu_time": 301.3722004890442, "total_cpu_time": null, "wallclock_time": 309.42289757728577, "evaluations": 69, "cost": 0.48097613880832224, "incumbent": ["pca_whiten=''false''", "rf_max_features='0.3136855872635393'", "rf_n_estimators='171'"]}
