{"cpu_time": 0, "total_cpu_time": null, "wallclock_time": 0.0001513957977294922, "evaluations": 0, "cost": 2147483648, "incumbent": ["pca_whiten=''true''", "rf_max_features='0.5'", "rf_n_estimators='10'"]}
{"cpu_time": 0.6113543510437012, "total_cpu_time": null, "wallclock_time": 0.6495423316955566, "evaluations": 1, "cost": 1.9295268767442912, "incumbent": ["pca_whiten=''true''", "rf_max_features='0.5'", "rf_n_estimators='10'"]}
{"cpu_time": 2.9796409606933594, "total_cpu_time": null, "wallclock_time": 3.2007763385772705, "evaluations": 2, "cost": 0.43923187164745636, "incumbent": ["pca_whiten=''true''", "rf_max_features='0.6263875900678313'", "rf_n_estimators='178'"]}
{"cpu_time": 6.37770676612854, "total_cpu_time": null, "wallclock_time": 6.645284652709961, "evaluations": 3, "cost": 0.43142433867661106, "incumbent": ["pca_whiten=''false''", "rf_max_features='0.3021465708060675'", "rf_n_estimators='203'"]}
{"cpu_time": 9.134538173675537, "total_cpu_time": null, "wallclock_time": 9.609152555465698, "evaluations": 4, "cost": 0.42228935810684076, "incumbent": ["pca_whiten=''true''", "rf_max_features='0.30586418148323496'", "rf_n_estimators='221'"]}
{"cpu_time": 20.937301874160767, "total_cpu_time": null, "wallclock_time": 21.577359914779663, "evaluations": 7, "cost": 0.4217348251485427, "incumbent": ["pca_whiten=''false''", "rf_max_features='0.5169655679501186'", "rf_n_estimators='270'"]}
{"cpu_time": 31.001691818237305, "total_cpu_time": null, "wallclock_time": 32.06174659729004, "evaluations": 11, "cost": 0.4180960656276631, "incumbent": ["pca_whiten=''true''", "rf_max_features='0.7898269852068684'", "rf_n_estimators='295'"]}
{"cpu_time": 33.51015067100525, "total_cpu_time": null, "wallclock_time": 34.71150541305542, "evaluations": 12, "cost": 0.41611310471859625, "incumbent": ["pca_whiten=''true''", "rf_max_features='0.4377189495090952'", "rf_n_estimators='219'"]}
{"cpu_time": 40.937278747558594, "total_cpu_time": null, "wallclock_time": 42.556819438934326, "evaluations": 15, "cost": 0.41219475484490903, "incumbent": ["pca_whiten=''true''", "rf_max_features='0.44928842014179576'", "rf_n_estimators='216'"]}
{"cpu_time": 47.06960082054138, "total_cpu_time": null, "wallclock_time": 48.903199672698975, "evaluations": 18, "cost": 0.4116125962434333, "incumbent": ["pca_whiten=''true''", "rf_max_features='0.4883462336258348'", "rf_n_estimators='166'"]}
{"cpu_time": 55.267722845077515, "total_cpu_time": null, "wallclock_time": 57.69336438179016, "evaluations": 22, "cost": 0.4106697831681369, "incumbent": ["pca_whiten=''false''", "rf_max_features='0.47219979053214944'", "rf_n_estimators='135'"]}
{"cpu_time": 68.17880296707153, "total_cpu_time": null, "wallclock_time": 71.18939971923828, "evaluations": 28, "cost": 0.4096283776552823, "incumbent": ["pca_whiten=''true''", "rf_max_features='0.4983230388240855'", "rf_n_estimators='235'"]}
{"cpu_time": 68.70599317550659, "total_cpu_time": null, "wallclock_time": 71.76521563529968, "evaluations": 29, "cost": 0.3837801298931786, "incumbent": ["pca_whiten=''false''", "rf_max_features='0.612353061945546'", "rf_n_estimators='8'"]}
