"CPU Time Used","Estimated Training Performance","Wallclock Time","Incumbent ID","Automatic Configurator (CPU) Time","Configuration..."
0.000000, 2147483648.000000, 0.000144, 1, 0.000144, pca_whiten=''true'', svm_C='1.0', svm_gamma='1.0'
1.930300, 0.237573, 2.138455, 1, 0.208155, pca_whiten=''true'', svm_C='1.0', svm_gamma='1.0'
53.781535, 0.196334, 57.083712, 2, 3.302177, pca_whiten=''false'', svm_C='62.50814177672008', svm_gamma='0.028977341676197955'
110.340852, 0.194657, 118.556692, 3, 8.215841, pca_whiten=''true'', svm_C='69.95381068456585', svm_gamma='0.028977341676197955'
132.292240, 0.194283, 142.528299, 4, 10.236058, pca_whiten=''false'', svm_C='84.39562511122661', svm_gamma='0.02293480149097528'
136.996414, 0.191338, 147.545724, 5, 10.549309, pca_whiten=''false'', svm_C='39.08189372479363', svm_gamma='0.04585487973128165'
151.338425, 0.190231, 162.654829, 6, 11.316405, pca_whiten=''true'', svm_C='37.58058295354851', svm_gamma='0.016706092733035208'
214.200357, 0.181930, 231.022987, 7, 16.822630, pca_whiten=''true'', svm_C='1.9601490365618484', svm_gamma='0.038008974270460176'
323.225351, 0.177192, 349.850511, 8, 26.625160, pca_whiten=''true'', svm_C='6.321917772050396', svm_gamma='0.04059374815982672'
