{"cpu_time": 0, "total_cpu_time": null, "wallclock_time": 0.0001437664031982422, "evaluations": 0, "cost": 2147483648, "incumbent": ["pca_whiten=''true''", "svm_C='1.0'", "svm_gamma='1.0'"]}
{"cpu_time": 1.9303004741668701, "total_cpu_time": null, "wallclock_time": 2.138455390930176, "evaluations": 1, "cost": 0.2375728312409876, "incumbent": ["pca_whiten=''true''", "svm_C='1.0'", "svm_gamma='1.0'"]}
{"cpu_time": 53.781534910202026, "total_cpu_time": null, "wallclock_time": 57.083712100982666, "evaluations": 29, "cost": 0.1963340999775589, "incumbent": ["pca_whiten=''false''", "svm_C='62.50814177672008'", "svm_gamma='0.028977341676197955'"]}
{"cpu_time": 110.34085154533386, "total_cpu_time": null, "wallclock_time": 118.55669212341309, "evaluations": 62, "cost": 0.19465739288853853, "incumbent": ["pca_whiten=''true''", "svm_C='69.95381068456585'", "svm_gamma='0.028977341676197955'"]}
{"cpu_time": 132.29224014282227, "total_cpu_time": null, "wallclock_time": 142.5282986164093, "evaluations": 76, "cost": 0.19428346378435657, "incumbent": ["pca_whiten=''false''", "svm_C='84.39562511122661'", "svm_gamma='0.02293480149097528'"]}
{"cpu_time": 136.9964141845703, "total_cpu_time": null, "wallclock_time": 147.54572367668152, "evaluations": 78, "cost": 0.19133778955876232, "incumbent": ["pca_whiten=''false''", "svm_C='39.08189372479363'", "svm_gamma='0.04585487973128165'"]}
{"cpu_time": 151.3384246826172, "total_cpu_time": null, "wallclock_time": 162.65482926368713, "evaluations": 86, "cost": 0.19023133249562654, "incumbent": ["pca_whiten=''true''", "svm_C='37.58058295354851'", "svm_gamma='0.016706092733035208'"]}
{"cpu_time": 214.2003571987152, "total_cpu_time": null, "wallclock_time": 231.02298712730408, "evaluations": 123, "cost": 0.18192954322301821, "incumbent": ["pca_whiten=''true''", "svm_C='1.9601490365618484'", "svm_gamma='0.038008974270460176'"]}
{"cpu_time": 323.225350856781, "total_cpu_time": null, "wallclock_time": 349.85051131248474, "evaluations": 184, "cost": 0.1771922330448407, "incumbent": ["pca_whiten=''true''", "svm_C='6.321917772050396'", "svm_gamma='0.04059374815982672'"]}
