{"cpu_time": 0, "total_cpu_time": null, "wallclock_time": 0.00013685226440429688, "evaluations": 0, "cost": 2147483648, "incumbent": ["pca_whiten=''true''", "svm_C='1.0'", "svm_gamma='1.0'"]}
{"cpu_time": 2.1291897296905518, "total_cpu_time": null, "wallclock_time": 2.2891910076141357, "evaluations": 1, "cost": 0.2375728312409876, "incumbent": ["pca_whiten=''true''", "svm_C='1.0'", "svm_gamma='1.0'"]}
{"cpu_time": 49.15526556968689, "total_cpu_time": null, "wallclock_time": 52.4509551525116, "evaluations": 29, "cost": 0.2014212278779095, "incumbent": ["pca_whiten=''false''", "svm_C='62.50814177672008'", "svm_gamma='0.028977341676197955'"]}
{"cpu_time": 63.244038581848145, "total_cpu_time": null, "wallclock_time": 67.35335946083069, "evaluations": 36, "cost": 0.19808416665651807, "incumbent": ["pca_whiten=''false''", "svm_C='71.64195118499528'", "svm_gamma='0.04656306535160068'"]}
{"cpu_time": 66.15318989753723, "total_cpu_time": null, "wallclock_time": 70.42001986503601, "evaluations": 38, "cost": 0.1926318387637438, "incumbent": ["pca_whiten=''false''", "svm_C='78.79190809170979'", "svm_gamma='0.028977341676197955'"]}
{"cpu_time": 79.96112942695618, "total_cpu_time": null, "wallclock_time": 85.19833564758301, "evaluations": 45, "cost": 0.18975765082744792, "incumbent": ["pca_whiten=''false''", "svm_C='46.46386095647948'", "svm_gamma='0.028977341676197955'"]}
{"cpu_time": 95.96228981018066, "total_cpu_time": null, "wallclock_time": 102.16749882698059, "evaluations": 52, "cost": 0.18911784471879564, "incumbent": ["pca_whiten=''true''", "svm_C='33.461466897544675'", "svm_gamma='0.02089893372897097'"]}
{"cpu_time": 107.48047113418579, "total_cpu_time": null, "wallclock_time": 114.48280239105225, "evaluations": 58, "cost": 0.18879254889820085, "incumbent": ["pca_whiten=''true''", "svm_C='19.25174088112456'", "svm_gamma='0.04754186023857344'"]}
{"cpu_time": 119.20871305465698, "total_cpu_time": null, "wallclock_time": 127.38011026382446, "evaluations": 64, "cost": 0.18621665016103509, "incumbent": ["pca_whiten=''true''", "svm_C='20.90375826808933'", "svm_gamma='0.02089893372897097'"]}
{"cpu_time": 145.35831809043884, "total_cpu_time": null, "wallclock_time": 155.63922262191772, "evaluations": 78, "cost": 0.1837713909200737, "incumbent": ["pca_whiten=''true''", "svm_C='22.860181790199704'", "svm_gamma='0.02089893372897097'"]}
{"cpu_time": 155.61280012130737, "total_cpu_time": null, "wallclock_time": 166.5020411014557, "evaluations": 82, "cost": 0.17875243472488753, "incumbent": ["pca_whiten=''false''", "svm_C='28.1956022264791'", "svm_gamma='0.02089893372897097'"]}
