{"cpu_time": 0, "total_cpu_time": null, "wallclock_time": 0.00013494491577148438, "evaluations": 0, "cost": 2147483648, "incumbent": ["isomap_n_components='2'", "isomap_n_neighbors='5'", "svm_C='1.0'", "svm_gamma='1.0'"]}
{"cpu_time": 3.5792553424835205, "total_cpu_time": null, "wallclock_time": 3.6857106685638428, "evaluations": 1, "cost": 0.18795098834144497, "incumbent": ["isomap_n_components='2'", "isomap_n_neighbors='5'", "svm_C='1.0'", "svm_gamma='1.0'"]}
{"cpu_time": 49.95583939552307, "total_cpu_time": null, "wallclock_time": 53.856579542160034, "evaluations": 16, "cost": 0.184404758176266, "incumbent": ["isomap_n_components='2'", "isomap_n_neighbors='5'", "svm_C='39.401547414046505'", "svm_gamma='0.24657720949339437'"]}
{"cpu_time": 62.916751861572266, "total_cpu_time": null, "wallclock_time": 67.99939513206482, "evaluations": 20, "cost": 0.16207696382085607, "incumbent": ["isomap_n_components='3'", "isomap_n_neighbors='3'", "svm_C='54.96343313344959'", "svm_gamma='0.40671913517978403'"]}
