{"cpu_time": 0, "total_cpu_time": null, "wallclock_time": 0.00011897087097167969, "evaluations": 0, "cost": 2147483648, "incumbent": ["isomap_n_components='2'", "isomap_n_neighbors='5'", "rf_max_features='0.5'", "rf_n_estimators='10'"]}
{"cpu_time": 0.7861604690551758, "total_cpu_time": null, "wallclock_time": 0.8050189018249512, "evaluations": 1, "cost": 1.4970457576092377, "incumbent": ["isomap_n_components='2'", "isomap_n_neighbors='5'", "rf_max_features='0.5'", "rf_n_estimators='10'"]}
{"cpu_time": 2.3834621906280518, "total_cpu_time": null, "wallclock_time": 2.448956251144409, "evaluations": 2, "cost": 0.6253542774419608, "incumbent": ["isomap_n_components='2'", "isomap_n_neighbors='7'", "rf_max_features='0.7705914184339647'", "rf_n_estimators='220'"]}
{"cpu_time": 3.5418829917907715, "total_cpu_time": null, "wallclock_time": 3.6264734268188477, "evaluations": 3, "cost": 0.48096973180421926, "incumbent": ["isomap_n_components='4'", "isomap_n_neighbors='5'", "rf_max_features='0.42825496760388254'", "rf_n_estimators='109'"]}
{"cpu_time": 25.19633412361145, "total_cpu_time": null, "wallclock_time": 26.03773283958435, "evaluations": 21, "cost": 0.4719728498887454, "incumbent": ["isomap_n_components='4'", "isomap_n_neighbors='6'", "rf_max_features='0.3908563055255074'", "rf_n_estimators='252'"]}
{"cpu_time": 65.22987532615662, "total_cpu_time": null, "wallclock_time": 67.6095871925354, "evaluations": 53, "cost": 0.41865103834641193, "incumbent": ["isomap_n_components='3'", "isomap_n_neighbors='5'", "rf_max_features='0.5567331459105945'", "rf_n_estimators='237'"]}
{"cpu_time": 87.63950753211975, "total_cpu_time": null, "wallclock_time": 90.8591058254242, "evaluations": 70, "cost": 0.36823728435462383, "incumbent": ["isomap_n_components='4'", "isomap_n_neighbors='5'", "rf_max_features='0.648372843232287'", "rf_n_estimators='236'"]}
