{"cpu_time": 0, "total_cpu_time": null, "wallclock_time": 0.00010538101196289062, "evaluations": 0, "cost": 2147483648, "incumbent": ["pca_whiten=''true''", "svm_C='1.0'", "svm_gamma='1.0'"]}
{"cpu_time": 0.8774356842041016, "total_cpu_time": null, "wallclock_time": 0.8948156833648682, "evaluations": 1, "cost": 0.8956703846125577, "incumbent": ["pca_whiten=''true''", "svm_C='1.0'", "svm_gamma='1.0'"]}
{"cpu_time": 15.681517124176025, "total_cpu_time": null, "wallclock_time": 16.21942925453186, "evaluations": 14, "cost": 0.8472122033861882, "incumbent": ["pca_whiten=''false''", "svm_C='35.6177788970462'", "svm_gamma='0.6139953250167454'"]}
{"cpu_time": 19.695451021194458, "total_cpu_time": null, "wallclock_time": 20.400893211364746, "evaluations": 18, "cost": 0.8125457703835419, "incumbent": ["pca_whiten=''true''", "svm_C='20.322738369026833'", "svm_gamma='0.41729649880836517'"]}
{"cpu_time": 25.622225046157837, "total_cpu_time": null, "wallclock_time": 26.569252967834473, "evaluations": 24, "cost": 0.7507783465590075, "incumbent": ["pca_whiten=''true''", "svm_C='20.283662209575553'", "svm_gamma='0.1824147757332178'"]}
{"cpu_time": 31.391632795333862, "total_cpu_time": null, "wallclock_time": 32.524983406066895, "evaluations": 29, "cost": 0.689092888623812, "incumbent": ["pca_whiten=''false''", "svm_C='62.50814177672008'", "svm_gamma='0.028977341676197955'"]}
{"cpu_time": 58.9758038520813, "total_cpu_time": null, "wallclock_time": 61.16246771812439, "evaluations": 55, "cost": 0.6875198253041686, "incumbent": ["pca_whiten=''true''", "svm_C='9.181604917402161'", "svm_gamma='0.02539769716886708'"]}
{"cpu_time": 64.28370714187622, "total_cpu_time": null, "wallclock_time": 66.78281950950623, "evaluations": 60, "cost": 0.6874636811459823, "incumbent": ["pca_whiten=''true''", "svm_C='44.11714972249406'", "svm_gamma='0.02361442500357793'"]}
{"cpu_time": 85.44175124168396, "total_cpu_time": null, "wallclock_time": 89.07558989524841, "evaluations": 80, "cost": 0.684003998104617, "incumbent": ["pca_whiten=''true''", "svm_C='5.933514100191601'", "svm_gamma='0.03539374146319198'"]}
{"cpu_time": 95.45933604240417, "total_cpu_time": null, "wallclock_time": 99.72126269340515, "evaluations": 90, "cost": 0.6835250600255393, "incumbent": ["pca_whiten=''true''", "svm_C='14.898444218874083'", "svm_gamma='0.02539769716886708'"]}
{"cpu_time": 163.1128327846527, "total_cpu_time": null, "wallclock_time": 170.3457314968109, "evaluations": 154, "cost": 0.6772563626960334, "incumbent": ["pca_whiten=''true''", "svm_C='19.1514985616249'", "svm_gamma='0.03539374146319198'"]}
