{"cpu_time": 0, "total_cpu_time": null, "wallclock_time": 0.0001430511474609375, "evaluations": 0, "cost": 2147483648, "incumbent": ["haralick_distance='1'", "isomap_n_components='2'", "isomap_n_neighbors='5'", "rf_max_features='0.5'", "rf_n_estimators='10'"]}
{"cpu_time": 223.48984289169312, "total_cpu_time": null, "wallclock_time": 223.55483770370483, "evaluations": 1, "cost": 1.4013202277578412, "incumbent": ["haralick_distance='1'", "isomap_n_components='2'", "isomap_n_neighbors='5'", "rf_max_features='0.5'", "rf_n_estimators='10'"]}
{"cpu_time": 448.9918022155762, "total_cpu_time": null, "wallclock_time": 449.2899172306061, "evaluations": 2, "cost": 0.621674066187203, "incumbent": ["haralick_distance='1'", "isomap_n_components='4'", "isomap_n_neighbors='7'", "rf_max_features='0.6625893300570016'", "rf_n_estimators='172'"]}
{"cpu_time": 1454.8752014636993, "total_cpu_time": null, "wallclock_time": 1456.6845035552979, "evaluations": 9, "cost": 0.43312168307470017, "incumbent": ["haralick_distance='1'", "isomap_n_components='4'", "isomap_n_neighbors='5'", "rf_max_features='0.7526640253456993'", "rf_n_estimators='139'"]}
{"cpu_time": 6982.348435163498, "total_cpu_time": null, "wallclock_time": 6993.231412649155, "evaluations": 76, "cost": 0.42982501769727205, "incumbent": ["haralick_distance='1'", "isomap_n_components='4'", "isomap_n_neighbors='5'", "rf_max_features='0.7954297185394945'", "rf_n_estimators='194'"]}
{"cpu_time": 11623.185836791992, "total_cpu_time": null, "wallclock_time": 11642.448640823364, "evaluations": 132, "cost": 0.42296191077754575, "incumbent": ["haralick_distance='1'", "isomap_n_components='4'", "isomap_n_neighbors='6'", "rf_max_features='0.4072826708457031'", "rf_n_estimators='268'"]}
{"cpu_time": 15302.847420454025, "total_cpu_time": null, "wallclock_time": 15328.629480838776, "evaluations": 176, "cost": 0.3702260997671209, "incumbent": ["haralick_distance='1'", "isomap_n_components='4'", "isomap_n_neighbors='5'", "rf_max_features='0.38456385090156564'", "rf_n_estimators='281'"]}
{"cpu_time": 18737.91050863266, "total_cpu_time": null, "wallclock_time": 18769.883944511414, "evaluations": 244, "cost": 0.3692850453788242, "incumbent": ["haralick_distance='1'", "isomap_n_components='4'", "isomap_n_neighbors='5'", "rf_max_features='0.3945030868875626'", "rf_n_estimators='218'"]}
{"cpu_time": 20696.96368288994, "total_cpu_time": null, "wallclock_time": 20732.42895436287, "evaluations": 292, "cost": 0.36586471739566967, "incumbent": ["haralick_distance='1'", "isomap_n_components='4'", "isomap_n_neighbors='5'", "rf_max_features='0.3969956483809455'", "rf_n_estimators='259'"]}
