{"cpu_time": 0, "total_cpu_time": null, "wallclock_time": 0.0001289844512939453, "evaluations": 0, "cost": 2147483648, "incumbent": ["isomap_n_components='2'", "isomap_n_neighbors='5'", "svm_C='1.0'", "svm_gamma='1.0'"]}
{"cpu_time": 7.437192916870117, "total_cpu_time": null, "wallclock_time": 7.600958824157715, "evaluations": 1, "cost": 0.5064224042262161, "incumbent": ["isomap_n_components='2'", "isomap_n_neighbors='5'", "svm_C='1.0'", "svm_gamma='1.0'"]}
{"cpu_time": 101.09861326217651, "total_cpu_time": null, "wallclock_time": 104.25489163398743, "evaluations": 16, "cost": 0.49305877262786774, "incumbent": ["isomap_n_components='2'", "isomap_n_neighbors='5'", "svm_C='39.401547414046505'", "svm_gamma='0.24657720949339437'"]}
{"cpu_time": 115.20577335357666, "total_cpu_time": null, "wallclock_time": 118.78627061843872, "evaluations": 18, "cost": 0.4727155411528283, "incumbent": ["isomap_n_components='4'", "isomap_n_neighbors='6'", "svm_C='48.278317436058934'", "svm_gamma='0.21562151406314117'"]}
{"cpu_time": 144.264634847641, "total_cpu_time": null, "wallclock_time": 149.07836198806763, "evaluations": 22, "cost": 0.42532441210473076, "incumbent": ["isomap_n_components='4'", "isomap_n_neighbors='7'", "svm_C='64.20945669208525'", "svm_gamma='0.06351478750563525'"]}
{"cpu_time": 194.29903984069824, "total_cpu_time": null, "wallclock_time": 200.65752577781677, "evaluations": 28, "cost": 0.42326972631796833, "incumbent": ["isomap_n_components='4'", "isomap_n_neighbors='7'", "svm_C='61.20084189572168'", "svm_gamma='0.08263501079517183'"]}
{"cpu_time": 255.27028131484985, "total_cpu_time": null, "wallclock_time": 263.957288980484, "evaluations": 36, "cost": 0.4204444436072277, "incumbent": ["isomap_n_components='4'", "isomap_n_neighbors='7'", "svm_C='98.31295970674165'", "svm_gamma='0.04655399471982125'"]}
{"cpu_time": 621.0601370334625, "total_cpu_time": null, "wallclock_time": 644.6547484397888, "evaluations": 96, "cost": 0.4198354422343124, "incumbent": ["isomap_n_components='4'", "isomap_n_neighbors='7'", "svm_C='65.1923070915945'", "svm_gamma='0.04655399471982125'"]}
{"cpu_time": 662.0011446475983, "total_cpu_time": null, "wallclock_time": 688.1368074417114, "evaluations": 107, "cost": 0.4190082222183486, "incumbent": ["isomap_n_components='4'", "isomap_n_neighbors='7'", "svm_C='63.960961597682356'", "svm_gamma='0.04655399471982125'"]}
