{"cpu_time": 0, "total_cpu_time": null, "wallclock_time": 0.00013971328735351562, "evaluations": 0, "cost": 2147483648, "incumbent": ["pca_whiten=''true''", "svm_C='1.0'", "svm_gamma='1.0'"]}
{"cpu_time": 108.18944430351257, "total_cpu_time": null, "wallclock_time": 108.4347927570343, "evaluations": 1, "cost": 0.8904107602755187, "incumbent": ["pca_whiten=''true''", "svm_C='1.0'", "svm_gamma='1.0'"]}
{"cpu_time": 136.89332365989685, "total_cpu_time": null, "wallclock_time": 138.4682400226593, "evaluations": 10, "cost": 0.8795481316487326, "incumbent": ["pca_whiten=''true''", "svm_C='28.47602111141865'", "svm_gamma='0.8905090834586253'"]}
{"cpu_time": 160.17546343803406, "total_cpu_time": null, "wallclock_time": 162.35871863365173, "evaluations": 16, "cost": 0.8038263236327584, "incumbent": ["pca_whiten=''true''", "svm_C='51.38199332742368'", "svm_gamma='0.37036041643305667'"]}
{"cpu_time": 193.532133102417, "total_cpu_time": null, "wallclock_time": 197.18439316749573, "evaluations": 29, "cost": 0.6954444157223997, "incumbent": ["pca_whiten=''false''", "svm_C='62.50814177672008'", "svm_gamma='0.028977341676197955'"]}
{"cpu_time": 251.21607065200806, "total_cpu_time": null, "wallclock_time": 257.6548056602478, "evaluations": 48, "cost": 0.6893322852311817, "incumbent": ["pca_whiten=''false''", "svm_C='13.933987740077814'", "svm_gamma='0.06830652006622887'"]}
{"cpu_time": 311.81492018699646, "total_cpu_time": null, "wallclock_time": 320.30309104919434, "evaluations": 64, "cost": 0.6678042754461592, "incumbent": ["pca_whiten=''false''", "svm_C='9.021845651999262'", "svm_gamma='0.05413658386935114'"]}
