{"cpu_time": 0, "total_cpu_time": null, "wallclock_time": 0.0001201629638671875, "evaluations": 0, "cost": 2147483648, "incumbent": ["isomap_n_components='2'", "isomap_n_neighbors='5'", "svm_C='1.0'", "svm_gamma='1.0'"]}
{"cpu_time": 0.7911961078643799, "total_cpu_time": null, "wallclock_time": 0.8067362308502197, "evaluations": 1, "cost": 0.9469083111352868, "incumbent": ["isomap_n_components='2'", "isomap_n_neighbors='5'", "svm_C='1.0'", "svm_gamma='1.0'"]}
{"cpu_time": 6.121283531188965, "total_cpu_time": null, "wallclock_time": 6.4405951499938965, "evaluations": 7, "cost": 0.9430774136641191, "incumbent": ["isomap_n_components='4'", "isomap_n_neighbors='3'", "svm_C='38.955212985979244'", "svm_gamma='2.443593951042488'"]}
{"cpu_time": 13.807093858718872, "total_cpu_time": null, "wallclock_time": 14.542052984237671, "evaluations": 16, "cost": 0.9288708262851455, "incumbent": ["isomap_n_components='4'", "isomap_n_neighbors='5'", "svm_C='81.90020817737843'", "svm_gamma='0.5680823106051248'"]}
{"cpu_time": 18.807772159576416, "total_cpu_time": null, "wallclock_time": 19.845583200454712, "evaluations": 20, "cost": 0.9111916273376454, "incumbent": ["isomap_n_components='4'", "isomap_n_neighbors='6'", "svm_C='26.819088268100526'", "svm_gamma='0.32561511385573827'"]}
{"cpu_time": 22.655755043029785, "total_cpu_time": null, "wallclock_time": 23.856996774673462, "evaluations": 24, "cost": 0.908085798025803, "incumbent": ["isomap_n_components='4'", "isomap_n_neighbors='7'", "svm_C='15.908434202115416'", "svm_gamma='0.22754957370512602'"]}
{"cpu_time": 35.07653617858887, "total_cpu_time": null, "wallclock_time": 37.04584741592407, "evaluations": 39, "cost": 0.9054303476009454, "incumbent": ["isomap_n_components='4'", "isomap_n_neighbors='7'", "svm_C='68.11897965286875'", "svm_gamma='0.08446137422210419'"]}
{"cpu_time": 55.53339862823486, "total_cpu_time": null, "wallclock_time": 58.88863730430603, "evaluations": 64, "cost": 0.9026226006822116, "incumbent": ["isomap_n_components='4'", "isomap_n_neighbors='7'", "svm_C='85.35186833524898'", "svm_gamma='0.08446137422210419'"]}
{"cpu_time": 70.85824489593506, "total_cpu_time": null, "wallclock_time": 75.35697484016418, "evaluations": 84, "cost": 0.9021538620024449, "incumbent": ["isomap_n_components='4'", "isomap_n_neighbors='7'", "svm_C='86.59012757811998'", "svm_gamma='0.08446137422210419'"]}
