{"cpu_time": 0, "total_cpu_time": null, "wallclock_time": 0.00010371208190917969, "evaluations": 0, "cost": 2147483648, "incumbent": ["haralick_distance='1'", "pca_whiten=''true''", "svm_C='1.0'", "svm_gamma='1.0'"]}
{"cpu_time": 48.18232583999634, "total_cpu_time": null, "wallclock_time": 48.203898668289185, "evaluations": 1, "cost": 0.9208441561813697, "incumbent": ["haralick_distance='1'", "pca_whiten=''true''", "svm_C='1.0'", "svm_gamma='1.0'"]}
{"cpu_time": 143.72986268997192, "total_cpu_time": null, "wallclock_time": 143.80743718147278, "evaluations": 3, "cost": 0.8061147950561431, "incumbent": ["haralick_distance='2'", "pca_whiten=''true''", "svm_C='39.719968193911264'", "svm_gamma='0.8615789437416754'"]}
{"cpu_time": 725.8062150478363, "total_cpu_time": null, "wallclock_time": 726.428147315979, "evaluations": 14, "cost": 0.7589382059242497, "incumbent": ["haralick_distance='3'", "pca_whiten=''true''", "svm_C='58.785879832448316'", "svm_gamma='0.5282072169655797'"]}
{"cpu_time": 2155.8029952049255, "total_cpu_time": null, "wallclock_time": 2158.1155467033386, "evaluations": 34, "cost": 0.750498460464463, "incumbent": ["haralick_distance='3'", "pca_whiten=''true''", "svm_C='66.02865744032756'", "svm_gamma='0.2723468054603481'"]}
{"cpu_time": 3066.7486238479614, "total_cpu_time": null, "wallclock_time": 3069.899448633194, "evaluations": 46, "cost": 0.748991895818247, "incumbent": ["haralick_distance='3'", "pca_whiten=''true''", "svm_C='52.377022973288945'", "svm_gamma='0.41796455551454303'"]}
{"cpu_time": 3215.3947892189026, "total_cpu_time": null, "wallclock_time": 3218.6444478034973, "evaluations": 48, "cost": 0.7476479590320931, "incumbent": ["haralick_distance='3'", "pca_whiten=''true''", "svm_C='13.831494446178'", "svm_gamma='0.3974684229558653'"]}
{"cpu_time": 4273.615630865097, "total_cpu_time": null, "wallclock_time": 4278.000025510788, "evaluations": 62, "cost": 0.7462759248524867, "incumbent": ["haralick_distance='3'", "pca_whiten=''true''", "svm_C='58.59371947238995'", "svm_gamma='0.3190549630647998'"]}
{"cpu_time": 5691.770857334137, "total_cpu_time": null, "wallclock_time": 5697.649108171463, "evaluations": 78, "cost": 0.742230294660971, "incumbent": ["haralick_distance='3'", "pca_whiten=''true''", "svm_C='8.747289800475395'", "svm_gamma='0.473316591798162'"]}
