{"cpu_time": 0, "total_cpu_time": null, "wallclock_time": 6.508827209472656e-05, "evaluations": 0, "cost": 2147483648, "incumbent": ["pca_whiten=''true''", "svm_C='0.1'", "svm_gamma='4.005'"]}
{"cpu_time": 0.3985600471496582, "total_cpu_time": null, "wallclock_time": 0.4266963005065918, "evaluations": 1, "cost": 1.0556839367196955, "incumbent": ["pca_whiten=''true''", "svm_C='0.1'", "svm_gamma='4.005'"]}
{"cpu_time": 0.8212099075317383, "total_cpu_time": null, "wallclock_time": 0.8865420818328857, "evaluations": 2, "cost": 1.045837483986441, "incumbent": ["pca_whiten=''true''", "svm_C='100.0'", "svm_gamma='6.0024999999999995'"]}
{"cpu_time": 1.1507339477539062, "total_cpu_time": null, "wallclock_time": 1.2326695919036865, "evaluations": 3, "cost": 1.0194914200146918, "incumbent": ["pca_whiten=''true''", "svm_C='25.075000000000003'", "svm_gamma='4.005'"]}
{"cpu_time": 1.4100172519683838, "total_cpu_time": null, "wallclock_time": 1.527273416519165, "evaluations": 4, "cost": 0.7129270384533838, "incumbent": ["pca_whiten=''true''", "svm_C='75.025'", "svm_gamma='0.01'"]}
{"cpu_time": 2.4396235942840576, "total_cpu_time": null, "wallclock_time": 2.637883186340332, "evaluations": 7, "cost": 0.7106661555638016, "incumbent": ["pca_whiten=''false''", "svm_C='50.050000000000004'", "svm_gamma='0.01'"]}
{"cpu_time": 3.8473100662231445, "total_cpu_time": null, "wallclock_time": 4.1545655727386475, "evaluations": 11, "cost": 0.7022054061381002, "incumbent": ["pca_whiten=''false''", "svm_C='25.075000000000003'", "svm_gamma='0.01'"]}
