{"cpu_time": 0, "total_cpu_time": null, "wallclock_time": 0.0001163482666015625, "evaluations": 0, "cost": 2147483648, "incumbent": ["isomap_n_components='2'", "isomap_n_neighbors='5'", "svm_C='0.1'", "svm_gamma='4.005'"]}
{"cpu_time": 1.08980131149292, "total_cpu_time": null, "wallclock_time": 1.1295230388641357, "evaluations": 1, "cost": 0.3220064986292054, "incumbent": ["isomap_n_components='2'", "isomap_n_neighbors='5'", "svm_C='0.1'", "svm_gamma='4.005'"]}
{"cpu_time": 2.1329095363616943, "total_cpu_time": null, "wallclock_time": 2.248650550842285, "evaluations": 2, "cost": 0.3143221320465201, "incumbent": ["isomap_n_components='2'", "isomap_n_neighbors='7'", "svm_C='25.075000000000003'", "svm_gamma='4.005'"]}
{"cpu_time": 6.3662590980529785, "total_cpu_time": null, "wallclock_time": 6.759500980377197, "evaluations": 6, "cost": 0.3014646143026376, "incumbent": ["isomap_n_components='4'", "isomap_n_neighbors='5'", "svm_C='100.0'", "svm_gamma='6.0024999999999995'"]}
{"cpu_time": 23.796723127365112, "total_cpu_time": null, "wallclock_time": 25.319665908813477, "evaluations": 24, "cost": 0.30025318968911124, "incumbent": ["isomap_n_components='4'", "isomap_n_neighbors='7'", "svm_C='100.0'", "svm_gamma='2.0075'"]}
{"cpu_time": 38.37945628166199, "total_cpu_time": null, "wallclock_time": 40.903379678726196, "evaluations": 38, "cost": 0.2997991336772325, "incumbent": ["isomap_n_components='3'", "isomap_n_neighbors='7'", "svm_C='100.0'", "svm_gamma='2.0075'"]}
{"cpu_time": 40.56287717819214, "total_cpu_time": null, "wallclock_time": 43.24334001541138, "evaluations": 40, "cost": 0.29942562765159436, "incumbent": ["isomap_n_components='4'", "isomap_n_neighbors='7'", "svm_C='75.025'", "svm_gamma='2.0075'"]}
{"cpu_time": 47.17657399177551, "total_cpu_time": null, "wallclock_time": 50.351982831954956, "evaluations": 47, "cost": 0.2991648270080452, "incumbent": ["isomap_n_components='2'", "isomap_n_neighbors='6'", "svm_C='100.0'", "svm_gamma='6.0024999999999995'"]}
{"cpu_time": 61.83883213996887, "total_cpu_time": null, "wallclock_time": 65.9254298210144, "evaluations": 61, "cost": 0.29751015450151447, "incumbent": ["isomap_n_components='4'", "isomap_n_neighbors='5'", "svm_C='75.025'", "svm_gamma='6.0024999999999995'"]}
