{"cpu_time": 0, "total_cpu_time": null, "wallclock_time": 0.0001270771026611328, "evaluations": 0, "cost": 2147483648, "incumbent": ["isomap_n_components='2'", "isomap_n_neighbors='5'", "rf_max_features='0.5'", "rf_n_estimators='10'"]}
{"cpu_time": 3.682659864425659, "total_cpu_time": null, "wallclock_time": 3.7694482803344727, "evaluations": 1, "cost": 1.0873531734793251, "incumbent": ["isomap_n_components='2'", "isomap_n_neighbors='5'", "rf_max_features='0.5'", "rf_n_estimators='10'"]}
{"cpu_time": 9.32867431640625, "total_cpu_time": null, "wallclock_time": 9.529394626617432, "evaluations": 2, "cost": 0.8918230445431988, "incumbent": ["isomap_n_components='2'", "isomap_n_neighbors='7'", "rf_max_features='0.7705914184339647'", "rf_n_estimators='220'"]}
{"cpu_time": 13.418731927871704, "total_cpu_time": null, "wallclock_time": 13.771244764328003, "evaluations": 3, "cost": 0.7879974473497487, "incumbent": ["isomap_n_components='4'", "isomap_n_neighbors='5'", "rf_max_features='0.42825496760388254'", "rf_n_estimators='109'"]}
{"cpu_time": 29.496129989624023, "total_cpu_time": null, "wallclock_time": 30.559242725372314, "evaluations": 7, "cost": 0.6708157238018121, "incumbent": ["isomap_n_components='4'", "isomap_n_neighbors='3'", "rf_max_features='0.49447053546536157'", "rf_n_estimators='97'"]}
{"cpu_time": 395.4022433757782, "total_cpu_time": null, "wallclock_time": 410.70445227622986, "evaluations": 87, "cost": 0.638968248368344, "incumbent": ["isomap_n_components='4'", "isomap_n_neighbors='7'", "rf_max_features='0.30765710428126947'", "rf_n_estimators='77'"]}
{"cpu_time": 451.014413356781, "total_cpu_time": null, "wallclock_time": 468.6072597503662, "evaluations": 105, "cost": 0.6369628053000641, "incumbent": ["isomap_n_components='4'", "isomap_n_neighbors='7'", "rf_max_features='0.3491203849116708'", "rf_n_estimators='253'"]}
{"cpu_time": 576.8813927173615, "total_cpu_time": null, "wallclock_time": 600.8147840499878, "evaluations": 143, "cost": 0.6341332401348233, "incumbent": ["isomap_n_components='4'", "isomap_n_neighbors='7'", "rf_max_features='0.34165828147568805'", "rf_n_estimators='256'"]}
