{"cpu_time": 0, "total_cpu_time": null, "wallclock_time": 9.369850158691406e-05, "evaluations": 0, "cost": 2147483648, "incumbent": ["pca_whiten=''true''", "svm_C='1.0'", "svm_gamma='1.0'"]}
{"cpu_time": 0.4574415683746338, "total_cpu_time": null, "wallclock_time": 0.4849855899810791, "evaluations": 1, "cost": 1.0120432435049462, "incumbent": ["pca_whiten=''true''", "svm_C='1.0'", "svm_gamma='1.0'"]}
{"cpu_time": 7.644785642623901, "total_cpu_time": null, "wallclock_time": 8.368206977844238, "evaluations": 18, "cost": 1.0112059942530607, "incumbent": ["pca_whiten=''false''", "svm_C='5.605664788369503'", "svm_gamma='0.3397526190294017'"]}
{"cpu_time": 10.526184320449829, "total_cpu_time": null, "wallclock_time": 11.53892207145691, "evaluations": 25, "cost": 1.0083208261621772, "incumbent": ["pca_whiten=''false''", "svm_C='4.25142726382412'", "svm_gamma='0.2989890694391073'"]}
{"cpu_time": 12.301719665527344, "total_cpu_time": null, "wallclock_time": 13.496488809585571, "evaluations": 29, "cost": 1.0048878966699724, "incumbent": ["pca_whiten=''false''", "svm_C='62.50814177672008'", "svm_gamma='0.028977341676197955'"]}
{"cpu_time": 12.792973041534424, "total_cpu_time": null, "wallclock_time": 14.044216871261597, "evaluations": 30, "cost": 1.0011724198202605, "incumbent": ["pca_whiten=''true''", "svm_C='38.99020005661537'", "svm_gamma='0.06817836760557552'"]}
{"cpu_time": 26.1531720161438, "total_cpu_time": null, "wallclock_time": 28.676687479019165, "evaluations": 60, "cost": 1.0005024587244171, "incumbent": ["pca_whiten=''true''", "svm_C='61.97264864187998'", "svm_gamma='0.022023010076117115'"]}
{"cpu_time": 30.597267627716064, "total_cpu_time": null, "wallclock_time": 33.54281139373779, "evaluations": 70, "cost": 1.000031946126219, "incumbent": ["pca_whiten=''true''", "svm_C='89.68323583395076'", "svm_gamma='0.029794877133232506'"]}
