{"cpu_time": 0, "total_cpu_time": null, "wallclock_time": 7.104873657226562e-05, "evaluations": 0, "cost": 2147483648, "incumbent": ["svm_C='0.1'", "svm_gamma='4.005'"]}
{"cpu_time": 3.2893950939178467, "total_cpu_time": null, "wallclock_time": 3.312464952468872, "evaluations": 1, "cost": 1.0198971091238442, "incumbent": ["svm_C='0.1'", "svm_gamma='4.005'"]}
{"cpu_time": 6.505061388015747, "total_cpu_time": null, "wallclock_time": 6.569437026977539, "evaluations": 2, "cost": 1.0099969715073887, "incumbent": ["svm_C='100.0'", "svm_gamma='2.0075'"]}
{"cpu_time": 9.602773904800415, "total_cpu_time": null, "wallclock_time": 9.682968378067017, "evaluations": 3, "cost": 1.003826891147252, "incumbent": ["svm_C='75.025'", "svm_gamma='4.005'"]}
{"cpu_time": 12.480113506317139, "total_cpu_time": null, "wallclock_time": 12.59487533569336, "evaluations": 4, "cost": 0.9245104935434038, "incumbent": ["svm_C='0.1'", "svm_gamma='0.01'"]}
{"cpu_time": 22.9733407497406, "total_cpu_time": null, "wallclock_time": 23.181356191635132, "evaluations": 7, "cost": 0.6682083713911279, "incumbent": ["svm_C='50.050000000000004'", "svm_gamma='0.01'"]}
{"cpu_time": 38.57413578033447, "total_cpu_time": null, "wallclock_time": 39.00461935997009, "evaluations": 12, "cost": 0.6666404126484317, "incumbent": ["svm_C='75.025'", "svm_gamma='0.01'"]}
{"cpu_time": 76.80864548683167, "total_cpu_time": null, "wallclock_time": 77.70144367218018, "evaluations": 24, "cost": 0.6644337239679926, "incumbent": ["svm_C='100.0'", "svm_gamma='0.01'"]}
