{"cpu_time": 0, "total_cpu_time": null, "wallclock_time": 0.0001494884490966797, "evaluations": 0, "cost": 2147483648, "incumbent": ["isomap_n_components='2'", "isomap_n_neighbors='5'", "svm_C='0.1'", "svm_gamma='4.005'"]}
{"cpu_time": 2.0063118934631348, "total_cpu_time": null, "wallclock_time": 2.0337953567504883, "evaluations": 1, "cost": 0.5288626014544908, "incumbent": ["isomap_n_components='2'", "isomap_n_neighbors='5'", "svm_C='0.1'", "svm_gamma='4.005'"]}
{"cpu_time": 3.710759401321411, "total_cpu_time": null, "wallclock_time": 3.80562686920166, "evaluations": 2, "cost": 0.5097826957995074, "incumbent": ["isomap_n_components='2'", "isomap_n_neighbors='7'", "svm_C='25.075000000000003'", "svm_gamma='4.005'"]}
{"cpu_time": 19.51221203804016, "total_cpu_time": null, "wallclock_time": 20.26835322380066, "evaluations": 10, "cost": 0.506270247141738, "incumbent": ["isomap_n_components='2'", "isomap_n_neighbors='3'", "svm_C='25.075000000000003'", "svm_gamma='8.0'"]}
{"cpu_time": 40.17848086357117, "total_cpu_time": null, "wallclock_time": 42.07507514953613, "evaluations": 21, "cost": 0.5016394351490882, "incumbent": ["isomap_n_components='4'", "isomap_n_neighbors='7'", "svm_C='25.075000000000003'", "svm_gamma='2.0075'"]}
{"cpu_time": 89.71045470237732, "total_cpu_time": null, "wallclock_time": 93.94183301925659, "evaluations": 47, "cost": 0.5013375121780462, "incumbent": ["isomap_n_components='3'", "isomap_n_neighbors='5'", "svm_C='25.075000000000003'", "svm_gamma='4.005'"]}
{"cpu_time": 183.5295431613922, "total_cpu_time": null, "wallclock_time": 192.42527770996094, "evaluations": 100, "cost": 0.49935746350795496, "incumbent": ["isomap_n_components='2'", "isomap_n_neighbors='3'", "svm_C='75.025'", "svm_gamma='8.0'"]}
