{"cpu_time": 0, "total_cpu_time": null, "wallclock_time": 0.00016427040100097656, "evaluations": 0, "cost": 2147483648, "incumbent": ["isomap_n_components='2'", "isomap_n_neighbors='5'", "rf_max_features='0.5'", "rf_n_estimators='10'"]}
{"cpu_time": 0.6401798725128174, "total_cpu_time": null, "wallclock_time": 0.7126553058624268, "evaluations": 1, "cost": 1.4113890812316747, "incumbent": ["isomap_n_components='2'", "isomap_n_neighbors='5'", "rf_max_features='0.5'", "rf_n_estimators='10'"]}
{"cpu_time": 2.4707398414611816, "total_cpu_time": null, "wallclock_time": 2.663130521774292, "evaluations": 2, "cost": 0.9380184349019655, "incumbent": ["isomap_n_components='2'", "isomap_n_neighbors='7'", "rf_max_features='0.7705914184339647'", "rf_n_estimators='220'"]}
{"cpu_time": 3.9133543968200684, "total_cpu_time": null, "wallclock_time": 4.15837550163269, "evaluations": 3, "cost": 0.4659910045192479, "incumbent": ["isomap_n_components='4'", "isomap_n_neighbors='5'", "rf_max_features='0.42825496760388254'", "rf_n_estimators='109'"]}
{"cpu_time": 15.537147521972656, "total_cpu_time": null, "wallclock_time": 16.571696281433105, "evaluations": 8, "cost": 0.4650292535740001, "incumbent": ["isomap_n_components='3'", "isomap_n_neighbors='7'", "rf_max_features='0.44181267406188407'", "rf_n_estimators='233'"]}
{"cpu_time": 25.326523065567017, "total_cpu_time": null, "wallclock_time": 27.43604302406311, "evaluations": 14, "cost": 0.44497543356207947, "incumbent": ["isomap_n_components='4'", "isomap_n_neighbors='7'", "rf_max_features='0.4891490699495064'", "rf_n_estimators='47'"]}
{"cpu_time": 42.733230113983154, "total_cpu_time": null, "wallclock_time": 46.586708307266235, "evaluations": 24, "cost": 0.4398865632725489, "incumbent": ["isomap_n_components='4'", "isomap_n_neighbors='6'", "rf_max_features='0.513619168614823'", "rf_n_estimators='31'"]}
{"cpu_time": 49.002065658569336, "total_cpu_time": null, "wallclock_time": 53.205108880996704, "evaluations": 27, "cost": 0.4369974550688709, "incumbent": ["isomap_n_components='4'", "isomap_n_neighbors='7'", "rf_max_features='0.32090334545660065'", "rf_n_estimators='79'"]}
{"cpu_time": 51.4915726184845, "total_cpu_time": null, "wallclock_time": 56.29209923744202, "evaluations": 30, "cost": 0.43421064525453507, "incumbent": ["isomap_n_components='4'", "isomap_n_neighbors='6'", "rf_max_features='0.46937353274380855'", "rf_n_estimators='35'"]}
{"cpu_time": 56.421953201293945, "total_cpu_time": null, "wallclock_time": 61.934823989868164, "evaluations": 34, "cost": 0.42996384592542897, "incumbent": ["isomap_n_components='4'", "isomap_n_neighbors='6'", "rf_max_features='0.46937353274380855'", "rf_n_estimators='46'"]}
{"cpu_time": 134.7335147857666, "total_cpu_time": null, "wallclock_time": 149.37480759620667, "evaluations": 88, "cost": 0.4056240275250997, "incumbent": ["isomap_n_components='4'", "isomap_n_neighbors='7'", "rf_max_features='0.40125161720435926'", "rf_n_estimators='26'"]}
{"cpu_time": 297.07599449157715, "total_cpu_time": null, "wallclock_time": 329.0770528316498, "evaluations": 184, "cost": 0.40359027571948175, "incumbent": ["isomap_n_components='4'", "isomap_n_neighbors='7'", "rf_max_features='0.3260702242699978'", "rf_n_estimators='26'"]}
{"cpu_time": 361.87039613723755, "total_cpu_time": null, "wallclock_time": 400.55879282951355, "evaluations": 220, "cost": 0.38419918745531006, "incumbent": ["isomap_n_components='4'", "isomap_n_neighbors='7'", "rf_max_features='0.3998598624732215'", "rf_n_estimators='10'"]}
