{"cpu_time": 0, "total_cpu_time": null, "wallclock_time": 0.00011682510375976562, "evaluations": 0, "cost": 2147483648, "incumbent": ["isomap_n_components='2'", "isomap_n_neighbors='5'", "rf_max_features='0.5'", "rf_n_estimators='10'"]}
{"cpu_time": 0.7411556243896484, "total_cpu_time": null, "wallclock_time": 0.7567522525787354, "evaluations": 1, "cost": 2.784907088393938, "incumbent": ["isomap_n_components='2'", "isomap_n_neighbors='5'", "rf_max_features='0.5'", "rf_n_estimators='10'"]}
{"cpu_time": 2.2672386169433594, "total_cpu_time": null, "wallclock_time": 2.3260602951049805, "evaluations": 2, "cost": 1.1023000574550827, "incumbent": ["isomap_n_components='2'", "isomap_n_neighbors='7'", "rf_max_features='0.7705914184339647'", "rf_n_estimators='220'"]}
{"cpu_time": 3.363417625427246, "total_cpu_time": null, "wallclock_time": 3.4383842945098877, "evaluations": 3, "cost": 0.5288786418472492, "incumbent": ["isomap_n_components='4'", "isomap_n_neighbors='5'", "rf_max_features='0.42825496760388254'", "rf_n_estimators='109'"]}
{"cpu_time": 14.155687808990479, "total_cpu_time": null, "wallclock_time": 14.576841115951538, "evaluations": 12, "cost": 0.5148101033053168, "incumbent": ["isomap_n_components='4'", "isomap_n_neighbors='7'", "rf_max_features='0.7454894174246258'", "rf_n_estimators='155'"]}
{"cpu_time": 20.542809009552002, "total_cpu_time": null, "wallclock_time": 21.201122522354126, "evaluations": 18, "cost": 0.43771781156640693, "incumbent": ["isomap_n_components='4'", "isomap_n_neighbors='6'", "rf_max_features='0.44665535885529994'", "rf_n_estimators='79'"]}
{"cpu_time": 66.43320345878601, "total_cpu_time": null, "wallclock_time": 68.72667956352234, "evaluations": 54, "cost": 0.38728957839315364, "incumbent": ["isomap_n_components='4'", "isomap_n_neighbors='7'", "rf_max_features='0.3118911170078169'", "rf_n_estimators='284'"]}
