{"cpu_time": 0, "total_cpu_time": null, "wallclock_time": 0.00012159347534179688, "evaluations": 0, "cost": 2147483648, "incumbent": ["pca_whiten=''true''", "rf_max_features='0.5'", "rf_n_estimators='10'"]}
{"cpu_time": 0.40250301361083984, "total_cpu_time": null, "wallclock_time": 0.42465901374816895, "evaluations": 1, "cost": 1.461412892960154, "incumbent": ["pca_whiten=''true''", "rf_max_features='0.5'", "rf_n_estimators='10'"]}
{"cpu_time": 1.8943874835968018, "total_cpu_time": null, "wallclock_time": 1.9613556861877441, "evaluations": 2, "cost": 0.5315468157977751, "incumbent": ["pca_whiten=''true''", "rf_max_features='0.6263875900678313'", "rf_n_estimators='178'"]}
{"cpu_time": 3.7225966453552246, "total_cpu_time": null, "wallclock_time": 3.8326797485351562, "evaluations": 3, "cost": 0.5064363517788864, "incumbent": ["pca_whiten=''false''", "rf_max_features='0.3021465708060675'", "rf_n_estimators='203'"]}
{"cpu_time": 33.28969144821167, "total_cpu_time": null, "wallclock_time": 34.47233295440674, "evaluations": 20, "cost": 0.49430365058823966, "incumbent": ["pca_whiten=''false''", "rf_max_features='0.48358390217624536'", "rf_n_estimators='215'"]}
{"cpu_time": 43.326775550842285, "total_cpu_time": null, "wallclock_time": 45.03255820274353, "evaluations": 27, "cost": 0.49269895229254396, "incumbent": ["pca_whiten=''false''", "rf_max_features='0.47462449136627766'", "rf_n_estimators='69'"]}
{"cpu_time": 52.205188274383545, "total_cpu_time": null, "wallclock_time": 54.55887961387634, "evaluations": 35, "cost": 0.4836400140402923, "incumbent": ["pca_whiten=''true''", "rf_max_features='0.33096646730267215'", "rf_n_estimators='111'"]}
{"cpu_time": 70.98350143432617, "total_cpu_time": null, "wallclock_time": 74.59661388397217, "evaluations": 52, "cost": 0.47323957727062266, "incumbent": ["pca_whiten=''false''", "rf_max_features='0.4797940253834796'", "rf_n_estimators='70'"]}
{"cpu_time": 151.7338423728943, "total_cpu_time": null, "wallclock_time": 159.49107003211975, "evaluations": 112, "cost": 0.46542949815393486, "incumbent": ["pca_whiten=''false''", "rf_max_features='0.35318656504037665'", "rf_n_estimators='29'"]}
