{"cpu_time": 0, "total_cpu_time": null, "wallclock_time": 6.747245788574219e-05, "evaluations": 0, "cost": 2147483648, "incumbent": ["pca_whiten=''true''", "svm_C='0.1'", "svm_gamma='4.005'"]}
{"cpu_time": 0.295604944229126, "total_cpu_time": null, "wallclock_time": 0.3110013008117676, "evaluations": 1, "cost": 1.0578738967957426, "incumbent": ["pca_whiten=''true''", "svm_C='0.1'", "svm_gamma='4.005'"]}
{"cpu_time": 0.719550609588623, "total_cpu_time": null, "wallclock_time": 0.7745680809020996, "evaluations": 2, "cost": 1.0373850643506701, "incumbent": ["pca_whiten=''true''", "svm_C='100.0'", "svm_gamma='6.0024999999999995'"]}
{"cpu_time": 1.148806095123291, "total_cpu_time": null, "wallclock_time": 1.2262060642242432, "evaluations": 3, "cost": 1.0214008991362127, "incumbent": ["pca_whiten=''true''", "svm_C='25.075000000000003'", "svm_gamma='4.005'"]}
{"cpu_time": 1.5120875835418701, "total_cpu_time": null, "wallclock_time": 1.6239187717437744, "evaluations": 4, "cost": 0.7087358670665793, "incumbent": ["pca_whiten=''true''", "svm_C='75.025'", "svm_gamma='0.01'"]}
{"cpu_time": 2.6129422187805176, "total_cpu_time": null, "wallclock_time": 2.813204050064087, "evaluations": 7, "cost": 0.7064575363385739, "incumbent": ["pca_whiten=''false''", "svm_C='50.050000000000004'", "svm_gamma='0.01'"]}
{"cpu_time": 6.24415135383606, "total_cpu_time": null, "wallclock_time": 6.788023948669434, "evaluations": 18, "cost": 0.7048576881779797, "incumbent": ["pca_whiten=''true''", "svm_C='25.075000000000003'", "svm_gamma='0.01'"]}
