{"cpu_time": 0, "total_cpu_time": null, "wallclock_time": 0.00015687942504882812, "evaluations": 0, "cost": 2147483648, "incumbent": ["haralick_distance='1'", "pca_whiten=''true''", "svm_C='1.0'", "svm_gamma='1.0'"]}
{"cpu_time": 167.3257234096527, "total_cpu_time": null, "wallclock_time": 167.3893597126007, "evaluations": 1, "cost": 0.921698399198874, "incumbent": ["haralick_distance='1'", "pca_whiten=''true''", "svm_C='1.0'", "svm_gamma='1.0'"]}
{"cpu_time": 481.4685709476471, "total_cpu_time": null, "wallclock_time": 481.78478956222534, "evaluations": 3, "cost": 0.7982899410332163, "incumbent": ["haralick_distance='2'", "pca_whiten=''true''", "svm_C='39.719968193911264'", "svm_gamma='0.8615789437416754'"]}
{"cpu_time": 1397.7414507865906, "total_cpu_time": null, "wallclock_time": 1398.9721159934998, "evaluations": 10, "cost": 0.7972009522121216, "incumbent": ["haralick_distance='2'", "pca_whiten=''true''", "svm_C='38.38799284690124'", "svm_gamma='0.7476696977530946'"]}
{"cpu_time": 1782.197411775589, "total_cpu_time": null, "wallclock_time": 1783.7083995342255, "evaluations": 14, "cost": 0.7695524628101721, "incumbent": ["haralick_distance='3'", "pca_whiten=''true''", "svm_C='37.694357510091514'", "svm_gamma='0.80733444931765'"]}
{"cpu_time": 2553.2992281913757, "total_cpu_time": null, "wallclock_time": 2555.4105985164642, "evaluations": 22, "cost": 0.7676827966016028, "incumbent": ["haralick_distance='3'", "pca_whiten=''false''", "svm_C='3.7726848011427814'", "svm_gamma='0.17117720769522413'"]}
{"cpu_time": 2741.6973793506622, "total_cpu_time": null, "wallclock_time": 2743.959837913513, "evaluations": 24, "cost": 0.759507443659686, "incumbent": ["haralick_distance='3'", "pca_whiten=''true''", "svm_C='50.49096285508495'", "svm_gamma='0.5800071343193531'"]}
{"cpu_time": 3119.3187294006348, "total_cpu_time": null, "wallclock_time": 3122.0580468177795, "evaluations": 28, "cost": 0.7510895515187505, "incumbent": ["haralick_distance='3'", "pca_whiten=''false''", "svm_C='77.14629769443356'", "svm_gamma='0.23884082917949123'"]}
{"cpu_time": 4205.372512817383, "total_cpu_time": null, "wallclock_time": 4209.120615005493, "evaluations": 40, "cost": 0.7494357399830004, "incumbent": ["haralick_distance='3'", "pca_whiten=''false''", "svm_C='83.26853351417672'", "svm_gamma='0.27426917051728245'"]}
{"cpu_time": 7209.366206169128, "total_cpu_time": null, "wallclock_time": 7216.053362131119, "evaluations": 74, "cost": 0.7479508089129756, "incumbent": ["haralick_distance='3'", "pca_whiten=''true''", "svm_C='87.77621567203983'", "svm_gamma='0.23884082917949123'"]}
{"cpu_time": 11119.608703374863, "total_cpu_time": null, "wallclock_time": 11130.183413267136, "evaluations": 116, "cost": 0.7455090784984333, "incumbent": ["haralick_distance='3'", "pca_whiten=''false''", "svm_C='44.292392785529586'", "svm_gamma='0.27051024724619493'"]}
