{"cpu_time": 0, "total_cpu_time": null, "wallclock_time": 0.00014591217041015625, "evaluations": 0, "cost": 2147483648, "incumbent": ["haralick_distance='1'", "pca_whiten=''true''", "rf_max_features='0.5'", "rf_n_estimators='10'"]}
{"cpu_time": 88.56599736213684, "total_cpu_time": null, "wallclock_time": 88.6293215751648, "evaluations": 1, "cost": 0.8244109222631448, "incumbent": ["haralick_distance='1'", "pca_whiten=''true''", "rf_max_features='0.5'", "rf_n_estimators='10'"]}
{"cpu_time": 178.813490152359, "total_cpu_time": null, "wallclock_time": 179.01120948791504, "evaluations": 2, "cost": 0.47732649089778695, "incumbent": ["haralick_distance='1'", "pca_whiten=''true''", "rf_max_features='0.5914675755540864'", "rf_n_estimators='259'"]}
{"cpu_time": 269.3919460773468, "total_cpu_time": null, "wallclock_time": 269.6373944282532, "evaluations": 3, "cost": 0.37190867925894283, "incumbent": ["haralick_distance='2'", "pca_whiten=''true''", "rf_max_features='0.49829813910866494'", "rf_n_estimators='39'"]}
{"cpu_time": 357.9796919822693, "total_cpu_time": null, "wallclock_time": 358.4662549495697, "evaluations": 4, "cost": 0.37175353121623395, "incumbent": ["haralick_distance='2'", "pca_whiten=''false''", "rf_max_features='0.7749277535405971'", "rf_n_estimators='140'"]}
{"cpu_time": 444.575217962265, "total_cpu_time": null, "wallclock_time": 445.110151052475, "evaluations": 5, "cost": 0.3695904135191119, "incumbent": ["haralick_distance='2'", "pca_whiten=''true''", "rf_max_features='0.36113899979178665'", "rf_n_estimators='248'"]}
{"cpu_time": 893.9851467609406, "total_cpu_time": null, "wallclock_time": 895.0451560020447, "evaluations": 10, "cost": 0.3644787953784432, "incumbent": ["haralick_distance='2'", "pca_whiten=''true''", "rf_max_features='0.4916315958303365'", "rf_n_estimators='35'"]}
