{"cpu_time": 0, "total_cpu_time": null, "wallclock_time": 0.00011968612670898438, "evaluations": 0, "cost": 2147483648, "incumbent": ["isomap_n_components='2'", "isomap_n_neighbors='5'", "svm_C='1.0'", "svm_gamma='1.0'"]}
{"cpu_time": 0.7410414218902588, "total_cpu_time": null, "wallclock_time": 0.7566795349121094, "evaluations": 1, "cost": 0.3745567489540354, "incumbent": ["isomap_n_components='2'", "isomap_n_neighbors='5'", "svm_C='1.0'", "svm_gamma='1.0'"]}
{"cpu_time": 1.5981688499450684, "total_cpu_time": null, "wallclock_time": 1.653724193572998, "evaluations": 2, "cost": 0.37123995667411797, "incumbent": ["isomap_n_components='2'", "isomap_n_neighbors='7'", "svm_C='94.12416540310615'", "svm_gamma='5.804177494310886'"]}
{"cpu_time": 2.3484768867492676, "total_cpu_time": null, "wallclock_time": 2.4208805561065674, "evaluations": 3, "cost": 0.361922248834196, "incumbent": ["isomap_n_components='4'", "isomap_n_neighbors='5'", "svm_C='25.725342527255737'", "svm_gamma='2.7907769724696707'"]}
{"cpu_time": 7.502805471420288, "total_cpu_time": null, "wallclock_time": 7.862825393676758, "evaluations": 10, "cost": 0.3567034457908045, "incumbent": ["isomap_n_components='2'", "isomap_n_neighbors='3'", "svm_C='5.204598881547159'", "svm_gamma='0.32439856657700533'"]}
{"cpu_time": 9.061521530151367, "total_cpu_time": null, "wallclock_time": 9.495763063430786, "evaluations": 12, "cost": 0.34839044312498774, "incumbent": ["isomap_n_components='4'", "isomap_n_neighbors='3'", "svm_C='14.281082604187544'", "svm_gamma='2.092069934230994'"]}
{"cpu_time": 15.865449666976929, "total_cpu_time": null, "wallclock_time": 16.708847284317017, "evaluations": 21, "cost": 0.3423615377744979, "incumbent": ["isomap_n_components='4'", "isomap_n_neighbors='6'", "svm_C='18.253089843996378'", "svm_gamma='6.675583330720798'"]}
{"cpu_time": 19.671846866607666, "total_cpu_time": null, "wallclock_time": 20.756009340286255, "evaluations": 26, "cost": 0.3290562077231402, "incumbent": ["isomap_n_components='4'", "isomap_n_neighbors='6'", "svm_C='18.253089843996378'", "svm_gamma='3.6842648057030267'"]}
{"cpu_time": 24.423343658447266, "total_cpu_time": null, "wallclock_time": 25.738460779190063, "evaluations": 32, "cost": 0.32765755796297497, "incumbent": ["isomap_n_components='4'", "isomap_n_neighbors='6'", "svm_C='13.3491973845365'", "svm_gamma='4.457422378803741'"]}
{"cpu_time": 26.019469261169434, "total_cpu_time": null, "wallclock_time": 27.41378879547119, "evaluations": 34, "cost": 0.32749006861275537, "incumbent": ["isomap_n_components='4'", "isomap_n_neighbors='6'", "svm_C='14.12169562176062'", "svm_gamma='3.4712071621234073'"]}
{"cpu_time": 30.681147575378418, "total_cpu_time": null, "wallclock_time": 32.32087278366089, "evaluations": 40, "cost": 0.3246272106975488, "incumbent": ["isomap_n_components='4'", "isomap_n_neighbors='6'", "svm_C='12.532867520743418'", "svm_gamma='3.515024280069668'"]}
{"cpu_time": 35.34680914878845, "total_cpu_time": null, "wallclock_time": 37.26092481613159, "evaluations": 46, "cost": 0.3173186302341104, "incumbent": ["isomap_n_components='4'", "isomap_n_neighbors='6'", "svm_C='6.541976750733945'", "svm_gamma='7.890329908888504'"]}
{"cpu_time": 58.29703187942505, "total_cpu_time": null, "wallclock_time": 61.510496616363525, "evaluations": 76, "cost": 0.3068340106330045, "incumbent": ["isomap_n_components='4'", "isomap_n_neighbors='6'", "svm_C='2.428174667333198'", "svm_gamma='7.73352562393427'"]}
{"cpu_time": 59.78999304771423, "total_cpu_time": null, "wallclock_time": 63.08661890029907, "evaluations": 78, "cost": 0.3048778670254227, "incumbent": ["isomap_n_components='4'", "isomap_n_neighbors='6'", "svm_C='1.522650442338767'", "svm_gamma='7.801832197990085'"]}
