{"cpu_time": 0, "total_cpu_time": null, "wallclock_time": 0.00013828277587890625, "evaluations": 0, "cost": 2147483648, "incumbent": ["haralick_distance='1'", "pca_whiten=''true''", "svm_C='1.0'", "svm_gamma='1.0'"]}
{"cpu_time": 45.76627445220947, "total_cpu_time": null, "wallclock_time": 45.783671379089355, "evaluations": 1, "cost": 0.920980506300503, "incumbent": ["haralick_distance='1'", "pca_whiten=''true''", "svm_C='1.0'", "svm_gamma='1.0'"]}
{"cpu_time": 138.3858335018158, "total_cpu_time": null, "wallclock_time": 138.46090698242188, "evaluations": 3, "cost": 0.8048166668324561, "incumbent": ["haralick_distance='2'", "pca_whiten=''true''", "svm_C='39.719968193911264'", "svm_gamma='0.8615789437416754'"]}
{"cpu_time": 427.6994535923004, "total_cpu_time": null, "wallclock_time": 428.01484513282776, "evaluations": 10, "cost": 0.7961417121996179, "incumbent": ["haralick_distance='2'", "pca_whiten=''true''", "svm_C='38.38799284690124'", "svm_gamma='0.7476696977530946'"]}
{"cpu_time": 674.8787047863007, "total_cpu_time": null, "wallclock_time": 675.4021830558777, "evaluations": 16, "cost": 0.7589052256795042, "incumbent": ["haralick_distance='3'", "pca_whiten=''false''", "svm_C='82.756952193613'", "svm_gamma='0.4007683015750616'"]}
{"cpu_time": 839.8736567497253, "total_cpu_time": null, "wallclock_time": 840.5418992042542, "evaluations": 20, "cost": 0.7471586135864059, "incumbent": ["haralick_distance='3'", "pca_whiten=''false''", "svm_C='74.66418169197331'", "svm_gamma='0.31116544912743777'"]}
