{"cpu_time": 0, "total_cpu_time": null, "wallclock_time": 0.0001163482666015625, "evaluations": 0, "cost": 2147483648, "incumbent": ["pca_whiten=''true''", "svm_C='1.0'", "svm_gamma='1.0'"]}
{"cpu_time": 0.6880471706390381, "total_cpu_time": null, "wallclock_time": 0.84578537940979, "evaluations": 1, "cost": 0.7316168996444037, "incumbent": ["pca_whiten=''true''", "svm_C='1.0'", "svm_gamma='1.0'"]}
{"cpu_time": 0.9357647895812988, "total_cpu_time": null, "wallclock_time": 1.2540080547332764, "evaluations": 2, "cost": 0.548254312187726, "incumbent": ["pca_whiten=''true''", "svm_C='65.31224049555269'", "svm_gamma='4.667651857354299'"]}
{"cpu_time": 1.7768101692199707, "total_cpu_time": null, "wallclock_time": 2.3004119396209717, "evaluations": 4, "cost": 0.5404198114363022, "incumbent": ["pca_whiten=''true''", "svm_C='1.2716634603503483'", "svm_gamma='5.837543753082359'"]}
{"cpu_time": 2.9558346271514893, "total_cpu_time": null, "wallclock_time": 3.8289096355438232, "evaluations": 8, "cost": 0.5377221715497397, "incumbent": ["pca_whiten=''false''", "svm_C='17.249249400610193'", "svm_gamma='5.504842089943571'"]}
{"cpu_time": 6.177669048309326, "total_cpu_time": null, "wallclock_time": 8.032554388046265, "evaluations": 17, "cost": 0.5258671338011652, "incumbent": ["pca_whiten=''false''", "svm_C='90.54227226407072'", "svm_gamma='3.6001724529254275'"]}
{"cpu_time": 6.9221673011779785, "total_cpu_time": null, "wallclock_time": 9.025604486465454, "evaluations": 19, "cost": 0.5257309283399975, "incumbent": ["pca_whiten=''false''", "svm_C='41.211025438337806'", "svm_gamma='6.735617243335283'"]}
{"cpu_time": 11.83720588684082, "total_cpu_time": null, "wallclock_time": 15.45457649230957, "evaluations": 29, "cost": 0.5152218993015382, "incumbent": ["pca_whiten=''false''", "svm_C='62.50814177672008'", "svm_gamma='0.028977341676197955'"]}
