{"cpu_time": 0, "total_cpu_time": null, "wallclock_time": 5.6743621826171875e-05, "evaluations": 0, "cost": 2147483648, "incumbent": ["pca_whiten=''true''"]}
{"cpu_time": 4.306330680847168, "total_cpu_time": null, "wallclock_time": 4.41504693031311, "evaluations": 1, "cost": 13.189454582821119, "incumbent": ["pca_whiten=''true''"]}
