{"cpu_time": 0, "total_cpu_time": null, "wallclock_time": 0.00012159347534179688, "evaluations": 0, "cost": 2147483648, "incumbent": ["isomap_n_components='2'", "isomap_n_neighbors='5'", "rf_max_features='0.5'", "rf_n_estimators='10'"]}
{"cpu_time": 6.228368759155273, "total_cpu_time": null, "wallclock_time": 6.339270353317261, "evaluations": 1, "cost": 2.615338670865235, "incumbent": ["isomap_n_components='2'", "isomap_n_neighbors='5'", "rf_max_features='0.5'", "rf_n_estimators='10'"]}
{"cpu_time": 15.652238845825195, "total_cpu_time": null, "wallclock_time": 16.006947994232178, "evaluations": 2, "cost": 0.9374625458632163, "incumbent": ["isomap_n_components='2'", "isomap_n_neighbors='7'", "rf_max_features='0.7705914184339647'", "rf_n_estimators='220'"]}
{"cpu_time": 21.683523178100586, "total_cpu_time": null, "wallclock_time": 22.102194786071777, "evaluations": 3, "cost": 0.5759333426394374, "incumbent": ["isomap_n_components='4'", "isomap_n_neighbors='5'", "rf_max_features='0.42825496760388254'", "rf_n_estimators='109'"]}
{"cpu_time": 152.85762214660645, "total_cpu_time": null, "wallclock_time": 156.49138236045837, "evaluations": 21, "cost": 0.5185678606630216, "incumbent": ["isomap_n_components='4'", "isomap_n_neighbors='6'", "rf_max_features='0.3908563055255074'", "rf_n_estimators='252'"]}
{"cpu_time": 282.7218761444092, "total_cpu_time": null, "wallclock_time": 289.73034381866455, "evaluations": 37, "cost": 0.4518352945037038, "incumbent": ["isomap_n_components='4'", "isomap_n_neighbors='7'", "rf_max_features='0.46859709749464196'", "rf_n_estimators='281'"]}
{"cpu_time": 712.0772049427032, "total_cpu_time": null, "wallclock_time": 731.0022840499878, "evaluations": 88, "cost": 0.4490754187824428, "incumbent": ["isomap_n_components='4'", "isomap_n_neighbors='7'", "rf_max_features='0.46859709749464196'", "rf_n_estimators='231'"]}
{"cpu_time": 779.9919719696045, "total_cpu_time": null, "wallclock_time": 800.7117290496826, "evaluations": 96, "cost": 0.4414047803943901, "incumbent": ["isomap_n_components='4'", "isomap_n_neighbors='7'", "rf_max_features='0.5593317742825903'", "rf_n_estimators='221'"]}
{"cpu_time": 959.921537399292, "total_cpu_time": null, "wallclock_time": 986.0622417926788, "evaluations": 118, "cost": 0.43665711488023096, "incumbent": ["isomap_n_components='4'", "isomap_n_neighbors='7'", "rf_max_features='0.6876707735289955'", "rf_n_estimators='239'"]}
