{"cpu_time": 0, "total_cpu_time": null, "wallclock_time": 0.0002002716064453125, "evaluations": 0, "cost": 2147483648, "incumbent": ["haralick_distance='1'", "pca_whiten=''true''", "rf_max_features='0.5'", "rf_n_estimators='10'"]}
{"cpu_time": 165.74203372001648, "total_cpu_time": null, "wallclock_time": 165.84128618240356, "evaluations": 1, "cost": 8.743970996271065, "incumbent": ["haralick_distance='1'", "pca_whiten=''true''", "rf_max_features='0.5'", "rf_n_estimators='10'"]}
{"cpu_time": 337.6811661720276, "total_cpu_time": null, "wallclock_time": 338.0251793861389, "evaluations": 2, "cost": 3.771360457860922, "incumbent": ["haralick_distance='1'", "pca_whiten=''true''", "rf_max_features='0.5914675755540864'", "rf_n_estimators='259'"]}
{"cpu_time": 486.58848571777344, "total_cpu_time": null, "wallclock_time": 486.99022483825684, "evaluations": 3, "cost": 1.786809620812891, "incumbent": ["haralick_distance='2'", "pca_whiten=''true''", "rf_max_features='0.49829813910866494'", "rf_n_estimators='39'"]}
{"cpu_time": 637.3951935768127, "total_cpu_time": null, "wallclock_time": 638.0581467151642, "evaluations": 4, "cost": 1.4277352801959244, "incumbent": ["haralick_distance='2'", "pca_whiten=''false''", "rf_max_features='0.7749277535405971'", "rf_n_estimators='140'"]}
{"cpu_time": 781.181360244751, "total_cpu_time": null, "wallclock_time": 781.8899736404419, "evaluations": 5, "cost": 1.181770009350359, "incumbent": ["haralick_distance='2'", "pca_whiten=''true''", "rf_max_features='0.36113899979178665'", "rf_n_estimators='248'"]}
{"cpu_time": 927.2472484111786, "total_cpu_time": null, "wallclock_time": 928.1644854545593, "evaluations": 6, "cost": 1.1055324338149466, "incumbent": ["haralick_distance='3'", "pca_whiten=''true''", "rf_max_features='0.5831730167358328'", "rf_n_estimators='256'"]}
{"cpu_time": 2843.362619161606, "total_cpu_time": null, "wallclock_time": 2846.1820998191833, "evaluations": 25, "cost": 1.0259721670739772, "incumbent": ["haralick_distance='3'", "pca_whiten=''true''", "rf_max_features='0.7238864987193799'", "rf_n_estimators='299'"]}
