{"cpu_time": 0, "total_cpu_time": null, "wallclock_time": 0.00014209747314453125, "evaluations": 0, "cost": 2147483648, "incumbent": ["isomap_n_components='2'", "isomap_n_neighbors='5'", "svm_C='1.0'", "svm_gamma='1.0'"]}
{"cpu_time": 0.550666093826294, "total_cpu_time": null, "wallclock_time": 0.7707653045654297, "evaluations": 1, "cost": 0.5437902114091848, "incumbent": ["isomap_n_components='2'", "isomap_n_neighbors='5'", "svm_C='1.0'", "svm_gamma='1.0'"]}
{"cpu_time": 1.5310678482055664, "total_cpu_time": null, "wallclock_time": 2.243333339691162, "evaluations": 4, "cost": 0.5235744907294757, "incumbent": ["isomap_n_components='3'", "isomap_n_neighbors='3'", "svm_C='47.63256038084591'", "svm_gamma='4.369503763577128'"]}
{"cpu_time": 16.04393482208252, "total_cpu_time": null, "wallclock_time": 23.139310359954834, "evaluations": 45, "cost": 0.5214422920323644, "incumbent": ["isomap_n_components='2'", "isomap_n_neighbors='3'", "svm_C='96.38307001624324'", "svm_gamma='7.955464268693513'"]}
{"cpu_time": 23.317745208740234, "total_cpu_time": null, "wallclock_time": 34.516974210739136, "evaluations": 65, "cost": 0.5191667110868162, "incumbent": ["isomap_n_components='2'", "isomap_n_neighbors='5'", "svm_C='66.50974963849603'", "svm_gamma='1.9921455215117727'"]}
{"cpu_time": 27.40386962890625, "total_cpu_time": null, "wallclock_time": 40.58478283882141, "evaluations": 74, "cost": 0.5135548326392201, "incumbent": ["isomap_n_components='3'", "isomap_n_neighbors='3'", "svm_C='62.54441751994435'", "svm_gamma='2.7596892201283816'"]}
{"cpu_time": 31.894978761672974, "total_cpu_time": null, "wallclock_time": 47.51894474029541, "evaluations": 86, "cost": 0.5101083314933443, "incumbent": ["isomap_n_components='2'", "isomap_n_neighbors='5'", "svm_C='95.05882669725743'", "svm_gamma='2.0302653013198224'"]}
{"cpu_time": 53.323745012283325, "total_cpu_time": null, "wallclock_time": 80.5803394317627, "evaluations": 144, "cost": 0.505486607899702, "incumbent": ["isomap_n_components='2'", "isomap_n_neighbors='3'", "svm_C='63.37326348127589'", "svm_gamma='2.9414283462231863'"]}
{"cpu_time": 61.97207427024841, "total_cpu_time": null, "wallclock_time": 95.00324082374573, "evaluations": 168, "cost": 0.4977181353230263, "incumbent": ["isomap_n_components='2'", "isomap_n_neighbors='3'", "svm_C='60.77459878232375'", "svm_gamma='2.236534965195986'"]}
{"cpu_time": 73.03331851959229, "total_cpu_time": null, "wallclock_time": 112.83081078529358, "evaluations": 197, "cost": 0.48530765137340204, "incumbent": ["isomap_n_components='2'", "isomap_n_neighbors='3'", "svm_C='91.20754157640984'", "svm_gamma='1.463970420908507'"]}
{"cpu_time": 80.32829976081848, "total_cpu_time": null, "wallclock_time": 124.39481139183044, "evaluations": 218, "cost": 0.4780347903145475, "incumbent": ["isomap_n_components='2'", "isomap_n_neighbors='3'", "svm_C='25.11589627375297'", "svm_gamma='1.5477366215119315'"]}
