{"cpu_time": 0, "total_cpu_time": null, "wallclock_time": 8.869171142578125e-05, "evaluations": 0, "cost": 2147483648, "incumbent": ["isomap_n_components='2'", "isomap_n_neighbors='5'", "svm_C='0.1'", "svm_gamma='4.005'"]}
{"cpu_time": 0.4631526470184326, "total_cpu_time": null, "wallclock_time": 0.47809314727783203, "evaluations": 1, "cost": 0.9883949936478881, "incumbent": ["isomap_n_components='2'", "isomap_n_neighbors='5'", "svm_C='0.1'", "svm_gamma='4.005'"]}
{"cpu_time": 1.9221713542938232, "total_cpu_time": null, "wallclock_time": 2.0358798503875732, "evaluations": 4, "cost": 0.9126237377105308, "incumbent": ["isomap_n_components='4'", "isomap_n_neighbors='6'", "svm_C='75.025'", "svm_gamma='0.01'"]}
{"cpu_time": 5.7713963985443115, "total_cpu_time": null, "wallclock_time": 6.15046501159668, "evaluations": 12, "cost": 0.9125867751519664, "incumbent": ["isomap_n_components='4'", "isomap_n_neighbors='7'", "svm_C='50.050000000000004'", "svm_gamma='0.01'"]}
{"cpu_time": 13.542635679244995, "total_cpu_time": null, "wallclock_time": 14.516136884689331, "evaluations": 28, "cost": 0.9110209383046644, "incumbent": ["isomap_n_components='4'", "isomap_n_neighbors='6'", "svm_C='100.0'", "svm_gamma='0.01'"]}
