{"cpu_time": 0, "total_cpu_time": null, "wallclock_time": 0.0029397010803222656, "evaluations": 0, "cost": 2147483648, "incumbent": ["pca_whiten=''true''", "rf_max_features='0.5'", "rf_n_estimators='10'"]}
{"cpu_time": 1.3237957954406738, "total_cpu_time": null, "wallclock_time": 1.354750156402588, "evaluations": 1, "cost": 1.2571262894205903, "incumbent": ["pca_whiten=''true''", "rf_max_features='0.5'", "rf_n_estimators='10'"]}
{"cpu_time": 4.14740514755249, "total_cpu_time": null, "wallclock_time": 4.24401593208313, "evaluations": 2, "cost": 0.6958579625049227, "incumbent": ["pca_whiten=''true''", "rf_max_features='0.6263875900678313'", "rf_n_estimators='178'"]}
