{"cpu_time": 0, "total_cpu_time": null, "wallclock_time": 0.0001285076141357422, "evaluations": 0, "cost": 2147483648, "incumbent": ["isomap_n_components='2'", "isomap_n_neighbors='5'", "svm_C='1.0'", "svm_gamma='1.0'"]}
{"cpu_time": 1.457378625869751, "total_cpu_time": null, "wallclock_time": 1.4936456680297852, "evaluations": 1, "cost": 0.37223148530721056, "incumbent": ["isomap_n_components='2'", "isomap_n_neighbors='5'", "svm_C='1.0'", "svm_gamma='1.0'"]}
{"cpu_time": 13.227165699005127, "total_cpu_time": null, "wallclock_time": 13.696001529693604, "evaluations": 9, "cost": 0.36500861892679204, "incumbent": ["isomap_n_components='3'", "isomap_n_neighbors='3'", "svm_C='18.112605923202754'", "svm_gamma='2.8833638525651795'"]}
{"cpu_time": 23.428691148757935, "total_cpu_time": null, "wallclock_time": 24.568180084228516, "evaluations": 16, "cost": 0.36172163801753626, "incumbent": ["isomap_n_components='2'", "isomap_n_neighbors='3'", "svm_C='19.537519270142493'", "svm_gamma='4.57131545160504'"]}
{"cpu_time": 39.66151022911072, "total_cpu_time": null, "wallclock_time": 41.55506896972656, "evaluations": 26, "cost": 0.35524459341629516, "incumbent": ["isomap_n_components='2'", "isomap_n_neighbors='3'", "svm_C='11.313523231292228'", "svm_gamma='3.5534350236240435'"]}
{"cpu_time": 48.47167611122131, "total_cpu_time": null, "wallclock_time": 50.787859201431274, "evaluations": 31, "cost": 0.3546208612667439, "incumbent": ["isomap_n_components='2'", "isomap_n_neighbors='3'", "svm_C='20.774756494290884'", "svm_gamma='3.1612007883263193'"]}
{"cpu_time": 61.706143856048584, "total_cpu_time": null, "wallclock_time": 64.71015930175781, "evaluations": 39, "cost": 0.34724139050195385, "incumbent": ["isomap_n_components='2'", "isomap_n_neighbors='3'", "svm_C='5.1016442264326605'", "svm_gamma='3.506835248181126'"]}
{"cpu_time": 72.9798583984375, "total_cpu_time": null, "wallclock_time": 76.84901523590088, "evaluations": 46, "cost": 0.3242706265113277, "incumbent": ["isomap_n_components='4'", "isomap_n_neighbors='7'", "svm_C='0.5537957251207926'", "svm_gamma='3.591958239818771'"]}
{"cpu_time": 80.41449689865112, "total_cpu_time": null, "wallclock_time": 84.64670729637146, "evaluations": 50, "cost": 0.3241942608759249, "incumbent": ["isomap_n_components='4'", "isomap_n_neighbors='7'", "svm_C='0.5537957251207926'", "svm_gamma='3.413006927559851'"]}
