{"cpu_time": 0, "total_cpu_time": null, "wallclock_time": 0.00019121170043945312, "evaluations": 0, "cost": 2147483648, "incumbent": ["isomap_n_components='2'", "isomap_n_neighbors='5'", "rf_max_features='0.5'", "rf_n_estimators='10'"]}
{"cpu_time": 2.9299814701080322, "total_cpu_time": null, "wallclock_time": 3.0242490768432617, "evaluations": 1, "cost": 1.7570629735634977, "incumbent": ["isomap_n_components='2'", "isomap_n_neighbors='5'", "rf_max_features='0.5'", "rf_n_estimators='10'"]}
{"cpu_time": 9.125012159347534, "total_cpu_time": null, "wallclock_time": 9.386140823364258, "evaluations": 2, "cost": 0.5639590905741155, "incumbent": ["isomap_n_components='2'", "isomap_n_neighbors='7'", "rf_max_features='0.7705914184339647'", "rf_n_estimators='220'"]}
{"cpu_time": 12.993275165557861, "total_cpu_time": null, "wallclock_time": 13.320276737213135, "evaluations": 3, "cost": 0.5584259002239434, "incumbent": ["isomap_n_components='4'", "isomap_n_neighbors='5'", "rf_max_features='0.42825496760388254'", "rf_n_estimators='109'"]}
{"cpu_time": 51.54313325881958, "total_cpu_time": null, "wallclock_time": 53.23567056655884, "evaluations": 12, "cost": 0.531106431351711, "incumbent": ["isomap_n_components='4'", "isomap_n_neighbors='6'", "rf_max_features='0.3830430643064061'", "rf_n_estimators='112'"]}
{"cpu_time": 72.4139461517334, "total_cpu_time": null, "wallclock_time": 74.97419333457947, "evaluations": 18, "cost": 0.4520092896027869, "incumbent": ["isomap_n_components='4'", "isomap_n_neighbors='6'", "rf_max_features='0.3456848893056231'", "rf_n_estimators='95'"]}
{"cpu_time": 146.17595791816711, "total_cpu_time": null, "wallclock_time": 151.23950672149658, "evaluations": 37, "cost": 0.4082661862054688, "incumbent": ["isomap_n_components='4'", "isomap_n_neighbors='7'", "rf_max_features='0.46859709749464196'", "rf_n_estimators='281'"]}
