{"cpu_time": 0, "total_cpu_time": null, "wallclock_time": 0.00010180473327636719, "evaluations": 0, "cost": 2147483648, "incumbent": ["isomap_n_components='2'", "isomap_n_neighbors='5'", "svm_C='0.1'", "svm_gamma='4.005'"]}
{"cpu_time": 0.769547700881958, "total_cpu_time": null, "wallclock_time": 0.7842819690704346, "evaluations": 1, "cost": 0.5251399022085224, "incumbent": ["isomap_n_components='2'", "isomap_n_neighbors='5'", "svm_C='0.1'", "svm_gamma='4.005'"]}
{"cpu_time": 1.564725637435913, "total_cpu_time": null, "wallclock_time": 1.620649814605713, "evaluations": 2, "cost": 0.5108735807783199, "incumbent": ["isomap_n_components='2'", "isomap_n_neighbors='7'", "svm_C='25.075000000000003'", "svm_gamma='4.005'"]}
{"cpu_time": 2.343676805496216, "total_cpu_time": null, "wallclock_time": 2.41504168510437, "evaluations": 3, "cost": 0.5093903434354125, "incumbent": ["isomap_n_components='2'", "isomap_n_neighbors='5'", "svm_C='50.050000000000004'", "svm_gamma='8.0'"]}
{"cpu_time": 4.728499174118042, "total_cpu_time": null, "wallclock_time": 4.925581693649292, "evaluations": 6, "cost": 0.5086256651383235, "incumbent": ["isomap_n_components='4'", "isomap_n_neighbors='5'", "svm_C='100.0'", "svm_gamma='6.0024999999999995'"]}
{"cpu_time": 15.617897272109985, "total_cpu_time": null, "wallclock_time": 16.326916217803955, "evaluations": 20, "cost": 0.4970422334517212, "incumbent": ["isomap_n_components='4'", "isomap_n_neighbors='7'", "svm_C='25.075000000000003'", "svm_gamma='2.0075'"]}
