{"cpu_time": 0, "total_cpu_time": null, "wallclock_time": 0.00039458274841308594, "evaluations": 0, "cost": 2147483648, "incumbent": ["isomap_n_components='2'", "isomap_n_neighbors='5'", "rf_max_features='0.5'", "rf_n_estimators='10'"]}
{"cpu_time": 2.450132131576538, "total_cpu_time": null, "wallclock_time": 2.49895977973938, "evaluations": 1, "cost": 4.528028369564079, "incumbent": ["isomap_n_components='2'", "isomap_n_neighbors='5'", "rf_max_features='0.5'", "rf_n_estimators='10'"]}
{"cpu_time": 8.243693113327026, "total_cpu_time": null, "wallclock_time": 8.467108011245728, "evaluations": 2, "cost": 1.4667117751651755, "incumbent": ["isomap_n_components='2'", "isomap_n_neighbors='7'", "rf_max_features='0.7705914184339647'", "rf_n_estimators='220'"]}
{"cpu_time": 11.77675485610962, "total_cpu_time": null, "wallclock_time": 12.057403802871704, "evaluations": 3, "cost": 0.9568186279497498, "incumbent": ["isomap_n_components='4'", "isomap_n_neighbors='5'", "rf_max_features='0.42825496760388254'", "rf_n_estimators='109'"]}
{"cpu_time": 85.89902186393738, "total_cpu_time": null, "wallclock_time": 89.19206929206848, "evaluations": 23, "cost": 0.9532721615467633, "incumbent": ["isomap_n_components='4'", "isomap_n_neighbors='7'", "rf_max_features='0.6343316352444657'", "rf_n_estimators='296'"]}
{"cpu_time": 132.58414340019226, "total_cpu_time": null, "wallclock_time": 138.12462902069092, "evaluations": 37, "cost": 0.9287684500365874, "incumbent": ["isomap_n_components='4'", "isomap_n_neighbors='7'", "rf_max_features='0.46859709749464196'", "rf_n_estimators='281'"]}
