{"cpu_time": 0, "total_cpu_time": null, "wallclock_time": 0.00033545494079589844, "evaluations": 0, "cost": 2147483648, "incumbent": ["pca_whiten=''true''"]}
{"cpu_time": 5.3561789989471436, "total_cpu_time": null, "wallclock_time": 5.470373630523682, "evaluations": 1, "cost": 5.73270024442532, "incumbent": ["pca_whiten=''true''"]}
