{"cpu_time": 0, "total_cpu_time": null, "wallclock_time": 0.00014066696166992188, "evaluations": 0, "cost": 2147483648, "incumbent": ["isomap_n_components='2'", "isomap_n_neighbors='5'", "svm_C='1.0'", "svm_gamma='1.0'"]}
{"cpu_time": 1.0560991764068604, "total_cpu_time": null, "wallclock_time": 1.076432466506958, "evaluations": 1, "cost": 1.0059523256893972, "incumbent": ["isomap_n_components='2'", "isomap_n_neighbors='5'", "svm_C='1.0'", "svm_gamma='1.0'"]}
{"cpu_time": 1.7845118045806885, "total_cpu_time": null, "wallclock_time": 1.8499746322631836, "evaluations": 2, "cost": 1.0041038607714767, "incumbent": ["isomap_n_components='2'", "isomap_n_neighbors='7'", "svm_C='94.12416540310615'", "svm_gamma='5.804177494310886'"]}
{"cpu_time": 9.710223197937012, "total_cpu_time": null, "wallclock_time": 10.377492666244507, "evaluations": 12, "cost": 1.001565120252139, "incumbent": ["isomap_n_components='2'", "isomap_n_neighbors='5'", "svm_C='74.6449780648484'", "svm_gamma='1.8016895694961184'"]}
{"cpu_time": 44.15860414505005, "total_cpu_time": null, "wallclock_time": 47.89108419418335, "evaluations": 56, "cost": 1.0013819368610324, "incumbent": ["isomap_n_components='2'", "isomap_n_neighbors='5'", "svm_C='79.67047418123771'", "svm_gamma='0.638891479091241'"]}
{"cpu_time": 53.479546546936035, "total_cpu_time": null, "wallclock_time": 58.050514936447144, "evaluations": 69, "cost": 0.9970772984206215, "incumbent": ["isomap_n_components='2'", "isomap_n_neighbors='5'", "svm_C='72.5470831021163'", "svm_gamma='0.7832675698637025'"]}
{"cpu_time": 80.76001739501953, "total_cpu_time": null, "wallclock_time": 87.51345300674438, "evaluations": 106, "cost": 0.9966710100160251, "incumbent": ["isomap_n_components='2'", "isomap_n_neighbors='5'", "svm_C='66.45516903475544'", "svm_gamma='0.9552216153527981'"]}
{"cpu_time": 87.40447568893433, "total_cpu_time": null, "wallclock_time": 94.64986038208008, "evaluations": 115, "cost": 0.994805726969567, "incumbent": ["isomap_n_components='2'", "isomap_n_neighbors='5'", "svm_C='74.29171628125563'", "svm_gamma='0.7819420423600083'"]}
