{"cpu_time": 0, "total_cpu_time": null, "wallclock_time": 6.985664367675781e-05, "evaluations": 0, "cost": 2147483648, "incumbent": ["pca_whiten=''true''", "rf_max_features='0.5'", "rf_n_estimators='81'"]}
{"cpu_time": 0.6453652381896973, "total_cpu_time": null, "wallclock_time": 0.6603107452392578, "evaluations": 1, "cost": 0.46420861728144086, "incumbent": ["pca_whiten=''true''", "rf_max_features='0.5'", "rf_n_estimators='81'"]}
{"cpu_time": 1.760453224182129, "total_cpu_time": null, "wallclock_time": 1.8045847415924072, "evaluations": 2, "cost": 0.4192278058973635, "incumbent": ["pca_whiten=''true''", "rf_max_features='0.3'", "rf_n_estimators='227'"]}
{"cpu_time": 3.1694605350494385, "total_cpu_time": null, "wallclock_time": 3.3095293045043945, "evaluations": 5, "cost": 0.417944699941248, "incumbent": ["pca_whiten=''true''", "rf_max_features='0.3'", "rf_n_estimators='81'"]}
{"cpu_time": 5.1392035484313965, "total_cpu_time": null, "wallclock_time": 5.3357603549957275, "evaluations": 7, "cost": 0.4092626408185002, "incumbent": ["pca_whiten=''true''", "rf_max_features='0.5'", "rf_n_estimators='300'"]}
{"cpu_time": 18.822651386260986, "total_cpu_time": null, "wallclock_time": 19.39862322807312, "evaluations": 21, "cost": 0.40919148876560446, "incumbent": ["pca_whiten=''true''", "rf_max_features='0.7'", "rf_n_estimators='300'"]}
{"cpu_time": 20.42960214614868, "total_cpu_time": null, "wallclock_time": 21.042402029037476, "evaluations": 22, "cost": 0.4076064568809558, "incumbent": ["pca_whiten=''false''", "rf_max_features='0.7'", "rf_n_estimators='300'"]}
