{"cpu_time": 0, "total_cpu_time": null, "wallclock_time": 8.106231689453125e-05, "evaluations": 0, "cost": 2147483648, "incumbent": ["pca_whiten=''true''"]}
{"cpu_time": 3.344653844833374, "total_cpu_time": null, "wallclock_time": 3.4192259311676025, "evaluations": 1, "cost": 9.432222604234509, "incumbent": ["pca_whiten=''true''"]}
