{"cpu_time": 0, "total_cpu_time": null, "wallclock_time": 0.0001552104949951172, "evaluations": 0, "cost": 2147483648, "incumbent": ["isomap_n_components='2'", "isomap_n_neighbors='5'", "rf_max_features='0.5'", "rf_n_estimators='10'"]}
{"cpu_time": 5.4347381591796875, "total_cpu_time": null, "wallclock_time": 5.497833967208862, "evaluations": 1, "cost": 1.7193391254134631, "incumbent": ["isomap_n_components='2'", "isomap_n_neighbors='5'", "rf_max_features='0.5'", "rf_n_estimators='10'"]}
{"cpu_time": 13.638136625289917, "total_cpu_time": null, "wallclock_time": 13.999711513519287, "evaluations": 2, "cost": 1.1504458131388546, "incumbent": ["isomap_n_components='2'", "isomap_n_neighbors='7'", "rf_max_features='0.7705914184339647'", "rf_n_estimators='220'"]}
{"cpu_time": 19.79709243774414, "total_cpu_time": null, "wallclock_time": 20.233277320861816, "evaluations": 3, "cost": 0.8724302493219661, "incumbent": ["isomap_n_components='4'", "isomap_n_neighbors='5'", "rf_max_features='0.42825496760388254'", "rf_n_estimators='109'"]}
{"cpu_time": 42.44448137283325, "total_cpu_time": null, "wallclock_time": 43.395936727523804, "evaluations": 7, "cost": 0.8340391938778309, "incumbent": ["isomap_n_components='4'", "isomap_n_neighbors='3'", "rf_max_features='0.49447053546536157'", "rf_n_estimators='97'"]}
{"cpu_time": 52.70595097541809, "total_cpu_time": null, "wallclock_time": 53.855448484420776, "evaluations": 9, "cost": 0.7476461747154173, "incumbent": ["isomap_n_components='3'", "isomap_n_neighbors='3'", "rf_max_features='0.39015318279881256'", "rf_n_estimators='113'"]}
{"cpu_time": 285.88254833221436, "total_cpu_time": null, "wallclock_time": 295.85929799079895, "evaluations": 46, "cost": 0.7198843440433764, "incumbent": ["isomap_n_components='4'", "isomap_n_neighbors='3'", "rf_max_features='0.752826056375169'", "rf_n_estimators='275'"]}
{"cpu_time": 347.74846506118774, "total_cpu_time": null, "wallclock_time": 360.09948205947876, "evaluations": 56, "cost": 0.7188178428465771, "incumbent": ["isomap_n_components='4'", "isomap_n_neighbors='3'", "rf_max_features='0.7628841623274821'", "rf_n_estimators='285'"]}
{"cpu_time": 509.54791140556335, "total_cpu_time": null, "wallclock_time": 526.5384955406189, "evaluations": 80, "cost": 0.7076446265471379, "incumbent": ["isomap_n_components='4'", "isomap_n_neighbors='3'", "rf_max_features='0.5976154085705445'", "rf_n_estimators='287'"]}
{"cpu_time": 599.6104345321655, "total_cpu_time": null, "wallclock_time": 620.044436454773, "evaluations": 94, "cost": 0.7000163792495825, "incumbent": ["isomap_n_components='4'", "isomap_n_neighbors='3'", "rf_max_features='0.34162988822476065'", "rf_n_estimators='283'"]}
{"cpu_time": 842.0572464466095, "total_cpu_time": null, "wallclock_time": 871.7756295204163, "evaluations": 138, "cost": 0.6912222497781547, "incumbent": ["isomap_n_components='4'", "isomap_n_neighbors='3'", "rf_max_features='0.48637566093888734'", "rf_n_estimators='167'"]}
