{"cpu_time": 0, "total_cpu_time": null, "wallclock_time": 0.00013208389282226562, "evaluations": 0, "cost": 2147483648, "incumbent": ["haralick_distance='1'", "isomap_n_components='2'", "isomap_n_neighbors='5'", "svm_C='1.0'", "svm_gamma='1.0'"]}
{"cpu_time": 57.37798810005188, "total_cpu_time": null, "wallclock_time": 57.41546082496643, "evaluations": 1, "cost": 0.83235560039713, "incumbent": ["haralick_distance='1'", "isomap_n_components='2'", "isomap_n_neighbors='5'", "svm_C='1.0'", "svm_gamma='1.0'"]}
{"cpu_time": 689.3467400074005, "total_cpu_time": null, "wallclock_time": 690.065446138382, "evaluations": 16, "cost": 0.8172987387664654, "incumbent": ["haralick_distance='1'", "isomap_n_components='2'", "isomap_n_neighbors='7'", "svm_C='37.262079225326886'", "svm_gamma='0.6225054093583803'"]}
{"cpu_time": 1518.6712019443512, "total_cpu_time": null, "wallclock_time": 1520.435620546341, "evaluations": 36, "cost": 0.7947545232160343, "incumbent": ["haralick_distance='3'", "isomap_n_components='3'", "isomap_n_neighbors='4'", "svm_C='19.15147299827923'", "svm_gamma='0.7404993762802541'"]}
{"cpu_time": 2926.926604747772, "total_cpu_time": null, "wallclock_time": 2930.526777982712, "evaluations": 70, "cost": 0.7721345514982237, "incumbent": ["haralick_distance='3'", "isomap_n_components='2'", "isomap_n_neighbors='4'", "svm_C='34.805855725285745'", "svm_gamma='0.6453543066741897'"]}
{"cpu_time": 3756.4630172252655, "total_cpu_time": null, "wallclock_time": 3761.178541660309, "evaluations": 90, "cost": 0.7704250364319422, "incumbent": ["haralick_distance='3'", "isomap_n_components='2'", "isomap_n_neighbors='4'", "svm_C='19.15147299827923'", "svm_gamma='0.7404993762802541'"]}
{"cpu_time": 3922.725103378296, "total_cpu_time": null, "wallclock_time": 3927.6751732826233, "evaluations": 94, "cost": 0.7592798949392402, "incumbent": ["haralick_distance='3'", "isomap_n_components='2'", "isomap_n_neighbors='6'", "svm_C='34.805855725285745'", "svm_gamma='0.6453543066741897'"]}
{"cpu_time": 4754.123385190964, "total_cpu_time": null, "wallclock_time": 4760.330942153931, "evaluations": 114, "cost": 0.7583002948204608, "incumbent": ["haralick_distance='3'", "isomap_n_components='2'", "isomap_n_neighbors='5'", "svm_C='12.766722196615918'", "svm_gamma='0.4283323747680212'"]}
{"cpu_time": 6086.900181770325, "total_cpu_time": null, "wallclock_time": 6094.90229678154, "evaluations": 148, "cost": 0.7581160683872858, "incumbent": ["haralick_distance='3'", "isomap_n_components='2'", "isomap_n_neighbors='5'", "svm_C='13.702370280202535'", "svm_gamma='0.4541570855685032'"]}
{"cpu_time": 7166.9247007369995, "total_cpu_time": null, "wallclock_time": 7176.417068481445, "evaluations": 176, "cost": 0.7579102014604624, "incumbent": ["haralick_distance='3'", "isomap_n_components='2'", "isomap_n_neighbors='5'", "svm_C='8.877079801244104'", "svm_gamma='0.45288145452403517'"]}
{"cpu_time": 7706.7022359371185, "total_cpu_time": null, "wallclock_time": 7716.928960561752, "evaluations": 190, "cost": 0.7572156677153071, "incumbent": ["haralick_distance='3'", "isomap_n_components='2'", "isomap_n_neighbors='6'", "svm_C='40.8826686186494'", "svm_gamma='0.4541570855685032'"]}
