{"cpu_time": 0, "total_cpu_time": null, "wallclock_time": 2.6702880859375e-05, "evaluations": 0, "cost": 2147483648, "incumbent": []}
{"cpu_time": 0.2103893756866455, "total_cpu_time": null, "wallclock_time": 0.2249603271484375, "evaluations": 1, "cost": 17.74909342516243, "incumbent": []}
