{"cpu_time": 0, "total_cpu_time": null, "wallclock_time": 0.00012230873107910156, "evaluations": 0, "cost": 2147483648, "incumbent": ["pca_whiten=''true''", "svm_C='1.0'", "svm_gamma='1.0'"]}
{"cpu_time": 1.7838664054870605, "total_cpu_time": null, "wallclock_time": 1.8229763507843018, "evaluations": 1, "cost": 0.31975717383494495, "incumbent": ["pca_whiten=''true''", "svm_C='1.0'", "svm_gamma='1.0'"]}
{"cpu_time": 3.5832934379577637, "total_cpu_time": null, "wallclock_time": 3.7252888679504395, "evaluations": 2, "cost": 0.31144691532641794, "incumbent": ["pca_whiten=''true''", "svm_C='65.31224049555269'", "svm_gamma='4.667651857354299'"]}
{"cpu_time": 10.3086097240448, "total_cpu_time": null, "wallclock_time": 10.749484062194824, "evaluations": 5, "cost": 0.3108216004559819, "incumbent": ["pca_whiten=''true''", "svm_C='78.990011851405'", "svm_gamma='6.602930247746782'"]}
{"cpu_time": 16.53342342376709, "total_cpu_time": null, "wallclock_time": 17.33258581161499, "evaluations": 8, "cost": 0.3091424291492092, "incumbent": ["pca_whiten=''false''", "svm_C='63.1847491966964'", "svm_gamma='7.996306367183351'"]}
{"cpu_time": 22.09442377090454, "total_cpu_time": null, "wallclock_time": 23.179603338241577, "evaluations": 11, "cost": 0.3089392619000983, "incumbent": ["pca_whiten=''true''", "svm_C='97.96743164433231'", "svm_gamma='7.845924299570545'"]}
{"cpu_time": 25.062639713287354, "total_cpu_time": null, "wallclock_time": 26.38370656967163, "evaluations": 12, "cost": 0.30888138789857095, "incumbent": ["pca_whiten=''false''", "svm_C='79.84773258070021'", "svm_gamma='7.329925923890326'"]}
{"cpu_time": 29.860568284988403, "total_cpu_time": null, "wallclock_time": 31.453754425048828, "evaluations": 14, "cost": 0.3065114747939302, "incumbent": ["pca_whiten=''false''", "svm_C='59.71132682656682'", "svm_gamma='7.998928492880835'"]}
