{"cpu_time": 0, "total_cpu_time": null, "wallclock_time": 0.0001399517059326172, "evaluations": 0, "cost": 2147483648, "incumbent": ["isomap_n_components='2'", "isomap_n_neighbors='5'", "svm_C='1.0'", "svm_gamma='1.0'"]}
{"cpu_time": 0.6609382629394531, "total_cpu_time": null, "wallclock_time": 0.6780707836151123, "evaluations": 1, "cost": 1.0059523256893972, "incumbent": ["isomap_n_components='2'", "isomap_n_neighbors='5'", "svm_C='1.0'", "svm_gamma='1.0'"]}
{"cpu_time": 1.2752251625061035, "total_cpu_time": null, "wallclock_time": 1.3351564407348633, "evaluations": 2, "cost": 0.9950938953133472, "incumbent": ["isomap_n_components='2'", "isomap_n_neighbors='7'", "svm_C='94.12416540310615'", "svm_gamma='5.804177494310886'"]}
{"cpu_time": 40.531811475753784, "total_cpu_time": null, "wallclock_time": 43.99454092979431, "evaluations": 70, "cost": 0.9932611244463038, "incumbent": ["isomap_n_components='2'", "isomap_n_neighbors='5'", "svm_C='82.22628693660427'", "svm_gamma='0.7066574291706226'"]}
