{"cpu_time": 0, "total_cpu_time": null, "wallclock_time": 0.0001499652862548828, "evaluations": 0, "cost": 2147483648, "incumbent": ["isomap_n_components='2'", "isomap_n_neighbors='5'", "svm_C='1.0'", "svm_gamma='1.0'"]}
{"cpu_time": 1.4807939529418945, "total_cpu_time": null, "wallclock_time": 1.4974725246429443, "evaluations": 1, "cost": 0.5284048825600705, "incumbent": ["isomap_n_components='2'", "isomap_n_neighbors='5'", "svm_C='1.0'", "svm_gamma='1.0'"]}
{"cpu_time": 3.383270740509033, "total_cpu_time": null, "wallclock_time": 3.481954574584961, "evaluations": 3, "cost": 0.5067060551617398, "incumbent": ["isomap_n_components='4'", "isomap_n_neighbors='5'", "svm_C='25.725342527255737'", "svm_gamma='2.7907769724696707'"]}
{"cpu_time": 8.808974266052246, "total_cpu_time": null, "wallclock_time": 9.148407459259033, "evaluations": 8, "cost": 0.5061496544714134, "incumbent": ["isomap_n_components='3'", "isomap_n_neighbors='7'", "svm_C='28.434172277564443'", "svm_gamma='6.16372404970847'"]}
{"cpu_time": 12.7681143283844, "total_cpu_time": null, "wallclock_time": 13.273455142974854, "evaluations": 12, "cost": 0.5036823324257994, "incumbent": ["isomap_n_components='3'", "isomap_n_neighbors='5'", "svm_C='33.90916572794319'", "svm_gamma='6.851272266890089'"]}
{"cpu_time": 21.47239327430725, "total_cpu_time": null, "wallclock_time": 22.42190432548523, "evaluations": 20, "cost": 0.5030220485501208, "incumbent": ["isomap_n_components='3'", "isomap_n_neighbors='7'", "svm_C='8.047428876335925'", "svm_gamma='7.31872756146795'"]}
{"cpu_time": 29.933252096176147, "total_cpu_time": null, "wallclock_time": 31.191890239715576, "evaluations": 27, "cost": 0.5023260143173996, "incumbent": ["isomap_n_components='4'", "isomap_n_neighbors='7'", "svm_C='4.276488422228812'", "svm_gamma='1.9701559174126142'"]}
{"cpu_time": 56.875956296920776, "total_cpu_time": null, "wallclock_time": 59.60876226425171, "evaluations": 50, "cost": 0.49887911859531214, "incumbent": ["isomap_n_components='4'", "isomap_n_neighbors='7'", "svm_C='11.051077954997675'", "svm_gamma='0.8181985428973115'"]}
{"cpu_time": 86.93576097488403, "total_cpu_time": null, "wallclock_time": 91.1044933795929, "evaluations": 76, "cost": 0.49776978847696135, "incumbent": ["isomap_n_components='4'", "isomap_n_neighbors='7'", "svm_C='34.57694839791097'", "svm_gamma='1.6323123615703645'"]}
{"cpu_time": 97.53414297103882, "total_cpu_time": null, "wallclock_time": 102.26618504524231, "evaluations": 86, "cost": 0.49676427572187903, "incumbent": ["isomap_n_components='4'", "isomap_n_neighbors='7'", "svm_C='34.754627128088366'", "svm_gamma='1.5146079251491897'"]}
