{"cpu_time": 0, "total_cpu_time": null, "wallclock_time": 0.00013065338134765625, "evaluations": 0, "cost": 2147483648, "incumbent": ["pca_whiten=''true''", "rf_max_features='0.5'", "rf_n_estimators='10'"]}
{"cpu_time": 7.764848709106445, "total_cpu_time": null, "wallclock_time": 7.877373456954956, "evaluations": 1, "cost": 1.0831693022361029, "incumbent": ["pca_whiten=''true''", "rf_max_features='0.5'", "rf_n_estimators='10'"]}
{"cpu_time": 22.153804779052734, "total_cpu_time": null, "wallclock_time": 22.42081379890442, "evaluations": 2, "cost": 0.5955053233962859, "incumbent": ["pca_whiten=''true''", "rf_max_features='0.6263875900678313'", "rf_n_estimators='178'"]}
{"cpu_time": 35.25659108161926, "total_cpu_time": null, "wallclock_time": 35.64956092834473, "evaluations": 3, "cost": 0.5924963175433587, "incumbent": ["pca_whiten=''false''", "rf_max_features='0.3021465708060675'", "rf_n_estimators='203'"]}
{"cpu_time": 50.70541787147522, "total_cpu_time": null, "wallclock_time": 51.3455650806427, "evaluations": 4, "cost": 0.5912216096261368, "incumbent": ["pca_whiten=''true''", "rf_max_features='0.30586418148323496'", "rf_n_estimators='221'"]}
{"cpu_time": 101.77067995071411, "total_cpu_time": null, "wallclock_time": 102.86949944496155, "evaluations": 8, "cost": 0.5899288932167683, "incumbent": ["pca_whiten=''false''", "rf_max_features='0.5825957699430724'", "rf_n_estimators='204'"]}
{"cpu_time": 177.28514742851257, "total_cpu_time": null, "wallclock_time": 179.79417991638184, "evaluations": 18, "cost": 0.5872264141686404, "incumbent": ["pca_whiten=''true''", "rf_max_features='0.3261259633020376'", "rf_n_estimators='91'"]}
{"cpu_time": 196.24796175956726, "total_cpu_time": null, "wallclock_time": 199.085510969162, "evaluations": 20, "cost": 0.5338997709151361, "incumbent": ["pca_whiten=''true''", "rf_max_features='0.3584373895947893'", "rf_n_estimators='176'"]}
{"cpu_time": 353.7583050727844, "total_cpu_time": null, "wallclock_time": 359.9857120513916, "evaluations": 43, "cost": 0.5328249840994986, "incumbent": ["pca_whiten=''true''", "rf_max_features='0.33816921928226995'", "rf_n_estimators='276'"]}
