{"cpu_time": 0, "total_cpu_time": null, "wallclock_time": 7.414817810058594e-05, "evaluations": 0, "cost": 2147483648, "incumbent": ["isomap_n_components='2'", "isomap_n_neighbors='5'"]}
{"cpu_time": 0.42133331298828125, "total_cpu_time": null, "wallclock_time": 0.438154935836792, "evaluations": 1, "cost": 3.3307411485448646, "incumbent": ["isomap_n_components='2'", "isomap_n_neighbors='5'"]}
{"cpu_time": 1.2789335250854492, "total_cpu_time": null, "wallclock_time": 1.3473625183105469, "evaluations": 3, "cost": 2.846269708756521, "incumbent": ["isomap_n_components='4'", "isomap_n_neighbors='7'"]}
{"cpu_time": 1.727797031402588, "total_cpu_time": null, "wallclock_time": 1.8452117443084717, "evaluations": 4, "cost": 2.156570784057837, "incumbent": ["isomap_n_components='3'", "isomap_n_neighbors='5'"]}
