{"cpu_time": 0, "total_cpu_time": null, "wallclock_time": 0.00012874603271484375, "evaluations": 0, "cost": 2147483648, "incumbent": ["haralick_distance='1'", "pca_whiten=''true''", "svm_C='1.0'", "svm_gamma='1.0'"]}
{"cpu_time": 87.3875560760498, "total_cpu_time": null, "wallclock_time": 87.46691870689392, "evaluations": 1, "cost": 0.20476260083249134, "incumbent": ["haralick_distance='1'", "pca_whiten=''true''", "svm_C='1.0'", "svm_gamma='1.0'"]}
{"cpu_time": 1602.4489388465881, "total_cpu_time": null, "wallclock_time": 1604.8489835262299, "evaluations": 21, "cost": 0.2004179457630196, "incumbent": ["haralick_distance='1'", "pca_whiten=''false''", "svm_C='62.50814177672008'", "svm_gamma='0.028977341676197955'"]}
{"cpu_time": 2529.81716632843, "total_cpu_time": null, "wallclock_time": 2533.782863855362, "evaluations": 36, "cost": 0.19739355804579128, "incumbent": ["haralick_distance='1'", "pca_whiten=''true''", "svm_C='81.35555266097622'", "svm_gamma='0.05047517958469626'"]}
{"cpu_time": 3027.65345287323, "total_cpu_time": null, "wallclock_time": 3032.3090858459473, "evaluations": 44, "cost": 0.19643167947493667, "incumbent": ["haralick_distance='1'", "pca_whiten=''false''", "svm_C='41.23117561900815'", "svm_gamma='0.04531882090214882'"]}
{"cpu_time": 3398.364814043045, "total_cpu_time": null, "wallclock_time": 3403.5882523059845, "evaluations": 50, "cost": 0.19378485091288822, "incumbent": ["haralick_distance='1'", "pca_whiten=''true''", "svm_C='89.88317127064077'", "svm_gamma='0.04963319659471629'"]}
{"cpu_time": 4872.034534692764, "total_cpu_time": null, "wallclock_time": 4879.480998754501, "evaluations": 74, "cost": 0.1933107144870588, "incumbent": ["haralick_distance='1'", "pca_whiten=''false''", "svm_C='54.94858069240726'", "svm_gamma='0.04963319659471629'"]}
{"cpu_time": 6633.83574795723, "total_cpu_time": null, "wallclock_time": 6644.173664093018, "evaluations": 103, "cost": 0.19053441199464305, "incumbent": ["haralick_distance='1'", "pca_whiten=''false''", "svm_C='45.994320053372014'", "svm_gamma='0.04963319659471629'"]}
{"cpu_time": 7813.55544757843, "total_cpu_time": null, "wallclock_time": 7826.150840520859, "evaluations": 122, "cost": 0.19041741306910312, "incumbent": ["haralick_distance='1'", "pca_whiten=''false''", "svm_C='39.643850453276784'", "svm_gamma='0.057685565961896876'"]}
{"cpu_time": 8188.8725390434265, "total_cpu_time": null, "wallclock_time": 8202.171275138855, "evaluations": 128, "cost": 0.1901161093817403, "incumbent": ["haralick_distance='1'", "pca_whiten=''false''", "svm_C='30.661680773776517'", "svm_gamma='0.06813656168076855'"]}
