{"cpu_time": 0, "total_cpu_time": null, "wallclock_time": 2.956390380859375e-05, "evaluations": 0, "cost": 2147483648, "incumbent": []}
{"cpu_time": 0.20906329154968262, "total_cpu_time": null, "wallclock_time": 0.22929716110229492, "evaluations": 1, "cost": 17.74909342516243, "incumbent": []}
