{"cpu_time": 0, "total_cpu_time": null, "wallclock_time": 0.00010204315185546875, "evaluations": 0, "cost": 2147483648, "incumbent": ["pca_whiten=''true''", "rf_max_features='0.5'", "rf_n_estimators='10'"]}
{"cpu_time": 0.9529953002929688, "total_cpu_time": null, "wallclock_time": 0.9830312728881836, "evaluations": 1, "cost": 1.4392068571762018, "incumbent": ["pca_whiten=''true''", "rf_max_features='0.5'", "rf_n_estimators='10'"]}
{"cpu_time": 2.7377021312713623, "total_cpu_time": null, "wallclock_time": 2.7998921871185303, "evaluations": 2, "cost": 0.5428705895520354, "incumbent": ["pca_whiten=''true''", "rf_max_features='0.6263875900678313'", "rf_n_estimators='178'"]}
{"cpu_time": 4.289972305297852, "total_cpu_time": null, "wallclock_time": 4.368104457855225, "evaluations": 3, "cost": 0.5377917910632454, "incumbent": ["pca_whiten=''false''", "rf_max_features='0.3021465708060675'", "rf_n_estimators='203'"]}
{"cpu_time": 8.266180753707886, "total_cpu_time": null, "wallclock_time": 8.3979971408844, "evaluations": 5, "cost": 0.535119124048804, "incumbent": ["pca_whiten=''true''", "rf_max_features='0.6948449041611862'", "rf_n_estimators='249'"]}
{"cpu_time": 12.503254890441895, "total_cpu_time": null, "wallclock_time": 12.687886238098145, "evaluations": 7, "cost": 0.5350322507076641, "incumbent": ["pca_whiten=''false''", "rf_max_features='0.5169655679501186'", "rf_n_estimators='270'"]}
{"cpu_time": 14.47478699684143, "total_cpu_time": null, "wallclock_time": 14.6980619430542, "evaluations": 8, "cost": 0.5316969828495992, "incumbent": ["pca_whiten=''false''", "rf_max_features='0.5825957699430724'", "rf_n_estimators='204'"]}
{"cpu_time": 24.749582529067993, "total_cpu_time": null, "wallclock_time": 25.144039392471313, "evaluations": 14, "cost": 0.5310037525650528, "incumbent": ["pca_whiten=''true''", "rf_max_features='0.49608570848401057'", "rf_n_estimators='180'"]}
{"cpu_time": 28.952934741973877, "total_cpu_time": null, "wallclock_time": 29.421892166137695, "evaluations": 17, "cost": 0.5247742069729484, "incumbent": ["pca_whiten=''false''", "rf_max_features='0.7526640253456993'", "rf_n_estimators='139'"]}
{"cpu_time": 69.99207997322083, "total_cpu_time": null, "wallclock_time": 71.35641431808472, "evaluations": 44, "cost": 0.5186038700148011, "incumbent": ["pca_whiten=''true''", "rf_max_features='0.791165158781181'", "rf_n_estimators='105'"]}
