{"cpu_time": 0, "total_cpu_time": null, "wallclock_time": 9.703636169433594e-05, "evaluations": 0, "cost": 2147483648, "incumbent": ["pca_whiten=''true''", "svm_C='1.0'", "svm_gamma='1.0'"]}
{"cpu_time": 0.7930264472961426, "total_cpu_time": null, "wallclock_time": 0.8191101551055908, "evaluations": 1, "cost": 0.538954536457231, "incumbent": ["pca_whiten=''true''", "svm_C='1.0'", "svm_gamma='1.0'"]}
{"cpu_time": 1.890329360961914, "total_cpu_time": null, "wallclock_time": 1.9595298767089844, "evaluations": 2, "cost": 0.5041798375308569, "incumbent": ["pca_whiten=''true''", "svm_C='65.31224049555269'", "svm_gamma='4.667651857354299'"]}
{"cpu_time": 4.848628282546997, "total_cpu_time": null, "wallclock_time": 4.999847412109375, "evaluations": 5, "cost": 0.5002212981948705, "incumbent": ["pca_whiten=''true''", "svm_C='78.990011851405'", "svm_gamma='6.602930247746782'"]}
{"cpu_time": 5.622974634170532, "total_cpu_time": null, "wallclock_time": 5.826411724090576, "evaluations": 6, "cost": 0.4984690491624372, "incumbent": ["pca_whiten=''true''", "svm_C='69.69712111971603'", "svm_gamma='7.565840455614787'"]}
{"cpu_time": 9.038572311401367, "total_cpu_time": null, "wallclock_time": 9.400429487228394, "evaluations": 10, "cost": 0.4971410570136774, "incumbent": ["pca_whiten=''false''", "svm_C='88.06221232798944'", "svm_gamma='7.118286713648297'"]}
{"cpu_time": 9.95284390449524, "total_cpu_time": null, "wallclock_time": 10.331301927566528, "evaluations": 11, "cost": 0.4967296846971108, "incumbent": ["pca_whiten=''true''", "svm_C='97.96743164433231'", "svm_gamma='7.845924299570545'"]}
