{"cpu_time": 0, "total_cpu_time": null, "wallclock_time": 6.461143493652344e-05, "evaluations": 0, "cost": 2147483648, "incumbent": ["pca_whiten=''true''"]}
{"cpu_time": 0.8668451309204102, "total_cpu_time": null, "wallclock_time": 0.914391279220581, "evaluations": 1, "cost": 9.280736742853323, "incumbent": ["pca_whiten=''true''"]}
