{"cpu_time": 0, "total_cpu_time": null, "wallclock_time": 0.0001289844512939453, "evaluations": 0, "cost": 2147483648, "incumbent": ["pca_whiten=''true''", "rf_max_features='0.5'", "rf_n_estimators='10'"]}
{"cpu_time": 2.148353338241577, "total_cpu_time": null, "wallclock_time": 2.188136577606201, "evaluations": 1, "cost": 1.463097199610828, "incumbent": ["pca_whiten=''true''", "rf_max_features='0.5'", "rf_n_estimators='10'"]}
{"cpu_time": 5.6280152797698975, "total_cpu_time": null, "wallclock_time": 5.73464035987854, "evaluations": 2, "cost": 0.7130592046942641, "incumbent": ["pca_whiten=''true''", "rf_max_features='0.6263875900678313'", "rf_n_estimators='178'"]}
{"cpu_time": 23.69250464439392, "total_cpu_time": null, "wallclock_time": 23.987163066864014, "evaluations": 6, "cost": 0.7086003752324147, "incumbent": ["pca_whiten=''true''", "rf_max_features='0.6483339395381182'", "rf_n_estimators='285'"]}
{"cpu_time": 31.941268920898438, "total_cpu_time": null, "wallclock_time": 32.3257794380188, "evaluations": 8, "cost": 0.707897652307909, "incumbent": ["pca_whiten=''false''", "rf_max_features='0.4422279307816516'", "rf_n_estimators='173'"]}
{"cpu_time": 38.31822896003723, "total_cpu_time": null, "wallclock_time": 38.80700898170471, "evaluations": 10, "cost": 0.7074289021122936, "incumbent": ["pca_whiten=''false''", "rf_max_features='0.5005156676459398'", "rf_n_estimators='84'"]}
{"cpu_time": 43.42265605926514, "total_cpu_time": null, "wallclock_time": 43.92933106422424, "evaluations": 11, "cost": 0.7051211503007476, "incumbent": ["pca_whiten=''true''", "rf_max_features='0.7898269852068684'", "rf_n_estimators='295'"]}
{"cpu_time": 137.5572361946106, "total_cpu_time": null, "wallclock_time": 139.67809343338013, "evaluations": 36, "cost": 0.7040695315682489, "incumbent": ["pca_whiten=''true''", "rf_max_features='0.6586688201653231'", "rf_n_estimators='291'"]}
