{"cpu_time": 0, "total_cpu_time": null, "wallclock_time": 5.626678466796875e-05, "evaluations": 0, "cost": 2147483648, "incumbent": ["pca_whiten=''true''"]}
{"cpu_time": 0.7144942283630371, "total_cpu_time": null, "wallclock_time": 0.8001582622528076, "evaluations": 1, "cost": 20.86148598730269, "incumbent": ["pca_whiten=''true''"]}
