{"cpu_time": 0, "total_cpu_time": null, "wallclock_time": 0.0001506805419921875, "evaluations": 0, "cost": 2147483648, "incumbent": ["pca_whiten=''true''", "rf_max_features='0.5'", "rf_n_estimators='10'"]}
{"cpu_time": 2.3412764072418213, "total_cpu_time": null, "wallclock_time": 2.4158833026885986, "evaluations": 1, "cost": 1.0347450858833824, "incumbent": ["pca_whiten=''true''", "rf_max_features='0.5'", "rf_n_estimators='10'"]}
{"cpu_time": 8.024075269699097, "total_cpu_time": null, "wallclock_time": 8.203395128250122, "evaluations": 2, "cost": 0.5960641144445021, "incumbent": ["pca_whiten=''true''", "rf_max_features='0.6263875900678313'", "rf_n_estimators='178'"]}
{"cpu_time": 12.712764501571655, "total_cpu_time": null, "wallclock_time": 12.967544555664062, "evaluations": 3, "cost": 0.4930362365753191, "incumbent": ["pca_whiten=''false''", "rf_max_features='0.3021465708060675'", "rf_n_estimators='203'"]}
{"cpu_time": 17.990833282470703, "total_cpu_time": null, "wallclock_time": 18.380667448043823, "evaluations": 4, "cost": 0.48915461734733207, "incumbent": ["pca_whiten=''true''", "rf_max_features='0.30586418148323496'", "rf_n_estimators='221'"]}
{"cpu_time": 60.060497522354126, "total_cpu_time": null, "wallclock_time": 61.309152126312256, "evaluations": 12, "cost": 0.4890169706741629, "incumbent": ["pca_whiten=''true''", "rf_max_features='0.4204303780771039'", "rf_n_estimators='201'"]}
{"cpu_time": 135.44977498054504, "total_cpu_time": null, "wallclock_time": 138.25435829162598, "evaluations": 30, "cost": 0.4879178847626478, "incumbent": ["pca_whiten=''true''", "rf_max_features='0.5101466752196613'", "rf_n_estimators='206'"]}
{"cpu_time": 300.54637718200684, "total_cpu_time": null, "wallclock_time": 308.4164113998413, "evaluations": 69, "cost": 0.4873618410306291, "incumbent": ["pca_whiten=''false''", "rf_max_features='0.3136855872635393'", "rf_n_estimators='171'"]}
{"cpu_time": 392.4437973499298, "total_cpu_time": null, "wallclock_time": 402.21964740753174, "evaluations": 90, "cost": 0.4846460122277733, "incumbent": ["pca_whiten=''true''", "rf_max_features='0.4351946466342788'", "rf_n_estimators='211'"]}
{"cpu_time": 627.4068605899811, "total_cpu_time": null, "wallclock_time": 643.1298053264618, "evaluations": 162, "cost": 0.4829875800401724, "incumbent": ["pca_whiten=''true''", "rf_max_features='0.3241856714798051'", "rf_n_estimators='208'"]}
