{"cpu_time": 0, "total_cpu_time": null, "wallclock_time": 0.00012969970703125, "evaluations": 0, "cost": 2147483648, "incumbent": ["pca_whiten=''true''", "rf_max_features='0.5'", "rf_n_estimators='10'"]}
{"cpu_time": 0.8617763519287109, "total_cpu_time": null, "wallclock_time": 0.9014296531677246, "evaluations": 1, "cost": 4.5373399694079115, "incumbent": ["pca_whiten=''true''", "rf_max_features='0.5'", "rf_n_estimators='10'"]}
{"cpu_time": 2.5446903705596924, "total_cpu_time": null, "wallclock_time": 2.626227378845215, "evaluations": 2, "cost": 1.489013289039913, "incumbent": ["pca_whiten=''true''", "rf_max_features='0.6263875900678313'", "rf_n_estimators='178'"]}
{"cpu_time": 6.238054513931274, "total_cpu_time": null, "wallclock_time": 6.447845458984375, "evaluations": 4, "cost": 1.4572463118408725, "incumbent": ["pca_whiten=''true''", "rf_max_features='0.30586418148323496'", "rf_n_estimators='221'"]}
{"cpu_time": 8.46708369255066, "total_cpu_time": null, "wallclock_time": 8.72900652885437, "evaluations": 5, "cost": 1.3941218626183864, "incumbent": ["pca_whiten=''true''", "rf_max_features='0.6948449041611862'", "rf_n_estimators='249'"]}
{"cpu_time": 10.914420127868652, "total_cpu_time": null, "wallclock_time": 11.251843690872192, "evaluations": 6, "cost": 1.2928148764192222, "incumbent": ["pca_whiten=''true''", "rf_max_features='0.6483339395381182'", "rf_n_estimators='285'"]}
{"cpu_time": 81.13339710235596, "total_cpu_time": null, "wallclock_time": 83.49232530593872, "evaluations": 48, "cost": 1.21352201395075, "incumbent": ["pca_whiten=''true''", "rf_max_features='0.6314991965305169'", "rf_n_estimators='299'"]}
{"cpu_time": 83.15316271781921, "total_cpu_time": null, "wallclock_time": 85.54956007003784, "evaluations": 49, "cost": 1.212904741575047, "incumbent": ["pca_whiten=''false''", "rf_max_features='0.675872780784449'", "rf_n_estimators='221'"]}
{"cpu_time": 126.12459397315979, "total_cpu_time": null, "wallclock_time": 129.79562401771545, "evaluations": 74, "cost": 1.2094326216495996, "incumbent": ["pca_whiten=''false''", "rf_max_features='0.5042337033650394'", "rf_n_estimators='268'"]}
{"cpu_time": 151.4892258644104, "total_cpu_time": null, "wallclock_time": 155.89598774909973, "evaluations": 90, "cost": 1.1472570768693802, "incumbent": ["pca_whiten=''true''", "rf_max_features='0.620161979354579'", "rf_n_estimators='300'"]}
{"cpu_time": 161.45366621017456, "total_cpu_time": null, "wallclock_time": 166.05207324028015, "evaluations": 95, "cost": 1.1436219658631634, "incumbent": ["pca_whiten=''false''", "rf_max_features='0.5277168549418856'", "rf_n_estimators='295'"]}
{"cpu_time": 230.05316281318665, "total_cpu_time": null, "wallclock_time": 236.84738397598267, "evaluations": 144, "cost": 1.1170961981766898, "incumbent": ["pca_whiten=''false''", "rf_max_features='0.4962318648756138'", "rf_n_estimators='269'"]}
