{"cpu_time": 0, "total_cpu_time": null, "wallclock_time": 0.00025725364685058594, "evaluations": 0, "cost": 2147483648, "incumbent": ["isomap_n_components='2'", "isomap_n_neighbors='5'", "rf_max_features='0.5'", "rf_n_estimators='10'"]}
{"cpu_time": 0.5386862754821777, "total_cpu_time": null, "wallclock_time": 0.5641541481018066, "evaluations": 1, "cost": 7.4035422877842585, "incumbent": ["isomap_n_components='2'", "isomap_n_neighbors='5'", "rf_max_features='0.5'", "rf_n_estimators='10'"]}
{"cpu_time": 2.9253616333007812, "total_cpu_time": null, "wallclock_time": 3.020920991897583, "evaluations": 2, "cost": 3.09333502976178, "incumbent": ["isomap_n_components='2'", "isomap_n_neighbors='7'", "rf_max_features='0.7705914184339647'", "rf_n_estimators='220'"]}
{"cpu_time": 4.328518390655518, "total_cpu_time": null, "wallclock_time": 4.449549674987793, "evaluations": 3, "cost": 2.5013763228444987, "incumbent": ["isomap_n_components='4'", "isomap_n_neighbors='5'", "rf_max_features='0.42825496760388254'", "rf_n_estimators='109'"]}
{"cpu_time": 11.063181400299072, "total_cpu_time": null, "wallclock_time": 11.414130210876465, "evaluations": 7, "cost": 2.491478392762245, "incumbent": ["isomap_n_components='4'", "isomap_n_neighbors='3'", "rf_max_features='0.49447053546536157'", "rf_n_estimators='97'"]}
{"cpu_time": 17.191047191619873, "total_cpu_time": null, "wallclock_time": 17.824382781982422, "evaluations": 11, "cost": 2.0886580033777817, "incumbent": ["isomap_n_components='4'", "isomap_n_neighbors='5'", "rf_max_features='0.7526640253456993'", "rf_n_estimators='139'"]}
{"cpu_time": 18.594435453414917, "total_cpu_time": null, "wallclock_time": 19.3563449382782, "evaluations": 12, "cost": 1.8495743166675933, "incumbent": ["isomap_n_components='4'", "isomap_n_neighbors='7'", "rf_max_features='0.6398646674317605'", "rf_n_estimators='105'"]}
{"cpu_time": 32.466126680374146, "total_cpu_time": null, "wallclock_time": 33.84091353416443, "evaluations": 21, "cost": 1.6245956063671632, "incumbent": ["isomap_n_components='4'", "isomap_n_neighbors='6'", "rf_max_features='0.3908563055255074'", "rf_n_estimators='252'"]}
{"cpu_time": 37.08126711845398, "total_cpu_time": null, "wallclock_time": 38.60223603248596, "evaluations": 23, "cost": 1.6044701590542834, "incumbent": ["isomap_n_components='4'", "isomap_n_neighbors='7'", "rf_max_features='0.6343316352444657'", "rf_n_estimators='296'"]}
{"cpu_time": 60.31697106361389, "total_cpu_time": null, "wallclock_time": 62.857574462890625, "evaluations": 37, "cost": 1.4942811513626724, "incumbent": ["isomap_n_components='4'", "isomap_n_neighbors='7'", "rf_max_features='0.46859709749464196'", "rf_n_estimators='281'"]}
