{"cpu_time": 0, "total_cpu_time": null, "wallclock_time": 0.00013637542724609375, "evaluations": 0, "cost": 2147483648, "incumbent": ["pca_whiten=''true''", "svm_C='1.0'", "svm_gamma='1.0'"]}
{"cpu_time": 2.2056262493133545, "total_cpu_time": null, "wallclock_time": 2.2865302562713623, "evaluations": 1, "cost": 0.31975717383494495, "incumbent": ["pca_whiten=''true''", "svm_C='1.0'", "svm_gamma='1.0'"]}
{"cpu_time": 4.630855321884155, "total_cpu_time": null, "wallclock_time": 4.850718975067139, "evaluations": 2, "cost": 0.3144829180509203, "incumbent": ["pca_whiten=''true''", "svm_C='65.31224049555269'", "svm_gamma='4.667651857354299'"]}
{"cpu_time": 10.808130502700806, "total_cpu_time": null, "wallclock_time": 11.297359466552734, "evaluations": 5, "cost": 0.3092544546718104, "incumbent": ["pca_whiten=''true''", "svm_C='78.990011851405'", "svm_gamma='6.602930247746782'"]}
{"cpu_time": 41.72526931762695, "total_cpu_time": null, "wallclock_time": 43.658116817474365, "evaluations": 18, "cost": 0.3083144578618738, "incumbent": ["pca_whiten=''true''", "svm_C='80.99185357761581'", "svm_gamma='7.229458698993238'"]}
{"cpu_time": 43.98181653022766, "total_cpu_time": null, "wallclock_time": 45.99254822731018, "evaluations": 19, "cost": 0.30769534528705883, "incumbent": ["pca_whiten=''false''", "svm_C='41.211025438337806'", "svm_gamma='6.735617243335283'"]}
{"cpu_time": 89.27831315994263, "total_cpu_time": null, "wallclock_time": 93.65462684631348, "evaluations": 41, "cost": 0.30729626148082595, "incumbent": ["pca_whiten=''true''", "svm_C='41.369326647644556'", "svm_gamma='6.768031156386202'"]}
{"cpu_time": 193.9869601726532, "total_cpu_time": null, "wallclock_time": 203.82978105545044, "evaluations": 90, "cost": 0.3071268388547621, "incumbent": ["pca_whiten=''true''", "svm_C='85.66592029545707'", "svm_gamma='0.08613856870701457'"]}
{"cpu_time": 301.1268994808197, "total_cpu_time": null, "wallclock_time": 316.93125224113464, "evaluations": 141, "cost": 0.30679861029736155, "incumbent": ["pca_whiten=''true''", "svm_C='96.00451259181835'", "svm_gamma='0.0411249821643943'"]}
{"cpu_time": 383.3889148235321, "total_cpu_time": null, "wallclock_time": 404.27953028678894, "evaluations": 181, "cost": 0.3053338874605032, "incumbent": ["pca_whiten=''false''", "svm_C='96.00451259181835'", "svm_gamma='0.0411249821643943'"]}
