{"cpu_time": 0, "total_cpu_time": null, "wallclock_time": 4.458427429199219e-05, "evaluations": 0, "cost": 2147483648, "incumbent": []}
{"cpu_time": 1.0055062770843506, "total_cpu_time": null, "wallclock_time": 1.0328152179718018, "evaluations": 1, "cost": 4.523783664383298, "incumbent": []}
