{"cpu_time": 0, "total_cpu_time": null, "wallclock_time": 0.00012493133544921875, "evaluations": 0, "cost": 2147483648, "incumbent": ["haralick_distance='1'", "isomap_n_components='2'", "isomap_n_neighbors='5'", "svm_C='1.0'", "svm_gamma='1.0'"]}
{"cpu_time": 45.99498653411865, "total_cpu_time": null, "wallclock_time": 46.058748722076416, "evaluations": 1, "cost": 0.4766263723002151, "incumbent": ["haralick_distance='1'", "isomap_n_components='2'", "isomap_n_neighbors='5'", "svm_C='1.0'", "svm_gamma='1.0'"]}
{"cpu_time": 104.34383583068848, "total_cpu_time": null, "wallclock_time": 104.704580783844, "evaluations": 3, "cost": 0.46829773015871234, "incumbent": ["haralick_distance='2'", "isomap_n_components='2'", "isomap_n_neighbors='6'", "svm_C='78.990011851405'", "svm_gamma='6.602930247746782'"]}
{"cpu_time": 421.0918800830841, "total_cpu_time": null, "wallclock_time": 423.986202955246, "evaluations": 19, "cost": 0.4663740518419807, "incumbent": ["haralick_distance='1'", "isomap_n_components='3'", "isomap_n_neighbors='5'", "svm_C='61.98915050720065'", "svm_gamma='1.6708997913006134'"]}
{"cpu_time": 558.2692377567291, "total_cpu_time": null, "wallclock_time": 562.3587353229523, "evaluations": 26, "cost": 0.46429833505619217, "incumbent": ["haralick_distance='2'", "isomap_n_components='4'", "isomap_n_neighbors='5'", "svm_C='79.48215224191043'", "svm_gamma='0.6778602826210846'"]}
{"cpu_time": 856.4672186374664, "total_cpu_time": null, "wallclock_time": 862.691965341568, "evaluations": 41, "cost": 0.4522477305742873, "incumbent": ["haralick_distance='2'", "isomap_n_components='2'", "isomap_n_neighbors='5'", "svm_C='68.84716082050046'", "svm_gamma='2.1087808232323737'"]}
{"cpu_time": 1703.6279447078705, "total_cpu_time": null, "wallclock_time": 1716.6287155151367, "evaluations": 83, "cost": 0.45184225044151655, "incumbent": ["haralick_distance='2'", "isomap_n_components='4'", "isomap_n_neighbors='3'", "svm_C='52.378769619828454'", "svm_gamma='5.30713932906386'"]}
{"cpu_time": 2715.55491232872, "total_cpu_time": null, "wallclock_time": 2737.1471667289734, "evaluations": 132, "cost": 0.43794856825546574, "incumbent": ["haralick_distance='2'", "isomap_n_components='4'", "isomap_n_neighbors='6'", "svm_C='51.242994046026396'", "svm_gamma='0.6340563287213186'"]}
{"cpu_time": 3205.4001257419586, "total_cpu_time": null, "wallclock_time": 3231.1514019966125, "evaluations": 156, "cost": 0.43207405989912545, "incumbent": ["haralick_distance='2'", "isomap_n_components='4'", "isomap_n_neighbors='6'", "svm_C='58.134580403227915'", "svm_gamma='1.1272458499713487'"]}
{"cpu_time": 3411.1211042404175, "total_cpu_time": null, "wallclock_time": 3438.686349630356, "evaluations": 166, "cost": 0.4296717935767613, "incumbent": ["haralick_distance='3'", "isomap_n_components='4'", "isomap_n_neighbors='6'", "svm_C='41.1331905538658'", "svm_gamma='0.3494321524592424'"]}
{"cpu_time": 4955.642751932144, "total_cpu_time": null, "wallclock_time": 4997.5525896549225, "evaluations": 242, "cost": 0.42946305788078537, "incumbent": ["haralick_distance='3'", "isomap_n_components='4'", "isomap_n_neighbors='6'", "svm_C='39.32352696251048'", "svm_gamma='0.3620955891800201'"]}
{"cpu_time": 5711.804867744446, "total_cpu_time": null, "wallclock_time": 5761.80875825882, "evaluations": 310, "cost": 0.4244977521945685, "incumbent": ["haralick_distance='2'", "isomap_n_components='4'", "isomap_n_neighbors='6'", "svm_C='1.4018886834064135'", "svm_gamma='1.0906967799190874'"]}
