{"cpu_time": 0, "total_cpu_time": null, "wallclock_time": 0.0004432201385498047, "evaluations": 0, "cost": 2147483648, "incumbent": ["pca_whiten=''true''", "rf_max_features='0.5'", "rf_n_estimators='10'"]}
{"cpu_time": 5.862062931060791, "total_cpu_time": null, "wallclock_time": 5.932871341705322, "evaluations": 1, "cost": 1.6200318642685716, "incumbent": ["pca_whiten=''true''", "rf_max_features='0.5'", "rf_n_estimators='10'"]}
{"cpu_time": 15.875728845596313, "total_cpu_time": null, "wallclock_time": 16.098459482192993, "evaluations": 2, "cost": 0.7084793030173957, "incumbent": ["pca_whiten=''true''", "rf_max_features='0.6263875900678313'", "rf_n_estimators='178'"]}
{"cpu_time": 59.32823443412781, "total_cpu_time": null, "wallclock_time": 60.24559712409973, "evaluations": 6, "cost": 0.7080124022109242, "incumbent": ["pca_whiten=''true''", "rf_max_features='0.6483339395381182'", "rf_n_estimators='285'"]}
{"cpu_time": 118.00006937980652, "total_cpu_time": null, "wallclock_time": 119.88093090057373, "evaluations": 12, "cost": 0.7052977741927143, "incumbent": ["pca_whiten=''true''", "rf_max_features='0.5792584030076042'", "rf_n_estimators='113'"]}
{"cpu_time": 189.67688584327698, "total_cpu_time": null, "wallclock_time": 192.6743941307068, "evaluations": 20, "cost": 0.7045253970300674, "incumbent": ["pca_whiten=''true''", "rf_max_features='0.49643723992611616'", "rf_n_estimators='107'"]}
{"cpu_time": 279.46910071372986, "total_cpu_time": null, "wallclock_time": 284.62862038612366, "evaluations": 34, "cost": 0.7028298626405447, "incumbent": ["pca_whiten=''false''", "rf_max_features='0.6092107563763003'", "rf_n_estimators='180'"]}
{"cpu_time": 527.8912246227264, "total_cpu_time": null, "wallclock_time": 538.4382133483887, "evaluations": 67, "cost": 0.70262530123939, "incumbent": ["pca_whiten=''true''", "rf_max_features='0.5655102102079415'", "rf_n_estimators='202'"]}
{"cpu_time": 719.8054292201996, "total_cpu_time": null, "wallclock_time": 734.2524273395538, "evaluations": 91, "cost": 0.7025722791920316, "incumbent": ["pca_whiten=''false''", "rf_max_features='0.5835103896901952'", "rf_n_estimators='208'"]}
{"cpu_time": 1100.5387561321259, "total_cpu_time": null, "wallclock_time": 1123.7875175476074, "evaluations": 141, "cost": 0.7011872721188492, "incumbent": ["pca_whiten=''false''", "rf_max_features='0.7974727809956641'", "rf_n_estimators='283'"]}
