{"cpu_time": 0, "total_cpu_time": null, "wallclock_time": 0.00010418891906738281, "evaluations": 0, "cost": 2147483648, "incumbent": ["isomap_n_components='2'", "isomap_n_neighbors='5'", "rf_max_features='0.5'", "rf_n_estimators='10'"]}
{"cpu_time": 0.4800386428833008, "total_cpu_time": null, "wallclock_time": 0.49428725242614746, "evaluations": 1, "cost": 8.137642624084597, "incumbent": ["isomap_n_components='2'", "isomap_n_neighbors='5'", "rf_max_features='0.5'", "rf_n_estimators='10'"]}
{"cpu_time": 1.6948940753936768, "total_cpu_time": null, "wallclock_time": 1.7481980323791504, "evaluations": 2, "cost": 2.8348521597927863, "incumbent": ["isomap_n_components='2'", "isomap_n_neighbors='7'", "rf_max_features='0.7705914184339647'", "rf_n_estimators='220'"]}
{"cpu_time": 2.5172183513641357, "total_cpu_time": null, "wallclock_time": 2.585211753845215, "evaluations": 3, "cost": 1.1643207857293956, "incumbent": ["isomap_n_components='4'", "isomap_n_neighbors='5'", "rf_max_features='0.42825496760388254'", "rf_n_estimators='109'"]}
{"cpu_time": 6.263565540313721, "total_cpu_time": null, "wallclock_time": 6.472419261932373, "evaluations": 7, "cost": 1.1446024943132158, "incumbent": ["isomap_n_components='4'", "isomap_n_neighbors='3'", "rf_max_features='0.49447053546536157'", "rf_n_estimators='97'"]}
{"cpu_time": 19.52268075942993, "total_cpu_time": null, "wallclock_time": 20.37848734855652, "evaluations": 23, "cost": 1.0764844073537019, "incumbent": ["isomap_n_components='4'", "isomap_n_neighbors='7'", "rf_max_features='0.6343316352444657'", "rf_n_estimators='296'"]}
{"cpu_time": 28.726351499557495, "total_cpu_time": null, "wallclock_time": 30.067599773406982, "evaluations": 34, "cost": 1.0070349638778069, "incumbent": ["isomap_n_components='4'", "isomap_n_neighbors='3'", "rf_max_features='0.685666507587898'", "rf_n_estimators='283'"]}
{"cpu_time": 33.56388473510742, "total_cpu_time": null, "wallclock_time": 35.09298253059387, "evaluations": 38, "cost": 0.9913624458685266, "incumbent": ["isomap_n_components='4'", "isomap_n_neighbors='3'", "rf_max_features='0.6147776241654965'", "rf_n_estimators='300'"]}
{"cpu_time": 65.19374918937683, "total_cpu_time": null, "wallclock_time": 68.26833510398865, "evaluations": 72, "cost": 0.9858662276251717, "incumbent": ["isomap_n_components='4'", "isomap_n_neighbors='7'", "rf_max_features='0.3529423599630735'", "rf_n_estimators='281'"]}
