{"cpu_time": 0, "total_cpu_time": null, "wallclock_time": 9.059906005859375e-05, "evaluations": 0, "cost": 2147483648, "incumbent": ["pca_whiten=''true''", "svm_C='1.0'", "svm_gamma='1.0'"]}
{"cpu_time": 2.2442729473114014, "total_cpu_time": null, "wallclock_time": 2.260120391845703, "evaluations": 1, "cost": 0.5375481804091587, "incumbent": ["pca_whiten=''true''", "svm_C='1.0'", "svm_gamma='1.0'"]}
{"cpu_time": 4.075019836425781, "total_cpu_time": null, "wallclock_time": 4.133774518966675, "evaluations": 2, "cost": 0.5038003876331408, "incumbent": ["pca_whiten=''true''", "svm_C='65.31224049555269'", "svm_gamma='4.667651857354299'"]}
{"cpu_time": 8.68575644493103, "total_cpu_time": null, "wallclock_time": 8.874028205871582, "evaluations": 5, "cost": 0.4978547832829876, "incumbent": ["pca_whiten=''true''", "svm_C='78.990011851405'", "svm_gamma='6.602930247746782'"]}
{"cpu_time": 12.863971710205078, "total_cpu_time": null, "wallclock_time": 13.219834804534912, "evaluations": 8, "cost": 0.4976226830822794, "incumbent": ["pca_whiten=''false''", "svm_C='63.1847491966964'", "svm_gamma='7.996306367183351'"]}
{"cpu_time": 57.88695216178894, "total_cpu_time": null, "wallclock_time": 60.018763065338135, "evaluations": 38, "cost": 0.49733399560346153, "incumbent": ["pca_whiten=''false''", "svm_C='84.36168945903387'", "svm_gamma='7.839397199025648'"]}
{"cpu_time": 72.54287886619568, "total_cpu_time": null, "wallclock_time": 75.35668134689331, "evaluations": 48, "cost": 0.4969404508078659, "incumbent": ["pca_whiten=''false''", "svm_C='64.66060564367099'", "svm_gamma='7.9267241465879135'"]}
