{"cpu_time": 0, "total_cpu_time": null, "wallclock_time": 0.00012135505676269531, "evaluations": 0, "cost": 2147483648, "incumbent": ["pca_whiten=''true''", "rf_max_features='0.5'", "rf_n_estimators='10'"]}
{"cpu_time": 1.3892502784729004, "total_cpu_time": null, "wallclock_time": 1.442838430404663, "evaluations": 1, "cost": 1.6373321742406475, "incumbent": ["pca_whiten=''true''", "rf_max_features='0.5'", "rf_n_estimators='10'"]}
{"cpu_time": 3.9091382026672363, "total_cpu_time": null, "wallclock_time": 3.9965572357177734, "evaluations": 2, "cost": 0.7043919643370691, "incumbent": ["pca_whiten=''true''", "rf_max_features='0.6263875900678313'", "rf_n_estimators='178'"]}
{"cpu_time": 12.18271279335022, "total_cpu_time": null, "wallclock_time": 12.38566279411316, "evaluations": 5, "cost": 0.696893981706512, "incumbent": ["pca_whiten=''true''", "rf_max_features='0.6948449041611862'", "rf_n_estimators='249'"]}
{"cpu_time": 44.31412315368652, "total_cpu_time": null, "wallclock_time": 45.25994253158569, "evaluations": 20, "cost": 0.6945864890223629, "incumbent": ["pca_whiten=''true''", "rf_max_features='0.7739482910343136'", "rf_n_estimators='89'"]}
{"cpu_time": 61.17059850692749, "total_cpu_time": null, "wallclock_time": 62.68303394317627, "evaluations": 30, "cost": 0.691734637738575, "incumbent": ["pca_whiten=''true''", "rf_max_features='0.60788104050932'", "rf_n_estimators='77'"]}
