{"cpu_time": 0, "total_cpu_time": null, "wallclock_time": 0.00015616416931152344, "evaluations": 0, "cost": 2147483648, "incumbent": ["isomap_n_components='2'", "isomap_n_neighbors='5'", "rf_max_features='0.5'", "rf_n_estimators='10'"]}
{"cpu_time": 0.5499188899993896, "total_cpu_time": null, "wallclock_time": 0.5670108795166016, "evaluations": 1, "cost": 5.635024008588444, "incumbent": ["isomap_n_components='2'", "isomap_n_neighbors='5'", "rf_max_features='0.5'", "rf_n_estimators='10'"]}
{"cpu_time": 1.9748713970184326, "total_cpu_time": null, "wallclock_time": 2.0564584732055664, "evaluations": 2, "cost": 2.0883174689794366, "incumbent": ["isomap_n_components='2'", "isomap_n_neighbors='7'", "rf_max_features='0.7705914184339647'", "rf_n_estimators='220'"]}
{"cpu_time": 11.547212362289429, "total_cpu_time": null, "wallclock_time": 11.941081285476685, "evaluations": 10, "cost": 1.749333578384195, "incumbent": ["isomap_n_components='4'", "isomap_n_neighbors='7'", "rf_max_features='0.5952087597689804'", "rf_n_estimators='274'"]}
{"cpu_time": 12.62006425857544, "total_cpu_time": null, "wallclock_time": 13.031977415084839, "evaluations": 11, "cost": 1.7004949596195107, "incumbent": ["isomap_n_components='4'", "isomap_n_neighbors='5'", "rf_max_features='0.7526640253456993'", "rf_n_estimators='139'"]}
{"cpu_time": 23.071632385253906, "total_cpu_time": null, "wallclock_time": 24.04535961151123, "evaluations": 21, "cost": 1.5290804949758356, "incumbent": ["isomap_n_components='4'", "isomap_n_neighbors='6'", "rf_max_features='0.3908563055255074'", "rf_n_estimators='252'"]}
{"cpu_time": 90.05101609230042, "total_cpu_time": null, "wallclock_time": 94.13043236732483, "evaluations": 74, "cost": 1.50071752376086, "incumbent": ["isomap_n_components='4'", "isomap_n_neighbors='5'", "rf_max_features='0.4553732599650411'", "rf_n_estimators='292'"]}
{"cpu_time": 104.04390859603882, "total_cpu_time": null, "wallclock_time": 109.00638365745544, "evaluations": 86, "cost": 1.4322327402356114, "incumbent": ["isomap_n_components='3'", "isomap_n_neighbors='6'", "rf_max_features='0.40048415026609235'", "rf_n_estimators='299'"]}
