{"cpu_time": 0, "total_cpu_time": null, "wallclock_time": 0.00013494491577148438, "evaluations": 0, "cost": 2147483648, "incumbent": ["isomap_n_components='2'", "isomap_n_neighbors='5'", "svm_C='1.0'", "svm_gamma='1.0'"]}
{"cpu_time": 80.65861129760742, "total_cpu_time": null, "wallclock_time": 81.10923027992249, "evaluations": 1, "cost": 0.5048178634766338, "incumbent": ["isomap_n_components='2'", "isomap_n_neighbors='5'", "svm_C='1.0'", "svm_gamma='1.0'"]}
{"cpu_time": 172.64472222328186, "total_cpu_time": null, "wallclock_time": 176.13348627090454, "evaluations": 16, "cost": 0.49292609402072535, "incumbent": ["isomap_n_components='2'", "isomap_n_neighbors='5'", "svm_C='39.401547414046505'", "svm_gamma='0.24657720949339437'"]}
{"cpu_time": 247.53456282615662, "total_cpu_time": null, "wallclock_time": 253.49739575386047, "evaluations": 27, "cost": 0.4750529588614669, "incumbent": ["isomap_n_components='4'", "isomap_n_neighbors='7'", "svm_C='4.276488422228812'", "svm_gamma='1.9701559174126142'"]}
{"cpu_time": 377.87878012657166, "total_cpu_time": null, "wallclock_time": 387.32502937316895, "evaluations": 45, "cost": 0.4697020211331533, "incumbent": ["isomap_n_components='4'", "isomap_n_neighbors='5'", "svm_C='15.149101818129907'", "svm_gamma='0.5878589700749687'"]}
{"cpu_time": 397.7081460952759, "total_cpu_time": null, "wallclock_time": 408.51616168022156, "evaluations": 48, "cost": 0.454462407003152, "incumbent": ["isomap_n_components='4'", "isomap_n_neighbors='7'", "svm_C='2.6814198830364204'", "svm_gamma='1.3791704733292665'"]}
{"cpu_time": 632.4121932983398, "total_cpu_time": null, "wallclock_time": 653.0211691856384, "evaluations": 82, "cost": 0.4450156595461691, "incumbent": ["isomap_n_components='4'", "isomap_n_neighbors='7'", "svm_C='2.8864685760074273'", "svm_gamma='0.610370845324328'"]}
{"cpu_time": 765.2610664367676, "total_cpu_time": null, "wallclock_time": 791.3056769371033, "evaluations": 112, "cost": 0.4431470647981932, "incumbent": ["isomap_n_components='4'", "isomap_n_neighbors='7'", "svm_C='3.9371996302164765'", "svm_gamma='0.637473847179337'"]}
{"cpu_time": 901.3151051998138, "total_cpu_time": null, "wallclock_time": 933.3341083526611, "evaluations": 176, "cost": 0.44227002512069236, "incumbent": ["isomap_n_components='4'", "isomap_n_neighbors='7'", "svm_C='3.9371996302164765'", "svm_gamma='0.4594147373386313'"]}
{"cpu_time": 914.491461277008, "total_cpu_time": null, "wallclock_time": 947.1333589553833, "evaluations": 186, "cost": 0.44210342620378057, "incumbent": ["isomap_n_components='4'", "isomap_n_neighbors='7'", "svm_C='3.9371996302164765'", "svm_gamma='0.44083052230561753'"]}
{"cpu_time": 943.1695458889008, "total_cpu_time": null, "wallclock_time": 977.0678889751434, "evaluations": 208, "cost": 0.4354467846222567, "incumbent": ["isomap_n_components='4'", "isomap_n_neighbors='7'", "svm_C='3.9371996302164765'", "svm_gamma='0.2749859900829092'"]}
{"cpu_time": 953.7623608112335, "total_cpu_time": null, "wallclock_time": 988.1910090446472, "evaluations": 216, "cost": 0.43458755803989013, "incumbent": ["isomap_n_components='4'", "isomap_n_neighbors='7'", "svm_C='5.760199569364423'", "svm_gamma='0.08974578222674089'"]}
{"cpu_time": 977.3539080619812, "total_cpu_time": null, "wallclock_time": 1012.7786092758179, "evaluations": 233, "cost": 0.4262790872764432, "incumbent": ["isomap_n_components='4'", "isomap_n_neighbors='7'", "svm_C='11.552393931092077'", "svm_gamma='0.08974578222674089'"]}
{"cpu_time": 1076.4109995365143, "total_cpu_time": null, "wallclock_time": 1116.4751539230347, "evaluations": 307, "cost": 0.4241304009525546, "incumbent": ["isomap_n_components='4'", "isomap_n_neighbors='7'", "svm_C='59.27623125299845'", "svm_gamma='0.03745114607783541'"]}
{"cpu_time": 1139.8524844646454, "total_cpu_time": null, "wallclock_time": 1182.9090538024902, "evaluations": 354, "cost": 0.42126737377301, "incumbent": ["isomap_n_components='4'", "isomap_n_neighbors='7'", "svm_C='93.04371076744414'", "svm_gamma='0.04968012306118571'"]}
{"cpu_time": 1190.2247896194458, "total_cpu_time": null, "wallclock_time": 1235.8876419067383, "evaluations": 392, "cost": 0.4193984934092834, "incumbent": ["isomap_n_components='4'", "isomap_n_neighbors='7'", "svm_C='93.50627912778084'", "svm_gamma='0.04383371949712502'"]}
{"cpu_time": 1235.3054280281067, "total_cpu_time": null, "wallclock_time": 1283.2050585746765, "evaluations": 426, "cost": 0.4190916065515775, "incumbent": ["isomap_n_components='4'", "isomap_n_neighbors='7'", "svm_C='67.57001035803641'", "svm_gamma='0.04968012306118571'"]}
