{"cpu_time": 0, "total_cpu_time": null, "wallclock_time": 2.9325485229492188e-05, "evaluations": 0, "cost": 2147483648, "incumbent": []}
{"cpu_time": 0.5729568004608154, "total_cpu_time": null, "wallclock_time": 0.5892963409423828, "evaluations": 1, "cost": 9.602235151221638, "incumbent": []}
