{"cpu_time": 0, "total_cpu_time": null, "wallclock_time": 3.0517578125e-05, "evaluations": 0, "cost": 2147483648, "incumbent": []}
{"cpu_time": 0.25284647941589355, "total_cpu_time": null, "wallclock_time": 0.2698345184326172, "evaluations": 1, "cost": 9.602235151221638, "incumbent": []}
