{"cpu_time": 0, "total_cpu_time": null, "wallclock_time": 0.00013899803161621094, "evaluations": 0, "cost": 2147483648, "incumbent": ["isomap_n_components='2'", "isomap_n_neighbors='5'", "rf_max_features='0.5'", "rf_n_estimators='10'"]}
{"cpu_time": 1.216280221939087, "total_cpu_time": null, "wallclock_time": 1.2399182319641113, "evaluations": 1, "cost": 5.635024008588444, "incumbent": ["isomap_n_components='2'", "isomap_n_neighbors='5'", "rf_max_features='0.5'", "rf_n_estimators='10'"]}
{"cpu_time": 3.151707172393799, "total_cpu_time": null, "wallclock_time": 3.2183241844177246, "evaluations": 2, "cost": 2.0875350877328747, "incumbent": ["isomap_n_components='2'", "isomap_n_neighbors='7'", "rf_max_features='0.7705914184339647'", "rf_n_estimators='220'"]}
{"cpu_time": 4.425701141357422, "total_cpu_time": null, "wallclock_time": 4.537170886993408, "evaluations": 3, "cost": 1.9080379707315078, "incumbent": ["isomap_n_components='4'", "isomap_n_neighbors='5'", "rf_max_features='0.42825496760388254'", "rf_n_estimators='109'"]}
{"cpu_time": 14.070030450820923, "total_cpu_time": null, "wallclock_time": 14.678001403808594, "evaluations": 10, "cost": 1.824044601355425, "incumbent": ["isomap_n_components='3'", "isomap_n_neighbors='5'", "rf_max_features='0.5183552375890672'", "rf_n_estimators='108'"]}
{"cpu_time": 28.8958523273468, "total_cpu_time": null, "wallclock_time": 30.264461755752563, "evaluations": 21, "cost": 1.6896723179535347, "incumbent": ["isomap_n_components='4'", "isomap_n_neighbors='6'", "rf_max_features='0.3908563055255074'", "rf_n_estimators='252'"]}
{"cpu_time": 32.41331100463867, "total_cpu_time": null, "wallclock_time": 33.988755226135254, "evaluations": 23, "cost": 1.6589475690729223, "incumbent": ["isomap_n_components='4'", "isomap_n_neighbors='7'", "rf_max_features='0.6343316352444657'", "rf_n_estimators='296'"]}
{"cpu_time": 50.76092720031738, "total_cpu_time": null, "wallclock_time": 53.03874397277832, "evaluations": 34, "cost": 1.6527578351464447, "incumbent": ["isomap_n_components='4'", "isomap_n_neighbors='7'", "rf_max_features='0.5477701363913843'", "rf_n_estimators='293'"]}
{"cpu_time": 53.08374786376953, "total_cpu_time": null, "wallclock_time": 55.38220191001892, "evaluations": 35, "cost": 1.6111202897448258, "incumbent": ["isomap_n_components='3'", "isomap_n_neighbors='4'", "rf_max_features='0.47231139650636034'", "rf_n_estimators='267'"]}
{"cpu_time": 105.1846649646759, "total_cpu_time": null, "wallclock_time": 109.91372442245483, "evaluations": 66, "cost": 1.554497206958643, "incumbent": ["isomap_n_components='4'", "isomap_n_neighbors='7'", "rf_max_features='0.33662207513315284'", "rf_n_estimators='297'"]}
{"cpu_time": 181.90973806381226, "total_cpu_time": null, "wallclock_time": 190.03635907173157, "evaluations": 114, "cost": 1.5189891161386562, "incumbent": ["isomap_n_components='3'", "isomap_n_neighbors='6'", "rf_max_features='0.3993210930389767'", "rf_n_estimators='215'"]}
{"cpu_time": 206.91096949577332, "total_cpu_time": null, "wallclock_time": 216.5909788608551, "evaluations": 134, "cost": 1.442917248765921, "incumbent": ["isomap_n_components='3'", "isomap_n_neighbors='6'", "rf_max_features='0.6310577157808223'", "rf_n_estimators='265'"]}
