{"cpu_time": 0, "total_cpu_time": null, "wallclock_time": 0.00014543533325195312, "evaluations": 0, "cost": 2147483648, "incumbent": ["pca_whiten=''true''", "svm_C='1.0'", "svm_gamma='1.0'"]}
{"cpu_time": 3.865337371826172, "total_cpu_time": null, "wallclock_time": 3.911161184310913, "evaluations": 1, "cost": 0.5249991870396756, "incumbent": ["pca_whiten=''true''", "svm_C='1.0'", "svm_gamma='1.0'"]}
{"cpu_time": 8.01925015449524, "total_cpu_time": null, "wallclock_time": 8.177330017089844, "evaluations": 2, "cost": 0.5145140565299212, "incumbent": ["pca_whiten=''true''", "svm_C='65.31224049555269'", "svm_gamma='4.667651857354299'"]}
{"cpu_time": 31.393718004226685, "total_cpu_time": null, "wallclock_time": 32.19923377037048, "evaluations": 8, "cost": 0.5094140829556735, "incumbent": ["pca_whiten=''true''", "svm_C='62.33281468850071'", "svm_gamma='1.5144007304461375'"]}
{"cpu_time": 107.49149632453918, "total_cpu_time": null, "wallclock_time": 110.5023398399353, "evaluations": 27, "cost": 0.50877475753868, "incumbent": ["pca_whiten=''false''", "svm_C='34.989973374982284'", "svm_gamma='1.6890410632564805'"]}
{"cpu_time": 114.73677635192871, "total_cpu_time": null, "wallclock_time": 118.03320741653442, "evaluations": 29, "cost": 0.5050999926399086, "incumbent": ["pca_whiten=''false''", "svm_C='62.50814177672008'", "svm_gamma='0.028977341676197955'"]}
{"cpu_time": 161.0283727645874, "total_cpu_time": null, "wallclock_time": 165.7470166683197, "evaluations": 42, "cost": 0.5038328067997978, "incumbent": ["pca_whiten=''true''", "svm_C='66.68134876416741'", "svm_gamma='0.09480299566282953'"]}
