{"cpu_time": 0, "total_cpu_time": null, "wallclock_time": 0.0005452632904052734, "evaluations": 0, "cost": 2147483648, "incumbent": ["pca_whiten=''true''", "svm_C='1.0'", "svm_gamma='1.0'"]}
{"cpu_time": 5.226207971572876, "total_cpu_time": null, "wallclock_time": 5.35261869430542, "evaluations": 1, "cost": 0.894845543858461, "incumbent": ["pca_whiten=''true''", "svm_C='1.0'", "svm_gamma='1.0'"]}
{"cpu_time": 42.06563758850098, "total_cpu_time": null, "wallclock_time": 43.51845908164978, "evaluations": 10, "cost": 0.8849709107888132, "incumbent": ["pca_whiten=''true''", "svm_C='28.47602111141865'", "svm_gamma='0.8905090834586253'"]}
{"cpu_time": 56.38013815879822, "total_cpu_time": null, "wallclock_time": 58.19691443443298, "evaluations": 14, "cost": 0.7777409655013661, "incumbent": ["pca_whiten=''true''", "svm_C='47.045856459274574'", "svm_gamma='0.24290530420018644'"]}
{"cpu_time": 92.01640701293945, "total_cpu_time": null, "wallclock_time": 94.85934162139893, "evaluations": 24, "cost": 0.7512366631968646, "incumbent": ["pca_whiten=''true''", "svm_C='20.283662209575553'", "svm_gamma='0.1824147757332178'"]}
{"cpu_time": 112.9826271533966, "total_cpu_time": null, "wallclock_time": 116.58927989006042, "evaluations": 29, "cost": 0.6925005024506321, "incumbent": ["pca_whiten=''false''", "svm_C='62.50814177672008'", "svm_gamma='0.028977341676197955'"]}
{"cpu_time": 186.01579332351685, "total_cpu_time": null, "wallclock_time": 192.8276538848877, "evaluations": 50, "cost": 0.6855078776140721, "incumbent": ["pca_whiten=''true''", "svm_C='9.101556828777612'", "svm_gamma='0.06448040418676435'"]}
{"cpu_time": 192.70425248146057, "total_cpu_time": null, "wallclock_time": 199.8483259677887, "evaluations": 52, "cost": 0.6672619364148188, "incumbent": ["pca_whiten=''true''", "svm_C='5.936387918635446'", "svm_gamma='0.06448040418676435'"]}
