"CPU Time Used","Estimated Training Performance","Wallclock Time","Incumbent ID","Automatic Configurator (CPU) Time","Configuration..."
0.000000, 2147483648.000000, 0.000545, 1, 0.000545, pca_whiten=''true'', svm_C='1.0', svm_gamma='1.0'
5.226208, 0.894846, 5.352619, 1, 0.126411, pca_whiten=''true'', svm_C='1.0', svm_gamma='1.0'
42.065638, 0.884971, 43.518459, 2, 1.452821, pca_whiten=''true'', svm_C='28.47602111141865', svm_gamma='0.8905090834586253'
56.380138, 0.777741, 58.196914, 3, 1.816776, pca_whiten=''true'', svm_C='47.045856459274574', svm_gamma='0.24290530420018644'
92.016407, 0.751237, 94.859342, 4, 2.842935, pca_whiten=''true'', svm_C='20.283662209575553', svm_gamma='0.1824147757332178'
112.982627, 0.692501, 116.589280, 5, 3.606653, pca_whiten=''false'', svm_C='62.50814177672008', svm_gamma='0.028977341676197955'
186.015793, 0.685508, 192.827654, 6, 6.811861, pca_whiten=''true'', svm_C='9.101556828777612', svm_gamma='0.06448040418676435'
192.704252, 0.667262, 199.848326, 7, 7.144073, pca_whiten=''true'', svm_C='5.936387918635446', svm_gamma='0.06448040418676435'
