{"cpu_time": 0, "total_cpu_time": null, "wallclock_time": 0.0001423358917236328, "evaluations": 0, "cost": 2147483648, "incumbent": ["isomap_n_components='2'", "isomap_n_neighbors='5'", "svm_C='1.0'", "svm_gamma='1.0'"]}
{"cpu_time": 2.1424179077148438, "total_cpu_time": null, "wallclock_time": 2.217576265335083, "evaluations": 1, "cost": 0.9490210652728353, "incumbent": ["isomap_n_components='2'", "isomap_n_neighbors='5'", "svm_C='1.0'", "svm_gamma='1.0'"]}
{"cpu_time": 27.121921062469482, "total_cpu_time": null, "wallclock_time": 28.638141870498657, "evaluations": 14, "cost": 0.9486810358308698, "incumbent": ["isomap_n_components='3'", "isomap_n_neighbors='5'", "svm_C='38.89655105288842'", "svm_gamma='0.20970182222779993'"]}
{"cpu_time": 31.1307270526886, "total_cpu_time": null, "wallclock_time": 32.92478537559509, "evaluations": 16, "cost": 0.9373209668311064, "incumbent": ["isomap_n_components='4'", "isomap_n_neighbors='7'", "svm_C='38.55079234388399'", "svm_gamma='0.15272242336232109'"]}
{"cpu_time": 39.07425570487976, "total_cpu_time": null, "wallclock_time": 41.57458734512329, "evaluations": 20, "cost": 0.9329805256913765, "incumbent": ["isomap_n_components='3'", "isomap_n_neighbors='4'", "svm_C='49.54584332332'", "svm_gamma='0.4865681947686598'"]}
{"cpu_time": 62.37199282646179, "total_cpu_time": null, "wallclock_time": 66.56407713890076, "evaluations": 32, "cost": 0.9294442136879595, "incumbent": ["isomap_n_components='3'", "isomap_n_neighbors='4'", "svm_C='44.79407784177501'", "svm_gamma='0.20823329438289134'"]}
{"cpu_time": 69.31371998786926, "total_cpu_time": null, "wallclock_time": 73.96080374717712, "evaluations": 36, "cost": 0.9249790472041886, "incumbent": ["isomap_n_components='3'", "isomap_n_neighbors='4'", "svm_C='90.70694941192613'", "svm_gamma='0.15793718019372419'"]}
{"cpu_time": 72.66402649879456, "total_cpu_time": null, "wallclock_time": 77.53017282485962, "evaluations": 38, "cost": 0.9220686671983688, "incumbent": ["isomap_n_components='4'", "isomap_n_neighbors='7'", "svm_C='68.11897965286875'", "svm_gamma='0.08446137422210419'"]}
{"cpu_time": 76.1690776348114, "total_cpu_time": null, "wallclock_time": 81.19876313209534, "evaluations": 40, "cost": 0.9149293718022871, "incumbent": ["isomap_n_components='4'", "isomap_n_neighbors='3'", "svm_C='14.554744358846131'", "svm_gamma='0.1318844020782152'"]}
{"cpu_time": 165.70210790634155, "total_cpu_time": null, "wallclock_time": 177.32752799987793, "evaluations": 94, "cost": 0.9116506421620957, "incumbent": ["isomap_n_components='4'", "isomap_n_neighbors='7'", "svm_C='95.04448387484543'", "svm_gamma='0.010577512705467015'"]}
{"cpu_time": 171.1593770980835, "total_cpu_time": null, "wallclock_time": 183.22903633117676, "evaluations": 98, "cost": 0.9104610751354487, "incumbent": ["isomap_n_components='4'", "isomap_n_neighbors='7'", "svm_C='48.99977218292468'", "svm_gamma='0.010577512705467015'"]}
{"cpu_time": 218.96733045578003, "total_cpu_time": null, "wallclock_time": 235.01886343955994, "evaluations": 132, "cost": 0.9102654768748387, "incumbent": ["isomap_n_components='4'", "isomap_n_neighbors='6'", "svm_C='95.04448387484543'", "svm_gamma='0.010577512705467015'"]}
{"cpu_time": 239.05493140220642, "total_cpu_time": null, "wallclock_time": 256.6464967727661, "evaluations": 146, "cost": 0.9087038193915559, "incumbent": ["isomap_n_components='4'", "isomap_n_neighbors='7'", "svm_C='42.74050566744578'", "svm_gamma='0.012814612006393262'"]}
{"cpu_time": 320.26405930519104, "total_cpu_time": null, "wallclock_time": 344.2952330112457, "evaluations": 204, "cost": 0.9083141142037059, "incumbent": ["isomap_n_components='4'", "isomap_n_neighbors='6'", "svm_C='1.9601490365618484'", "svm_gamma='0.038008974270460176'"]}
{"cpu_time": 401.6712863445282, "total_cpu_time": null, "wallclock_time": 432.40439319610596, "evaluations": 280, "cost": 0.9070538910211398, "incumbent": ["isomap_n_components='4'", "isomap_n_neighbors='6'", "svm_C='7.586088437612357'", "svm_gamma='0.038008974270460176'"]}
