"CPU Time Used","Estimated Training Performance","Wallclock Time","Incumbent ID","Automatic Configurator (CPU) Time","Configuration..."
0.000000, 2147483648.000000, 0.000124, 1, 0.000124, pca_whiten=''true'', svm_C='1.0', svm_gamma='1.0'
3.371851, 0.617283, 3.493112, 1, 0.121261, pca_whiten=''true'', svm_C='1.0', svm_gamma='1.0'
5.605252, 0.599673, 5.873136, 2, 0.267884, pca_whiten=''true'', svm_C='65.31224049555269', svm_gamma='4.667651857354299'
34.894374, 0.598756, 36.349334, 3, 1.454960, pca_whiten=''false'', svm_C='25.712989643805273', svm_gamma='4.218516371698723'
124.071876, 0.598437, 129.464659, 4, 5.392783, pca_whiten=''true'', svm_C='83.02055716961816', svm_gamma='4.839650228174729'
217.730564, 0.595383, 227.101098, 5, 9.370534, pca_whiten=''true'', svm_C='77.01662628983301', svm_gamma='4.051176349333281'
327.595956, 0.595188, 342.875200, 6, 15.279243, pca_whiten=''true'', svm_C='83.27771578179525', svm_gamma='4.516109963973243'
564.284978, 0.594035, 589.673524, 7, 25.388546, pca_whiten=''false'', svm_C='83.27771578179525', svm_gamma='4.516109963973243'
