{"cpu_time": 0, "total_cpu_time": null, "wallclock_time": 0.00012421607971191406, "evaluations": 0, "cost": 2147483648, "incumbent": ["pca_whiten=''true''", "svm_C='1.0'", "svm_gamma='1.0'"]}
{"cpu_time": 3.3718509674072266, "total_cpu_time": null, "wallclock_time": 3.4931116104125977, "evaluations": 1, "cost": 0.6172825508123365, "incumbent": ["pca_whiten=''true''", "svm_C='1.0'", "svm_gamma='1.0'"]}
{"cpu_time": 5.605251789093018, "total_cpu_time": null, "wallclock_time": 5.873136043548584, "evaluations": 2, "cost": 0.5996734195642858, "incumbent": ["pca_whiten=''true''", "svm_C='65.31224049555269'", "svm_gamma='4.667651857354299'"]}
{"cpu_time": 34.89437413215637, "total_cpu_time": null, "wallclock_time": 36.34933423995972, "evaluations": 14, "cost": 0.5987556879161373, "incumbent": ["pca_whiten=''false''", "svm_C='25.712989643805273'", "svm_gamma='4.218516371698723'"]}
{"cpu_time": 124.07187604904175, "total_cpu_time": null, "wallclock_time": 129.4646589756012, "evaluations": 45, "cost": 0.5984373889306226, "incumbent": ["pca_whiten=''true''", "svm_C='83.02055716961816'", "svm_gamma='4.839650228174729'"]}
{"cpu_time": 217.73056435585022, "total_cpu_time": null, "wallclock_time": 227.1010980606079, "evaluations": 76, "cost": 0.5953826863806062, "incumbent": ["pca_whiten=''true''", "svm_C='77.01662628983301'", "svm_gamma='4.051176349333281'"]}
{"cpu_time": 327.595956325531, "total_cpu_time": null, "wallclock_time": 342.8751995563507, "evaluations": 118, "cost": 0.5951882906836728, "incumbent": ["pca_whiten=''true''", "svm_C='83.27771578179525'", "svm_gamma='4.516109963973243'"]}
{"cpu_time": 564.2849779129028, "total_cpu_time": null, "wallclock_time": 589.6735243797302, "evaluations": 202, "cost": 0.5940347899751592, "incumbent": ["pca_whiten=''false''", "svm_C='83.27771578179525'", "svm_gamma='4.516109963973243'"]}
