{"cpu_time": 0, "total_cpu_time": null, "wallclock_time": 0.00010609626770019531, "evaluations": 0, "cost": 2147483648, "incumbent": ["pca_whiten=''true''", "svm_C='1.0'", "svm_gamma='1.0'"]}
{"cpu_time": 50.89328908920288, "total_cpu_time": null, "wallclock_time": 50.96236205101013, "evaluations": 1, "cost": 0.8963306937940235, "incumbent": ["pca_whiten=''true''", "svm_C='1.0'", "svm_gamma='1.0'"]}
{"cpu_time": 61.73669457435608, "total_cpu_time": null, "wallclock_time": 62.11068797111511, "evaluations": 10, "cost": 0.8815128715616702, "incumbent": ["pca_whiten=''true''", "svm_C='28.47602111141865'", "svm_gamma='0.8905090834586253'"]}
{"cpu_time": 66.95320439338684, "total_cpu_time": null, "wallclock_time": 67.45731997489929, "evaluations": 14, "cost": 0.8457517986827804, "incumbent": ["pca_whiten=''false''", "svm_C='35.6177788970462'", "svm_gamma='0.6139953250167454'"]}
{"cpu_time": 78.0956871509552, "total_cpu_time": null, "wallclock_time": 78.90699887275696, "evaluations": 24, "cost": 0.7052837442724843, "incumbent": ["pca_whiten=''false''", "svm_C='40.16290321155926'", "svm_gamma='0.06300154229322566'"]}
{"cpu_time": 83.05721139907837, "total_cpu_time": null, "wallclock_time": 84.03476881980896, "evaluations": 29, "cost": 0.695870833786878, "incumbent": ["pca_whiten=''false''", "svm_C='62.50814177672008'", "svm_gamma='0.028977341676197955'"]}
{"cpu_time": 89.8655948638916, "total_cpu_time": null, "wallclock_time": 91.18994617462158, "evaluations": 36, "cost": 0.679695055458991, "incumbent": ["pca_whiten=''false''", "svm_C='23.031408896054625'", "svm_gamma='0.03743717312918946'"]}
{"cpu_time": 94.93763470649719, "total_cpu_time": null, "wallclock_time": 96.44395852088928, "evaluations": 40, "cost": 0.673374159073474, "incumbent": ["pca_whiten=''false''", "svm_C='14.167313261295256'", "svm_gamma='0.03607685347522955'"]}
