"CPU Time Used","Estimated Training Performance","Wallclock Time","Incumbent ID","Automatic Configurator (CPU) Time","Configuration..."
0.000000, 2147483648.000000, 0.000106, 1, 0.000106, pca_whiten=''true'', svm_C='1.0', svm_gamma='1.0'
50.893289, 0.896331, 50.962362, 1, 0.069073, pca_whiten=''true'', svm_C='1.0', svm_gamma='1.0'
61.736695, 0.881513, 62.110688, 2, 0.373993, pca_whiten=''true'', svm_C='28.47602111141865', svm_gamma='0.8905090834586253'
66.953204, 0.845752, 67.457320, 3, 0.504116, pca_whiten=''false'', svm_C='35.6177788970462', svm_gamma='0.6139953250167454'
78.095687, 0.705284, 78.906999, 4, 0.811312, pca_whiten=''false'', svm_C='40.16290321155926', svm_gamma='0.06300154229322566'
83.057211, 0.695871, 84.034769, 5, 0.977557, pca_whiten=''false'', svm_C='62.50814177672008', svm_gamma='0.028977341676197955'
89.865595, 0.679695, 91.189946, 6, 1.324351, pca_whiten=''false'', svm_C='23.031408896054625', svm_gamma='0.03743717312918946'
94.937635, 0.673374, 96.443959, 7, 1.506324, pca_whiten=''false'', svm_C='14.167313261295256', svm_gamma='0.03607685347522955'
