{"cpu_time": 0, "total_cpu_time": null, "wallclock_time": 0.0001347064971923828, "evaluations": 0, "cost": 2147483648, "incumbent": ["haralick_distance='1'", "isomap_n_components='2'", "isomap_n_neighbors='5'", "svm_C='1.0'", "svm_gamma='1.0'"]}
{"cpu_time": 51.211225271224976, "total_cpu_time": null, "wallclock_time": 51.23255753517151, "evaluations": 1, "cost": 0.83235560039713, "incumbent": ["haralick_distance='1'", "isomap_n_components='2'", "isomap_n_neighbors='5'", "svm_C='1.0'", "svm_gamma='1.0'"]}
{"cpu_time": 379.9667387008667, "total_cpu_time": null, "wallclock_time": 380.30159163475037, "evaluations": 6, "cost": 0.828753640220317, "incumbent": ["haralick_distance='2'", "isomap_n_components='2'", "isomap_n_neighbors='4'", "svm_C='24.661941005117924'", "svm_gamma='0.43558917449642676'"]}
{"cpu_time": 740.2927236557007, "total_cpu_time": null, "wallclock_time": 741.0085868835449, "evaluations": 14, "cost": 0.827481510913851, "incumbent": ["haralick_distance='1'", "isomap_n_components='2'", "isomap_n_neighbors='5'", "svm_C='5.278391019922376'", "svm_gamma='0.36072239072526907'"]}
{"cpu_time": 830.2603039741516, "total_cpu_time": null, "wallclock_time": 831.1052806377411, "evaluations": 16, "cost": 0.8132798391679823, "incumbent": ["haralick_distance='3'", "isomap_n_components='3'", "isomap_n_neighbors='7'", "svm_C='52.97966685285732'", "svm_gamma='0.26470622218519896'"]}
{"cpu_time": 920.7047927379608, "total_cpu_time": null, "wallclock_time": 921.6716222763062, "evaluations": 18, "cost": 0.811030024120767, "incumbent": ["haralick_distance='2'", "isomap_n_components='4'", "isomap_n_neighbors='5'", "svm_C='0.6442231793390646'", "svm_gamma='0.45072422581951266'"]}
{"cpu_time": 2097.7774827480316, "total_cpu_time": null, "wallclock_time": 2100.3460745811462, "evaluations": 44, "cost": 0.7622880837973466, "incumbent": ["haralick_distance='3'", "isomap_n_components='2'", "isomap_n_neighbors='5'", "svm_C='71.03837541847803'", "svm_gamma='0.21227135040347644'"]}
{"cpu_time": 3626.791065454483, "total_cpu_time": null, "wallclock_time": 3631.3657083511353, "evaluations": 78, "cost": 0.7622758611302447, "incumbent": ["haralick_distance='3'", "isomap_n_components='2'", "isomap_n_neighbors='5'", "svm_C='80.52881818677578'", "svm_gamma='0.21227135040347644'"]}
{"cpu_time": 3896.196265935898, "total_cpu_time": null, "wallclock_time": 3901.087496995926, "evaluations": 84, "cost": 0.7601803627693315, "incumbent": ["haralick_distance='3'", "isomap_n_components='2'", "isomap_n_neighbors='5'", "svm_C='77.9407027289824'", "svm_gamma='0.21227135040347644'"]}
{"cpu_time": 6115.802857637405, "total_cpu_time": null, "wallclock_time": 6123.759535312653, "evaluations": 132, "cost": 0.7568370458754936, "incumbent": ["haralick_distance='3'", "isomap_n_components='2'", "isomap_n_neighbors='5'", "svm_C='49.9223260569722'", "svm_gamma='0.2420215082323859'"]}
