{"cpu_time": 0, "total_cpu_time": null, "wallclock_time": 5.1021575927734375e-05, "evaluations": 0, "cost": 2147483648, "incumbent": ["haralick_distance='1'"]}
{"cpu_time": 100000.1015598774, "total_cpu_time": null, "wallclock_time": 100000.10427951813, "evaluations": 1, "cost": 2147483647.0, "incumbent": ["haralick_distance='1'"]}
