{"cpu_time": 0, "total_cpu_time": null, "wallclock_time": 0.0001342296600341797, "evaluations": 0, "cost": 2147483648, "incumbent": ["pca_whiten=''true''", "rf_max_features='0.5'", "rf_n_estimators='10'"]}
{"cpu_time": 74.07172465324402, "total_cpu_time": null, "wallclock_time": 74.29995822906494, "evaluations": 1, "cost": 1.5296014431450378, "incumbent": ["pca_whiten=''true''", "rf_max_features='0.5'", "rf_n_estimators='10'"]}
{"cpu_time": 80.78543901443481, "total_cpu_time": null, "wallclock_time": 81.22503161430359, "evaluations": 2, "cost": 0.7153456577598178, "incumbent": ["pca_whiten=''true''", "rf_max_features='0.6263875900678313'", "rf_n_estimators='178'"]}
{"cpu_time": 87.81388187408447, "total_cpu_time": null, "wallclock_time": 88.31236100196838, "evaluations": 3, "cost": 0.7126042052518384, "incumbent": ["pca_whiten=''false''", "rf_max_features='0.3021465708060675'", "rf_n_estimators='203'"]}
{"cpu_time": 113.88427019119263, "total_cpu_time": null, "wallclock_time": 114.95333886146545, "evaluations": 5, "cost": 0.7105404018839357, "incumbent": ["pca_whiten=''true''", "rf_max_features='0.6948449041611862'", "rf_n_estimators='249'"]}
{"cpu_time": 183.65993547439575, "total_cpu_time": null, "wallclock_time": 185.70529627799988, "evaluations": 11, "cost": 0.7068185680504596, "incumbent": ["pca_whiten=''true''", "rf_max_features='0.7898269852068684'", "rf_n_estimators='295'"]}
{"cpu_time": 198.82573533058167, "total_cpu_time": null, "wallclock_time": 201.36131858825684, "evaluations": 13, "cost": 0.703470612291034, "incumbent": ["pca_whiten=''true''", "rf_max_features='0.6700648310036244'", "rf_n_estimators='80'"]}
{"cpu_time": 432.83124136924744, "total_cpu_time": null, "wallclock_time": 441.16555285453796, "evaluations": 45, "cost": 0.6989949090464919, "incumbent": ["pca_whiten=''false''", "rf_max_features='0.449831773581129'", "rf_n_estimators='112'"]}
{"cpu_time": 870.9446966648102, "total_cpu_time": null, "wallclock_time": 889.9379603862762, "evaluations": 97, "cost": 0.6966419615284861, "incumbent": ["pca_whiten=''false''", "rf_max_features='0.3829602010319663'", "rf_n_estimators='98'"]}
