{"cpu_time": 0, "total_cpu_time": null, "wallclock_time": 4.76837158203125e-05, "evaluations": 0, "cost": 2147483648, "incumbent": ["pca_whiten=''true''"]}
{"cpu_time": 0.24727487564086914, "total_cpu_time": null, "wallclock_time": 0.2748286724090576, "evaluations": 1, "cost": 4.713503382940763, "incumbent": ["pca_whiten=''true''"]}
