{"cpu_time": 0, "total_cpu_time": null, "wallclock_time": 0.00011849403381347656, "evaluations": 0, "cost": 2147483648, "incumbent": ["haralick_distance='1'", "pca_whiten=''true''", "rf_max_features='0.5'", "rf_n_estimators='10'"]}
{"cpu_time": 35.998680114746094, "total_cpu_time": null, "wallclock_time": 36.01660919189453, "evaluations": 1, "cost": 2.5158844239085694, "incumbent": ["haralick_distance='1'", "pca_whiten=''true''", "rf_max_features='0.5'", "rf_n_estimators='10'"]}
{"cpu_time": 72.59491801261902, "total_cpu_time": null, "wallclock_time": 72.65171027183533, "evaluations": 2, "cost": 1.475975150594099, "incumbent": ["haralick_distance='1'", "pca_whiten=''true''", "rf_max_features='0.5914675755540864'", "rf_n_estimators='259'"]}
{"cpu_time": 108.9017379283905, "total_cpu_time": null, "wallclock_time": 108.97947549819946, "evaluations": 3, "cost": 1.0418812042256822, "incumbent": ["haralick_distance='2'", "pca_whiten=''true''", "rf_max_features='0.49829813910866494'", "rf_n_estimators='39'"]}
{"cpu_time": 146.67851209640503, "total_cpu_time": null, "wallclock_time": 146.8081407546997, "evaluations": 4, "cost": 0.7170437186676294, "incumbent": ["haralick_distance='2'", "pca_whiten=''false''", "rf_max_features='0.7749277535405971'", "rf_n_estimators='140'"]}
{"cpu_time": 183.3079161643982, "total_cpu_time": null, "wallclock_time": 183.45688033103943, "evaluations": 5, "cost": 0.5913717640435624, "incumbent": ["haralick_distance='2'", "pca_whiten=''true''", "rf_max_features='0.36113899979178665'", "rf_n_estimators='248'"]}
{"cpu_time": 219.7712697982788, "total_cpu_time": null, "wallclock_time": 219.97641372680664, "evaluations": 6, "cost": 0.5191073621228207, "incumbent": ["haralick_distance='3'", "pca_whiten=''true''", "rf_max_features='0.5831730167358328'", "rf_n_estimators='256'"]}
{"cpu_time": 968.9823288917542, "total_cpu_time": null, "wallclock_time": 970.0484826564789, "evaluations": 29, "cost": 0.519100513220786, "incumbent": ["haralick_distance='3'", "pca_whiten=''true''", "rf_max_features='0.49413803478057056'", "rf_n_estimators='245'"]}
{"cpu_time": 1319.0450286865234, "total_cpu_time": null, "wallclock_time": 1320.5528173446655, "evaluations": 40, "cost": 0.5182363665177857, "incumbent": ["haralick_distance='3'", "pca_whiten=''true''", "rf_max_features='0.6404969834216666'", "rf_n_estimators='262'"]}
{"cpu_time": 1894.0558574199677, "total_cpu_time": null, "wallclock_time": 1896.3379724025726, "evaluations": 58, "cost": 0.5115833321950026, "incumbent": ["haralick_distance='3'", "pca_whiten=''true''", "rf_max_features='0.7355736366628818'", "rf_n_estimators='293'"]}
{"cpu_time": 1990.1483571529388, "total_cpu_time": null, "wallclock_time": 1992.5331783294678, "evaluations": 61, "cost": 0.4531787893562964, "incumbent": ["haralick_distance='3'", "pca_whiten=''false''", "rf_max_features='0.304707544910755'", "rf_n_estimators='293'"]}
