{"cpu_time": 0, "total_cpu_time": null, "wallclock_time": 0.00010204315185546875, "evaluations": 0, "cost": 2147483648, "incumbent": ["pca_whiten=''true''", "svm_C='1.0'", "svm_gamma='1.0'"]}
{"cpu_time": 1.250175952911377, "total_cpu_time": null, "wallclock_time": 1.2691352367401123, "evaluations": 1, "cost": 0.8956703846125577, "incumbent": ["pca_whiten=''true''", "svm_C='1.0'", "svm_gamma='1.0'"]}
{"cpu_time": 10.466095685958862, "total_cpu_time": null, "wallclock_time": 10.79259467124939, "evaluations": 10, "cost": 0.8796111921136741, "incumbent": ["pca_whiten=''true''", "svm_C='28.47602111141865'", "svm_gamma='0.8905090834586253'"]}
{"cpu_time": 19.291250944137573, "total_cpu_time": null, "wallclock_time": 19.96618962287903, "evaluations": 18, "cost": 0.8445755137815123, "incumbent": ["pca_whiten=''true''", "svm_C='26.328901949788275'", "svm_gamma='0.5877089571312493'"]}
{"cpu_time": 21.506566286087036, "total_cpu_time": null, "wallclock_time": 22.324944019317627, "evaluations": 20, "cost": 0.7398269136546892, "incumbent": ["pca_whiten=''true''", "svm_C='94.33098207960246'", "svm_gamma='0.11168777361183017'"]}
{"cpu_time": 26.35573673248291, "total_cpu_time": null, "wallclock_time": 27.422102212905884, "evaluations": 24, "cost": 0.7051664483899961, "incumbent": ["pca_whiten=''true''", "svm_C='91.41861169414915'", "svm_gamma='0.01772800023380404'"]}
{"cpu_time": 32.206162214279175, "total_cpu_time": null, "wallclock_time": 33.472877979278564, "evaluations": 29, "cost": 0.6961098318125515, "incumbent": ["pca_whiten=''false''", "svm_C='62.50814177672008'", "svm_gamma='0.028977341676197955'"]}
{"cpu_time": 45.83331608772278, "total_cpu_time": null, "wallclock_time": 47.80321907997131, "evaluations": 42, "cost": 0.693506789563264, "incumbent": ["pca_whiten=''false''", "svm_C='69.65995155594406'", "svm_gamma='0.01772800023380404'"]}
{"cpu_time": 50.53380537033081, "total_cpu_time": null, "wallclock_time": 52.724717140197754, "evaluations": 46, "cost": 0.6893917006404333, "incumbent": ["pca_whiten=''false''", "svm_C='72.82167271069956'", "svm_gamma='0.019474077347745984'"]}
{"cpu_time": 112.0116331577301, "total_cpu_time": null, "wallclock_time": 117.04071760177612, "evaluations": 101, "cost": 0.6888792524659683, "incumbent": ["pca_whiten=''true''", "svm_C='5.417027910281366'", "svm_gamma='0.09225294851754084'"]}
{"cpu_time": 114.79758787155151, "total_cpu_time": null, "wallclock_time": 119.99259757995605, "evaluations": 104, "cost": 0.6867154424730114, "incumbent": ["pca_whiten=''false''", "svm_C='16.99329035545034'", "svm_gamma='0.02711025857793227'"]}
{"cpu_time": 117.42851781845093, "total_cpu_time": null, "wallclock_time": 122.70065236091614, "evaluations": 106, "cost": 0.6826507497695048, "incumbent": ["pca_whiten=''false''", "svm_C='4.428382060277484'", "svm_gamma='0.05119387953213797'"]}
{"cpu_time": 123.14551949501038, "total_cpu_time": null, "wallclock_time": 128.74517822265625, "evaluations": 111, "cost": 0.6715722553842175, "incumbent": ["pca_whiten=''true''", "svm_C='9.011289130735257'", "svm_gamma='0.05119387953213797'"]}
{"cpu_time": 174.70023250579834, "total_cpu_time": null, "wallclock_time": 182.72902917861938, "evaluations": 158, "cost": 0.6711485542029996, "incumbent": ["pca_whiten=''true''", "svm_C='9.452731803353139'", "svm_gamma='0.05119387953213797'"]}
