{"cpu_time": 0, "total_cpu_time": null, "wallclock_time": 0.00011992454528808594, "evaluations": 0, "cost": 2147483648, "incumbent": ["isomap_n_components='2'", "isomap_n_neighbors='5'", "svm_C='1.0'", "svm_gamma='1.0'"]}
{"cpu_time": 0.8137717247009277, "total_cpu_time": null, "wallclock_time": 0.8308002948760986, "evaluations": 1, "cost": 0.5260864407305927, "incumbent": ["isomap_n_components='2'", "isomap_n_neighbors='5'", "svm_C='1.0'", "svm_gamma='1.0'"]}
{"cpu_time": 3.2407386302948, "total_cpu_time": null, "wallclock_time": 3.3630151748657227, "evaluations": 4, "cost": 0.5194724646555428, "incumbent": ["isomap_n_components='3'", "isomap_n_neighbors='3'", "svm_C='47.63256038084591'", "svm_gamma='4.369503763577128'"]}
{"cpu_time": 6.435751914978027, "total_cpu_time": null, "wallclock_time": 6.690171957015991, "evaluations": 8, "cost": 0.5173772891812177, "incumbent": ["isomap_n_components='3'", "isomap_n_neighbors='7'", "svm_C='28.434172277564443'", "svm_gamma='6.16372404970847'"]}
{"cpu_time": 10.405100345611572, "total_cpu_time": null, "wallclock_time": 10.847413539886475, "evaluations": 13, "cost": 0.5169318577283897, "incumbent": ["isomap_n_components='3'", "isomap_n_neighbors='7'", "svm_C='82.10845963513053'", "svm_gamma='2.675788752665743'"]}
{"cpu_time": 11.37594485282898, "total_cpu_time": null, "wallclock_time": 11.893954515457153, "evaluations": 14, "cost": 0.514492016519759, "incumbent": ["isomap_n_components='3'", "isomap_n_neighbors='7'", "svm_C='31.29668832727377'", "svm_gamma='6.691497685717954'"]}
{"cpu_time": 18.918970823287964, "total_cpu_time": null, "wallclock_time": 19.800151824951172, "evaluations": 23, "cost": 0.5111436282695624, "incumbent": ["isomap_n_components='4'", "isomap_n_neighbors='7'", "svm_C='66.89946072184424'", "svm_gamma='7.876862576395569'"]}
{"cpu_time": 28.30358052253723, "total_cpu_time": null, "wallclock_time": 29.64383029937744, "evaluations": 34, "cost": 0.5093545542375097, "incumbent": ["isomap_n_components='4'", "isomap_n_neighbors='7'", "svm_C='90.94800151328087'", "svm_gamma='5.745084688996731'"]}
{"cpu_time": 56.667267084121704, "total_cpu_time": null, "wallclock_time": 59.500723123550415, "evaluations": 68, "cost": 0.509310141085241, "incumbent": ["isomap_n_components='4'", "isomap_n_neighbors='7'", "svm_C='90.94800151328087'", "svm_gamma='4.938329291419019'"]}
{"cpu_time": 86.5439465045929, "total_cpu_time": null, "wallclock_time": 90.96068263053894, "evaluations": 104, "cost": 0.5092802693377374, "incumbent": ["isomap_n_components='4'", "isomap_n_neighbors='7'", "svm_C='93.14520230183882'", "svm_gamma='5.2023204924207604'"]}
{"cpu_time": 119.76221489906311, "total_cpu_time": null, "wallclock_time": 126.01837110519409, "evaluations": 144, "cost": 0.5090451228695622, "incumbent": ["isomap_n_components='4'", "isomap_n_neighbors='7'", "svm_C='92.73837199049734'", "svm_gamma='5.2023204924207604'"]}
