{"cpu_time": 0, "total_cpu_time": null, "wallclock_time": 0.00011229515075683594, "evaluations": 0, "cost": 2147483648, "incumbent": ["isomap_n_components='2'", "isomap_n_neighbors='5'", "svm_C='1.0'", "svm_gamma='1.0'"]}
{"cpu_time": 0.7444653511047363, "total_cpu_time": null, "wallclock_time": 0.7602124214172363, "evaluations": 1, "cost": 0.3748426566105454, "incumbent": ["isomap_n_components='2'", "isomap_n_neighbors='5'", "svm_C='1.0'", "svm_gamma='1.0'"]}
{"cpu_time": 1.5927460193634033, "total_cpu_time": null, "wallclock_time": 1.6556527614593506, "evaluations": 2, "cost": 0.3696086318790018, "incumbent": ["isomap_n_components='2'", "isomap_n_neighbors='7'", "svm_C='94.12416540310615'", "svm_gamma='5.804177494310886'"]}
{"cpu_time": 2.348099708557129, "total_cpu_time": null, "wallclock_time": 2.4270036220550537, "evaluations": 3, "cost": 0.3503604712235598, "incumbent": ["isomap_n_components='4'", "isomap_n_neighbors='5'", "svm_C='25.725342527255737'", "svm_gamma='2.7907769724696707'"]}
{"cpu_time": 9.13246464729309, "total_cpu_time": null, "wallclock_time": 9.559341430664062, "evaluations": 12, "cost": 0.32183580822624575, "incumbent": ["isomap_n_components='4'", "isomap_n_neighbors='6'", "svm_C='8.427770022175352'", "svm_gamma='2.908830657845212'"]}
{"cpu_time": 10.684936046600342, "total_cpu_time": null, "wallclock_time": 11.188693284988403, "evaluations": 14, "cost": 0.3192640772585305, "incumbent": ["isomap_n_components='4'", "isomap_n_neighbors='4'", "svm_C='2.2480558634523766'", "svm_gamma='3.043804231953294'"]}
{"cpu_time": 30.6489417552948, "total_cpu_time": null, "wallclock_time": 32.2367000579834, "evaluations": 40, "cost": 0.3157827177656641, "incumbent": ["isomap_n_components='4'", "isomap_n_neighbors='4'", "svm_C='2.2480558634523766'", "svm_gamma='3.519207953309918'"]}
