{"cpu_time": 0, "total_cpu_time": null, "wallclock_time": 9.322166442871094e-05, "evaluations": 0, "cost": 2147483648, "incumbent": ["pca_whiten=''true''", "svm_C='0.1'", "svm_gamma='4.005'"]}
{"cpu_time": 2.7166104316711426, "total_cpu_time": null, "wallclock_time": 2.7616078853607178, "evaluations": 1, "cost": 1.0549616576058105, "incumbent": ["pca_whiten=''true''", "svm_C='0.1'", "svm_gamma='4.005'"]}
{"cpu_time": 4.785122871398926, "total_cpu_time": null, "wallclock_time": 4.904681921005249, "evaluations": 2, "cost": 1.016932348970639, "incumbent": ["pca_whiten=''true''", "svm_C='100.0'", "svm_gamma='6.0024999999999995'"]}
{"cpu_time": 6.169924020767212, "total_cpu_time": null, "wallclock_time": 6.310652732849121, "evaluations": 3, "cost": 1.0141635740241004, "incumbent": ["pca_whiten=''true''", "svm_C='25.075000000000003'", "svm_gamma='4.005'"]}
{"cpu_time": 8.235533475875854, "total_cpu_time": null, "wallclock_time": 8.444612264633179, "evaluations": 5, "cost": 1.0110761075809718, "incumbent": ["pca_whiten=''false''", "svm_C='100.0'", "svm_gamma='2.0075'"]}
{"cpu_time": 14.02211594581604, "total_cpu_time": null, "wallclock_time": 14.516718626022339, "evaluations": 8, "cost": 1.008292093140243, "incumbent": ["pca_whiten=''true''", "svm_C='75.025'", "svm_gamma='4.005'"]}
{"cpu_time": 15.38839864730835, "total_cpu_time": null, "wallclock_time": 15.92067003250122, "evaluations": 9, "cost": 1.0021227055523438, "incumbent": ["pca_whiten=''true''", "svm_C='75.025'", "svm_gamma='2.0075'"]}
