{"cpu_time": 0, "total_cpu_time": null, "wallclock_time": 6.29425048828125e-05, "evaluations": 0, "cost": 2147483648, "incumbent": ["pca_whiten=''true''"]}
{"cpu_time": 28.222470998764038, "total_cpu_time": null, "wallclock_time": 28.61297035217285, "evaluations": 1, "cost": 5.73270024442532, "incumbent": ["pca_whiten=''true''"]}
