{"cpu_time": 0, "total_cpu_time": null, "wallclock_time": 0.00015115737915039062, "evaluations": 0, "cost": 2147483648, "incumbent": ["pca_whiten=''true''", "rf_max_features='0.5'", "rf_n_estimators='81'"]}
{"cpu_time": 1.8976554870605469, "total_cpu_time": null, "wallclock_time": 1.9303407669067383, "evaluations": 1, "cost": 0.7277857957832964, "incumbent": ["pca_whiten=''true''", "rf_max_features='0.5'", "rf_n_estimators='81'"]}
{"cpu_time": 3.857743263244629, "total_cpu_time": null, "wallclock_time": 3.9231488704681396, "evaluations": 2, "cost": 0.7119084144505926, "incumbent": ["pca_whiten=''true''", "rf_max_features='0.3'", "rf_n_estimators='227'"]}
{"cpu_time": 10.423809051513672, "total_cpu_time": null, "wallclock_time": 10.718208074569702, "evaluations": 7, "cost": 0.7069659443870031, "incumbent": ["pca_whiten=''true''", "rf_max_features='0.5'", "rf_n_estimators='300'"]}
{"cpu_time": 16.860356092453003, "total_cpu_time": null, "wallclock_time": 17.3154718875885, "evaluations": 11, "cost": 0.704100712563687, "incumbent": ["pca_whiten=''true''", "rf_max_features='0.5'", "rf_n_estimators='227'"]}
{"cpu_time": 36.28861093521118, "total_cpu_time": null, "wallclock_time": 37.106449604034424, "evaluations": 20, "cost": 0.7033301392404404, "incumbent": ["pca_whiten=''false''", "rf_max_features='0.7'", "rf_n_estimators='154'"]}
{"cpu_time": 53.9113245010376, "total_cpu_time": null, "wallclock_time": 55.069432735443115, "evaluations": 29, "cost": 0.7018461472138852, "incumbent": ["pca_whiten=''false''", "rf_max_features='0.5'", "rf_n_estimators='154'"]}
