{"cpu_time": 0, "total_cpu_time": null, "wallclock_time": 0.0001373291015625, "evaluations": 0, "cost": 2147483648, "incumbent": ["isomap_n_components='2'", "isomap_n_neighbors='5'", "rf_max_features='0.5'", "rf_n_estimators='10'"]}
{"cpu_time": 3.2114617824554443, "total_cpu_time": null, "wallclock_time": 3.2681257724761963, "evaluations": 1, "cost": 1.0873531734793251, "incumbent": ["isomap_n_components='2'", "isomap_n_neighbors='5'", "rf_max_features='0.5'", "rf_n_estimators='10'"]}
{"cpu_time": 7.4486002922058105, "total_cpu_time": null, "wallclock_time": 7.649031400680542, "evaluations": 2, "cost": 0.8091550804336641, "incumbent": ["isomap_n_components='2'", "isomap_n_neighbors='7'", "rf_max_features='0.7705914184339647'", "rf_n_estimators='220'"]}
{"cpu_time": 11.02425765991211, "total_cpu_time": null, "wallclock_time": 11.322717666625977, "evaluations": 3, "cost": 0.7893307755344622, "incumbent": ["isomap_n_components='4'", "isomap_n_neighbors='5'", "rf_max_features='0.42825496760388254'", "rf_n_estimators='109'"]}
{"cpu_time": 14.688149452209473, "total_cpu_time": null, "wallclock_time": 15.1681809425354, "evaluations": 4, "cost": 0.7557643417278216, "incumbent": ["isomap_n_components='3'", "isomap_n_neighbors='3'", "rf_max_features='0.5379007026068363'", "rf_n_estimators='167'"]}
{"cpu_time": 27.18598484992981, "total_cpu_time": null, "wallclock_time": 28.107678413391113, "evaluations": 7, "cost": 0.6662851591371833, "incumbent": ["isomap_n_components='4'", "isomap_n_neighbors='3'", "rf_max_features='0.49447053546536157'", "rf_n_estimators='97'"]}
