{"cpu_time": 0, "total_cpu_time": null, "wallclock_time": 0.00011086463928222656, "evaluations": 0, "cost": 2147483648, "incumbent": ["pca_whiten=''true''", "svm_C='1.0'", "svm_gamma='1.0'"]}
{"cpu_time": 0.3650977611541748, "total_cpu_time": null, "wallclock_time": 0.4602227210998535, "evaluations": 1, "cost": 0.7316168996444037, "incumbent": ["pca_whiten=''true''", "svm_C='1.0'", "svm_gamma='1.0'"]}
{"cpu_time": 0.8747947216033936, "total_cpu_time": null, "wallclock_time": 1.120757818222046, "evaluations": 2, "cost": 0.5222423315684726, "incumbent": ["pca_whiten=''true''", "svm_C='65.31224049555269'", "svm_gamma='4.667651857354299'"]}
{"cpu_time": 10.198697566986084, "total_cpu_time": null, "wallclock_time": 13.224562883377075, "evaluations": 22, "cost": 0.5214345486987054, "incumbent": ["pca_whiten=''false''", "svm_C='62.51123326360207'", "svm_gamma='6.645835777997354'"]}
{"cpu_time": 13.455004453659058, "total_cpu_time": null, "wallclock_time": 17.635157585144043, "evaluations": 29, "cost": 0.49610675355496286, "incumbent": ["pca_whiten=''false''", "svm_C='62.50814177672008'", "svm_gamma='0.028977341676197955'"]}
