{"cpu_time": 0, "total_cpu_time": null, "wallclock_time": 0.00010395050048828125, "evaluations": 0, "cost": 2147483648, "incumbent": ["rf_max_features='0.5'", "rf_n_estimators='10'"]}
{"cpu_time": 2.851229190826416, "total_cpu_time": null, "wallclock_time": 2.913723945617676, "evaluations": 1, "cost": 1.236995423287552, "incumbent": ["rf_max_features='0.5'", "rf_n_estimators='10'"]}
{"cpu_time": 35.4268274307251, "total_cpu_time": null, "wallclock_time": 35.54163408279419, "evaluations": 2, "cost": 0.5504658383814791, "incumbent": ["rf_max_features='0.3066124236873286'", "rf_n_estimators='269'"]}
{"cpu_time": 113.85415697097778, "total_cpu_time": null, "wallclock_time": 114.1876916885376, "evaluations": 4, "cost": 0.5396801415115943, "incumbent": ["rf_max_features='0.5304593760783073'", "rf_n_estimators='160'"]}
{"cpu_time": 138.82324862480164, "total_cpu_time": null, "wallclock_time": 139.24489521980286, "evaluations": 6, "cost": 0.5373361014748387, "incumbent": ["rf_max_features='0.4037466328474999'", "rf_n_estimators='96'"]}
{"cpu_time": 775.0290811061859, "total_cpu_time": null, "wallclock_time": 777.597806930542, "evaluations": 40, "cost": 0.5366017139119087, "incumbent": ["rf_max_features='0.6926393280787287'", "rf_n_estimators='22'"]}
{"cpu_time": 1778.9114215373993, "total_cpu_time": null, "wallclock_time": 1784.247459411621, "evaluations": 113, "cost": 0.5364122631694941, "incumbent": ["rf_max_features='0.5469250016978762'", "rf_n_estimators='299'"]}
