{"cpu_time": 0, "total_cpu_time": null, "wallclock_time": 0.0001251697540283203, "evaluations": 0, "cost": 2147483648, "incumbent": ["isomap_n_components='2'", "isomap_n_neighbors='5'", "svm_C='1.0'", "svm_gamma='1.0'"]}
{"cpu_time": 3.0408904552459717, "total_cpu_time": null, "wallclock_time": 3.087175130844116, "evaluations": 1, "cost": 0.5064224042262161, "incumbent": ["isomap_n_components='2'", "isomap_n_neighbors='5'", "svm_C='1.0'", "svm_gamma='1.0'"]}
{"cpu_time": 53.980504751205444, "total_cpu_time": null, "wallclock_time": 55.60578894615173, "evaluations": 16, "cost": 0.4411633461170172, "incumbent": ["isomap_n_components='4'", "isomap_n_neighbors='7'", "svm_C='38.55079234388399'", "svm_gamma='0.15272242336232109'"]}
{"cpu_time": 127.04154825210571, "total_cpu_time": null, "wallclock_time": 131.296617269516, "evaluations": 36, "cost": 0.4409093014171343, "incumbent": ["isomap_n_components='3'", "isomap_n_neighbors='7'", "svm_C='28.467039520187033'", "svm_gamma='0.2753119773154704'"]}
{"cpu_time": 134.54438066482544, "total_cpu_time": null, "wallclock_time": 139.20823287963867, "evaluations": 38, "cost": 0.41894633358566685, "incumbent": ["isomap_n_components='4'", "isomap_n_neighbors='7'", "svm_C='25.75686368927117'", "svm_gamma='0.07373373773268432'"]}
{"cpu_time": 274.10254073143005, "total_cpu_time": null, "wallclock_time": 284.33091855049133, "evaluations": 80, "cost": 0.417993959023126, "incumbent": ["isomap_n_components='4'", "isomap_n_neighbors='7'", "svm_C='82.8664650512796'", "svm_gamma='0.04753769129806278'"]}
