{"cpu_time": 0, "total_cpu_time": null, "wallclock_time": 8.940696716308594e-05, "evaluations": 0, "cost": 2147483648, "incumbent": ["isomap_n_components='2'", "isomap_n_neighbors='5'", "svm_C='0.1'", "svm_gamma='4.005'"]}
{"cpu_time": 0.4641571044921875, "total_cpu_time": null, "wallclock_time": 0.479736328125, "evaluations": 1, "cost": 0.9897362286191891, "incumbent": ["isomap_n_components='2'", "isomap_n_neighbors='5'", "svm_C='0.1'", "svm_gamma='4.005'"]}
{"cpu_time": 1.9316871166229248, "total_cpu_time": null, "wallclock_time": 2.0411009788513184, "evaluations": 4, "cost": 0.914845144849294, "incumbent": ["isomap_n_components='4'", "isomap_n_neighbors='6'", "svm_C='75.025'", "svm_gamma='0.01'"]}
{"cpu_time": 3.8733761310577393, "total_cpu_time": null, "wallclock_time": 4.1104536056518555, "evaluations": 8, "cost": 0.9145937235375206, "incumbent": ["isomap_n_components='4'", "isomap_n_neighbors='6'", "svm_C='25.075000000000003'", "svm_gamma='0.01'"]}
{"cpu_time": 5.796615123748779, "total_cpu_time": null, "wallclock_time": 6.174322843551636, "evaluations": 12, "cost": 0.9121935406036169, "incumbent": ["isomap_n_components='4'", "isomap_n_neighbors='7'", "svm_C='50.050000000000004'", "svm_gamma='0.01'"]}
{"cpu_time": 26.17272925376892, "total_cpu_time": null, "wallclock_time": 28.18349838256836, "evaluations": 54, "cost": 0.9119579505012476, "incumbent": ["isomap_n_components='4'", "isomap_n_neighbors='6'", "svm_C='100.0'", "svm_gamma='0.01'"]}
