{"cpu_time": 0, "total_cpu_time": null, "wallclock_time": 0.00014257431030273438, "evaluations": 0, "cost": 2147483648, "incumbent": ["haralick_distance='1'", "isomap_n_components='2'", "isomap_n_neighbors='5'", "svm_C='1.0'", "svm_gamma='1.0'"]}
{"cpu_time": 51.29692769050598, "total_cpu_time": null, "wallclock_time": 51.31494116783142, "evaluations": 1, "cost": 0.4484737747045086, "incumbent": ["haralick_distance='1'", "isomap_n_components='2'", "isomap_n_neighbors='5'", "svm_C='1.0'", "svm_gamma='1.0'"]}
{"cpu_time": 102.995037317276, "total_cpu_time": null, "wallclock_time": 103.06620860099792, "evaluations": 2, "cost": 0.4346332549631205, "incumbent": ["haralick_distance='1'", "isomap_n_components='4'", "isomap_n_neighbors='7'", "svm_C='72.54534814538891'", "svm_gamma='4.489288587472055'"]}
{"cpu_time": 195.82835459709167, "total_cpu_time": null, "wallclock_time": 196.07178354263306, "evaluations": 4, "cost": 0.41683432197839626, "incumbent": ["haralick_distance='1'", "isomap_n_components='3'", "isomap_n_neighbors='4'", "svm_C='60.41725723603728'", "svm_gamma='4.023397704614242'"]}
{"cpu_time": 351.7814607620239, "total_cpu_time": null, "wallclock_time": 352.2094027996063, "evaluations": 9, "cost": 0.4092037391900778, "incumbent": ["haralick_distance='1'", "isomap_n_components='4'", "isomap_n_neighbors='5'", "svm_C='90.54227226407072'", "svm_gamma='3.6001724529254275'"]}
{"cpu_time": 414.4049093723297, "total_cpu_time": null, "wallclock_time": 414.91654324531555, "evaluations": 11, "cost": 0.3688368176275298, "incumbent": ["haralick_distance='1'", "isomap_n_components='4'", "isomap_n_neighbors='6'", "svm_C='27.77333326847623'", "svm_gamma='1.3375897829228132'"]}
{"cpu_time": 508.0453612804413, "total_cpu_time": null, "wallclock_time": 508.74313712120056, "evaluations": 14, "cost": 0.3653341418292422, "incumbent": ["haralick_distance='1'", "isomap_n_components='3'", "isomap_n_neighbors='6'", "svm_C='8.847561829584802'", "svm_gamma='1.9351927457704534'"]}
{"cpu_time": 1192.9655015468597, "total_cpu_time": null, "wallclock_time": 1194.873790025711, "evaluations": 36, "cost": 0.3595142530707404, "incumbent": ["haralick_distance='1'", "isomap_n_components='4'", "isomap_n_neighbors='6'", "svm_C='16.66153850256747'", "svm_gamma='0.9641377922301616'"]}
{"cpu_time": 3185.563113451004, "total_cpu_time": null, "wallclock_time": 3191.1404328346252, "evaluations": 100, "cost": 0.35630100024702616, "incumbent": ["haralick_distance='1'", "isomap_n_components='3'", "isomap_n_neighbors='6'", "svm_C='24.798192553450672'", "svm_gamma='0.9641377922301616'"]}
