{"cpu_time": 0, "total_cpu_time": null, "wallclock_time": 0.00014281272888183594, "evaluations": 0, "cost": 2147483648, "incumbent": ["isomap_n_components='2'", "isomap_n_neighbors='5'", "svm_C='1.0'", "svm_gamma='1.0'"]}
{"cpu_time": 0.24867963790893555, "total_cpu_time": null, "wallclock_time": 0.28624963760375977, "evaluations": 1, "cost": 0.5437902114091848, "incumbent": ["isomap_n_components='2'", "isomap_n_neighbors='5'", "svm_C='1.0'", "svm_gamma='1.0'"]}
{"cpu_time": 0.9071555137634277, "total_cpu_time": null, "wallclock_time": 1.2699949741363525, "evaluations": 4, "cost": 0.5208009771446219, "incumbent": ["isomap_n_components='3'", "isomap_n_neighbors='3'", "svm_C='47.63256038084591'", "svm_gamma='4.369503763577128'"]}
{"cpu_time": 7.94673490524292, "total_cpu_time": null, "wallclock_time": 11.903786659240723, "evaluations": 36, "cost": 0.515539014571215, "incumbent": ["isomap_n_components='2'", "isomap_n_neighbors='3'", "svm_C='45.192614659227175'", "svm_gamma='3.7318069021415075'"]}
{"cpu_time": 14.531344890594482, "total_cpu_time": null, "wallclock_time": 21.46199059486389, "evaluations": 63, "cost": 0.4907699214561174, "incumbent": ["isomap_n_components='2'", "isomap_n_neighbors='3'", "svm_C='72.72266110115038'", "svm_gamma='1.3140387079413332'"]}
{"cpu_time": 15.073882341384888, "total_cpu_time": null, "wallclock_time": 22.36997365951538, "evaluations": 66, "cost": 0.4899747223203172, "incumbent": ["isomap_n_components='2'", "isomap_n_neighbors='3'", "svm_C='85.50684551214945'", "svm_gamma='1.7101590541606713'"]}
{"cpu_time": 25.95757484436035, "total_cpu_time": null, "wallclock_time": 39.0503032207489, "evaluations": 114, "cost": 0.4849021280664277, "incumbent": ["isomap_n_components='2'", "isomap_n_neighbors='3'", "svm_C='75.02722483621024'", "svm_gamma='1.6940837114814953'"]}
{"cpu_time": 42.360156297683716, "total_cpu_time": null, "wallclock_time": 64.69639086723328, "evaluations": 182, "cost": 0.4778263592031912, "incumbent": ["isomap_n_components='2'", "isomap_n_neighbors='3'", "svm_C='88.50292853543566'", "svm_gamma='1.435568912892916'"]}
{"cpu_time": 42.703824281692505, "total_cpu_time": null, "wallclock_time": 65.26952028274536, "evaluations": 184, "cost": 0.47729162777078976, "incumbent": ["isomap_n_components='2'", "isomap_n_neighbors='3'", "svm_C='79.94108143131623'", "svm_gamma='0.9221842407719042'"]}
{"cpu_time": 47.400460958480835, "total_cpu_time": null, "wallclock_time": 72.52865314483643, "evaluations": 202, "cost": 0.46768604758057625, "incumbent": ["isomap_n_components='2'", "isomap_n_neighbors='3'", "svm_C='76.035307690836'", "svm_gamma='0.9221842407719042'"]}
{"cpu_time": 55.62899661064148, "total_cpu_time": null, "wallclock_time": 85.50767922401428, "evaluations": 237, "cost": 0.4598657737562717, "incumbent": ["isomap_n_components='2'", "isomap_n_neighbors='3'", "svm_C='81.21861070604595'", "svm_gamma='0.8923132231467573'"]}
