{"cpu_time": 0, "total_cpu_time": null, "wallclock_time": 0.00010251998901367188, "evaluations": 0, "cost": 2147483648, "incumbent": ["svm_C='0.1'", "svm_gamma='4.005'"]}
{"cpu_time": 1.1929807662963867, "total_cpu_time": null, "wallclock_time": 1.2231948375701904, "evaluations": 1, "cost": 0.3271956694538594, "incumbent": ["svm_C='0.1'", "svm_gamma='4.005'"]}
{"cpu_time": 2.3561928272247314, "total_cpu_time": null, "wallclock_time": 2.4393248558044434, "evaluations": 2, "cost": 0.309934906859306, "incumbent": ["svm_C='100.0'", "svm_gamma='2.0075'"]}
{"cpu_time": 6.616285800933838, "total_cpu_time": null, "wallclock_time": 6.820536136627197, "evaluations": 5, "cost": 0.3078554646970642, "incumbent": ["svm_C='75.025'", "svm_gamma='6.0024999999999995'"]}
{"cpu_time": 8.04319953918457, "total_cpu_time": null, "wallclock_time": 8.312879800796509, "evaluations": 6, "cost": 0.30781127961833116, "incumbent": ["svm_C='100.0'", "svm_gamma='6.0024999999999995'"]}
{"cpu_time": 18.95481252670288, "total_cpu_time": null, "wallclock_time": 19.599125862121582, "evaluations": 14, "cost": 0.3075231024054329, "incumbent": ["svm_C='100.0'", "svm_gamma='4.005'"]}
