{"cpu_time": 0, "total_cpu_time": null, "wallclock_time": 3.0517578125e-05, "evaluations": 0, "cost": 2147483648, "incumbent": []}
{"cpu_time": 0.16999483108520508, "total_cpu_time": null, "wallclock_time": 0.18645095825195312, "evaluations": 1, "cost": 3.9228729082861737, "incumbent": []}
