{"cpu_time": 0, "total_cpu_time": null, "wallclock_time": 0.00011086463928222656, "evaluations": 0, "cost": 2147483648, "incumbent": ["isomap_n_components='2'", "isomap_n_neighbors='5'", "svm_C='0.1'", "svm_gamma='4.005'"]}
{"cpu_time": 0.514014720916748, "total_cpu_time": null, "wallclock_time": 0.5312721729278564, "evaluations": 1, "cost": 0.32025654197587405, "incumbent": ["isomap_n_components='2'", "isomap_n_neighbors='5'", "svm_C='0.1'", "svm_gamma='4.005'"]}
{"cpu_time": 1.2039196491241455, "total_cpu_time": null, "wallclock_time": 1.2716882228851318, "evaluations": 2, "cost": 0.31379780042722055, "incumbent": ["isomap_n_components='2'", "isomap_n_neighbors='7'", "svm_C='25.075000000000003'", "svm_gamma='4.005'"]}
{"cpu_time": 1.714634895324707, "total_cpu_time": null, "wallclock_time": 1.8003120422363281, "evaluations": 3, "cost": 0.31193254281354127, "incumbent": ["isomap_n_components='2'", "isomap_n_neighbors='5'", "svm_C='50.050000000000004'", "svm_gamma='8.0'"]}
{"cpu_time": 2.7291512489318848, "total_cpu_time": null, "wallclock_time": 2.8965442180633545, "evaluations": 5, "cost": 0.3047339933578201, "incumbent": ["isomap_n_components='2'", "isomap_n_neighbors='7'", "svm_C='75.025'", "svm_gamma='8.0'"]}
{"cpu_time": 12.190293312072754, "total_cpu_time": null, "wallclock_time": 13.17058777809143, "evaluations": 24, "cost": 0.3042396433230059, "incumbent": ["isomap_n_components='4'", "isomap_n_neighbors='7'", "svm_C='100.0'", "svm_gamma='8.0'"]}
{"cpu_time": 12.697850465774536, "total_cpu_time": null, "wallclock_time": 13.696861267089844, "evaluations": 25, "cost": 0.30131126590672724, "incumbent": ["isomap_n_components='3'", "isomap_n_neighbors='7'", "svm_C='50.050000000000004'", "svm_gamma='2.0075'"]}
{"cpu_time": 15.40972375869751, "total_cpu_time": null, "wallclock_time": 16.643683910369873, "evaluations": 30, "cost": 0.2988527802065844, "incumbent": ["isomap_n_components='3'", "isomap_n_neighbors='7'", "svm_C='100.0'", "svm_gamma='2.0075'"]}
{"cpu_time": 58.206305503845215, "total_cpu_time": null, "wallclock_time": 62.904643058776855, "evaluations": 108, "cost": 0.2977862373029721, "incumbent": ["isomap_n_components='2'", "isomap_n_neighbors='6'", "svm_C='100.0'", "svm_gamma='4.005'"]}
