{"cpu_time": 0, "total_cpu_time": null, "wallclock_time": 0.0002415180206298828, "evaluations": 0, "cost": 2147483648, "incumbent": ["pca_whiten=''true''", "svm_C='1.0'", "svm_gamma='1.0'"]}
{"cpu_time": 35.23883867263794, "total_cpu_time": null, "wallclock_time": 35.35045099258423, "evaluations": 1, "cost": 0.7912960297461411, "incumbent": ["pca_whiten=''true''", "svm_C='1.0'", "svm_gamma='1.0'"]}
{"cpu_time": 43.3394877910614, "total_cpu_time": null, "wallclock_time": 43.951011180877686, "evaluations": 9, "cost": 0.7908755803592541, "incumbent": ["pca_whiten=''true''", "svm_C='25.833879111337303'", "svm_gamma='2.5925190439316834'"]}
{"cpu_time": 44.558703899383545, "total_cpu_time": null, "wallclock_time": 45.26307702064514, "evaluations": 10, "cost": 0.73340746939882, "incumbent": ["pca_whiten=''true''", "svm_C='28.47602111141865'", "svm_gamma='0.8905090834586253'"]}
{"cpu_time": 48.42763376235962, "total_cpu_time": null, "wallclock_time": 49.39226317405701, "evaluations": 14, "cost": 0.7291218955671649, "incumbent": ["pca_whiten=''false''", "svm_C='56.64875278433076'", "svm_gamma='0.5793081895462031'"]}
{"cpu_time": 54.687867164611816, "total_cpu_time": null, "wallclock_time": 56.03628849983215, "evaluations": 20, "cost": 0.7241201275341691, "incumbent": ["pca_whiten=''false''", "svm_C='23.986735174699476'", "svm_gamma='0.9395116463757271'"]}
