{"cpu_time": 0, "total_cpu_time": null, "wallclock_time": 7.677078247070312e-05, "evaluations": 0, "cost": 2147483648, "incumbent": ["svm_C='0.1'", "svm_gamma='4.005'"]}
{"cpu_time": 0.9239892959594727, "total_cpu_time": null, "wallclock_time": 0.9390919208526611, "evaluations": 1, "cost": 0.34247929186829124, "incumbent": ["svm_C='0.1'", "svm_gamma='4.005'"]}
{"cpu_time": 1.830453872680664, "total_cpu_time": null, "wallclock_time": 1.891695261001587, "evaluations": 2, "cost": 0.31927156439215976, "incumbent": ["svm_C='100.0'", "svm_gamma='2.0075'"]}
{"cpu_time": 18.782185554504395, "total_cpu_time": null, "wallclock_time": 19.32240891456604, "evaluations": 21, "cost": 0.30233828174391725, "incumbent": ["svm_C='100.0'", "svm_gamma='0.01'"]}
{"cpu_time": 20.73767614364624, "total_cpu_time": null, "wallclock_time": 21.339991331100464, "evaluations": 23, "cost": 0.28856718552465316, "incumbent": ["svm_C='25.075000000000003'", "svm_gamma='0.01'"]}
