{"cpu_time": 0, "total_cpu_time": null, "wallclock_time": 5.054473876953125e-05, "evaluations": 0, "cost": 2147483648, "incumbent": ["pca_whiten=''true''"]}
{"cpu_time": 29.373424768447876, "total_cpu_time": null, "wallclock_time": 29.50810933113098, "evaluations": 1, "cost": 5.73270024442532, "incumbent": ["pca_whiten=''true''"]}
