{"cpu_time": 0, "total_cpu_time": null, "wallclock_time": 0.0001385211944580078, "evaluations": 0, "cost": 2147483648, "incumbent": ["haralick_distance='1'", "pca_whiten=''true''", "rf_max_features='0.5'", "rf_n_estimators='10'"]}
{"cpu_time": 117.75802278518677, "total_cpu_time": null, "wallclock_time": 117.77493619918823, "evaluations": 1, "cost": 2.5158844239085694, "incumbent": ["haralick_distance='1'", "pca_whiten=''true''", "rf_max_features='0.5'", "rf_n_estimators='10'"]}
{"cpu_time": 238.47362756729126, "total_cpu_time": null, "wallclock_time": 238.64880323410034, "evaluations": 2, "cost": 1.4786228991702233, "incumbent": ["haralick_distance='1'", "pca_whiten=''true''", "rf_max_features='0.5914675755540864'", "rf_n_estimators='259'"]}
{"cpu_time": 357.35069036483765, "total_cpu_time": null, "wallclock_time": 357.54717206954956, "evaluations": 3, "cost": 0.9762112925741554, "incumbent": ["haralick_distance='2'", "pca_whiten=''true''", "rf_max_features='0.49829813910866494'", "rf_n_estimators='39'"]}
{"cpu_time": 475.1658818721771, "total_cpu_time": null, "wallclock_time": 475.64382910728455, "evaluations": 4, "cost": 0.5918098526980087, "incumbent": ["haralick_distance='2'", "pca_whiten=''false''", "rf_max_features='0.7749277535405971'", "rf_n_estimators='140'"]}
{"cpu_time": 596.6024188995361, "total_cpu_time": null, "wallclock_time": 597.1552474498749, "evaluations": 5, "cost": 0.58579544697024, "incumbent": ["haralick_distance='2'", "pca_whiten=''true''", "rf_max_features='0.36113899979178665'", "rf_n_estimators='248'"]}
{"cpu_time": 710.776330947876, "total_cpu_time": null, "wallclock_time": 711.4831581115723, "evaluations": 6, "cost": 0.5219408135362491, "incumbent": ["haralick_distance='3'", "pca_whiten=''true''", "rf_max_features='0.5831730167358328'", "rf_n_estimators='256'"]}
{"cpu_time": 2300.5808296203613, "total_cpu_time": null, "wallclock_time": 2302.9191913604736, "evaluations": 25, "cost": 0.519605695720471, "incumbent": ["haralick_distance='3'", "pca_whiten=''true''", "rf_max_features='0.7238864987193799'", "rf_n_estimators='299'"]}
{"cpu_time": 2383.435439825058, "total_cpu_time": null, "wallclock_time": 2385.9570775032043, "evaluations": 26, "cost": 0.5135423508885426, "incumbent": ["haralick_distance='3'", "pca_whiten=''true''", "rf_max_features='0.3291673481199694'", "rf_n_estimators='111'"]}
{"cpu_time": 5213.215385198593, "total_cpu_time": null, "wallclock_time": 5219.357192993164, "evaluations": 60, "cost": 0.45524098979523925, "incumbent": ["haralick_distance='3'", "pca_whiten=''true''", "rf_max_features='0.643219824559945'", "rf_n_estimators='259'"]}
