{"cpu_time": 0, "total_cpu_time": null, "wallclock_time": 0.00016546249389648438, "evaluations": 0, "cost": 2147483648, "incumbent": ["isomap_n_components='2'", "isomap_n_neighbors='5'", "rf_max_features='0.5'", "rf_n_estimators='10'"]}
{"cpu_time": 2.141481399536133, "total_cpu_time": null, "wallclock_time": 2.210000991821289, "evaluations": 1, "cost": 0.5202280280736775, "incumbent": ["isomap_n_components='2'", "isomap_n_neighbors='5'", "rf_max_features='0.5'", "rf_n_estimators='10'"]}
{"cpu_time": 7.159808158874512, "total_cpu_time": null, "wallclock_time": 7.356511116027832, "evaluations": 2, "cost": 0.3842188745825153, "incumbent": ["isomap_n_components='2'", "isomap_n_neighbors='7'", "rf_max_features='0.7705914184339647'", "rf_n_estimators='220'"]}
{"cpu_time": 10.460968732833862, "total_cpu_time": null, "wallclock_time": 10.705005407333374, "evaluations": 3, "cost": 0.13155710118936267, "incumbent": ["isomap_n_components='4'", "isomap_n_neighbors='5'", "rf_max_features='0.42825496760388254'", "rf_n_estimators='109'"]}
{"cpu_time": 186.57052087783813, "total_cpu_time": null, "wallclock_time": 195.95217490196228, "evaluations": 56, "cost": 0.126830225454352, "incumbent": ["isomap_n_components='4'", "isomap_n_neighbors='4'", "rf_max_features='0.5043829752270745'", "rf_n_estimators='42'"]}
