{"cpu_time": 0, "total_cpu_time": null, "wallclock_time": 2.8848648071289062e-05, "evaluations": 0, "cost": 2147483648, "incumbent": []}
{"cpu_time": 0.20980262756347656, "total_cpu_time": null, "wallclock_time": 0.21963834762573242, "evaluations": 1, "cost": 2.2575023340137417, "incumbent": []}
