{"cpu_time": 0, "total_cpu_time": null, "wallclock_time": 0.00011348724365234375, "evaluations": 0, "cost": 2147483648, "incumbent": ["isomap_n_components='2'", "isomap_n_neighbors='5'", "rf_max_features='0.5'", "rf_n_estimators='10'"]}
{"cpu_time": 0.9703567028045654, "total_cpu_time": null, "wallclock_time": 0.9938206672668457, "evaluations": 1, "cost": 4.725561399303031, "incumbent": ["isomap_n_components='2'", "isomap_n_neighbors='5'", "rf_max_features='0.5'", "rf_n_estimators='10'"]}
{"cpu_time": 2.7938647270202637, "total_cpu_time": null, "wallclock_time": 2.8873422145843506, "evaluations": 2, "cost": 1.3792446378051881, "incumbent": ["isomap_n_components='2'", "isomap_n_neighbors='7'", "rf_max_features='0.7705914184339647'", "rf_n_estimators='220'"]}
{"cpu_time": 4.429023027420044, "total_cpu_time": null, "wallclock_time": 4.557743072509766, "evaluations": 3, "cost": 1.232685283290935, "incumbent": ["isomap_n_components='4'", "isomap_n_neighbors='5'", "rf_max_features='0.42825496760388254'", "rf_n_estimators='109'"]}
{"cpu_time": 6.107156276702881, "total_cpu_time": null, "wallclock_time": 6.337427139282227, "evaluations": 4, "cost": 1.0776770001263534, "incumbent": ["isomap_n_components='3'", "isomap_n_neighbors='3'", "rf_max_features='0.5379007026068363'", "rf_n_estimators='167'"]}
{"cpu_time": 32.67878437042236, "total_cpu_time": null, "wallclock_time": 34.10865831375122, "evaluations": 21, "cost": 0.9605082768766658, "incumbent": ["isomap_n_components='4'", "isomap_n_neighbors='6'", "rf_max_features='0.3908563055255074'", "rf_n_estimators='252'"]}
{"cpu_time": 43.13009071350098, "total_cpu_time": null, "wallclock_time": 45.09532618522644, "evaluations": 27, "cost": 0.9410494383032603, "incumbent": ["isomap_n_components='4'", "isomap_n_neighbors='7'", "rf_max_features='0.32090334545660065'", "rf_n_estimators='79'"]}
{"cpu_time": 198.55072855949402, "total_cpu_time": null, "wallclock_time": 207.9989492893219, "evaluations": 126, "cost": 0.9371746242043021, "incumbent": ["isomap_n_components='4'", "isomap_n_neighbors='7'", "rf_max_features='0.31435656500558895'", "rf_n_estimators='296'"]}
{"cpu_time": 262.153196811676, "total_cpu_time": null, "wallclock_time": 274.90333700180054, "evaluations": 160, "cost": 0.9353060557203442, "incumbent": ["isomap_n_components='4'", "isomap_n_neighbors='7'", "rf_max_features='0.43810610040419773'", "rf_n_estimators='274'"]}
{"cpu_time": 279.71059250831604, "total_cpu_time": null, "wallclock_time": 293.3232967853546, "evaluations": 169, "cost": 0.9349026575656959, "incumbent": ["isomap_n_components='4'", "isomap_n_neighbors='7'", "rf_max_features='0.31435656500558895'", "rf_n_estimators='300'"]}
