{"cpu_time": 0, "total_cpu_time": null, "wallclock_time": 0.00010251998901367188, "evaluations": 0, "cost": 2147483648, "incumbent": ["isomap_n_components='2'", "isomap_n_neighbors='5'", "svm_C='1.0'", "svm_gamma='1.0'"]}
{"cpu_time": 0.5778226852416992, "total_cpu_time": null, "wallclock_time": 0.5926988124847412, "evaluations": 1, "cost": 0.9490864378572214, "incumbent": ["isomap_n_components='2'", "isomap_n_neighbors='5'", "svm_C='1.0'", "svm_gamma='1.0'"]}
{"cpu_time": 3.8116023540496826, "total_cpu_time": null, "wallclock_time": 4.019571542739868, "evaluations": 7, "cost": 0.9479486121300335, "incumbent": ["isomap_n_components='4'", "isomap_n_neighbors='3'", "svm_C='38.955212985979244'", "svm_gamma='2.443593951042488'"]}
{"cpu_time": 5.314731597900391, "total_cpu_time": null, "wallclock_time": 5.644965887069702, "evaluations": 10, "cost": 0.9465191165415173, "incumbent": ["isomap_n_components='2'", "isomap_n_neighbors='5'", "svm_C='61.263079842200824'", "svm_gamma='0.5098800051814159'"]}
{"cpu_time": 7.403934478759766, "total_cpu_time": null, "wallclock_time": 7.88999342918396, "evaluations": 14, "cost": 0.9464586953326256, "incumbent": ["isomap_n_components='3'", "isomap_n_neighbors='7'", "svm_C='56.780696131798514'", "svm_gamma='0.5437942015215598'"]}
{"cpu_time": 12.619266748428345, "total_cpu_time": null, "wallclock_time": 13.497981071472168, "evaluations": 24, "cost": 0.9457852381904263, "incumbent": ["isomap_n_components='4'", "isomap_n_neighbors='3'", "svm_C='29.230550562446215'", "svm_gamma='0.9301495206155855'"]}
{"cpu_time": 13.648199796676636, "total_cpu_time": null, "wallclock_time": 14.592169761657715, "evaluations": 26, "cost": 0.9427479256644166, "incumbent": ["isomap_n_components='4'", "isomap_n_neighbors='7'", "svm_C='7.298562943346355'", "svm_gamma='2.0212156976283757'"]}
{"cpu_time": 14.1502845287323, "total_cpu_time": null, "wallclock_time": 15.109795808792114, "evaluations": 27, "cost": 0.940199411561086, "incumbent": ["isomap_n_components='4'", "isomap_n_neighbors='7'", "svm_C='4.276488422228812'", "svm_gamma='1.9701559174126142'"]}
{"cpu_time": 21.42967391014099, "total_cpu_time": null, "wallclock_time": 23.009018898010254, "evaluations": 41, "cost": 0.9284003045125436, "incumbent": ["isomap_n_components='4'", "isomap_n_neighbors='6'", "svm_C='0.2206345163703227'", "svm_gamma='2.7907769724696707'"]}
{"cpu_time": 24.05717134475708, "total_cpu_time": null, "wallclock_time": 25.88868808746338, "evaluations": 46, "cost": 0.9234939298485223, "incumbent": ["isomap_n_components='4'", "isomap_n_neighbors='6'", "svm_C='0.2206345163703227'", "svm_gamma='2.959714076617228'"]}
{"cpu_time": 25.074248552322388, "total_cpu_time": null, "wallclock_time": 26.987918853759766, "evaluations": 48, "cost": 0.922545976149467, "incumbent": ["isomap_n_components='4'", "isomap_n_neighbors='5'", "svm_C='4.276488422228812'", "svm_gamma='3.2613263475342755'"]}
{"cpu_time": 34.99716663360596, "total_cpu_time": null, "wallclock_time": 37.710575103759766, "evaluations": 68, "cost": 0.919323455264251, "incumbent": ["isomap_n_components='4'", "isomap_n_neighbors='6'", "svm_C='0.30163344548708027'", "svm_gamma='3.5474955470462284'"]}
{"cpu_time": 45.448158264160156, "total_cpu_time": null, "wallclock_time": 49.10819363594055, "evaluations": 89, "cost": 0.910536665502789, "incumbent": ["isomap_n_components='4'", "isomap_n_neighbors='7'", "svm_C='25.61047704126865'", "svm_gamma='0.07152696385076526'"]}
{"cpu_time": 47.866410970687866, "total_cpu_time": null, "wallclock_time": 51.77197551727295, "evaluations": 94, "cost": 0.908992523058222, "incumbent": ["isomap_n_components='4'", "isomap_n_neighbors='6'", "svm_C='23.572579939392764'", "svm_gamma='0.07152696385076526'"]}
{"cpu_time": 55.07725501060486, "total_cpu_time": null, "wallclock_time": 59.61392688751221, "evaluations": 108, "cost": 0.9046394452203002, "incumbent": ["isomap_n_components='4'", "isomap_n_neighbors='6'", "svm_C='28.67232546032184'", "svm_gamma='0.22107030921751167'"]}
{"cpu_time": 66.65214276313782, "total_cpu_time": null, "wallclock_time": 72.21858620643616, "evaluations": 131, "cost": 0.90433162259737, "incumbent": ["isomap_n_components='4'", "isomap_n_neighbors='7'", "svm_C='84.7441012238576'", "svm_gamma='0.05578904452668645'"]}
{"cpu_time": 77.25344586372375, "total_cpu_time": null, "wallclock_time": 83.80094909667969, "evaluations": 152, "cost": 0.903594253768063, "incumbent": ["isomap_n_components='4'", "isomap_n_neighbors='7'", "svm_C='28.67232546032184'", "svm_gamma='0.1734996964028732'"]}
{"cpu_time": 80.25712370872498, "total_cpu_time": null, "wallclock_time": 87.0620584487915, "evaluations": 158, "cost": 0.898961281336453, "incumbent": ["isomap_n_components='4'", "isomap_n_neighbors='6'", "svm_C='79.38594031485398'", "svm_gamma='0.07437895691083159'"]}
