{"cpu_time": 0, "total_cpu_time": null, "wallclock_time": 0.00010561943054199219, "evaluations": 0, "cost": 2147483648, "incumbent": ["isomap_n_components='2'", "isomap_n_neighbors='5'", "svm_C='1.0'", "svm_gamma='1.0'"]}
{"cpu_time": 0.42459678649902344, "total_cpu_time": null, "wallclock_time": 0.44484972953796387, "evaluations": 1, "cost": 1.0072092635251408, "incumbent": ["isomap_n_components='2'", "isomap_n_neighbors='5'", "svm_C='1.0'", "svm_gamma='1.0'"]}
{"cpu_time": 0.9530746936798096, "total_cpu_time": null, "wallclock_time": 1.013667345046997, "evaluations": 2, "cost": 1.0065578611012023, "incumbent": ["isomap_n_components='2'", "isomap_n_neighbors='7'", "svm_C='94.12416540310615'", "svm_gamma='5.804177494310886'"]}
{"cpu_time": 6.418595314025879, "total_cpu_time": null, "wallclock_time": 6.98659610748291, "evaluations": 14, "cost": 1.0006811899342658, "incumbent": ["isomap_n_components='2'", "isomap_n_neighbors='5'", "svm_C='32.71385453773333'", "svm_gamma='1.6617066290834115'"]}
{"cpu_time": 13.469996452331543, "total_cpu_time": null, "wallclock_time": 14.667524814605713, "evaluations": 30, "cost": 0.9991009097819311, "incumbent": ["isomap_n_components='2'", "isomap_n_neighbors='5'", "svm_C='93.89891861770731'", "svm_gamma='0.8338502632387389'"]}
{"cpu_time": 23.72460126876831, "total_cpu_time": null, "wallclock_time": 25.94332718849182, "evaluations": 52, "cost": 0.9983881299921363, "incumbent": ["isomap_n_components='2'", "isomap_n_neighbors='5'", "svm_C='62.01688311847194'", "svm_gamma='0.9137251305971876'"]}
{"cpu_time": 27.423840761184692, "total_cpu_time": null, "wallclock_time": 30.039266109466553, "evaluations": 60, "cost": 0.9969722640730109, "incumbent": ["isomap_n_components='2'", "isomap_n_neighbors='5'", "svm_C='14.652861479089673'", "svm_gamma='1.1411013426514454'"]}
{"cpu_time": 28.7622811794281, "total_cpu_time": null, "wallclock_time": 31.5107262134552, "evaluations": 63, "cost": 0.9960036046181563, "incumbent": ["isomap_n_components='2'", "isomap_n_neighbors='5'", "svm_C='32.71385453773333'", "svm_gamma='1.0378867436061263'"]}
{"cpu_time": 29.169435501098633, "total_cpu_time": null, "wallclock_time": 31.992448329925537, "evaluations": 64, "cost": 0.9953589610021424, "incumbent": ["isomap_n_components='2'", "isomap_n_neighbors='5'", "svm_C='29.063882223898105'", "svm_gamma='0.9137251305971876'"]}
{"cpu_time": 33.84732985496521, "total_cpu_time": null, "wallclock_time": 37.1419837474823, "evaluations": 74, "cost": 0.9939162595706351, "incumbent": ["isomap_n_components='2'", "isomap_n_neighbors='5'", "svm_C='27.622520025673598'", "svm_gamma='0.8077673460726488'"]}
{"cpu_time": 43.64386248588562, "total_cpu_time": null, "wallclock_time": 47.95574069023132, "evaluations": 96, "cost": 0.9925794618090196, "incumbent": ["isomap_n_components='2'", "isomap_n_neighbors='5'", "svm_C='28.260640673373686'", "svm_gamma='1.0'"]}
