{"cpu_time": 0, "total_cpu_time": null, "wallclock_time": 6.914138793945312e-05, "evaluations": 0, "cost": 2147483648, "incumbent": ["pca_whiten=''true''"]}
{"cpu_time": 1.5436997413635254, "total_cpu_time": null, "wallclock_time": 1.6064081192016602, "evaluations": 1, "cost": 4.3232347231112636, "incumbent": ["pca_whiten=''true''"]}
