{"cpu_time": 0, "total_cpu_time": null, "wallclock_time": 0.00012445449829101562, "evaluations": 0, "cost": 2147483648, "incumbent": ["haralick_distance='1'", "pca_whiten=''true''", "svm_C='1.0'", "svm_gamma='1.0'"]}
{"cpu_time": 116.47195219993591, "total_cpu_time": null, "wallclock_time": 116.52095365524292, "evaluations": 1, "cost": 0.4430147333647982, "incumbent": ["haralick_distance='1'", "pca_whiten=''true''", "svm_C='1.0'", "svm_gamma='1.0'"]}
{"cpu_time": 353.90952038764954, "total_cpu_time": null, "wallclock_time": 354.17312359809875, "evaluations": 3, "cost": 0.42389181642486107, "incumbent": ["haralick_distance='2'", "pca_whiten=''true''", "svm_C='39.719968193911264'", "svm_gamma='0.8615789437416754'"]}
{"cpu_time": 464.215363740921, "total_cpu_time": null, "wallclock_time": 464.6019744873047, "evaluations": 4, "cost": 0.4236262615170805, "incumbent": ["haralick_distance='2'", "pca_whiten=''false''", "svm_C='94.9905651574113'", "svm_gamma='3.631679204640188'"]}
{"cpu_time": 572.9770636558533, "total_cpu_time": null, "wallclock_time": 573.4310235977173, "evaluations": 5, "cost": 0.40511857553197655, "incumbent": ["haralick_distance='2'", "pca_whiten=''true''", "svm_C='12.315572158398975'", "svm_gamma='6.564879332003558'"]}
{"cpu_time": 796.9284248352051, "total_cpu_time": null, "wallclock_time": 797.5690608024597, "evaluations": 7, "cost": 0.40138366729936026, "incumbent": ["haralick_distance='2'", "pca_whiten=''false''", "svm_C='2.72181496747162'", "svm_gamma='5.527489501873586'"]}
{"cpu_time": 1079.8759276866913, "total_cpu_time": null, "wallclock_time": 1080.7976534366608, "evaluations": 10, "cost": 0.38779106683821074, "incumbent": ["haralick_distance='2'", "pca_whiten=''false''", "svm_C='8.21064732064458'", "svm_gamma='7.931137221459935'"]}
{"cpu_time": 1400.656549692154, "total_cpu_time": null, "wallclock_time": 1401.9082713127136, "evaluations": 14, "cost": 0.38439671040375895, "incumbent": ["haralick_distance='2'", "pca_whiten=''false''", "svm_C='5.406545811060496'", "svm_gamma='7.396801207327319'"]}
{"cpu_time": 4648.230731964111, "total_cpu_time": null, "wallclock_time": 4653.852843999863, "evaluations": 58, "cost": 0.3824649956831048, "incumbent": ["haralick_distance='2'", "pca_whiten=''true''", "svm_C='8.21064732064458'", "svm_gamma='7.931137221459935'"]}
{"cpu_time": 10505.962510824203, "total_cpu_time": null, "wallclock_time": 10519.323676347733, "evaluations": 136, "cost": 0.380253261221634, "incumbent": ["haralick_distance='2'", "pca_whiten=''false''", "svm_C='7.137634144368261'", "svm_gamma='0.25352033860170775'"]}
