{"cpu_time": 0, "total_cpu_time": null, "wallclock_time": 0.000118255615234375, "evaluations": 0, "cost": 2147483648, "incumbent": ["isomap_n_components='2'", "isomap_n_neighbors='5'"]}
{"cpu_time": 2.0304832458496094, "total_cpu_time": null, "wallclock_time": 2.0870513916015625, "evaluations": 1, "cost": 6.9381514616252895, "incumbent": ["isomap_n_components='2'", "isomap_n_neighbors='5'"]}
{"cpu_time": 6.750894784927368, "total_cpu_time": null, "wallclock_time": 6.988980531692505, "evaluations": 3, "cost": 5.804977812273861, "incumbent": ["isomap_n_components='4'", "isomap_n_neighbors='7'"]}
{"cpu_time": 17.339152574539185, "total_cpu_time": null, "wallclock_time": 18.038988828659058, "evaluations": 7, "cost": 5.503986296849803, "incumbent": ["isomap_n_components='4'", "isomap_n_neighbors='6'"]}
