{"cpu_time": 0, "total_cpu_time": null, "wallclock_time": 0.00012350082397460938, "evaluations": 0, "cost": 2147483648, "incumbent": ["isomap_n_components='2'", "isomap_n_neighbors='5'", "svm_C='1.0'", "svm_gamma='1.0'"]}
{"cpu_time": 0.534541130065918, "total_cpu_time": null, "wallclock_time": 0.7150664329528809, "evaluations": 1, "cost": 0.5437902114091848, "incumbent": ["isomap_n_components='2'", "isomap_n_neighbors='5'", "svm_C='1.0'", "svm_gamma='1.0'"]}
{"cpu_time": 1.4208405017852783, "total_cpu_time": null, "wallclock_time": 2.324561834335327, "evaluations": 4, "cost": 0.5383778630329684, "incumbent": ["isomap_n_components='3'", "isomap_n_neighbors='3'", "svm_C='47.63256038084591'", "svm_gamma='4.369503763577128'"]}
{"cpu_time": 3.92080020904541, "total_cpu_time": null, "wallclock_time": 6.170401573181152, "evaluations": 12, "cost": 0.52412498375464, "incumbent": ["isomap_n_components='4'", "isomap_n_neighbors='3'", "svm_C='14.281082604187544'", "svm_gamma='2.092069934230994'"]}
{"cpu_time": 12.4230637550354, "total_cpu_time": null, "wallclock_time": 19.435621738433838, "evaluations": 36, "cost": 0.5067439255729144, "incumbent": ["isomap_n_components='2'", "isomap_n_neighbors='3'", "svm_C='18.112605923202754'", "svm_gamma='2.8833638525651795'"]}
