"CPU Time Used","Estimated Training Performance","Wallclock Time","Incumbent ID","Automatic Configurator (CPU) Time","Configuration..."
0.000000, 2147483648.000000, 0.000120, 1, 0.000120, pca_whiten=''true'', svm_C='1.0', svm_gamma='1.0'
3.566312, 0.453932, 3.670368, 1, 0.104057, pca_whiten=''true'', svm_C='1.0', svm_gamma='1.0'
64.655209, 0.394236, 67.516015, 2, 2.860806, pca_whiten=''true'', svm_C='0.5621730675883224', svm_gamma='0.03411364636665828'
82.404845, 0.354555, 85.781864, 3, 3.377018, pca_whiten=''false'', svm_C='62.50814177672008', svm_gamma='0.028977341676197955'
159.579931, 0.351795, 167.610290, 4, 8.030358, pca_whiten=''true'', svm_C='56.61387587455546', svm_gamma='0.010116310129511624'
171.707004, 0.350044, 180.348562, 5, 8.641558, pca_whiten=''true'', svm_C='61.05845389339591', svm_gamma='0.018816379894689532'
198.716498, 0.349358, 208.313555, 6, 9.597057, pca_whiten=''false'', svm_C='92.36442788902347', svm_gamma='0.010116310129511624'
229.123694, 0.349116, 240.188251, 7, 11.064557, pca_whiten=''true'', svm_C='98.77450315595223', svm_gamma='0.010116310129511624'
263.621140, 0.347145, 276.362373, 8, 12.741233, pca_whiten=''true'', svm_C='87.49637677557016', svm_gamma='0.01050499242458573'
