{"cpu_time": 0, "total_cpu_time": null, "wallclock_time": 0.00011992454528808594, "evaluations": 0, "cost": 2147483648, "incumbent": ["pca_whiten=''true''", "svm_C='1.0'", "svm_gamma='1.0'"]}
{"cpu_time": 3.5663115978240967, "total_cpu_time": null, "wallclock_time": 3.6703684329986572, "evaluations": 1, "cost": 0.45393157277489316, "incumbent": ["pca_whiten=''true''", "svm_C='1.0'", "svm_gamma='1.0'"]}
{"cpu_time": 64.65520882606506, "total_cpu_time": null, "wallclock_time": 67.51601457595825, "evaluations": 22, "cost": 0.39423606114266957, "incumbent": ["pca_whiten=''true''", "svm_C='0.5621730675883224'", "svm_gamma='0.03411364636665828'"]}
{"cpu_time": 82.40484523773193, "total_cpu_time": null, "wallclock_time": 85.78186368942261, "evaluations": 28, "cost": 0.3545550051226158, "incumbent": ["pca_whiten=''false''", "svm_C='62.50814177672008'", "svm_gamma='0.028977341676197955'"]}
{"cpu_time": 159.57993125915527, "total_cpu_time": null, "wallclock_time": 167.61028957366943, "evaluations": 54, "cost": 0.35179483857160326, "incumbent": ["pca_whiten=''true''", "svm_C='56.61387587455546'", "svm_gamma='0.010116310129511624'"]}
{"cpu_time": 171.7070038318634, "total_cpu_time": null, "wallclock_time": 180.34856152534485, "evaluations": 58, "cost": 0.3500443362042776, "incumbent": ["pca_whiten=''true''", "svm_C='61.05845389339591'", "svm_gamma='0.018816379894689532'"]}
{"cpu_time": 198.71649837493896, "total_cpu_time": null, "wallclock_time": 208.31355547904968, "evaluations": 64, "cost": 0.3493584657651645, "incumbent": ["pca_whiten=''false''", "svm_C='92.36442788902347'", "svm_gamma='0.010116310129511624'"]}
{"cpu_time": 229.12369394302368, "total_cpu_time": null, "wallclock_time": 240.188250541687, "evaluations": 74, "cost": 0.3491162186015157, "incumbent": ["pca_whiten=''true''", "svm_C='98.77450315595223'", "svm_gamma='0.010116310129511624'"]}
{"cpu_time": 263.62113976478577, "total_cpu_time": null, "wallclock_time": 276.36237263679504, "evaluations": 84, "cost": 0.3471448926851463, "incumbent": ["pca_whiten=''true''", "svm_C='87.49637677557016'", "svm_gamma='0.01050499242458573'"]}
