{"cpu_time": 0, "total_cpu_time": null, "wallclock_time": 0.00011491775512695312, "evaluations": 0, "cost": 2147483648, "incumbent": ["pca_whiten=''true''", "svm_C='1.0'", "svm_gamma='1.0'"]}
{"cpu_time": 2.5506772994995117, "total_cpu_time": null, "wallclock_time": 2.5935795307159424, "evaluations": 1, "cost": 0.45393157277489316, "incumbent": ["pca_whiten=''true''", "svm_C='1.0'", "svm_gamma='1.0'"]}
{"cpu_time": 39.82710671424866, "total_cpu_time": null, "wallclock_time": 41.31493830680847, "evaluations": 22, "cost": 0.3721826171180016, "incumbent": ["pca_whiten=''false''", "svm_C='1.822326065000656'", "svm_gamma='0.02163117111605692'"]}
{"cpu_time": 52.67325401306152, "total_cpu_time": null, "wallclock_time": 54.59960079193115, "evaluations": 29, "cost": 0.36043813499828253, "incumbent": ["pca_whiten=''false''", "svm_C='62.50814177672008'", "svm_gamma='0.028977341676197955'"]}
{"cpu_time": 72.82867908477783, "total_cpu_time": null, "wallclock_time": 75.55444860458374, "evaluations": 42, "cost": 0.35519683004457475, "incumbent": ["pca_whiten=''true''", "svm_C='49.756217706260564'", "svm_gamma='0.03505810769967766'"]}
{"cpu_time": 83.99830722808838, "total_cpu_time": null, "wallclock_time": 87.22173285484314, "evaluations": 48, "cost": 0.34794459509311865, "incumbent": ["pca_whiten=''true''", "svm_C='59.51971427362712'", "svm_gamma='0.011346430230062151'"]}
