{"cpu_time": 0, "total_cpu_time": null, "wallclock_time": 0.0005464553833007812, "evaluations": 0, "cost": 2147483648, "incumbent": ["pca_whiten=''true''", "rf_max_features='0.5'", "rf_n_estimators='10'"]}
{"cpu_time": 5.458130598068237, "total_cpu_time": null, "wallclock_time": 5.507155418395996, "evaluations": 1, "cost": 1.6200318642685716, "incumbent": ["pca_whiten=''true''", "rf_max_features='0.5'", "rf_n_estimators='10'"]}
{"cpu_time": 15.566778421401978, "total_cpu_time": null, "wallclock_time": 15.783948183059692, "evaluations": 2, "cost": 0.7066825740230603, "incumbent": ["pca_whiten=''true''", "rf_max_features='0.6263875900678313'", "rf_n_estimators='178'"]}
{"cpu_time": 82.66785717010498, "total_cpu_time": null, "wallclock_time": 83.82550406455994, "evaluations": 8, "cost": 0.7061619873973707, "incumbent": ["pca_whiten=''false''", "rf_max_features='0.4422279307816516'", "rf_n_estimators='173'"]}
{"cpu_time": 89.26637101173401, "total_cpu_time": null, "wallclock_time": 90.54668068885803, "evaluations": 9, "cost": 0.7013183788040015, "incumbent": ["pca_whiten=''true''", "rf_max_features='0.42879819375043693'", "rf_n_estimators='102'"]}
{"cpu_time": 236.07351350784302, "total_cpu_time": null, "wallclock_time": 240.94129085540771, "evaluations": 28, "cost": 0.6994722522663087, "incumbent": ["pca_whiten=''true''", "rf_max_features='0.49202343401069215'", "rf_n_estimators='95'"]}
{"cpu_time": 580.3517339229584, "total_cpu_time": null, "wallclock_time": 594.2702071666718, "evaluations": 83, "cost": 0.6991154018197715, "incumbent": ["pca_whiten=''false''", "rf_max_features='0.5352856328550479'", "rf_n_estimators='259'"]}
