{"cpu_time": 0, "total_cpu_time": null, "wallclock_time": 0.00011396408081054688, "evaluations": 0, "cost": 2147483648, "incumbent": ["isomap_n_components='2'", "isomap_n_neighbors='5'", "svm_C='1.0'", "svm_gamma='1.0'"]}
{"cpu_time": 0.37996339797973633, "total_cpu_time": null, "wallclock_time": 0.39477968215942383, "evaluations": 1, "cost": 1.0067997208903463, "incumbent": ["isomap_n_components='2'", "isomap_n_neighbors='5'", "svm_C='1.0'", "svm_gamma='1.0'"]}
{"cpu_time": 1.1825737953186035, "total_cpu_time": null, "wallclock_time": 1.2497529983520508, "evaluations": 3, "cost": 0.9968542550882716, "incumbent": ["isomap_n_components='4'", "isomap_n_neighbors='5'", "svm_C='25.725342527255737'", "svm_gamma='2.7907769724696707'"]}
{"cpu_time": 3.0801563262939453, "total_cpu_time": null, "wallclock_time": 3.3191020488739014, "evaluations": 8, "cost": 0.9761086354710016, "incumbent": ["isomap_n_components='3'", "isomap_n_neighbors='5'", "svm_C='69.02728843021396'", "svm_gamma='0.6751977358579749'"]}
{"cpu_time": 12.631156206130981, "total_cpu_time": null, "wallclock_time": 13.751288414001465, "evaluations": 32, "cost": 0.975851603088444, "incumbent": ["isomap_n_components='4'", "isomap_n_neighbors='6'", "svm_C='63.10390257533436'", "svm_gamma='0.5533384524598219'"]}
