{"cpu_time": 0, "total_cpu_time": null, "wallclock_time": 0.0001323223114013672, "evaluations": 0, "cost": 2147483648, "incumbent": ["pca_whiten=''true''", "rf_max_features='0.5'", "rf_n_estimators='10'"]}
{"cpu_time": 0.8443145751953125, "total_cpu_time": null, "wallclock_time": 0.8727285861968994, "evaluations": 1, "cost": 0.8444093316951472, "incumbent": ["pca_whiten=''true''", "rf_max_features='0.5'", "rf_n_estimators='10'"]}
{"cpu_time": 2.5456249713897705, "total_cpu_time": null, "wallclock_time": 2.6092422008514404, "evaluations": 2, "cost": 0.30841576635369655, "incumbent": ["pca_whiten=''true''", "rf_max_features='0.6263875900678313'", "rf_n_estimators='178'"]}
{"cpu_time": 4.207581520080566, "total_cpu_time": null, "wallclock_time": 4.2872772216796875, "evaluations": 3, "cost": 0.28845132233764087, "incumbent": ["pca_whiten=''false''", "rf_max_features='0.3021465708060675'", "rf_n_estimators='203'"]}
{"cpu_time": 27.505066871643066, "total_cpu_time": null, "wallclock_time": 27.983850240707397, "evaluations": 16, "cost": 0.2882326459756926, "incumbent": ["pca_whiten=''true''", "rf_max_features='0.34514288849095726'", "rf_n_estimators='100'"]}
{"cpu_time": 43.79085659980774, "total_cpu_time": null, "wallclock_time": 44.59179139137268, "evaluations": 26, "cost": 0.28507181402947324, "incumbent": ["pca_whiten=''false''", "rf_max_features='0.31279409769017563'", "rf_n_estimators='93'"]}
