{"cpu_time": 0, "total_cpu_time": null, "wallclock_time": 0.00016450881958007812, "evaluations": 0, "cost": 2147483648, "incumbent": ["haralick_distance='1'", "pca_whiten=''true''", "svm_C='1.0'", "svm_gamma='1.0'"]}
{"cpu_time": 100.73683643341064, "total_cpu_time": null, "wallclock_time": 100.76601028442383, "evaluations": 1, "cost": 0.4761965099874437, "incumbent": ["haralick_distance='1'", "pca_whiten=''true''", "svm_C='1.0'", "svm_gamma='1.0'"]}
{"cpu_time": 3620.1476171016693, "total_cpu_time": null, "wallclock_time": 3625.6901972293854, "evaluations": 46, "cost": 0.4733729840434789, "incumbent": ["haralick_distance='3'", "pca_whiten=''false''", "svm_C='1.6239363914410134'", "svm_gamma='2.076826805576085'"]}
{"cpu_time": 4188.685587406158, "total_cpu_time": null, "wallclock_time": 4195.015775442123, "evaluations": 54, "cost": 0.4730228928857229, "incumbent": ["haralick_distance='3'", "pca_whiten=''true''", "svm_C='3.4425043363693653'", "svm_gamma='0.8059163890063821'"]}
{"cpu_time": 4769.882091760635, "total_cpu_time": null, "wallclock_time": 4776.877462387085, "evaluations": 62, "cost": 0.4729362857186567, "incumbent": ["haralick_distance='3'", "pca_whiten=''true''", "svm_C='0.7106103298332485'", "svm_gamma='2.768133833010475'"]}
{"cpu_time": 4913.44718837738, "total_cpu_time": null, "wallclock_time": 4920.6635019779205, "evaluations": 64, "cost": 0.4726742042740198, "incumbent": ["haralick_distance='3'", "pca_whiten=''true''", "svm_C='0.9040690885089372'", "svm_gamma='2.7287638152740423'"]}
{"cpu_time": 9921.062247276306, "total_cpu_time": null, "wallclock_time": 9936.399956941605, "evaluations": 122, "cost": 0.4721890367109937, "incumbent": ["haralick_distance='3'", "pca_whiten=''true''", "svm_C='0.9087891334204529'", "svm_gamma='2.7488471035346964'"]}
{"cpu_time": 11207.841427326202, "total_cpu_time": null, "wallclock_time": 11224.997728824615, "evaluations": 136, "cost": 0.47202631404233575, "incumbent": ["haralick_distance='3'", "pca_whiten=''true''", "svm_C='0.22047806591043623'", "svm_gamma='2.8026857681471253'"]}
{"cpu_time": 12278.241076469421, "total_cpu_time": null, "wallclock_time": 12296.874093532562, "evaluations": 148, "cost": 0.4712803411926969, "incumbent": ["haralick_distance='3'", "pca_whiten=''true''", "svm_C='0.32389595036097163'", "svm_gamma='2.768133833010475'"]}
{"cpu_time": 14423.458595514297, "total_cpu_time": null, "wallclock_time": 14445.534802913666, "evaluations": 172, "cost": 0.47107296993962605, "incumbent": ["haralick_distance='3'", "pca_whiten=''true''", "svm_C='0.7106103298332485'", "svm_gamma='1.5706779643286763'"]}
{"cpu_time": 14605.627091884613, "total_cpu_time": null, "wallclock_time": 14627.854079723358, "evaluations": 174, "cost": 0.47106725481695677, "incumbent": ["haralick_distance='3'", "pca_whiten=''true''", "svm_C='0.6359144654440377'", "svm_gamma='1.5601124598775988'"]}
{"cpu_time": 15351.875479221344, "total_cpu_time": null, "wallclock_time": 15375.531189203262, "evaluations": 182, "cost": 0.47066812996966795, "incumbent": ["haralick_distance='3'", "pca_whiten=''true''", "svm_C='0.5908595975028011'", "svm_gamma='2.496663507152964'"]}
{"cpu_time": 15719.740954637527, "total_cpu_time": null, "wallclock_time": 15743.954924106598, "evaluations": 186, "cost": 0.4694088300096031, "incumbent": ["haralick_distance='3'", "pca_whiten=''true''", "svm_C='0.32389595036097163'", "svm_gamma='2.6385682452550014'"]}
