{"cpu_time": 0, "total_cpu_time": null, "wallclock_time": 6.29425048828125e-05, "evaluations": 0, "cost": 2147483648, "incumbent": ["pca_whiten=''true''"]}
{"cpu_time": 0.7281374931335449, "total_cpu_time": null, "wallclock_time": 0.7755825519561768, "evaluations": 1, "cost": 20.960679271676018, "incumbent": ["pca_whiten=''true''"]}
{"cpu_time": 1.7035269737243652, "total_cpu_time": null, "wallclock_time": 1.8582682609558105, "evaluations": 2, "cost": 20.57528897009439, "incumbent": ["pca_whiten=''false''"]}
