{"cpu_time": 0, "total_cpu_time": null, "wallclock_time": 0.0006313323974609375, "evaluations": 0, "cost": 2147483648, "incumbent": ["isomap_n_components='2'", "isomap_n_neighbors='5'", "rf_max_features='0.5'", "rf_n_estimators='10'"]}
{"cpu_time": 2.215292453765869, "total_cpu_time": null, "wallclock_time": 2.3059465885162354, "evaluations": 1, "cost": 4.528028369564079, "incumbent": ["isomap_n_components='2'", "isomap_n_neighbors='5'", "rf_max_features='0.5'", "rf_n_estimators='10'"]}
{"cpu_time": 6.24652099609375, "total_cpu_time": null, "wallclock_time": 6.505193710327148, "evaluations": 2, "cost": 1.4636957758396678, "incumbent": ["isomap_n_components='2'", "isomap_n_neighbors='7'", "rf_max_features='0.7705914184339647'", "rf_n_estimators='220'"]}
{"cpu_time": 9.917217016220093, "total_cpu_time": null, "wallclock_time": 10.25379467010498, "evaluations": 3, "cost": 1.1582714397479064, "incumbent": ["isomap_n_components='4'", "isomap_n_neighbors='5'", "rf_max_features='0.42825496760388254'", "rf_n_estimators='109'"]}
{"cpu_time": 51.950549602508545, "total_cpu_time": null, "wallclock_time": 54.139705657958984, "evaluations": 16, "cost": 1.0320761194478685, "incumbent": ["isomap_n_components='4'", "isomap_n_neighbors='7'", "rf_max_features='0.4629471841192123'", "rf_n_estimators='105'"]}
{"cpu_time": 74.96156144142151, "total_cpu_time": null, "wallclock_time": 78.21365165710449, "evaluations": 23, "cost": 0.9596134000017281, "incumbent": ["isomap_n_components='4'", "isomap_n_neighbors='7'", "rf_max_features='0.6343316352444657'", "rf_n_estimators='296'"]}
{"cpu_time": 86.72502970695496, "total_cpu_time": null, "wallclock_time": 90.59592342376709, "evaluations": 27, "cost": 0.941554481349521, "incumbent": ["isomap_n_components='4'", "isomap_n_neighbors='7'", "rf_max_features='0.32090334545660065'", "rf_n_estimators='79'"]}
{"cpu_time": 116.64542365074158, "total_cpu_time": null, "wallclock_time": 121.77808260917664, "evaluations": 37, "cost": 0.9328005678279886, "incumbent": ["isomap_n_components='4'", "isomap_n_neighbors='7'", "rf_max_features='0.46859709749464196'", "rf_n_estimators='281'"]}
