{"cpu_time": 0, "total_cpu_time": null, "wallclock_time": 0.00014853477478027344, "evaluations": 0, "cost": 2147483648, "incumbent": ["pca_whiten=''true''", "svm_C='1.0'", "svm_gamma='1.0'"]}
{"cpu_time": 6.327285528182983, "total_cpu_time": null, "wallclock_time": 6.486723899841309, "evaluations": 1, "cost": 0.45546515386669645, "incumbent": ["pca_whiten=''true''", "svm_C='1.0'", "svm_gamma='1.0'"]}
{"cpu_time": 189.70308256149292, "total_cpu_time": null, "wallclock_time": 193.59311842918396, "evaluations": 22, "cost": 0.3723025995446463, "incumbent": ["pca_whiten=''false''", "svm_C='1.822326065000656'", "svm_gamma='0.02163117111605692'"]}
{"cpu_time": 204.57199239730835, "total_cpu_time": null, "wallclock_time": 208.876451253891, "evaluations": 24, "cost": 0.36572791064613935, "incumbent": ["pca_whiten=''false''", "svm_C='4.5963091946119565'", "svm_gamma='0.13659001740109908'"]}
{"cpu_time": 251.38461184501648, "total_cpu_time": null, "wallclock_time": 256.5484583377838, "evaluations": 29, "cost": 0.3549025804861126, "incumbent": ["pca_whiten=''false''", "svm_C='62.50814177672008'", "svm_gamma='0.028977341676197955'"]}
{"cpu_time": 425.6953856945038, "total_cpu_time": null, "wallclock_time": 435.02634358406067, "evaluations": 48, "cost": 0.351510803767287, "incumbent": ["pca_whiten=''false''", "svm_C='8.235335603773642'", "svm_gamma='0.032342007336355255'"]}
{"cpu_time": 564.0355172157288, "total_cpu_time": null, "wallclock_time": 576.5709116458893, "evaluations": 66, "cost": 0.34625736602012896, "incumbent": ["pca_whiten=''true''", "svm_C='18.372073273709084'", "svm_gamma='0.04055744889685196'"]}
