{"cpu_time": 0, "total_cpu_time": null, "wallclock_time": 0.0001289844512939453, "evaluations": 0, "cost": 2147483648, "incumbent": ["haralick_distance='1'", "pca_whiten=''true''", "rf_max_features='0.5'", "rf_n_estimators='10'"]}
{"cpu_time": 87.79611110687256, "total_cpu_time": null, "wallclock_time": 87.86261916160583, "evaluations": 1, "cost": 0.8244109222631448, "incumbent": ["haralick_distance='1'", "pca_whiten=''true''", "rf_max_features='0.5'", "rf_n_estimators='10'"]}
{"cpu_time": 180.82356595993042, "total_cpu_time": null, "wallclock_time": 181.01977920532227, "evaluations": 2, "cost": 0.4761427642945313, "incumbent": ["haralick_distance='1'", "pca_whiten=''true''", "rf_max_features='0.5914675755540864'", "rf_n_estimators='259'"]}
{"cpu_time": 269.08778834342957, "total_cpu_time": null, "wallclock_time": 269.3360917568207, "evaluations": 3, "cost": 0.4517659694999367, "incumbent": ["haralick_distance='2'", "pca_whiten=''true''", "rf_max_features='0.49829813910866494'", "rf_n_estimators='39'"]}
{"cpu_time": 362.555296421051, "total_cpu_time": null, "wallclock_time": 362.99392652511597, "evaluations": 4, "cost": 0.36726769884918564, "incumbent": ["haralick_distance='2'", "pca_whiten=''false''", "rf_max_features='0.7749277535405971'", "rf_n_estimators='140'"]}
{"cpu_time": 591.2640063762665, "total_cpu_time": null, "wallclock_time": 591.9940159320831, "evaluations": 7, "cost": 0.36719020158035814, "incumbent": ["haralick_distance='2'", "pca_whiten=''false''", "rf_max_features='0.3131221970343925'", "rf_n_estimators='210'"]}
{"cpu_time": 2178.8522279262543, "total_cpu_time": null, "wallclock_time": 2182.0098071098328, "evaluations": 32, "cost": 0.35427497163209637, "incumbent": ["haralick_distance='2'", "pca_whiten=''false''", "rf_max_features='0.6923237034617599'", "rf_n_estimators='30'"]}
