{"cpu_time": 0, "total_cpu_time": null, "wallclock_time": 0.00012922286987304688, "evaluations": 0, "cost": 2147483648, "incumbent": ["pca_whiten=''true''", "svm_C='1.0'", "svm_gamma='1.0'"]}
{"cpu_time": 1.923630714416504, "total_cpu_time": null, "wallclock_time": 1.959775686264038, "evaluations": 1, "cost": 0.45393157277489316, "incumbent": ["pca_whiten=''true''", "svm_C='1.0'", "svm_gamma='1.0'"]}
{"cpu_time": 40.183205127716064, "total_cpu_time": null, "wallclock_time": 41.34262561798096, "evaluations": 24, "cost": 0.4209699532355066, "incumbent": ["pca_whiten=''false''", "svm_C='0.553703590216603'", "svm_gamma='0.6004735338586757'"]}
{"cpu_time": 48.11286997795105, "total_cpu_time": null, "wallclock_time": 49.492770195007324, "evaluations": 29, "cost": 0.35391388244035643, "incumbent": ["pca_whiten=''false''", "svm_C='62.50814177672008'", "svm_gamma='0.028977341676197955'"]}
{"cpu_time": 52.758026361465454, "total_cpu_time": null, "wallclock_time": 54.32418131828308, "evaluations": 32, "cost": 0.3522189618108979, "incumbent": ["pca_whiten=''false''", "svm_C='67.89980302108987'", "svm_gamma='0.02502285942268033'"]}
{"cpu_time": 148.5695309638977, "total_cpu_time": null, "wallclock_time": 153.88853573799133, "evaluations": 88, "cost": 0.3515396169315816, "incumbent": ["pca_whiten=''true''", "svm_C='62.50814177672008'", "svm_gamma='0.028977341676197955'"]}
{"cpu_time": 191.63802695274353, "total_cpu_time": null, "wallclock_time": 198.90643048286438, "evaluations": 114, "cost": 0.3459827444798087, "incumbent": ["pca_whiten=''true''", "svm_C='48.24908352354805'", "svm_gamma='0.01501114283332293'"]}
