{"cpu_time": 0, "total_cpu_time": null, "wallclock_time": 4.673004150390625e-05, "evaluations": 0, "cost": 2147483648, "incumbent": ["pca_whiten=''true''"]}
{"cpu_time": 27.584868669509888, "total_cpu_time": null, "wallclock_time": 27.656909704208374, "evaluations": 1, "cost": 6.8738072548388045, "incumbent": ["pca_whiten=''true''"]}
