{"cpu_time": 0, "total_cpu_time": null, "wallclock_time": 8.96453857421875e-05, "evaluations": 0, "cost": 2147483648, "incumbent": ["isomap_n_components='2'", "isomap_n_neighbors='5'", "svm_C='0.1'", "svm_gamma='4.005'"]}
{"cpu_time": 0.47178053855895996, "total_cpu_time": null, "wallclock_time": 0.487701416015625, "evaluations": 1, "cost": 0.9940394896008057, "incumbent": ["isomap_n_components='2'", "isomap_n_neighbors='5'", "svm_C='0.1'", "svm_gamma='4.005'"]}
{"cpu_time": 1.9599387645721436, "total_cpu_time": null, "wallclock_time": 2.156802177429199, "evaluations": 4, "cost": 0.914587612186628, "incumbent": ["isomap_n_components='4'", "isomap_n_neighbors='6'", "svm_C='75.025'", "svm_gamma='0.01'"]}
{"cpu_time": 5.8651933670043945, "total_cpu_time": null, "wallclock_time": 6.343922853469849, "evaluations": 12, "cost": 0.9119232612115572, "incumbent": ["isomap_n_components='4'", "isomap_n_neighbors='7'", "svm_C='50.050000000000004'", "svm_gamma='0.01'"]}
{"cpu_time": 12.20913028717041, "total_cpu_time": null, "wallclock_time": 13.171549558639526, "evaluations": 25, "cost": 0.9102159679558098, "incumbent": ["isomap_n_components='4'", "isomap_n_neighbors='6'", "svm_C='100.0'", "svm_gamma='0.01'"]}
{"cpu_time": 20.445422410964966, "total_cpu_time": null, "wallclock_time": 22.06607723236084, "evaluations": 42, "cost": 0.9090667362800238, "incumbent": ["isomap_n_components='4'", "isomap_n_neighbors='7'", "svm_C='75.025'", "svm_gamma='0.01'"]}
