{"cpu_time": 0, "total_cpu_time": null, "wallclock_time": 2.7894973754882812e-05, "evaluations": 0, "cost": 2147483648, "incumbent": []}
{"cpu_time": 0.4366917610168457, "total_cpu_time": null, "wallclock_time": 0.4549827575683594, "evaluations": 1, "cost": 8.270578491313731, "incumbent": []}
