{"cpu_time": 0, "total_cpu_time": null, "wallclock_time": 0.00015854835510253906, "evaluations": 0, "cost": 2147483648, "incumbent": ["isomap_n_components='2'", "isomap_n_neighbors='5'", "svm_C='1.0'", "svm_gamma='1.0'"]}
{"cpu_time": 3.655742883682251, "total_cpu_time": null, "wallclock_time": 3.7362372875213623, "evaluations": 1, "cost": 0.3106931107355972, "incumbent": ["isomap_n_components='2'", "isomap_n_neighbors='5'", "svm_C='1.0'", "svm_gamma='1.0'"]}
{"cpu_time": 8.99428391456604, "total_cpu_time": null, "wallclock_time": 9.34935188293457, "evaluations": 3, "cost": 0.30503544965286244, "incumbent": ["isomap_n_components='4'", "isomap_n_neighbors='5'", "svm_C='25.725342527255737'", "svm_gamma='2.7907769724696707'"]}
{"cpu_time": 27.11046814918518, "total_cpu_time": null, "wallclock_time": 28.65522837638855, "evaluations": 11, "cost": 0.3010062441235964, "incumbent": ["isomap_n_components='4'", "isomap_n_neighbors='5'", "svm_C='90.54227226407072'", "svm_gamma='3.6001724529254275'"]}
{"cpu_time": 35.594194650650024, "total_cpu_time": null, "wallclock_time": 37.65538167953491, "evaluations": 15, "cost": 0.3006488115191079, "incumbent": ["isomap_n_components='2'", "isomap_n_neighbors='6'", "svm_C='79.9317820116972'", "svm_gamma='3.6232786466854465'"]}
{"cpu_time": 113.29519438743591, "total_cpu_time": null, "wallclock_time": 121.29520893096924, "evaluations": 48, "cost": 0.29790563135900155, "incumbent": ["isomap_n_components='2'", "isomap_n_neighbors='6'", "svm_C='80.3972824478524'", "svm_gamma='3.6232786466854465'"]}
