{"cpu_time": 0, "total_cpu_time": null, "wallclock_time": 7.152557373046875e-05, "evaluations": 0, "cost": 2147483648, "incumbent": ["svm_C='0.1'", "svm_gamma='4.005'"]}
{"cpu_time": 1.5932645797729492, "total_cpu_time": null, "wallclock_time": 1.6225135326385498, "evaluations": 1, "cost": 0.33390169841039485, "incumbent": ["svm_C='0.1'", "svm_gamma='4.005'"]}
{"cpu_time": 3.0237972736358643, "total_cpu_time": null, "wallclock_time": 3.1244301795959473, "evaluations": 2, "cost": 0.32158856694667187, "incumbent": ["svm_C='100.0'", "svm_gamma='2.0075'"]}
{"cpu_time": 6.470107793807983, "total_cpu_time": null, "wallclock_time": 6.650231599807739, "evaluations": 4, "cost": 0.32121112692875087, "incumbent": ["svm_C='0.1'", "svm_gamma='0.01'"]}
{"cpu_time": 10.820093631744385, "total_cpu_time": null, "wallclock_time": 11.179506778717041, "evaluations": 7, "cost": 0.2867392234832284, "incumbent": ["svm_C='50.050000000000004'", "svm_gamma='0.01'"]}
