{"cpu_time": 0, "total_cpu_time": null, "wallclock_time": 0.00011515617370605469, "evaluations": 0, "cost": 2147483648, "incumbent": ["isomap_n_components='2'", "isomap_n_neighbors='5'", "rf_max_features='0.5'", "rf_n_estimators='10'"]}
{"cpu_time": 0.47699475288391113, "total_cpu_time": null, "wallclock_time": 0.49132513999938965, "evaluations": 1, "cost": 7.071274926371746, "incumbent": ["isomap_n_components='2'", "isomap_n_neighbors='5'", "rf_max_features='0.5'", "rf_n_estimators='10'"]}
{"cpu_time": 1.6980679035186768, "total_cpu_time": null, "wallclock_time": 1.7489244937896729, "evaluations": 2, "cost": 2.757401070181855, "incumbent": ["isomap_n_components='2'", "isomap_n_neighbors='7'", "rf_max_features='0.7705914184339647'", "rf_n_estimators='220'"]}
{"cpu_time": 2.5185916423797607, "total_cpu_time": null, "wallclock_time": 2.5843541622161865, "evaluations": 3, "cost": 1.0937642253735498, "incumbent": ["isomap_n_components='4'", "isomap_n_neighbors='5'", "rf_max_features='0.42825496760388254'", "rf_n_estimators='109'"]}
{"cpu_time": 18.731281995773315, "total_cpu_time": null, "wallclock_time": 19.48648762702942, "evaluations": 21, "cost": 1.022004266279031, "incumbent": ["isomap_n_components='4'", "isomap_n_neighbors='6'", "rf_max_features='0.3908563055255074'", "rf_n_estimators='252'"]}
