{"cpu_time": 0, "total_cpu_time": null, "wallclock_time": 0.0001437664031982422, "evaluations": 0, "cost": 2147483648, "incumbent": ["haralick_distance='1'", "isomap_n_components='2'", "isomap_n_neighbors='5'", "svm_C='1.0'", "svm_gamma='1.0'"]}
{"cpu_time": 23.4805109500885, "total_cpu_time": null, "wallclock_time": 23.55482268333435, "evaluations": 1, "cost": 0.4766263723002151, "incumbent": ["haralick_distance='1'", "isomap_n_components='2'", "isomap_n_neighbors='5'", "svm_C='1.0'", "svm_gamma='1.0'"]}
{"cpu_time": 76.38380575180054, "total_cpu_time": null, "wallclock_time": 76.68011450767517, "evaluations": 3, "cost": 0.474466377128787, "incumbent": ["haralick_distance='2'", "isomap_n_components='2'", "isomap_n_neighbors='6'", "svm_C='78.990011851405'", "svm_gamma='6.602930247746782'"]}
{"cpu_time": 246.91345238685608, "total_cpu_time": null, "wallclock_time": 248.523295879364, "evaluations": 18, "cost": 0.47438379506814427, "incumbent": ["haralick_distance='1'", "isomap_n_components='2'", "isomap_n_neighbors='5'", "svm_C='87.94033217803754'", "svm_gamma='2.39453362475163'"]}
{"cpu_time": 258.0429358482361, "total_cpu_time": null, "wallclock_time": 259.7172989845276, "evaluations": 19, "cost": 0.466901414930009, "incumbent": ["haralick_distance='1'", "isomap_n_components='3'", "isomap_n_neighbors='5'", "svm_C='61.98915050720065'", "svm_gamma='1.6708997913006134'"]}
{"cpu_time": 383.23569226264954, "total_cpu_time": null, "wallclock_time": 385.856481552124, "evaluations": 30, "cost": 0.4546773752656888, "incumbent": ["haralick_distance='2'", "isomap_n_components='3'", "isomap_n_neighbors='5'", "svm_C='0.805224789412409'", "svm_gamma='1.6773392243225422'"]}
{"cpu_time": 507.6222324371338, "total_cpu_time": null, "wallclock_time": 511.24981808662415, "evaluations": 41, "cost": 0.43479307233542447, "incumbent": ["haralick_distance='2'", "isomap_n_components='2'", "isomap_n_neighbors='5'", "svm_C='68.84716082050046'", "svm_gamma='2.1087808232323737'"]}
{"cpu_time": 1085.7235584259033, "total_cpu_time": null, "wallclock_time": 1094.256174325943, "evaluations": 92, "cost": 0.4321850864151838, "incumbent": ["haralick_distance='2'", "isomap_n_components='2'", "isomap_n_neighbors='5'", "svm_C='0.805224789412409'", "svm_gamma='1.6773392243225422'"]}
{"cpu_time": 1679.9581763744354, "total_cpu_time": null, "wallclock_time": 1693.317114830017, "evaluations": 148, "cost": 0.4303221368623891, "incumbent": ["haralick_distance='2'", "isomap_n_components='2'", "isomap_n_neighbors='5'", "svm_C='0.46125336980153153'", "svm_gamma='1.530779761127524'"]}
{"cpu_time": 1966.7037489414215, "total_cpu_time": null, "wallclock_time": 1982.180980205536, "evaluations": 180, "cost": 0.4181948131238564, "incumbent": ["haralick_distance='2'", "isomap_n_components='2'", "isomap_n_neighbors='6'", "svm_C='0.805224789412409'", "svm_gamma='1.6773392243225422'"]}
