{"cpu_time": 0, "total_cpu_time": null, "wallclock_time": 0.0001227855682373047, "evaluations": 0, "cost": 2147483648, "incumbent": ["isomap_n_components='2'", "isomap_n_neighbors='5'", "svm_C='1.0'", "svm_gamma='1.0'"]}
{"cpu_time": 0.3509643077850342, "total_cpu_time": null, "wallclock_time": 0.4449610710144043, "evaluations": 1, "cost": 0.4806783895561346, "incumbent": ["isomap_n_components='2'", "isomap_n_neighbors='5'", "svm_C='1.0'", "svm_gamma='1.0'"]}
{"cpu_time": 0.7121973037719727, "total_cpu_time": null, "wallclock_time": 0.9816679954528809, "evaluations": 2, "cost": 0.4799630667285124, "incumbent": ["isomap_n_components='2'", "isomap_n_neighbors='7'", "svm_C='94.12416540310615'", "svm_gamma='5.804177494310886'"]}
{"cpu_time": 3.359483003616333, "total_cpu_time": null, "wallclock_time": 4.540663480758667, "evaluations": 10, "cost": 0.46798025216088984, "incumbent": ["isomap_n_components='2'", "isomap_n_neighbors='7'", "svm_C='8.545918430923424'", "svm_gamma='6.405615537546063'"]}
{"cpu_time": 6.1831958293914795, "total_cpu_time": null, "wallclock_time": 8.535785675048828, "evaluations": 18, "cost": 0.4585774750464989, "incumbent": ["isomap_n_components='2'", "isomap_n_neighbors='7'", "svm_C='10.44012961364514'", "svm_gamma='0.16126384442261074'"]}
{"cpu_time": 35.29148244857788, "total_cpu_time": null, "wallclock_time": 51.04891514778137, "evaluations": 109, "cost": 0.4395847799194868, "incumbent": ["isomap_n_components='2'", "isomap_n_neighbors='7'", "svm_C='19.53277481235095'", "svm_gamma='0.06707487489821659'"]}
{"cpu_time": 47.33102202415466, "total_cpu_time": null, "wallclock_time": 69.62861633300781, "evaluations": 151, "cost": 0.43939739711639425, "incumbent": ["isomap_n_components='2'", "isomap_n_neighbors='7'", "svm_C='54.81489785647377'", "svm_gamma='0.05842719967310122'"]}
{"cpu_time": 62.66663098335266, "total_cpu_time": null, "wallclock_time": 93.71049904823303, "evaluations": 202, "cost": 0.4383846304702684, "incumbent": ["isomap_n_components='2'", "isomap_n_neighbors='7'", "svm_C='60.032238700222315'", "svm_gamma='0.02632552984275202'"]}
