{"cpu_time": 0, "total_cpu_time": null, "wallclock_time": 0.0001506805419921875, "evaluations": 0, "cost": 2147483648, "incumbent": ["pca_whiten=''true''", "svm_C='1.0'", "svm_gamma='1.0'"]}
{"cpu_time": 0.44782376289367676, "total_cpu_time": null, "wallclock_time": 0.4825122356414795, "evaluations": 1, "cost": 1.0255835563871833, "incumbent": ["pca_whiten=''true''", "svm_C='1.0'", "svm_gamma='1.0'"]}
{"cpu_time": 0.9366025924682617, "total_cpu_time": null, "wallclock_time": 1.0112724304199219, "evaluations": 2, "cost": 1.0208682565683818, "incumbent": ["pca_whiten=''true''", "svm_C='65.31224049555269'", "svm_gamma='4.667651857354299'"]}
{"cpu_time": 2.0008022785186768, "total_cpu_time": null, "wallclock_time": 2.1615517139434814, "evaluations": 4, "cost": 1.0177781598317848, "incumbent": ["pca_whiten=''true''", "svm_C='1.2716634603503483'", "svm_gamma='5.837543753082359'"]}
{"cpu_time": 2.6397764682769775, "total_cpu_time": null, "wallclock_time": 2.8291115760803223, "evaluations": 5, "cost": 1.0111859635974982, "incumbent": ["pca_whiten=''true''", "svm_C='78.990011851405'", "svm_gamma='6.602930247746782'"]}
{"cpu_time": 5.097152471542358, "total_cpu_time": null, "wallclock_time": 5.453564167022705, "evaluations": 9, "cost": 1.0077997457880825, "incumbent": ["pca_whiten=''true''", "svm_C='25.833879111337303'", "svm_gamma='2.5925190439316834'"]}
{"cpu_time": 8.120099306106567, "total_cpu_time": null, "wallclock_time": 8.702988386154175, "evaluations": 14, "cost": 1.0042512637593897, "incumbent": ["pca_whiten=''false''", "svm_C='22.36134238238838'", "svm_gamma='2.3789369410097847'"]}
{"cpu_time": 24.97901725769043, "total_cpu_time": null, "wallclock_time": 26.850773334503174, "evaluations": 42, "cost": 1.003725097785656, "incumbent": ["pca_whiten=''true''", "svm_C='67.31306663402185'", "svm_gamma='2.42325110009774'"]}
