{"cpu_time": 0, "total_cpu_time": null, "wallclock_time": 0.00011897087097167969, "evaluations": 0, "cost": 2147483648, "incumbent": ["pca_whiten=''true''", "rf_max_features='0.5'", "rf_n_estimators='10'"]}
{"cpu_time": 1.5486886501312256, "total_cpu_time": null, "wallclock_time": 1.628377914428711, "evaluations": 1, "cost": 1.4120719389647949, "incumbent": ["pca_whiten=''true''", "rf_max_features='0.5'", "rf_n_estimators='10'"]}
{"cpu_time": 4.149170637130737, "total_cpu_time": null, "wallclock_time": 4.274429082870483, "evaluations": 2, "cost": 0.5943904415742715, "incumbent": ["pca_whiten=''true''", "rf_max_features='0.6263875900678313'", "rf_n_estimators='178'"]}
{"cpu_time": 7.063826560974121, "total_cpu_time": null, "wallclock_time": 7.226495981216431, "evaluations": 3, "cost": 0.5908099798668717, "incumbent": ["pca_whiten=''false''", "rf_max_features='0.3021465708060675'", "rf_n_estimators='203'"]}
{"cpu_time": 48.906172037124634, "total_cpu_time": null, "wallclock_time": 49.99856686592102, "evaluations": 16, "cost": 0.540287449581668, "incumbent": ["pca_whiten=''false''", "rf_max_features='0.47875293863640084'", "rf_n_estimators='186'"]}
{"cpu_time": 54.42406153678894, "total_cpu_time": null, "wallclock_time": 55.65703272819519, "evaluations": 18, "cost": 0.5362842301959184, "incumbent": ["pca_whiten=''false''", "rf_max_features='0.46349199169951344'", "rf_n_estimators='200'"]}
{"cpu_time": 152.34171438217163, "total_cpu_time": null, "wallclock_time": 155.8363058567047, "evaluations": 55, "cost": 0.5340642993908199, "incumbent": ["pca_whiten=''true''", "rf_max_features='0.5355804413001668'", "rf_n_estimators='288'"]}
{"cpu_time": 168.91536045074463, "total_cpu_time": null, "wallclock_time": 172.73798537254333, "evaluations": 61, "cost": 0.5317923432225814, "incumbent": ["pca_whiten=''true''", "rf_max_features='0.4881891528990991'", "rf_n_estimators='275'"]}
