{"cpu_time": 0, "total_cpu_time": null, "wallclock_time": 0.000141143798828125, "evaluations": 0, "cost": 2147483648, "incumbent": ["pca_whiten=''true''", "rf_max_features='0.5'", "rf_n_estimators='10'"]}
{"cpu_time": 8.270090103149414, "total_cpu_time": null, "wallclock_time": 8.367159605026245, "evaluations": 1, "cost": 1.6200318642685716, "incumbent": ["pca_whiten=''true''", "rf_max_features='0.5'", "rf_n_estimators='10'"]}
{"cpu_time": 16.98992395401001, "total_cpu_time": null, "wallclock_time": 17.24792766571045, "evaluations": 2, "cost": 0.7098936463881643, "incumbent": ["pca_whiten=''true''", "rf_max_features='0.6263875900678313'", "rf_n_estimators='178'"]}
{"cpu_time": 62.75079965591431, "total_cpu_time": null, "wallclock_time": 63.578861951828, "evaluations": 6, "cost": 0.7063933120322905, "incumbent": ["pca_whiten=''true''", "rf_max_features='0.6483339395381182'", "rf_n_estimators='285'"]}
{"cpu_time": 128.60799956321716, "total_cpu_time": null, "wallclock_time": 130.4873616695404, "evaluations": 12, "cost": 0.7053581196868725, "incumbent": ["pca_whiten=''true''", "rf_max_features='0.5792584030076042'", "rf_n_estimators='113'"]}
{"cpu_time": 358.6022963523865, "total_cpu_time": null, "wallclock_time": 366.2237513065338, "evaluations": 45, "cost": 0.7052622571489544, "incumbent": ["pca_whiten=''false''", "rf_max_features='0.449831773581129'", "rf_n_estimators='112'"]}
{"cpu_time": 414.90025997161865, "total_cpu_time": null, "wallclock_time": 423.86121821403503, "evaluations": 53, "cost": 0.7017155578842126, "incumbent": ["pca_whiten=''false''", "rf_max_features='0.5347949895944473'", "rf_n_estimators='151'"]}
{"cpu_time": 905.5902769565582, "total_cpu_time": null, "wallclock_time": 924.8811695575714, "evaluations": 143, "cost": 0.7013172947802836, "incumbent": ["pca_whiten=''true''", "rf_max_features='0.5583968915055367'", "rf_n_estimators='198'"]}
