{"cpu_time": 0, "total_cpu_time": null, "wallclock_time": 0.00015974044799804688, "evaluations": 0, "cost": 2147483648, "incumbent": ["isomap_n_components='2'", "isomap_n_neighbors='5'", "rf_max_features='0.5'", "rf_n_estimators='10'"]}
{"cpu_time": 2.19800066947937, "total_cpu_time": null, "wallclock_time": 2.2622509002685547, "evaluations": 1, "cost": 0.5202280280736775, "incumbent": ["isomap_n_components='2'", "isomap_n_neighbors='5'", "rf_max_features='0.5'", "rf_n_estimators='10'"]}
{"cpu_time": 6.849273681640625, "total_cpu_time": null, "wallclock_time": 7.108607530593872, "evaluations": 2, "cost": 0.4715738800680682, "incumbent": ["isomap_n_components='2'", "isomap_n_neighbors='7'", "rf_max_features='0.7705914184339647'", "rf_n_estimators='220'"]}
{"cpu_time": 9.96059250831604, "total_cpu_time": null, "wallclock_time": 10.287649393081665, "evaluations": 3, "cost": 0.1364805009325325, "incumbent": ["isomap_n_components='4'", "isomap_n_neighbors='5'", "rf_max_features='0.42825496760388254'", "rf_n_estimators='109'"]}
{"cpu_time": 67.50798201560974, "total_cpu_time": null, "wallclock_time": 70.5980772972107, "evaluations": 20, "cost": 0.1351670428443278, "incumbent": ["isomap_n_components='4'", "isomap_n_neighbors='4'", "rf_max_features='0.6703264771237514'", "rf_n_estimators='96'"]}
{"cpu_time": 109.77370929718018, "total_cpu_time": null, "wallclock_time": 114.79955101013184, "evaluations": 32, "cost": 0.13115521592961402, "incumbent": ["isomap_n_components='4'", "isomap_n_neighbors='4'", "rf_max_features='0.45056375855721004'", "rf_n_estimators='24'"]}
