{"cpu_time": 0, "total_cpu_time": null, "wallclock_time": 4.649162292480469e-05, "evaluations": 0, "cost": 2147483648, "incumbent": ["pca_whiten=''true''"]}
{"cpu_time": 0.4060485363006592, "total_cpu_time": null, "wallclock_time": 0.4455604553222656, "evaluations": 1, "cost": 13.189454582821119, "incumbent": ["pca_whiten=''true''"]}
