{"cpu_time": 0, "total_cpu_time": null, "wallclock_time": 0.0002536773681640625, "evaluations": 0, "cost": 2147483648, "incumbent": ["isomap_n_components='2'", "isomap_n_neighbors='5'", "rf_max_features='0.5'", "rf_n_estimators='10'"]}
{"cpu_time": 0.6402645111083984, "total_cpu_time": null, "wallclock_time": 0.6636145114898682, "evaluations": 1, "cost": 7.300823735165136, "incumbent": ["isomap_n_components='2'", "isomap_n_neighbors='5'", "rf_max_features='0.5'", "rf_n_estimators='10'"]}
{"cpu_time": 3.1452419757843018, "total_cpu_time": null, "wallclock_time": 3.2743072509765625, "evaluations": 2, "cost": 2.6636571189483687, "incumbent": ["isomap_n_components='2'", "isomap_n_neighbors='7'", "rf_max_features='0.7705914184339647'", "rf_n_estimators='220'"]}
{"cpu_time": 4.654185771942139, "total_cpu_time": null, "wallclock_time": 4.808582305908203, "evaluations": 3, "cost": 1.32011861578732, "incumbent": ["isomap_n_components='4'", "isomap_n_neighbors='5'", "rf_max_features='0.42825496760388254'", "rf_n_estimators='109'"]}
{"cpu_time": 6.638928174972534, "total_cpu_time": null, "wallclock_time": 6.8852458000183105, "evaluations": 4, "cost": 1.267862789784837, "incumbent": ["isomap_n_components='3'", "isomap_n_neighbors='3'", "rf_max_features='0.5379007026068363'", "rf_n_estimators='167'"]}
{"cpu_time": 18.46346163749695, "total_cpu_time": null, "wallclock_time": 19.11048674583435, "evaluations": 11, "cost": 1.1944403068685447, "incumbent": ["isomap_n_components='4'", "isomap_n_neighbors='5'", "rf_max_features='0.7526640253456993'", "rf_n_estimators='139'"]}
{"cpu_time": 36.19671559333801, "total_cpu_time": null, "wallclock_time": 37.521445751190186, "evaluations": 21, "cost": 1.1172943595495382, "incumbent": ["isomap_n_components='4'", "isomap_n_neighbors='6'", "rf_max_features='0.3908563055255074'", "rf_n_estimators='252'"]}
{"cpu_time": 41.03784728050232, "total_cpu_time": null, "wallclock_time": 42.54686260223389, "evaluations": 23, "cost": 1.0030305955549454, "incumbent": ["isomap_n_components='4'", "isomap_n_neighbors='7'", "rf_max_features='0.6343316352444657'", "rf_n_estimators='296'"]}
