{"cpu_time": 0, "total_cpu_time": null, "wallclock_time": 9.012222290039062e-05, "evaluations": 0, "cost": 2147483648, "incumbent": ["pca_whiten=''true''", "svm_C='1.0'", "svm_gamma='1.0'"]}
{"cpu_time": 139.7084662914276, "total_cpu_time": null, "wallclock_time": 139.78208255767822, "evaluations": 1, "cost": 1.0137529187667058, "incumbent": ["pca_whiten=''true''", "svm_C='1.0'", "svm_gamma='1.0'"]}
{"cpu_time": 142.0969033241272, "total_cpu_time": null, "wallclock_time": 142.4529266357422, "evaluations": 8, "cost": 1.0123204094888265, "incumbent": ["pca_whiten=''false''", "svm_C='43.39606796213057'", "svm_gamma='5.194899686392145'"]}
{"cpu_time": 142.7097451686859, "total_cpu_time": null, "wallclock_time": 143.148690700531, "evaluations": 10, "cost": 1.010398079285219, "incumbent": ["pca_whiten=''true''", "svm_C='6.318379303405241'", "svm_gamma='4.402649431313796'"]}
{"cpu_time": 143.41638159751892, "total_cpu_time": null, "wallclock_time": 143.9431655406952, "evaluations": 12, "cost": 1.0093685502880632, "incumbent": ["pca_whiten=''true''", "svm_C='92.29306459867924'", "svm_gamma='5.258855375138172'"]}
{"cpu_time": 143.78728556632996, "total_cpu_time": null, "wallclock_time": 144.3454885482788, "evaluations": 13, "cost": 1.002106516452178, "incumbent": ["pca_whiten=''true''", "svm_C='74.03895323452416'", "svm_gamma='1.9822428937900223'"]}
{"cpu_time": 158.7502510547638, "total_cpu_time": null, "wallclock_time": 161.211359500885, "evaluations": 58, "cost": 1.0020605274398913, "incumbent": ["pca_whiten=''true''", "svm_C='74.30403001448603'", "svm_gamma='1.9792218030657494'"]}
{"cpu_time": 168.76469039916992, "total_cpu_time": null, "wallclock_time": 172.54936003684998, "evaluations": 88, "cost": 1.0004071493781435, "incumbent": ["pca_whiten=''true''", "svm_C='73.4861700435536'", "svm_gamma='2.0557361333778883'"]}
