{"cpu_time": 0, "total_cpu_time": null, "wallclock_time": 0.0001220703125, "evaluations": 0, "cost": 2147483648, "incumbent": ["isomap_n_components='2'", "isomap_n_neighbors='5'", "svm_C='1.0'", "svm_gamma='1.0'"]}
{"cpu_time": 8.219754695892334, "total_cpu_time": null, "wallclock_time": 8.295578479766846, "evaluations": 1, "cost": 0.5073796121512638, "incumbent": ["isomap_n_components='2'", "isomap_n_neighbors='5'", "svm_C='1.0'", "svm_gamma='1.0'"]}
{"cpu_time": 159.01176190376282, "total_cpu_time": null, "wallclock_time": 163.67643547058105, "evaluations": 22, "cost": 0.5030247022777121, "incumbent": ["isomap_n_components='2'", "isomap_n_neighbors='4'", "svm_C='65.53916468798505'", "svm_gamma='0.1471382775317783'"]}
{"cpu_time": 191.98605871200562, "total_cpu_time": null, "wallclock_time": 197.6909544467926, "evaluations": 27, "cost": 0.4697849116935798, "incumbent": ["isomap_n_components='4'", "isomap_n_neighbors='7'", "svm_C='4.276488422228812'", "svm_gamma='1.9701559174126142'"]}
{"cpu_time": 196.7108814716339, "total_cpu_time": null, "wallclock_time": 202.76012420654297, "evaluations": 28, "cost": 0.46673888865352514, "incumbent": ["isomap_n_components='4'", "isomap_n_neighbors='4'", "svm_C='39.05068117362497'", "svm_gamma='0.1551057737007346'"]}
{"cpu_time": 225.8138246536255, "total_cpu_time": null, "wallclock_time": 232.60247468948364, "evaluations": 32, "cost": 0.4240146026003746, "incumbent": ["isomap_n_components='4'", "isomap_n_neighbors='7'", "svm_C='27.03469981782774'", "svm_gamma='0.04872561390973645'"]}
{"cpu_time": 241.3476550579071, "total_cpu_time": null, "wallclock_time": 248.65726852416992, "evaluations": 34, "cost": 0.4191198743217952, "incumbent": ["isomap_n_components='4'", "isomap_n_neighbors='7'", "svm_C='93.80651318613486'", "svm_gamma='0.04872561390973645'"]}
