{"cpu_time": 0, "total_cpu_time": null, "wallclock_time": 0.00012564659118652344, "evaluations": 0, "cost": 2147483648, "incumbent": ["isomap_n_components='2'", "isomap_n_neighbors='5'", "svm_C='1.0'", "svm_gamma='1.0'"]}
{"cpu_time": 80.70699048042297, "total_cpu_time": null, "wallclock_time": 81.20886731147766, "evaluations": 1, "cost": 0.18797915044316385, "incumbent": ["isomap_n_components='2'", "isomap_n_neighbors='5'", "svm_C='1.0'", "svm_gamma='1.0'"]}
{"cpu_time": 108.33618688583374, "total_cpu_time": null, "wallclock_time": 111.09354376792908, "evaluations": 10, "cost": 0.16919276319218987, "incumbent": ["isomap_n_components='2'", "isomap_n_neighbors='3'", "svm_C='5.204598881547159'", "svm_gamma='0.32439856657700533'"]}
{"cpu_time": 254.68347787857056, "total_cpu_time": null, "wallclock_time": 270.3721914291382, "evaluations": 54, "cost": 0.16267613681722998, "incumbent": ["isomap_n_components='3'", "isomap_n_neighbors='3'", "svm_C='22.250804780052945'", "svm_gamma='0.053098899987411484'"]}
{"cpu_time": 304.05071926116943, "total_cpu_time": null, "wallclock_time": 324.2734215259552, "evaluations": 70, "cost": 0.15466435658472108, "incumbent": ["isomap_n_components='3'", "isomap_n_neighbors='3'", "svm_C='44.57519213564945'", "svm_gamma='0.053098899987411484'"]}
