{"cpu_time": 0, "total_cpu_time": null, "wallclock_time": 0.00010275840759277344, "evaluations": 0, "cost": 2147483648, "incumbent": ["pca_whiten=''true''", "rf_max_features='0.5'", "rf_n_estimators='10'"]}
{"cpu_time": 0.5412378311157227, "total_cpu_time": null, "wallclock_time": 0.5987365245819092, "evaluations": 1, "cost": 4.392045656135956, "incumbent": ["pca_whiten=''true''", "rf_max_features='0.5'", "rf_n_estimators='10'"]}
{"cpu_time": 1.8028843402862549, "total_cpu_time": null, "wallclock_time": 1.9120128154754639, "evaluations": 2, "cost": 1.5435158898492507, "incumbent": ["pca_whiten=''true''", "rf_max_features='0.6263875900678313'", "rf_n_estimators='178'"]}
{"cpu_time": 3.216505765914917, "total_cpu_time": null, "wallclock_time": 3.3441333770751953, "evaluations": 3, "cost": 1.3597351509382143, "incumbent": ["pca_whiten=''false''", "rf_max_features='0.3021465708060675'", "rf_n_estimators='203'"]}
{"cpu_time": 4.773414611816406, "total_cpu_time": null, "wallclock_time": 4.944292306900024, "evaluations": 4, "cost": 1.3508394148653116, "incumbent": ["pca_whiten=''true''", "rf_max_features='0.30586418148323496'", "rf_n_estimators='221'"]}
{"cpu_time": 14.041270971298218, "total_cpu_time": null, "wallclock_time": 14.390694379806519, "evaluations": 10, "cost": 1.2824337928960157, "incumbent": ["pca_whiten=''false''", "rf_max_features='0.35982023324748863'", "rf_n_estimators='197'"]}
{"cpu_time": 56.724464654922485, "total_cpu_time": null, "wallclock_time": 58.20363450050354, "evaluations": 42, "cost": 1.2181563257862413, "incumbent": ["pca_whiten=''false''", "rf_max_features='0.6382281800233585'", "rf_n_estimators='284'"]}
{"cpu_time": 118.26864194869995, "total_cpu_time": null, "wallclock_time": 121.44454073905945, "evaluations": 85, "cost": 1.2077203694638812, "incumbent": ["pca_whiten=''true''", "rf_max_features='0.4601821310682985'", "rf_n_estimators='262'"]}
{"cpu_time": 144.62539863586426, "total_cpu_time": null, "wallclock_time": 148.35923504829407, "evaluations": 101, "cost": 1.2058846390917382, "incumbent": ["pca_whiten=''true''", "rf_max_features='0.5033192686021412'", "rf_n_estimators='273'"]}
{"cpu_time": 150.53725790977478, "total_cpu_time": null, "wallclock_time": 154.4122850894928, "evaluations": 105, "cost": 1.143576686550447, "incumbent": ["pca_whiten=''true''", "rf_max_features='0.6644643939328294'", "rf_n_estimators='288'"]}
